current_path	size_bytes	sha256	markdown_canvas_reference_count
assets/embedded-interview/Linux 内核 eBPF 图解：理解内核扩展的核心机制/img-001.gif	677474	f74b78eed66d2c7099eca686a96069da682bfcf17cc5068912ebb657fb3d5839	1
assets/embedded-interview/Linux 内核 eBPF 图解：理解内核扩展的核心机制/img-002.png	2447280	c515ed323d0f3296ea02ca61007fd45928a7bd3a00cbf10f194631ff3884eecb	1
assets/embedded-interview/Linux 内核 eBPF 图解：理解内核扩展的核心机制/img-003.png	2571483	e73e9997c34472a7f822003d6602817fd1788de06a4ac1a1df4a09a7a8f89b09	1
assets/embedded-interview/Linux 内核 eBPF 图解：理解内核扩展的核心机制/img-004.png	2605872	1e5d05d1c5b8cf5e30773addfa0c06249997cbe63171e36437851cfd9bd0fbff	1
assets/embedded-interview/Linux 内核 eBPF 图解：理解内核扩展的核心机制/img-005.png	2682478	6bf50c7dfc5460821ccb63bb3be9ca6a15755f24e2c7980946a12d4e06ff885b	1
assets/embedded-interview/Linux 内核 eBPF 图解：理解内核扩展的核心机制/img-006.png	2727640	4d42f7ae12e44083ee64cac02d3d1a0acfc2a5c665c0723a1a4a016a13e84edb	1
assets/embedded-interview/Linux 内核 eBPF 图解：理解内核扩展的核心机制/img-007.png	2871053	b6c79d9c732a389c8f07ec6e5900e2825038d512f2cf7959b04dd266e6148fae	1
assets/embedded-interview/Linux 内核 eBPF 图解：理解内核扩展的核心机制/img-008.png	2874347	7885723c5f31c0b9b0f7adc87a0fffb321eb932035ec5104f58426a8f5bccd9e	1
assets/embedded-interview/Linux 内核 eBPF 图解：理解内核扩展的核心机制/img-009.png	2872055	519d13891ce6b418504abbf8d1afd4785c513db785178cecf6926424c9349a74	1
assets/embedded-interview/Linux 内核 eBPF 图解：理解内核扩展的核心机制/img-010.png	2465134	af9ea5ec3e03cad8ee5baddd492062178d6a017c86b643550d69571689bec695	1
assets/embedded-interview/Linux 内核 eBPF 图解：理解内核扩展的核心机制/img-011.png	2607505	e3c996ebd44a958dedc59917459b73db2310b6d7d6d9a80907eed639b0639e07	1
assets/embedded-interview/Linux 内核 eBPF 图解：理解内核扩展的核心机制/img-012.png	2611109	7baa3ee0277199edf4671703cc6b08a2851d5d2b93796271afb7c95a0d910627	1
assets/embedded-interview/Linux 内核 eBPF 图解：理解内核扩展的核心机制/img-013.png	2594570	23fbe337c802366e718dda8727545a15ac74bcbeafe8c26f83eb31dba53f0e27	1
assets/embedded-interview/Linux 内核 eBPF 图解：理解内核扩展的核心机制/img-014.png	2564419	9ed73dbd8685924e2f33b6d9b769f5dddab8879c92f347dffb1d08a008fc51c6	1
assets/embedded-interview/Linux 内核 eBPF 图解：理解内核扩展的核心机制/img-015.png	2615794	dac8b0d86cbfd153ad0954ace23efeabcf63d3b1285e74379692b507a3849cc6	1
assets/embedded-interview/Linux 内核 eBPF 图解：理解内核扩展的核心机制/img-016.png	2614240	d1096728a60d06188d069e3c8bd25478488d4e2c1982fa8f7eb7029734f8f492	1
assets/embedded-interview/Linux 内核 eBPF 图解：理解内核扩展的核心机制/img-017.png	2580863	ecbdece5d9ea8d0339d152fc0725ead09571e35f2d71fbe50ab0ddd6afb4cd3e	1
assets/embedded-interview/Linux 内核 eBPF 图解：理解内核扩展的核心机制/img-018.png	2733548	a4889cb7a1651c3188d79453bed3d01730e2e2fefff417d493ca4262ca3f79eb	1
assets/embedded-interview/Linux 内核 eBPF 图解：理解内核扩展的核心机制/img-019.png	2693835	89043a01ee920de5427ed440516f82dea0bcb2d00a8f573f96bbe4d3f02b8eab	1
assets/embedded-interview/Linux 内核 eBPF 图解：理解内核扩展的核心机制/img-020.png	2703822	bde370b800c2e1158c231447ca5577f5ae26532c41a85b82af2aaf23f6b45cc7	1
assets/embedded-interview/Linux 内核 eBPF 图解：理解内核扩展的核心机制/img-021.png	2682211	04c02627c96d8f2a5f06ed877370392c542340e255220ee03148040096e4a3ae	1
assets/embedded-interview/Linux 内核 eBPF 图解：理解内核扩展的核心机制/img-022.png	2677468	a5325f890a37fd41ec0fc3e7924a149418bc64ed9a9f000e14b431b861235360	1
assets/embedded-interview/Linux 内核 eBPF 图解：理解内核扩展的核心机制/img-023.png	2845709	baef70e61869e3eb57cbc21e1b03d9db67b84368ffa81641c5c04d5d0689baf3	1
assets/embedded-interview/Linux 内核 eBPF 图解：理解内核扩展的核心机制/img-024.png	2521959	6d915e6804a1ceb2d2fd2aa0abced5f61c5f5b2115ef5f4ec3c4bf6e8426fa9a	1
assets/embedded-interview/Linux 内核 eBPF 图解：理解内核扩展的核心机制/img-025.png	2648943	5c9ac0b81ecbd0e952876b2d6bf3dde188e79f83dfde1e05b8a442fbfa407b1c	1
assets/embedded-interview/Linux 内核 eBPF 图解：理解内核扩展的核心机制/img-026.png	2849656	6473cc218331a98736163ef9038ea0f3b5afc83eb9f94c37405b4f299dc34a72	1
assets/embedded-interview/Linux 内核 eBPF 图解：理解内核扩展的核心机制/img-027.png	2094431	846b4fefe0a7338ccd1340ee604968f85c36470a646199402ca0ef738679cae1	1
assets/embedded-interview/Linux 内核 eBPF 图解：理解内核扩展的核心机制/img-028.png	2215426	f3720762807899f5dec4c62935bf86ebabb78fe687bcf0a33b406b8b6fe35310	1
assets/embedded-interview/Linux 内核 eBPF 图解：理解内核扩展的核心机制/img-029.png	2271661	c464f15166e2109690719890d0af8719dce9e6b7a67d8b781f0881e91194ab70	1
assets/embedded-interview/Linux 内核 eBPF 图解：理解内核扩展的核心机制/img-030.png	2311166	511652ab3c19d23c518532c07113601ab521ebef45005a6d291db90b929e4c2e	1
assets/embedded-interview/Linux 内核 eBPF 图解：理解内核扩展的核心机制/img-031.png	2311166	511652ab3c19d23c518532c07113601ab521ebef45005a6d291db90b929e4c2e	1
assets/embedded-interview/Linux 内核 eBPF 图解：理解内核扩展的核心机制/img-032.png	2360898	bf87a8bf2b0c42ace680d5c95d6d645687792eab75558739882dce34a094c4c1	1
assets/embedded-interview/Linux 内核 eBPF 图解：理解内核扩展的核心机制/img-033.png	2428845	01d363869a6e716528da14f715af7bc0327f72582f54532ec2e81b0c02964796	1
assets/embedded-interview/Linux 内核 eBPF 图解：理解内核扩展的核心机制/img-034.png	2351230	23a1e0eff93dc2b095acca9204a6e94a26dbaaf95b6e39a21bc7808281f1ed58	1
assets/embedded-interview/Linux 内核 eBPF 图解：理解内核扩展的核心机制/img-035.png	2446716	ba88cec6913b4819ea07568662045ff45b1bf0e16fc373d0290e134e35cf5f9d	1
assets/embedded-interview/Linux 内核 eBPF 图解：理解内核扩展的核心机制/img-036.png	2426056	3217c173e63950d3651b56f8f831c32679737a60a511f26b1fccea01539450cb	1
assets/embedded-interview/Linux 内核 eBPF 图解：理解内核扩展的核心机制/img-037.png	2329707	9aeca153ff21edbf467aa00c9fea1e5830f6a9dca915cb0529bb3ca72323c475	1
assets/embedded-interview/Linux 内核 eBPF 图解：理解内核扩展的核心机制/img-038.png	2362672	e8efa5bd07138a36feb82981fef7eceeffd8c604c11ef3db0837b7a854981954	1
assets/embedded-interview/Linux 内核 eBPF 图解：理解内核扩展的核心机制/img-039.png	2301890	f87bc49be2de3a54fcedd09af19a5f72c7e67199721f918fe65bc73c838a128b	1
assets/embedded-interview/Linux 内核 eBPF 图解：理解内核扩展的核心机制/img-040.png	2277869	465ee0bea85ce473b68409a33493c1e725a938d6182ba1eca034d009df1457db	1
assets/embedded-interview/Linux 内核 eBPF 图解：理解内核扩展的核心机制/img-041.png	2459663	b3f68e6b5540f60947caf644e98e3d3cfc3d6b4d4a5e626022a9d6059b931b84	1
assets/embedded-interview/Linux 内核 eBPF 图解：理解内核扩展的核心机制/img-042.png	2399086	11aeab9df1be62b300ddfaedaf4083aa2cd2e7181d2aa8468756a173ef3f4763	1
assets/embedded-interview/Linux 内核 eBPF 图解：理解内核扩展的核心机制/img-043.png	2705816	0c7a45d8f59ce50ad706ae4ca92c297d7651acd84fed4c12260f6b0b0664ae45	1
assets/embedded-interview/Linux 内核 eBPF 图解：理解内核扩展的核心机制/img-044.png	2634963	e8a048dc97f797302cf0bbb2888997e4330478de97220699b3158a0be8ff0ab1	1
assets/embedded-interview/Linux 内核 eBPF 图解：理解内核扩展的核心机制/img-045.png	2696122	36c57fd613ba021579cf55683877f5a3abeedb65aee536d105921cff99e61871	1
assets/embedded-interview/Linux 内核 eBPF 图解：理解内核扩展的核心机制/img-046.png	2321999	c1bdc8f08b1eb1db6245f2956cc8d2b8f2a0e3fd94548b5b0a7e72b01e5f14fe	1
assets/embedded-interview/Linux 内核 eBPF 图解：理解内核扩展的核心机制/img-047.png	2610194	26ab0813eb0a67cccc873b690dd3c2f865781620fcc41e57a8dbaf8f6e0d91e4	1
assets/embedded-interview/Linux 内核 eBPF 图解：理解内核扩展的核心机制/img-048.png	2535404	10c2091dd3d63db09a4fdef8660ad274c0cbe94b194748f69dc7cfff136cfbaa	1
assets/embedded-interview/Linux 内核 eBPF 图解：理解内核扩展的核心机制/img-049.png	2481283	f4c85c69e8ae1bb70c12b7b9f829f185995ae4f96bb58ef9c54660a949a58333	1
assets/embedded-interview/Linux 内核 eBPF 图解：理解内核扩展的核心机制/img-050.png	2665818	fd348679f50d6963c50688d581dceb5b481a0d002ab05ae7e162b967415ac8f7	1
assets/embedded-interview/Linux 内核 eBPF 图解：理解内核扩展的核心机制/img-051.png	2419148	0b4370cdec9608b5a80d23cefb6e60f53a78fe14807bd6c13570d345c0205cca	1
assets/embedded-interview/Linux 内核 eBPF 图解：理解内核扩展的核心机制/img-052.png	2416067	f03ac2d399d1f38d030d63d4348a85b7953b771194d936b2b7f43b3c6acd5187	1
assets/embedded-interview/Linux 内核 eBPF 图解：理解内核扩展的核心机制/img-053.png	2477935	28c05083087f45954e6f51ada812419b454b98e03e9dfb59b02461ba3db04960	1
assets/embedded-interview/Linux 内核 eBPF 图解：理解内核扩展的核心机制/img-054.png	2361079	6c94db80dbebb71018cbf06f85d82b046d91a4e4233bb705ff3f21a7875b5809	1
assets/embedded-interview/Linux 内核 eBPF 图解：理解内核扩展的核心机制/img-055.png	2597805	0393a7ca283b7576ab42427c79556aa823c42ea6fcb35cefa4ced87ddbdf5622	1
assets/embedded-interview/Linux 内核 eBPF 图解：理解内核扩展的核心机制/img-056.png	2270928	3a2fbc9c834d8798a305db6749650a515aeaea4643edda911763fe30c60892a4	1
assets/embedded-interview/Linux 内核 eBPF 图解：理解内核扩展的核心机制/img-057.png	2259096	761454835a96e2dac9166026f457be385e185901fc76ef39f0a9a0fe7b9fd1bd	1
assets/embedded-interview/Linux 内核 eBPF 图解：理解内核扩展的核心机制/img-058.png	2447917	314f107fb083f01cdb1a941be28ce924cfdf1e4514689ae65dc8e859ceb68050	1
assets/embedded-interview/Linux 内核 eBPF 图解：理解内核扩展的核心机制/img-059.png	2300438	851683b1955d1df94c2a3858aa480c93c8d7a2b85cf7bc03f511b95a51b3796a	1
assets/embedded-interview/Linux 内核 eBPF 图解：理解内核扩展的核心机制/img-060.png	2480120	e07aab88a00e484719c6b0a0e94fa81b33bf860fdfc6c0e10031e93d1f28acd3	1
assets/embedded-interview/Linux 内核 eBPF 图解：理解内核扩展的核心机制/img-061.png	2375393	54489f1daa63c55a385e96da3cf431b9841c65b7da8cc904fb9238567f6611d2	1
assets/embedded-interview/Linux 内核 eBPF 图解：理解内核扩展的核心机制/img-062.png	2560577	d004a9f8848a3394acd44c492d1fcbe5a469c651f972069bd2c41d80e34a37b7	1
assets/embedded-interview/Linux 内核 eBPF 图解：理解内核扩展的核心机制/img-063.png	2424236	c80ed013d1d18773bdc5d23469f12c05b5e993179a7f5f20b91403f0f48da8ee	1
assets/embedded-interview/Linux 内核 eBPF 图解：理解内核扩展的核心机制/img-064.png	2638988	62332de3ff0dc3697a9a5071c659b13126d3dbff13902d5e622943937062b023	1
assets/embedded-interview/Linux 内核 eBPF 图解：理解内核扩展的核心机制/img-065.png	2461034	889e0c52ba154073ab469a5f351be2f280040dcb6e27f25d851a8274c8e1f6b9	1
assets/embedded-interview/Linux 内核 eBPF 图解：理解内核扩展的核心机制/img-066.png	2621017	30b7c6e12fba36f1031880170cfc2d071bca338769f4df84354971d3a614e59a	1
assets/embedded-interview/Linux 内核 eBPF 图解：理解内核扩展的核心机制/img-067.png	2387016	0bf7715a778d90848dac79c277ba2c555c8b5406fc70b3da4d95ab92cb88bc80	1
assets/embedded-interview/Linux 内核 eBPF 图解：理解内核扩展的核心机制/img-068.png	2544402	5fa0f5c4c7399c6ff96ea91c576c7f7b9f8eb3092bae8ad31361426fbb2fd39b	1
assets/embedded-interview/Linux 内核 eBPF 图解：理解内核扩展的核心机制/img-069.png	2499284	1f89e38abaced09bf9fa1d49452073459f69be8bb82f70e85f3a9bb25d1430ea	1
assets/embedded-interview/Linux 内核 eBPF 图解：理解内核扩展的核心机制/img-070.png	2561327	b584ea06f7fcfb460ec742eec887bbe85ad542f9cc02c4c9f253a7b46d08d9a0	1
assets/embedded-interview/Linux 内核 eBPF 图解：理解内核扩展的核心机制/img-071.png	2483923	1fc5c7ed59e609a0bd5756f42be60a9d6d09e541ed65660ce5f50818e3c3d49f	1
assets/embedded-interview/Linux 内核 eBPF 图解：理解内核扩展的核心机制/img-072.png	2419702	a3229d8006b4c29e84a8e6ccd7de808f090e8a5988f368645c7384c3e68eeb22	1
assets/embedded-interview/Linux 内核 eBPF 图解：理解内核扩展的核心机制/img-073.png	2523512	44e443b345fc92135a461dbb0e800e9e22fbdd00618701e052cfb21181ee8c65	1
assets/embedded-interview/Linux 内核 eBPF 图解：理解内核扩展的核心机制/img-074.png	2462680	c7c7c99ea87537042034330d7333208defb535a4fe516e55e95ba8c04e716a7a	1
assets/embedded-interview/Linux 内核 eBPF 图解：理解内核扩展的核心机制/img-075.png	2290040	c35177f66b3759c9cff025ec72a56d7c0d5eeb0c10d66c27b948f35cd308bac5	1
assets/embedded-interview/Linux 内核 eBPF 图解：理解内核扩展的核心机制/img-076.png	2525014	f409864e1091dff77f9b9f1437bda5356ef1e224aa5d2f5b4634994d2bc51405	1
assets/embedded-interview/Linux 内核 eBPF 图解：理解内核扩展的核心机制/img-077.png	2544310	8f4a0a05dfd629886f47502251747271b75d3890516b8f11c16c150688e7e9f0	1
assets/embedded-interview/Linux 内核如何初始化系统的 PCI 总线和设备/img-001.jpg	2577723	462e4fe5c0d456f7b1ee5bd5e6ad74a723f8e4fcee49504f616945fdf29ea1cb	1
assets/embedded-interview/Linux 内核如何初始化系统的 PCI 总线和设备/img-002.jpg	2169687	58ddfad0e3d95e525d001c60dc0c380243bf68e7d31e61896ba218c707dbebcb	1
assets/embedded-interview/Linux 内核如何初始化系统的 PCI 总线和设备/img-003.jpg	572629	9478e13cd256d21cd3dc3565705a6057a8bae371b2084297574205e924789ed3	1
assets/embedded-interview/Linux 内核如何初始化系统的 PCI 总线和设备/img-004.jpg	572267	f1d785e9c68659f7fe4539094e60f4a219634ffd297f5c079713c97f84795a2c	1
assets/embedded-interview/Linux 内核如何初始化系统的 PCI 总线和设备/img-005.jpg	2181846	b666ed632c1db2c71093edb82d99098e97fbdc58f1fde26729f0ed1c451a0ad9	1
assets/embedded-interview/Linux 内核如何初始化系统的 PCI 总线和设备/img-006.jpg	1507588	77b43bd20bc331879ee205ade7a493bdf8b7b137d246f1218efefc1057817eb5	1
assets/embedded-interview/Linux 内核如何初始化系统的 PCI 总线和设备/img-007.jpg	1339888	14e59dd6a6fbef82c0c4e3293f3164b10b016c283fb9c33cdf3e51729408e150	1
assets/embedded-interview/Linux 内核如何初始化系统的 PCI 总线和设备/img-008.jpg	1186032	5161eebf842055140848254c9e5dfef7b1a93879f1d6e0ed8beea856ef22424e	1
assets/embedded-interview/Linux 内核如何初始化系统的 PCI 总线和设备/img-009.jpg	1261597	6b8ca45136c23d7101052ecacb03972e9d2dbad942f6d6a7e7ae8d2e72e149fb	1
assets/embedded-interview/Linux 内核如何初始化系统的 PCI 总线和设备/img-010.jpg	2401747	d1d300fc148b5781c5e5c96015f0177cf14de74a6619a0a5c4e2af7adba06c87	1
assets/embedded-interview/PLC 原理 + 数据类型，工控入门天花板知识点/img-001.jpg	2724878	3c51cae80abebaad469982e207b170b9c823d334c58f77cf9b9d382afa5cd709	1
assets/embedded-interview/PLC 原理 + 数据类型，工控入门天花板知识点/img-002.jpg	3077475	5cedae8179035fe36c2371beff7426391bb2701eaed532b0aaba5ee700f9ecb9	1
assets/embedded-interview/PLC 原理 + 数据类型，工控入门天花板知识点/img-003.jpg	2975740	41a86538c49cbd6dee3e7ba713165af0fe7033b5d51dba534303f58d28566149	1
assets/embedded-interview/PLC 原理 + 数据类型，工控入门天花板知识点/img-004.jpg	2757153	fe893b1c6e0b4a786449e370cd46477feea1ee413322b41ad2bdf7ceb8ae2d07	1
assets/embedded-interview/PLC 原理 + 数据类型，工控入门天花板知识点/img-005.jpg	2825005	8c8278dbabb235a91883426a8764cdeeaebe985ca71e77080f3ef6fe352b2cca	1
assets/embedded-interview/PLC 原理 + 数据类型，工控入门天花板知识点/img-006.jpg	2895544	7390a44b0167740e3e534cb1b93083ab0835e775dd782a30141166d134d4b70b	1
assets/embedded-interview/PLC 原理 + 数据类型，工控入门天花板知识点/img-007.jpg	2867983	b79b0222108a230238eaec7dfe650666b667aa23696586b0f1ef4e07119c1e91	1
assets/embedded-interview/PLC 原理 + 数据类型，工控入门天花板知识点/img-008.jpg	2839872	b1c8e7afba8a03de99556fd2d58146fecbae0063f3497ceef6767583f3e4ce0e	1
assets/embedded-interview/PLC 原理 + 数据类型，工控入门天花板知识点/img-009.jpg	2900310	46b8b2049ab3c1018cf40894cea3c40b279f79c60f654b04069fc965cbba72b9	1
assets/embedded-interview/PLC 原理 + 数据类型，工控入门天花板知识点/img-010.jpg	2549981	357ee881fa853bf3dcf5763f79d365aebf1bee3715e28093997dadb58b9284e5	1
assets/embedded-interview/PLC 原理 + 数据类型，工控入门天花板知识点/img-011.jpg	2628128	251f33c99fa537e12f3b5613306ee8a5c17e39e0482a9cb1b93f73d8852226e7	1
assets/embedded-interview/PLC 原理 + 数据类型，工控入门天花板知识点/img-012.jpg	2808932	918fd6319a4bd71ec46c153f2dd1b1d5be99b91c3d4811bb1ab54f5f916a95d4	1
assets/embedded-interview/PLC 原理 + 数据类型，工控入门天花板知识点/img-013.jpg	2854072	381513082556e12198c9578c44c12dde2070a8f51edc8566bfdc1a8d8b7a78df	1
assets/embedded-interview/PLC 原理 + 数据类型，工控入门天花板知识点/img-014.jpg	2754126	678374fd48e96fb9d63b0b35ad77af8d2396637affcf30ab7ec7a156ed344dc3	1
assets/embedded-interview/PLC 原理 + 数据类型，工控入门天花板知识点/img-015.jpg	2723686	e8602e93ea23fbf8ffcef66bf12a0ace4a87681ba35b29d2e107572182484b5c	1
assets/embedded-interview/PLC 原理 + 数据类型，工控入门天花板知识点/img-016.jpg	2805268	9814dea5f08ae71340943841809efdac4c3a0d750d31b2e48642c989333999ed	1
assets/embedded-interview/PLC 原理 + 数据类型，工控入门天花板知识点/img-017.jpg	2767524	64f03e80fd60fdfb5b41a00826ade370f62b165d73329e2bcfe9a110fdcc2957	1
assets/embedded-interview/PLC 原理 + 数据类型，工控入门天花板知识点/img-018.jpg	2790243	b1570cffcbb991892545a184b8eaf0699cb5f1f7114a1db216201ca57007ae67	1
assets/embedded-interview/PLC 原理 + 数据类型，工控入门天花板知识点/img-019.jpg	2784211	b4101d30ac5b2064a40ed9647f64b5a01e9b978b288964b822a24eefb30fc558	1
assets/embedded-interview/PLC 原理 + 数据类型，工控入门天花板知识点/img-020.jpg	2686247	74e412914dff6e70161d6d387f463a5e5193f01da88a4f49a89940797bbeb721	1
assets/embedded-interview/PLC 原理 + 数据类型，工控入门天花板知识点/img-021.jpg	2747265	c99bcff33bcfaebee07c64065b516050b4bb6541fe3ab4afc9a15e6a8f96ea95	1
assets/embedded-interview/PLC 原理 + 数据类型，工控入门天花板知识点/img-022.jpg	2676806	1f04bccbfcf74491df0ff4cf7f026449e167c1e851900a21a0f50ebe7b1d2d76	1
assets/embedded-interview/PLC 原理 + 数据类型，工控入门天花板知识点/img-023.jpg	2857214	ec5f431c3207eaa866f758a11b13d1dafaffed8b9ee7c49c626d83e6a5a83986	1
assets/embedded-interview/PLC 原理 + 数据类型，工控入门天花板知识点/img-024.jpg	2694754	b9070c9a0547058f0194f20ed7e5b94bfcd13120dbd5cc19315c434d452e0dc6	1
assets/embedded-interview/PLC 原理 + 数据类型，工控入门天花板知识点/img-025.jpg	2660047	c97e5f111f8ca9693adbea20896095607411875d5958f42990b62f70f130feec	1
assets/embedded-interview/PLC 原理 + 数据类型，工控入门天花板知识点/img-026.jpg	2593287	a372fd19cfacd424026101c87c05edd0952781b8a9c1f80dfe92c5f04e909b13	1
assets/embedded-interview/PLC 原理 + 数据类型，工控入门天花板知识点/img-027.jpg	2668474	b756c456331cacbbddf9707520636e9edac9355a93602495efdf35bbca704f8a	1
assets/embedded-interview/PLC 原理 + 数据类型，工控入门天花板知识点/img-028.jpg	3093851	3a5b3415ad247652afb607f5341774a93421d754613f7cc9f827d32c411f5188	1
assets/embedded-interview/PLC 原理 + 数据类型，工控入门天花板知识点/img-029.jpg	3122500	aa704a4488a0e01b670a48692798f2196d5cf4e40458fc251fd2ae1459c5fbde	1
assets/embedded-interview/PLC 原理 + 数据类型，工控入门天花板知识点/img-030.jpg	3026403	43016f23b106dda289407fc907faba883328a6ea85fc893412fb867e3a79c94f	1
assets/embedded-interview/PLC 原理 + 数据类型，工控入门天花板知识点/img-031.jpg	2929953	953f2f0c7e6eb07f3bd4d8738c2e7f8a65afcb69c60047817e299ca6640f5205	1
assets/embedded-interview/PLC 原理 + 数据类型，工控入门天花板知识点/img-032.jpg	2967225	8d2199babc551912e6664a52d6619ab002e8f63e7d744caa8f5f033961a72a37	1
assets/embedded-interview/PLC 原理 + 数据类型，工控入门天花板知识点/img-033.jpg	3150619	aa0cb9d8df9cef51570c8260f408b9f4e48691d5b95eb55b5b9f553511f5903a	1
assets/embedded-interview/PLC 原理 + 数据类型，工控入门天花板知识点/img-034.jpg	3159406	a0ee2f101c5154fb591d744e06bc10a4fb26ec2a7bf2b4dc5d398220c646fc3d	1
assets/embedded-interview/PLC 原理 + 数据类型，工控入门天花板知识点/img-035.jpg	2982099	10a6057f8d64290728c5b68833320fc2d4fd633f626ea53b067a23c891aaae23	1
assets/embedded-interview/PLC 原理 + 数据类型，工控入门天花板知识点/img-036.jpg	2746640	0bfedfdc48a0987c65c2a4e53f2f82fb5d8c4a5eb98fe544dfbf6090ba652db4	1
assets/embedded-interview/PLC 原理 + 数据类型，工控入门天花板知识点/img-037.jpg	2821759	164229e0ecffdd71ad21d5d6e54e16ec525c9d49c3af70f5a7b5ad12a5af7aad	1
assets/embedded-interview/PLC 原理 + 数据类型，工控入门天花板知识点/img-038.jpg	2751066	7142eae82c1313f9528ed23dab6c8e48f7ab6f4bcc3b0f347fe6a3c1a507d9fc	1
assets/embedded-interview/PLC 原理 + 数据类型，工控入门天花板知识点/img-039.jpg	2664954	a4f0cd5ee1306de963e19090d07c67af4bed5cd31913b4d13c388deab4f38e18	1
assets/embedded-interview/PLC 原理 + 数据类型，工控入门天花板知识点/img-040.jpg	2700214	9d70d60dce5ae7e07df03fd7adeb1b9f424abe0a01b9321233d54e6645cdd6df	1
assets/embedded-interview/PLC 原理 + 数据类型，工控入门天花板知识点/img-041.jpg	2739576	8f7e6058527c5b67e772db1f8cbea9d43ee4a1b2bf5a23184a79929badc3d559	1
assets/embedded-interview/PLC 原理 + 数据类型，工控入门天花板知识点/img-042.jpg	2728618	2eb0df3c7f0c84ddbee7836eda6f887a3385ed1cae962f75410d99d3e4c3b58a	1
assets/embedded-interview/PLC 原理 + 数据类型，工控入门天花板知识点/img-043.jpg	2762196	d6a7ed9ad3a800a603ee8ed88f8acb656f8618fc58bcdd9686dcd23f168eee4d	1
assets/embedded-interview/PLC 原理 + 数据类型，工控入门天花板知识点/img-044.jpg	2891646	421f15798750fafc179b5c52055a40eeb0735f6edfd6f490faa531bc11084de5	1
assets/embedded-interview/PLC 原理 + 数据类型，工控入门天花板知识点/img-045.jpg	2840014	a1fdc041f70d16056ef7a8d24aa34215a75d1152dae0369ea46053c98245b484	1
assets/embedded-interview/PLC 原理 + 数据类型，工控入门天花板知识点/img-046.jpg	2860031	c6aeb4fa101186ea71e1126d22898c9c2bbdb0cbb2e1f0995f1d5ad894b7169a	1
assets/embedded-interview/PLC 原理 + 数据类型，工控入门天花板知识点/img-047.jpg	2950006	0fa6cf57207bc561b99f75c8791489ab5e742aa44667bdddca53e7fe74fea5a1	1
assets/embedded-interview/PLC 原理 + 数据类型，工控入门天花板知识点/img-048.jpg	2316691	115d9a855058665be95a173a92b660ea9d080818337b55fea95e7fc72afc2771	1
assets/embedded-interview/PLC 原理 + 数据类型，工控入门天花板知识点/img-049.jpg	2734033	a2ef04c44db34ec93d6d824834fcb04d3d0d34a5229df02323b3f215905d8a77	1
assets/embedded-interview/PLC 原理 + 数据类型，工控入门天花板知识点/img-050.jpg	2715205	c8e020c3a846c15a9f57a0503f3c07f5f102756f919518b8beb99919a9852249	1
assets/embedded-interview/PLC 原理 + 数据类型，工控入门天花板知识点/img-051.jpg	2853528	cdf72fa56c262dc6905aad56fedd41e0a52689810de3e1a6cdddde1afdcb969a	1
assets/embedded-interview/PLC 原理 + 数据类型，工控入门天花板知识点/img-052.jpg	2781500	dbb78fa89b9438913b016744bfeb5feb064b7131e4cfbedc5ec78d354410f50c	1
assets/embedded-interview/PLC 原理 + 数据类型，工控入门天花板知识点/img-053.jpg	2934823	68bae4af88f65a9e135a40aaab77dd228c40a7a2598f8058b7d7b84a5ac7fdc4	1
assets/embedded-interview/PLC 原理 + 数据类型，工控入门天花板知识点/img-054.jpg	2426904	3edfd5c058819a1636900538e7ed1c76e1939df09851ac14a3c61dcaf2c4113a	1
assets/embedded-interview/PLC 原理 + 数据类型，工控入门天花板知识点/img-055.jpg	2605793	1bd685e8cbc410e0ab0f29360c7d02cb15cc9077b682b9a208656eb15e813157	1
assets/embedded-interview/【图解】5种总线协议：UART、RS232、RS485、I²C、SPI/img-001.png	2448020	95aeb6f1fd8789c5e55616589659c20b0f5c72d1b36178023254f7122dc44cac	1
assets/embedded-interview/【图解】5种总线协议：UART、RS232、RS485、I²C、SPI/img-002.png	2473093	2ce4b7437acab148fdc136f6204aa08ac43d2e21f870d20d144e91e511e95aac	1
assets/embedded-interview/【图解】5种总线协议：UART、RS232、RS485、I²C、SPI/img-003.png	2590512	98ecd4b81cf50deb99b8fa451d5c463c8736d902419f2e5649fa935fd82ffed8	1
assets/embedded-interview/【图解】5种总线协议：UART、RS232、RS485、I²C、SPI/img-004.png	2148066	6525a6a50e0da976538f14be50e3017d8e4d6b3dace0e2877088da3895af1431	1
assets/embedded-interview/【图解】5种总线协议：UART、RS232、RS485、I²C、SPI/img-005.png	2279830	52b03e7d4fd449c1921115479434e4ce004de4ae809dfce69e92e73ac2db67b3	1
assets/embedded-interview/【图解】5种总线协议：UART、RS232、RS485、I²C、SPI/img-006.png	2413149	8eb9878ed9462321f43e676abe23deaa1772dd856157c37e40762254f073d45f	1
assets/embedded-interview/【图解】5种总线协议：UART、RS232、RS485、I²C、SPI/img-007.png	2280471	d147b8feddad7cce1460fa34c72d5c3a829916f981d4280952c73f51a49e19e9	1
assets/embedded-interview/【图解】5种总线协议：UART、RS232、RS485、I²C、SPI/img-008.png	2397661	28957560df2e9cb52a51a9f009b188323385d7f7c758f39d501f6b38b782df91	1
assets/embedded-interview/【图解】5种总线协议：UART、RS232、RS485、I²C、SPI/img-009.png	2500109	27798a84aa648f1933f41f561c417e6244bd4ad9b7143e0a6d7102fde5920ecb	1
assets/embedded-interview/【图解】5种总线协议：UART、RS232、RS485、I²C、SPI/img-010.png	2117083	7bf56560fa7b309ea97c1d2f73e290aa2d2643e693a66b9809a8f7e54eb0186f	1
assets/embedded-interview/【图解】5种总线协议：UART、RS232、RS485、I²C、SPI/img-011.png	2420052	82d35a39770216b489db40324b34274b89284e6fd872b2eb12a0c2321a065d6f	1
assets/embedded-interview/【图解】5种总线协议：UART、RS232、RS485、I²C、SPI/img-012.png	2622513	de99d291b504889077ad6ebc286ab501304f0bd75b4f6aafdf9cfb8ae2ecd8b3	1
assets/embedded-interview/【图解】5种总线协议：UART、RS232、RS485、I²C、SPI/img-013.png	2356854	5fc81443b666078d55e410eff64a73bc7328ce7f5709c95d4a71589c53678347	1
assets/embedded-interview/【图解】5种总线协议：UART、RS232、RS485、I²C、SPI/img-014.png	2166149	0d8d2a39410b2ee402da65306020aac5274830a385dc95203e417e01b9f3b6f1	1
assets/embedded-interview/【图解】5种总线协议：UART、RS232、RS485、I²C、SPI/img-015.png	2123934	7c206df22bb762c46599a2547d86540b8721145b8e3ab419692944def2a61251	1
assets/embedded-interview/【图解】5种总线协议：UART、RS232、RS485、I²C、SPI/img-016.png	2390931	65331d37ac099658be47842a772f5aabf85d2bef6a2da6e982cb58563889e21f	1
assets/embedded-interview/【图解】5种总线协议：UART、RS232、RS485、I²C、SPI/img-017.png	2306146	052aae7599f6c51c0147e8f0edab81faed0b8deda9539a7f2868d4c4c657cb25	1
assets/embedded-interview/【图解】5种总线协议：UART、RS232、RS485、I²C、SPI/img-018.png	2285679	f7a1c653ec40a8ebbc85ba6e561122a83a01596d2a1d646f5984b274ab591a5c	1
assets/embedded-interview/【图解】5种总线协议：UART、RS232、RS485、I²C、SPI/img-019.png	2222655	e3afa62dd81a3e05f5ee7abc2f92eaed266dfc87b1c13eceee8cab7a563d4522	1
assets/embedded-interview/【图解】5种总线协议：UART、RS232、RS485、I²C、SPI/img-020.png	2469777	a1312e4efba565ecb091f8f46eea6160b5e38899e639b3bdbde4a8e32bc67531	1
assets/embedded-interview/【图解】5种总线协议：UART、RS232、RS485、I²C、SPI/img-021.png	2423584	2b437496703fd4f317ea0b89afd0e3fd651aac6f304489b007203f8ad9bca334	1
assets/embedded-interview/【图解】5种总线协议：UART、RS232、RS485、I²C、SPI/img-022.png	2603358	3b31cc8d0f5f2157a93b582eafb22e8c9cc0b142dfdea4330c5858b5699b9afa	1
assets/embedded-interview/【图解】5种总线协议：UART、RS232、RS485、I²C、SPI/img-023.png	2213277	1b9038db96f5d28414c526ae8d913c800b896f5398befc647a0e546ea01774ed	1
assets/embedded-interview/【图解】5种总线协议：UART、RS232、RS485、I²C、SPI/img-024.png	2275747	166de2ee466a7bd7ce35dbe7b6dd35c95e7be640e27e5310a8ed873d60eda925	1
assets/embedded-interview/【图解】5种总线协议：UART、RS232、RS485、I²C、SPI/img-025.png	2339235	2b0804d3061f9b6e3653427622b2c997add9d7a9f859ee0de465aba20b80ada5	1
assets/embedded-interview/【图解】5种总线协议：UART、RS232、RS485、I²C、SPI/img-026.png	2361677	bd757ae896669e2048fc117c676b43d1d25c7918ced125e6e9a737590855cb92	1
assets/embedded-interview/【图解】5种总线协议：UART、RS232、RS485、I²C、SPI/img-027.png	2390147	923092b32c880aefa5fe1d1ea99f41b21a23ec726bd59de9a2d9c5509d8c662f	1
assets/embedded-interview/【图解】5种总线协议：UART、RS232、RS485、I²C、SPI/img-028.png	2252973	aba2b5b8d9613fcef47bc5f47a9056a57179e26607e993586c43d51ccb531f2d	1
assets/embedded-interview/【图解】5种总线协议：UART、RS232、RS485、I²C、SPI/img-029.png	2408211	9f75d6655841bd9e465cbe81ba8cdd2b347bafc0ec50ff61374fa4de4e304fe8	1
assets/embedded-interview/【图解】5种总线协议：UART、RS232、RS485、I²C、SPI/img-030.png	2512947	9dfaf5d8db7858b1707079b60bf9b14c6ddbbc4330e96d91e219c047b59bf4ab	1
assets/embedded-interview/【图解】5种总线协议：UART、RS232、RS485、I²C、SPI/img-031.png	2227213	686257944976969b71fd13afda9407652b2f80bceb8e14f72f3db3f0cdf048b8	1
assets/embedded-interview/【图解】5种总线协议：UART、RS232、RS485、I²C、SPI/img-032.png	2342393	b52a817aefadef4b5a719a8e70933d89ab336e848c3dbbf61a45775e7acbff3a	1
assets/embedded-interview/【图解】5种总线协议：UART、RS232、RS485、I²C、SPI/img-033.png	2482419	cc8206da65c04bc1b40d9ba37036c058168deb7fb4577eeeadd4009f7a99f5a0	1
assets/embedded-interview/【图解】5种总线协议：UART、RS232、RS485、I²C、SPI/img-034.png	2448341	2c6b419ac0beeb869d681f3802493c0b694cd5484e7efdc5c3de1421c0d96253	1
assets/embedded-interview/【图解】5种总线协议：UART、RS232、RS485、I²C、SPI/img-035.png	2374874	751aaa91f0fc835b2ee9da4cdcfb5a36e9aa7cd3a19fcf40a4e881c2ebc31320	1
assets/embedded-interview/【图解】5种总线协议：UART、RS232、RS485、I²C、SPI/img-036.png	2514831	ad40f5696c1be056334043a43d8ef5907e765f97ea2bd78e14dd5bb99a0aac43	1
assets/embedded-interview/【图解】5种总线协议：UART、RS232、RS485、I²C、SPI/img-037.png	2071354	ff70d5e607151dfe9019d6bd511772dc3751c6683a4dd9ca82259ce9923f1929	1
assets/embedded-interview/【图解】5种总线协议：UART、RS232、RS485、I²C、SPI/img-038.png	2312719	6ff756b54941bbe6d185711b73461dbecab7b3ae7283ebbdd60b9f5af9e55e1f	1
assets/embedded-interview/【图解】5种总线协议：UART、RS232、RS485、I²C、SPI/img-039.png	2382515	91c90e86fe5262f221b26c0699419a5b63a1188d10dc3572b4e95af0f53c119c	1
assets/embedded-interview/【图解】5种总线协议：UART、RS232、RS485、I²C、SPI/img-040.png	2436933	f08ff198763fde224d0dbacf21b581816d87db17ba69b3b7ceb6b30ff0c224f5	1
assets/embedded-interview/【图解】5种总线协议：UART、RS232、RS485、I²C、SPI/img-041.png	2320959	3a821944f49a57e493821bf7c274700a080b219fa5002c7087e13f8da7def252	1
assets/embedded-interview/【图解】5种总线协议：UART、RS232、RS485、I²C、SPI/img-042.png	2304659	b0f009c92570d497c3527ccce90c9fba37b1845d31817c485b89e71724b25e0a	1
assets/embedded-interview/【图解】5种总线协议：UART、RS232、RS485、I²C、SPI/img-043.png	2364573	3d5eb35cdb9c6b45912ce70917fb81e9062835ddb6b862bf3903a06d924e5f7c	1
assets/embedded-interview/【图解】5种总线协议：UART、RS232、RS485、I²C、SPI/img-044.png	2528864	d93e7d76aa8004a1a11239dfb236783f40f7ec407023ab92c5d7c89b9d327dd7	1
assets/embedded-interview/【图解】5种总线协议：UART、RS232、RS485、I²C、SPI/img-045.png	2581774	d1800b33250d8f2af67aceb31b0f1cfa8ddda4e25c303cb1e07ca4d9c3d39283	1
assets/embedded-interview/【图解】5种总线协议：UART、RS232、RS485、I²C、SPI/img-046.png	2643045	4e912b4c680f360eb0a8b175120984124799d0dd19e8d2d10906957b8e99dcc5	1
assets/embedded-interview/【图解】5种总线协议：UART、RS232、RS485、I²C、SPI/img-047.png	2544260	5b89742cfbe6ce4a68feb51a32f80d57cf27df3b3d6e9d962aadeafe7c30eea7	1
assets/embedded-interview/【图解】5种总线协议：UART、RS232、RS485、I²C、SPI/img-048.png	2352436	dc42fd03ed358ca2d0d150f32ad9f3d12e54928183532b1ad6fcbecfd17f9eb1	1
assets/embedded-interview/【图解】5种总线协议：UART、RS232、RS485、I²C、SPI/img-049.png	2511236	22280eafebfa77acddef369a1bf911fef3d130e973206795b5ffa8d1fae7ed18	1
assets/embedded-interview/【图解】5种总线协议：UART、RS232、RS485、I²C、SPI/img-050.png	2197122	c5b93b9ca65832129dbcacc194c0caf8157b1cc8c7f3ad7ecaa03d1be53ea44b	1
assets/embedded-interview/【图解】5种总线协议：UART、RS232、RS485、I²C、SPI/img-051.png	2475008	7a88b4af80c325b4bd195ed8008bb59b7e03e7cbb1e7fe274fe7222f5c2eb7d1	1
assets/embedded-interview/【图解】5种总线协议：UART、RS232、RS485、I²C、SPI/img-052.png	2461390	59151c93106e6fa97c0f46260b6191272b89fe7aadd5b8e24a9390cd3bcc6c85	1
assets/embedded-interview/【图解】5种总线协议：UART、RS232、RS485、I²C、SPI/img-053.png	2580886	fdb69c6180f90f895c9a394ca0412a4870bd9fd016045efb5924e3946a26c68c	1
assets/embedded-interview/【图解】5种总线协议：UART、RS232、RS485、I²C、SPI/img-054.png	2637425	08987bae291304e0cb6a3eae7057276f09f9528ebf1f76554b0802d53fb9cf80	1
assets/embedded-interview/【图解】5种总线协议：UART、RS232、RS485、I²C、SPI/img-055.png	2758589	b97a33e12d0caff448f0e53f9b4e8ecda1c33b1c7eaaa1c5d329c46cadbb76ba	1
assets/embedded-interview/【图解】5种总线协议：UART、RS232、RS485、I²C、SPI/img-056.png	2218494	5067fa034f32964744c150b0ae276aede5400cac0fdbb94392a85b6f3b7152f2	1
assets/embedded-interview/【图解】5种总线协议：UART、RS232、RS485、I²C、SPI/img-057.png	2606554	0bdff1aacdaea546c17e11af758b32c0282fd7f12d799744e0100d570eb5e3be	1
assets/embedded-interview/【图解】5种总线协议：UART、RS232、RS485、I²C、SPI/img-058.png	2285802	dba11fd388093a312f5a3a9120ea96da4552cc460d2268b7aa0a54038857a604	1
assets/embedded-interview/【图解】5种总线协议：UART、RS232、RS485、I²C、SPI/img-059.png	2427487	2e5b3c7d6ffd884c74f2e2cb10102b36f687547a0264dec850d5191a46c01d15	1
assets/embedded-interview/【图解】5种总线协议：UART、RS232、RS485、I²C、SPI/img-060.png	2501215	d67accbd9af5f37d6e86ad9e5592e03206df70c683c62a59b3582a7f1401f955	1
assets/embedded-interview/【图解】5种总线协议：UART、RS232、RS485、I²C、SPI/img-061.png	2502862	d4e051a0b738bed72a54b9a1e2bdcc19da9981695769bebbc543bcc1c497d49d	1
assets/embedded-interview/【图解】5种总线协议：UART、RS232、RS485、I²C、SPI/img-062.png	2686797	62f1967605a4120b03cbe1ba2f634e2bff5fdd070be42e98d7632a68bcda40e4	1
assets/embedded-interview/【图解】5种总线协议：UART、RS232、RS485、I²C、SPI/img-063.png	2744547	0e58ba5abced8f0ac3e99c18100e7b6a991f669311cbaa3de82cd5811f24f73c	1
assets/embedded-interview/【图解】5种总线协议：UART、RS232、RS485、I²C、SPI/img-064.png	2798246	3c7a782a8344639c3ef19eb00116f581f3ba6b568d031b1c512ded44243997f8	1
assets/embedded-interview/【图解】5种总线协议：UART、RS232、RS485、I²C、SPI/img-065.png	2816129	02fd6b44c732e598938c341fc8fecf96f49b476588fdaa9962613fd14893476e	1
assets/embedded-interview/【图解】5种总线协议：UART、RS232、RS485、I²C、SPI/img-066.png	2834720	18255f58df34332c886d2ab0a1e8285989ab9b280d06222a021330c04ad56d4d	1
assets/embedded-interview/【图解】5种总线协议：UART、RS232、RS485、I²C、SPI/img-067.png	2820111	ca4cc2b6a84e9b23c9c8b34fc46e24f4ec2343bd1be20cb1b5377f3ef1790490	1
assets/embedded-interview/【图解】5种总线协议：UART、RS232、RS485、I²C、SPI/img-068.png	2942976	d02fc864982986d3b9ddec3f0823d168cb19bb0b57d4bfc0b4edbd6da86c5287	1
assets/embedded-interview/【图解】5种总线协议：UART、RS232、RS485、I²C、SPI/img-069.png	2509692	2b3f831d174330490cd45fb9820fb1c4e04e7973c284dcddda0f78761921f3c5	1
assets/embedded-interview/【图解】5种总线协议：UART、RS232、RS485、I²C、SPI/img-070.png	2567242	726d21d57913aad9b50697306f97ff6a2ef7510f8c9b81575ad7b1a638bebbc3	1
assets/embedded-interview/【图解】5种总线协议：UART、RS232、RS485、I²C、SPI/img-071.png	2456128	f8841ea3ed29b2766948ac2a1bd4ad7e62d95729214f1f03eacae7adbb9aaf23	1
assets/embedded-interview/【图解】5种总线协议：UART、RS232、RS485、I²C、SPI/img-072.png	2280512	de92fe7d9bbe5ebc3b4b6384c3cb940ecb1e8e390b352ec5b4300eefdc648784	1
assets/embedded-interview/【图解】5种总线协议：UART、RS232、RS485、I²C、SPI/img-073.png	2357796	4bff15e4d60bb3f6043ebb88c4b8fd7fbb3d67e9953724423320ea0ac6967ce9	1
assets/embedded-interview/【图解】5种总线协议：UART、RS232、RS485、I²C、SPI/img-074.png	2335274	85824be406911471f8d4e6ca413c2af5f1b0e109a8d6cd2e39351b36f4292f91	1
assets/embedded-interview/【图解】5种总线协议：UART、RS232、RS485、I²C、SPI/img-075.png	2312001	10f302d4fa6f5d73e63ddcdbd7277bfafd72e67ea74e9447770ca9c9dbd33333	1
assets/embedded-interview/【图解】5种总线协议：UART、RS232、RS485、I²C、SPI/img-076.png	2411367	3b45fef749e39386b88a14346d6dcda8b4e0210b0208a145d56b0cb9af5701b7	1
assets/embedded-interview/【图解】5种总线协议：UART、RS232、RS485、I²C、SPI/img-077.png	2547287	e1ee5ece89561014746ef7c77807765fa08e9670b8b68aabc8693cdbe17149f5	1
assets/embedded-interview/【图解】5种总线协议：UART、RS232、RS485、I²C、SPI/img-078.png	2440822	3cf8f494b652d1bf4d1db76c45586581bb9d6d1b30fe53baa4fcd44c164a7f9b	1
assets/embedded-interview/【图解】5种总线协议：UART、RS232、RS485、I²C、SPI/img-079.png	2288332	9d73b7b33db44047707c554c2df5fc8e280543e4f21bf948d319bc25e92ed1fa	1
assets/embedded-interview/【图解】5种总线协议：UART、RS232、RS485、I²C、SPI/img-080.png	2301222	fc7035c59a180c96b70589bf0dabe5351b87e76275dbc395de12e686bc4d21e3	1
assets/embedded-interview/【图解】5种总线协议：UART、RS232、RS485、I²C、SPI/img-081.png	2332089	7dbd922135dd5b446734ab6b4380fad9a60f50d2fca44f86eaf4539e7660f2c8	1
assets/embedded-interview/【图解】5种总线协议：UART、RS232、RS485、I²C、SPI/img-082.png	2442171	936f845240dd9cdfb1258de4c7cbfa311d48ce5f625669508230ea700b1e7229	1
assets/embedded-interview/【图解】5种总线协议：UART、RS232、RS485、I²C、SPI/img-083.png	2366625	bf6c01b38f0e032057dda2fa2127ca65327d531d4a52a3efc19fe858042f75b9	1
assets/embedded-interview/【图解】5种总线协议：UART、RS232、RS485、I²C、SPI/img-084.png	2434077	2578535e57d3c0959d1f92693091c4f05564729b4fe4495d9a14311e36b334a9	1
assets/embedded-interview/【图解】5种总线协议：UART、RS232、RS485、I²C、SPI/img-085.png	2385994	f1876a5bfe1eb34328afa2a40dbaee12bff7bf386a39c0b75003106dc05e1fc0	1
assets/embedded-interview/【图解】5种总线协议：UART、RS232、RS485、I²C、SPI/img-086.png	2398707	057093317eb9205d4ccfd7c4d8c33bce3c672d26ee787877ad794f7b6d593448	1
assets/embedded-interview/【图解】5种总线协议：UART、RS232、RS485、I²C、SPI/img-087.png	2408214	2ba0b42741d37823c41a029587eb944322043aacca3996b094359c7ad9e4dc53	1
assets/embedded-interview/【图解】5种总线协议：UART、RS232、RS485、I²C、SPI/img-088.png	2506338	058d3836441ecadc6ea2a00a6af669c399e2e10cb67fc8c8d0d0ede450cf69c7	1
assets/embedded-interview/【图解】5种总线协议：UART、RS232、RS485、I²C、SPI/img-089.png	2293948	0b617fadd753e799a9098d004fa22595ecb315f57273deb9ff58d5398b0057e7	1
assets/embedded-interview/【图解】5种总线协议：UART、RS232、RS485、I²C、SPI/img-090.png	2383529	29fc7ad2f757c58e75f024fad90dcfa8a731b2cceafff3864138291d2b5ec2c6	1
assets/embedded-interview/【图解】5种总线协议：UART、RS232、RS485、I²C、SPI/img-091.png	2330287	e374d2b677edd25f46722d0607d6a8a60869c0064ee6fd6c9375238d97bc37f6	1
assets/embedded-interview/【图解】5种总线协议：UART、RS232、RS485、I²C、SPI/img-092.png	2414851	5453f311c7d819f57b9e02c888752ced65587fe1f54ba651adad248f8a2af952	1
assets/embedded-interview/【图解】5种总线协议：UART、RS232、RS485、I²C、SPI/img-093.png	2431511	104ce5d28ba4d2cec19ffb1706d034d40349ecb8c7c8b34981c865f5d154dc94	1
assets/embedded-interview/【图解】5种总线协议：UART、RS232、RS485、I²C、SPI/img-094.png	2302429	57b021e8ffc89e5612bb08a300932251a344fc9189c1a32de973adc4951e0b30	1
assets/embedded-interview/【图解】5种总线协议：UART、RS232、RS485、I²C、SPI/img-095.png	2227505	70d8c0398deffad5531416fd9ce277d252872bb94d80182251c6bccf048cd5ee	1
assets/embedded-interview/【图解】5种总线协议：UART、RS232、RS485、I²C、SPI/img-096.png	2355161	52f441da0b272ece728ce1a5f281dd8c736fac44eb64674cb70b75ed123938ec	1
assets/embedded-interview/【图解】5种总线协议：UART、RS232、RS485、I²C、SPI/img-097.png	2333793	d42410c96c5e79aa8296c034b3034d8bf292fe90fb8a8925028ee5cb8665b080	1
assets/embedded-interview/【图解】5种总线协议：UART、RS232、RS485、I²C、SPI/img-098.png	2419905	5745a37bad4d3f0b6199d6d65b5d6fefcbdb0be6127752ab74e8550ff88ce6df	1
assets/embedded-interview/【图解】5种总线协议：UART、RS232、RS485、I²C、SPI/img-099.png	2266638	dfaaa95329f91032e546c579b83141bd3df3ee29d2d634f7423fb0b598e42263	1
assets/embedded-interview/【图解】5种总线协议：UART、RS232、RS485、I²C、SPI/img-100.png	2364480	5577204942ce61d64d74928e38c33e8271e57bd327866072ec4d48ad27f124bd	1
assets/embedded-interview/【图解】5种总线协议：UART、RS232、RS485、I²C、SPI/img-101.png	2425752	14799ed1d3c5af87503219f14d76e3923e4261a5c55ca0644faa3aa934738af7	1
assets/embedded-interview/【图解】5种总线协议：UART、RS232、RS485、I²C、SPI/img-102.png	2275836	10741c82b318d1b213953b6334fe6f1f26cfb9540f991601af958b05608d3e90	1
assets/embedded-interview/【图解】5种总线协议：UART、RS232、RS485、I²C、SPI/img-103.png	2430746	a5d43de4ccd9757a3cf077379713e68234b5689e92ed91d363fb7ad124833cda	1
assets/embedded-interview/【图解】5种总线协议：UART、RS232、RS485、I²C、SPI/img-104.png	2452267	8b61f903edcb0f8ced865be0dbe2a26b992810d2ff97d45d0ccee4a0f2ac3f85	1
assets/embedded-interview/【图解】5种总线协议：UART、RS232、RS485、I²C、SPI/img-105.png	2481160	83c534475e773dcec9a3b0a3500abebf5fd1144b8cd99ababc491f30bd39ef49	1
assets/embedded-interview/【图解】5种总线协议：UART、RS232、RS485、I²C、SPI/img-106.png	2451048	fe961e187065b1d114d1bb511e7460d1d725691327ec3e5bcaf8d9428d14c518	1
assets/embedded-interview/【图解】5种总线协议：UART、RS232、RS485、I²C、SPI/img-107.png	2383189	a442a181c7e864a9a84e1f2e82c4ed212b2947c66f8b944861ea5f87456e2b73	1
assets/embedded-interview/【图解】5种总线协议：UART、RS232、RS485、I²C、SPI/img-108.png	2449219	21d0ff1cd18d5951713f4d7f4b53249bfe0fbeb597d421934280f7570425752d	1
assets/embedded-interview/【图解】5种总线协议：UART、RS232、RS485、I²C、SPI/img-109.png	2575932	ae5486344457df23ba2cc63b4a8a1c81fc26ed54ac6e667b335a81aee2745ddf	1
assets/embedded-interview/【图解】5种总线协议：UART、RS232、RS485、I²C、SPI/img-110.png	2575248	2815c27209adbd4f265e8b14537d4cceb9e8e05393a83de4a722a91b202108e0	1
assets/embedded-interview/【图解】5种总线协议：UART、RS232、RS485、I²C、SPI/img-111.png	2491805	c0aa484ddc2579da1479fe60d615aaa8f67b4a646038e02d88f09729fb7d98a1	1
assets/embedded-interview/【图解】5种总线协议：UART、RS232、RS485、I²C、SPI/img-112.png	2683915	a9d291f93081472d200cbd3c91e3728486426d995e1e34da2ca080597291e684	1
assets/embedded-interview/【图解】5种总线协议：UART、RS232、RS485、I²C、SPI/img-113.png	2536815	943a23fa54780202fdb65000d65dbf6cceb0564c0bcd7b2b9cd32c910a28c953	1
assets/embedded-interview/【图解】5种总线协议：UART、RS232、RS485、I²C、SPI/img-114.png	2507477	1f9835c945653f08ad79404dee3aed6dcdc1ee13ee6e63f2629c64cc3c79afcd	1
assets/embedded-interview/【图解】5种总线协议：UART、RS232、RS485、I²C、SPI/img-115.png	2208542	9eb1e66c76330733bba72b3f71234d388d2b1d044e59b5082e8304edc4760bce	1
assets/embedded-interview/【图解】5种总线协议：UART、RS232、RS485、I²C、SPI/img-116.png	2424052	9797355240bc4a2641fd496bc86bac9d4c350ee73cb239a3173ca9a7e107ea84	1
assets/embedded-interview/【图解】5种总线协议：UART、RS232、RS485、I²C、SPI/img-117.png	2328222	f7f7d0084a1097cf0c3a8e48312c06d552fbb2e6edd829e7c6612e769a7a179b	1
assets/embedded-interview/【图解】5种总线协议：UART、RS232、RS485、I²C、SPI/img-118.png	2428952	1c5b47c1177d501004912c10bedb9c8f844dfebbcac74665b2d8184ba272f34e	1
assets/embedded-interview/【图解】5种总线协议：UART、RS232、RS485、I²C、SPI/img-119.png	2221972	3e74c7d1e0cf1c6a59ee39d041a2793b0e019e5a28d4f48ec97309ce0f273a79	1
assets/embedded-interview/【图解】5种总线协议：UART、RS232、RS485、I²C、SPI/img-120.png	2250805	8016b5428704b1bf19c23dfffba7125ce48cb5e7c65600db236bf20422431d04	1
assets/embedded-interview/【图解】5种总线协议：UART、RS232、RS485、I²C、SPI/img-121.png	2271240	87ed6dd049d6609eb93c0385a21620dfa7d65bb7866b1b22ff9fcd02f337bdf7	1
assets/embedded-interview/【图解】5种总线协议：UART、RS232、RS485、I²C、SPI/img-122.png	2471398	468bc37ddf4deac7cc2950faa1eb3fd6df7e9d917827100e33d44c01b99b2d3a	1
assets/embedded-interview/【图解】5种总线协议：UART、RS232、RS485、I²C、SPI/img-123.png	2362797	38ebb490c21e23f7e1237e8615209f4cde2bf3352d57f7f355695e96302158c5	1
assets/embedded-interview/【图解】5种总线协议：UART、RS232、RS485、I²C、SPI/img-124.png	2588152	7aa4ca7d997ecfef8d4e2719e58518067c5d0fb66f72172f2ca7b517da3808db	1
assets/embedded-interview/【图解】5种总线协议：UART、RS232、RS485、I²C、SPI/img-125.png	2475193	2cada0143ebbe24119ca839729f9e1c02abd62b4cffb7914215bc5e8e87516af	1
assets/embedded-interview/【图解】5种总线协议：UART、RS232、RS485、I²C、SPI/img-126.png	2479434	2b43ce6ed0accc87e05ad545c8f58a6f1119e506aa465f55fdea30c247f306e6	1
assets/embedded-interview/【图解】5种总线协议：UART、RS232、RS485、I²C、SPI/img-127.png	2507366	a268c6f7b9783e780b6b841b1a6afafa583ab1e35dd0e70bc2821a6abc4b48ff	1
assets/embedded-interview/【图解】5种总线协议：UART、RS232、RS485、I²C、SPI/img-128.png	2586988	2f96ae4d22d9840a57ddc387f75ff0423fa8900bb97f6e0a9ef3cb1b504d7993	1
assets/embedded-interview/【图解】5种总线协议：UART、RS232、RS485、I²C、SPI/img-129.png	2560619	106fd316de2af835db6d67b875562b85f8f40b7ec293561b834096c77c016473	1
assets/embedded-interview/【图解】5种总线协议：UART、RS232、RS485、I²C、SPI/img-130.png	2572145	a83914c3918c6a4a5707592c39049d1c202c0d678824ea6f02b73eb6a6a11e4d	1
assets/embedded-interview/【图解】5种总线协议：UART、RS232、RS485、I²C、SPI/img-131.png	2588665	40940f336183df19ef1252311b205aefd26598c42ac7eb938b721264cba375bc	1
assets/embedded-interview/【图解】5种总线协议：UART、RS232、RS485、I²C、SPI/img-132.png	2430698	4c66643971c80da3ca89f96a98b2419ecc829e03c88acc83778528bbd1a69cac	1
assets/embedded-interview/【图解】5种总线协议：UART、RS232、RS485、I²C、SPI/img-133.png	2815610	996e523cb549c527cdf500b386faf5cf3adadccd318b5a016577557001ba4fcf	1
assets/embedded-interview/【图解】5种总线协议：UART、RS232、RS485、I²C、SPI/img-134.png	2862854	f08c4b3c3efa45ddb6fdcb70b64f81797c0402424eb87ce5cea56f88df85f7b5	1
assets/embedded-interview/【图解】5种总线协议：UART、RS232、RS485、I²C、SPI/img-135.png	2645881	e79ebb39e0d6d1dd775d33ca1675333308632da53729d3510dc60809d67ad39b	1
assets/embedded-interview/【图解】5种总线协议：UART、RS232、RS485、I²C、SPI/img-136.png	2699486	78ca321e95585be3e9dc01acc43f06371f0aabf03dac69a3896ad5563f335125	1
assets/embedded-interview/【图解】5种总线协议：UART、RS232、RS485、I²C、SPI/img-137.png	2397826	59b537208379f08dc3d20df3e4b79a2a5a498712da1138655b3b2167954e3768	1
assets/embedded-interview/【图解】5种总线协议：UART、RS232、RS485、I²C、SPI/img-138.png	2529411	38c904b5e140dae45c58c61aa8b7f46217c3a7e9d8788ef68ec4d95b92f8f412	1
assets/embedded-interview/【图解】5种总线协议：UART、RS232、RS485、I²C、SPI/img-139.png	2480521	69808b2ecd4b5b1c6325c65788ffd0fd0f043ff76411f224b9163eb1b4891f8f	1
assets/embedded-interview/【图解】5种总线协议：UART、RS232、RS485、I²C、SPI/img-140.png	2397014	941496e5b0577167b18827c414528a1d4dda4a4e2c92c0fdadacf2515d1391ce	1
assets/embedded-interview/【图解】5种总线协议：UART、RS232、RS485、I²C、SPI/img-141.png	2306496	b7d3f727e761ccb4344c8eb1caecd20ad8b301b212e6b600b3cd9dc9d3f87f62	1
assets/embedded-interview/【图解】5种总线协议：UART、RS232、RS485、I²C、SPI/img-142.png	2496631	da306b4386554b1463b3f509f6226ab6c91b914b8eac13cb70300d8e11a95482	1
assets/embedded-interview/【图解】5种总线协议：UART、RS232、RS485、I²C、SPI/img-143.png	2524381	e01c92c91c3ed65654c2de215dd4ff6bbd9bc4e4d91d1d68c941bc92e660ad69	1
assets/embedded-interview/【图解】5种总线协议：UART、RS232、RS485、I²C、SPI/img-144.png	2334562	759b161c088033fced6ead2bc2b50fc0411d7ec4c51dc3490f2395479d16f1b0	1
assets/embedded-interview/【图解】5种总线协议：UART、RS232、RS485、I²C、SPI/img-145.png	2458536	ba6704213e51952c6403f00c86965a4e1bd1fb67dc01fa6e015b38a3464af4a8	1
assets/embedded-interview/【图解】5种总线协议：UART、RS232、RS485、I²C、SPI/img-146.png	2347171	dc2edb2d7be56e370442363afc839ef58b63c707d846918640207dcb94022219	1
assets/embedded-interview/【图解】5种总线协议：UART、RS232、RS485、I²C、SPI/img-147.png	2527280	081d87d2e14bdd16ec3b4ba1f4fea9f08a027691419e4e95d6ce93596a343328	1
assets/embedded-interview/【图解】5种总线协议：UART、RS232、RS485、I²C、SPI/img-148.png	2293561	701463ad6bf421e6a84db6c73ba1ec3e43ab6152bfcda2bb71755b8007d80431	1
assets/embedded-interview/【图解】5种总线协议：UART、RS232、RS485、I²C、SPI/img-149.png	2264778	73392a458330ca58908796ec9a2354547ef065283ec59804ec062690ff1b7507	1
assets/embedded-interview/【图解】5种总线协议：UART、RS232、RS485、I²C、SPI/img-150.png	2594299	03b51b3ecd492e02b01ecb858468c41a9832adf9fdeff77fbf8e5e126aab7d17	1
assets/embedded-interview/【图解】5种总线协议：UART、RS232、RS485、I²C、SPI/img-151.png	2208963	a79b4295f729c54ae6471113b6578d5bb7a5695bd7bf20e3c4e8d50d0563871d	1
assets/embedded-interview/【图解】5种总线协议：UART、RS232、RS485、I²C、SPI/img-152.png	2353425	36a1a4d7e9aba94bbf3ee8d918accf8d6b84c4f36f2822761f03e3a7c60046c4	1
assets/embedded-interview/【图解】5种总线协议：UART、RS232、RS485、I²C、SPI/img-153.png	2373507	b7e5b36dfa7cea6ed149f0a66ec4a86e8081795ab09fb45d0d5b7601bc1450f9	1
assets/embedded-interview/【图解】5种总线协议：UART、RS232、RS485、I²C、SPI/img-154.png	2328481	a063443f1862fe9462318d78450dffe19c4046942aee7461e7fe58b23d67bcad	1
assets/embedded-interview/【图解】5种总线协议：UART、RS232、RS485、I²C、SPI/img-155.png	2326956	9f02c4b99f93b2c0561c281a4df1c485eb6edbfb9f6503454c721a301abe1a92	1
assets/embedded-interview/【图解】5种总线协议：UART、RS232、RS485、I²C、SPI/img-156.png	2406608	05cb3946ebd37041b49ce694d4145de5ad772445573329f3de0ba4a46f5f4ddd	1
assets/embedded-interview/【图解】5种总线协议：UART、RS232、RS485、I²C、SPI/img-157.png	2335801	79543277087ce108eb4e452cb0c7198e0473ef69aa72ee40834dd67ecc61b977	1
assets/embedded-interview/【图解】5种总线协议：UART、RS232、RS485、I²C、SPI/img-158.png	2456990	c26d49af27bf9e692aab2bb0a297abb6a500eceee49206bbe673da8ef5eae263	1
assets/embedded-interview/【图解】5种总线协议：UART、RS232、RS485、I²C、SPI/img-159.png	2038796	027ec9c3b5b0a0a5d9ab3b66bc632eeced8012b2725146b6fef1a27663b58a6e	1
assets/embedded-interview/【图解】5种总线协议：UART、RS232、RS485、I²C、SPI/img-160.png	2266041	8241ac52bf7d02c92b5f68835fc261881e0d41190c6a5f723b9adb1a4fdcfca9	1
assets/embedded-interview/【图解】5种总线协议：UART、RS232、RS485、I²C、SPI/img-161.png	2594806	e21f09e547e82c5fdc738ef96c8783238b02bc403de120afbf43cbd0a38f50b2	1
assets/embedded-interview/【图解】5种总线协议：UART、RS232、RS485、I²C、SPI/img-162.png	2496631	da306b4386554b1463b3f509f6226ab6c91b914b8eac13cb70300d8e11a95482	1
assets/embedded-interview/一文吃透Linux Socket网络编程：TCP-IP、API详解与高并发架构/img-001.gif	677474	f74b78eed66d2c7099eca686a96069da682bfcf17cc5068912ebb657fb3d5839	1
assets/embedded-interview/一文吃透Linux Socket网络编程：TCP-IP、API详解与高并发架构/img-002.png	2812653	216585914376488326aac3c7bb818aa0ec313c94105cd10f078b9270403e3ec5	1
assets/embedded-interview/一文吃透Linux Socket网络编程：TCP-IP、API详解与高并发架构/img-003.png	2691409	c0695b44d4682a33a7f47a8ba78ffd66ae38bfb56d18e5a67bebc79bb334710c	1
assets/embedded-interview/一文吃透Linux Socket网络编程：TCP-IP、API详解与高并发架构/img-004.png	2631962	0a6c2f024fd2a5bb271d1072479c7a1561d4537c1d396d590304fbeb800c9fed	1
assets/embedded-interview/一文吃透Linux Socket网络编程：TCP-IP、API详解与高并发架构/img-005.png	3047739	0853360c500d3c05c5c9a632d6483b82db432349a499b17f4c8de5eed8780212	1
assets/embedded-interview/一文吃透Linux Socket网络编程：TCP-IP、API详解与高并发架构/img-006.png	2870528	7f7173c8c1ddfa43e2e6ecaf05862ab534c3bf98182d5e374d215fcb027e5a77	1
assets/embedded-interview/一文吃透Linux Socket网络编程：TCP-IP、API详解与高并发架构/img-007.png	2839206	8ac4d6595ec6b13f262100dcfcf3c7d49d74d4a4412ffea4630df0bf26682572	1
assets/embedded-interview/一文吃透Linux Socket网络编程：TCP-IP、API详解与高并发架构/img-008.png	2873994	405d1daed5af5fc0cf7ca26ce2042d188d578fa893e13335deee0134a249b656	1
assets/embedded-interview/一文吃透Linux Socket网络编程：TCP-IP、API详解与高并发架构/img-009.png	2947028	335012809ecaf41cd8ef882d2b96ba7dde5d9ae0fb52ca6ff03f3bda145a7f27	1
assets/embedded-interview/一文吃透Linux Socket网络编程：TCP-IP、API详解与高并发架构/img-010.png	2582555	18fb88cdad4b4a03b3a1629c1d179a33754ea745e69d7798c14d0e88d57cc64f	1
assets/embedded-interview/一文吃透Linux Socket网络编程：TCP-IP、API详解与高并发架构/img-011.png	2565474	ae317c10e864c1e7818e3e83f347eea2554c1fbd2b24ede91abba4ee17b28be8	1
assets/embedded-interview/一文吃透Linux Socket网络编程：TCP-IP、API详解与高并发架构/img-012.png	2734925	9df550c16d8d5f98fa5e672e5620cf25a2ecb0f6c787618734a9ae5b47cf768a	1
assets/embedded-interview/一文吃透Linux Socket网络编程：TCP-IP、API详解与高并发架构/img-013.png	2827458	a9ba35c2386f2d692721c2f1d9dea4392d39d8c5c82497a721b7d57b383d6da3	1
assets/embedded-interview/一文吃透Linux Socket网络编程：TCP-IP、API详解与高并发架构/img-014.png	2738276	35bb9f5391ea990914161c085deee02aebba54a5f17e944c76d8ddfd750e60df	1
assets/embedded-interview/一文吃透Linux Socket网络编程：TCP-IP、API详解与高并发架构/img-015.png	2676593	5996d1a7440d54a081911a25379a294fbcd7261ba630f24513a31d88fc8ef8c6	1
assets/embedded-interview/一文吃透Linux Socket网络编程：TCP-IP、API详解与高并发架构/img-016.png	2868627	62e0ea88aa360bbfee98b044c5691994397e923f7af1e4465451667f99997c4d	1
assets/embedded-interview/一文吃透Linux Socket网络编程：TCP-IP、API详解与高并发架构/img-017.png	2605461	8d94a2c47f9d4f7b0fa159e3de9783aeac9489d8a52da92c19807687ff50fc48	1
assets/embedded-interview/一文吃透Linux Socket网络编程：TCP-IP、API详解与高并发架构/img-018.png	2939807	3b0bfe2a60665196269cdc0e7890e96df2f826e9806ee9d42c4f57c307be6fd6	1
assets/embedded-interview/一文吃透Linux Socket网络编程：TCP-IP、API详解与高并发架构/img-019.png	2890330	afe817a9fbfc1a2978259207490462744a80a14f7d21254d6c8aee3ca025ad23	1
assets/embedded-interview/一文吃透Linux Socket网络编程：TCP-IP、API详解与高并发架构/img-020.png	2890330	afe817a9fbfc1a2978259207490462744a80a14f7d21254d6c8aee3ca025ad23	1
assets/embedded-interview/一文吃透Linux Socket网络编程：TCP-IP、API详解与高并发架构/img-021.png	2964540	0640ba136937db4b8513c4a270406131b565ce08815a4f6472ea7b4a53c89db4	1
assets/embedded-interview/一文吃透Linux Socket网络编程：TCP-IP、API详解与高并发架构/img-022.png	3075705	9a01d0d2e270845a70c78cf6e1d787dd9bf5fc353c94ac3302fb98cbc75a1f87	1
assets/embedded-interview/一文吃透Linux Socket网络编程：TCP-IP、API详解与高并发架构/img-023.png	2888725	d397faadea3751b9ae92683e08f797fea942c7cd031a0a6ff4fba962b391fca6	1
assets/embedded-interview/一文吃透Linux Socket网络编程：TCP-IP、API详解与高并发架构/img-024.png	3056038	38638391e24db65053b116b88e7f0340be29a33275015c9801f005b6526d1e55	1
assets/embedded-interview/一文吃透Linux Socket网络编程：TCP-IP、API详解与高并发架构/img-025.png	2956777	6900c2e5d7be6a441f0fcd9a130b29a664dbbbd2ce92dfd3303bbdc0594cad57	1
assets/embedded-interview/一文吃透Linux Socket网络编程：TCP-IP、API详解与高并发架构/img-026.png	3057641	1ceabd74d20dc185cc04039da5d2552f34931394b9bb5039ec4d507b1d286cd0	1
assets/embedded-interview/一文吃透Linux Socket网络编程：TCP-IP、API详解与高并发架构/img-027.png	2690319	7e8548f0cc427fd1812846b9c28ce1ab7bef050400a77ff3aec280ee61651aeb	1
assets/embedded-interview/一文吃透Linux Socket网络编程：TCP-IP、API详解与高并发架构/img-028.png	2849907	02c75a8fd7549b59b73dd2dd17f2daff84ae85df48b6694c2e2064afdde5c526	1
assets/embedded-interview/一文吃透Linux Socket网络编程：TCP-IP、API详解与高并发架构/img-029.png	2514521	1d22f08a3c7c31561f3f7a69f82dae4ec061a3ca21feb9c5bbd572d0b8220d10	1
assets/embedded-interview/一文吃透Linux Socket网络编程：TCP-IP、API详解与高并发架构/img-030.png	2803354	ade61fa7e2ffaa1e75b4a8d564639f52df5ba26429e737e648d517229f2ae2a2	1
assets/embedded-interview/一文吃透Linux Socket网络编程：TCP-IP、API详解与高并发架构/img-031.png	3072348	1f47476e2675005b315363e98c7c79ac775a6913a49a1d833ccd317b3766e3e3	1
assets/embedded-interview/一文吃透Linux Socket网络编程：TCP-IP、API详解与高并发架构/img-032.png	2825078	5acd869ea2d71e920812f7d7bd9c01da8fbab64271683c890217ac24fb05a5eb	1
assets/embedded-interview/一文吃透Linux Socket网络编程：TCP-IP、API详解与高并发架构/img-033.png	2934921	c8ecffd83f497576820b730a27ddac7fa0a05b4d7004524bf425e29ecfb51e72	1
assets/embedded-interview/一文吃透Linux Socket网络编程：TCP-IP、API详解与高并发架构/img-034.png	2992546	358750c534972604f3578f88800ad63fa9458d4d60d60e07bfa663f5afb3e765	1
assets/embedded-interview/一文吃透Linux Socket网络编程：TCP-IP、API详解与高并发架构/img-035.png	2826108	1b05fbd4c36875a56cbe40b4bbb7a7ac75bc49ac60f2f59f7b63b7a9a8a78ecd	1
assets/embedded-interview/一文吃透Linux Socket网络编程：TCP-IP、API详解与高并发架构/img-036.png	2726850	a9335f15a46cdca67fec1db2018adea8dee016d7e8e68f8ae0600ea5f20425de	1
assets/embedded-interview/一文吃透Linux Socket网络编程：TCP-IP、API详解与高并发架构/img-037.png	2579448	f231bb260c42e5591390fdea72701c45609d9c3eace6c26ee57a5fc801be5442	1
assets/embedded-interview/一文吃透Linux Socket网络编程：TCP-IP、API详解与高并发架构/img-038.png	2953779	480ec08a5cdfeac9298b1cd51e04349646e2df17df40637caf5b3feeb501d9e9	1
assets/embedded-interview/一文吃透Linux Socket网络编程：TCP-IP、API详解与高并发架构/img-039.png	2564993	dcfdb62c1508068af53a0085ba26c7fbfcb345d90145744d2fa6a950c0da99bc	1
assets/embedded-interview/一文吃透Linux Socket网络编程：TCP-IP、API详解与高并发架构/img-040.png	2620300	75320272858bfc64eca112637268f200dbe923b28a4f9745d1cec3c0d3e8034b	1
assets/embedded-interview/一文吃透Linux Socket网络编程：TCP-IP、API详解与高并发架构/img-041.png	2624364	3a29e33e13b7b97158a42432e195e0465908238efb494a333a47013cdd94dab9	1
assets/embedded-interview/一文吃透Linux Socket网络编程：TCP-IP、API详解与高并发架构/img-042.png	2659161	eedd12ba24e81b0d514d94dfdc83ae87098e2675842c79bc6e3156aa023a30be	1
assets/embedded-interview/一文吃透Linux Socket网络编程：TCP-IP、API详解与高并发架构/img-043.png	2702001	038dd428a4069b474c74ef18d6f513b5c9ea8e9ef9c892e15b119ab51cb8ac99	1
assets/embedded-interview/一文吃透Linux Socket网络编程：TCP-IP、API详解与高并发架构/img-044.png	3012301	2926372031c35ea66fb24ace0c841ff5370b7927a1e9fe85f5030348152f5d5f	1
assets/embedded-interview/一文吃透Linux Socket网络编程：TCP-IP、API详解与高并发架构/img-045.png	3008030	59fe0e8e6b086f46df933d686c25b775fc462b392c919d5b903de77647eb8114	1
assets/embedded-interview/一文吃透Linux Socket网络编程：TCP-IP、API详解与高并发架构/img-046.png	2666767	4a10d507c7e3cc7838cabca20434ed1bb90ae6edcbdf94fb1dbe36cd4ee38b95	1
assets/embedded-interview/一文吃透Linux Socket网络编程：TCP-IP、API详解与高并发架构/img-047.png	3063012	2d3b4e60a6a90631db55e91fb57e5fee0453c354d625b5e948c6b1339da319b3	1
assets/embedded-interview/一文吃透Linux Socket网络编程：TCP-IP、API详解与高并发架构/img-048.png	2788098	410de149abb58fa10a45ed5606434921963737334ca6d60cfec55d0ac9418982	1
assets/embedded-interview/一文吃透Linux Socket网络编程：TCP-IP、API详解与高并发架构/img-049.png	2870323	18489625e31ed4d74e612db865c65027b3a1ecf2233fe302bcbba716e1303547	1
assets/embedded-interview/一文吃透Linux Socket网络编程：TCP-IP、API详解与高并发架构/img-050.png	2679030	3ac819b47ccc08d361f4a99f3904ef8a876b25d1812d2f0eeea8dcb97f313109	1
assets/embedded-interview/一文吃透Linux Socket网络编程：TCP-IP、API详解与高并发架构/img-051.png	2822853	6925c918a9de020689545f8f197446a506d5407b477e9e55d0fc392a11da3bd1	1
assets/embedded-interview/一文吃透Linux Socket网络编程：TCP-IP、API详解与高并发架构/img-052.png	2847306	3f5d99be60e016f15287be4466e9d01e0642457c52d8ee9613a774690995a510	1
assets/embedded-interview/一文吃透Linux Socket网络编程：TCP-IP、API详解与高并发架构/img-053.png	2776626	5f7f2258d3bc6f1a69bd34172675a14b3367f0a4d16cc729228149bf1c90277a	1
assets/embedded-interview/一文吃透Linux Socket网络编程：TCP-IP、API详解与高并发架构/img-054.png	2913416	cc54a656603a5fbb37a991f339fb91d1bae8644e7d8a4b309070c89b28e9859c	1
assets/embedded-interview/一文吃透Linux Socket网络编程：TCP-IP、API详解与高并发架构/img-055.png	2701226	534989cae087879d6330b22a045c0389a7638131a7410e740150aae5bfc85a94	1
assets/embedded-interview/一文吃透Linux Socket网络编程：TCP-IP、API详解与高并发架构/img-056.png	2735658	224e88ac165f1ad2f7d6e4dff404bb50a52b63aadcc28de391dbed6bccb3e30c	1
assets/embedded-interview/一文吃透Linux Socket网络编程：TCP-IP、API详解与高并发架构/img-057.png	2806211	bf13ab38e0d0cce2f0ca4448ef2b8d9506e7c5990c12ba857144d7497c98f7c4	1
assets/embedded-interview/一文吃透Linux Socket网络编程：TCP-IP、API详解与高并发架构/img-058.png	2713454	a5826b57b9cccb53136e6f6e0f82f7678e04e4e178023cb9c7be6ba83d868245	1
assets/embedded-interview/一文吃透Linux Socket网络编程：TCP-IP、API详解与高并发架构/img-059.png	2796950	c158922c9f0f335c59065700bfcfa88102f19c952b22e1f661395883b11e5f54	1
assets/embedded-interview/一文吃透Linux Socket网络编程：TCP-IP、API详解与高并发架构/img-060.png	2837578	050df88a1047a1048c625c81694a7496ae967f10cd7bf02e9ef84c6366f9c89e	1
assets/embedded-interview/一文吃透Linux Socket网络编程：TCP-IP、API详解与高并发架构/img-061.png	2923440	d8eae1cc699c8d410358212eacda427f6b89a5584f5094b05d2acb3830a5a44d	1
assets/embedded-interview/一文吃透Linux Socket网络编程：TCP-IP、API详解与高并发架构/img-062.png	2827264	6ad8e9a9daf6069e27d404ff2f425f0eab1bdbf28b8534df50e04153bd4791d3	1
assets/embedded-interview/一文吃透Linux Socket网络编程：TCP-IP、API详解与高并发架构/img-063.png	2540409	849e49ccd10c5dd2fa5cc84bf083c962eca9adffdbd573d7a18889c002a18957	1
assets/embedded-interview/一文吃透Linux Socket网络编程：TCP-IP、API详解与高并发架构/img-064.png	2736482	dba8124de18c314d386ac69cd244e84050262b5718f590c08bbb93a68b4efe0a	1
assets/embedded-interview/一文吃透Linux Socket网络编程：TCP-IP、API详解与高并发架构/img-065.png	2608596	f650175bf6292089b87c2167fa6a45546c711abf16a02d40aad34ba0af5f368d	1
assets/embedded-interview/一文吃透Linux Socket网络编程：TCP-IP、API详解与高并发架构/img-066.png	2744785	a3e457a698dba613ec80a88fdebbed7572c03dedbe0d357eaf8092b1ca15b989	1
assets/embedded-interview/一文吃透Linux Socket网络编程：TCP-IP、API详解与高并发架构/img-067.png	2566713	e8d695edd01a7931b38b5fd74353a5c0a8539c90b97e26d28d2bc7b60332be6c	1
assets/embedded-interview/一文吃透Linux Socket网络编程：TCP-IP、API详解与高并发架构/img-068.png	2921946	d8d6be39f229c3de0795214cdb0435c11a24d4b680af3b4f468813a926b8b1e1	1
assets/embedded-interview/一文吃透Linux Socket网络编程：TCP-IP、API详解与高并发架构/img-069.png	2874491	d9c86fcd03cd190a92025f5c83254de6e9bf5cfd57eae1e734a0846e20b943bc	1
assets/embedded-interview/一文吃透Linux Socket网络编程：TCP-IP、API详解与高并发架构/img-070.png	2677252	94ece6f8c71dd4decdde720d23749b46a645e57be4f37a7046a8527face1cd69	1
assets/embedded-interview/一文吃透Linux Socket网络编程：TCP-IP、API详解与高并发架构/img-071.png	2698498	f948332997c8bdf6e1270899da246a712df75b61b1c75792e683bdee1723b9f9	1
assets/embedded-interview/一文吃透Linux Socket网络编程：TCP-IP、API详解与高并发架构/img-072.png	2639207	b3ad54e00f51e203c489dd5edefa62c4d39503ecf2faf8c0682655cacfa8adb9	1
assets/embedded-interview/一文吃透Linux Socket网络编程：TCP-IP、API详解与高并发架构/img-073.png	2862309	73d911a240991f8b40d1b95a0af86ee866d702302807aaca221e505a3d8e4598	1
assets/embedded-interview/一文吃透Linux Socket网络编程：TCP-IP、API详解与高并发架构/img-074.png	2725772	4094d508cb2290e25ade93bead9f663948c7ef08598febf26766e72d7961929e	1
assets/embedded-interview/一文吃透Linux Socket网络编程：TCP-IP、API详解与高并发架构/img-075.png	2827151	0bacd9c09bb25ee15fe2d1892642296cd4ab58cdbfdb9e9291679148a46a46c2	1
assets/embedded-interview/一文吃透Linux Socket网络编程：TCP-IP、API详解与高并发架构/img-076.png	2711175	aa3cf1d959f4222d6810c74448925a538a89f3913942cfe23a3b04c14e1c6c8e	1
assets/embedded-interview/一文吃透Linux Socket网络编程：TCP-IP、API详解与高并发架构/img-077.png	2862797	5b3d7596020bea6ee6cc0814cfe74840a37bcf560fbedc707e385208c631f0ec	1
assets/embedded-interview/一文吃透Linux Socket网络编程：TCP-IP、API详解与高并发架构/img-078.png	2891631	fad7176bd35c6302562a26b6037f807abb051db1b9963b43e4fccfc9a9f92469	1
assets/embedded-interview/一文吃透Linux Socket网络编程：TCP-IP、API详解与高并发架构/img-079.png	2576458	8dfddff3cae7fff1e575bd9be831339ec9744f1d80180917f57cc3532382eeff	1
assets/embedded-interview/一文吃透Linux Socket网络编程：TCP-IP、API详解与高并发架构/img-080.png	2651050	26ebec16e7efa193b942d7da2f034c93793cea93b2d632e3e5e224a329dbb008	1
assets/embedded-interview/一文吃透Linux Socket网络编程：TCP-IP、API详解与高并发架构/img-081.png	2650958	87f131f7e60301795b8db66a053fb7da0ac79033dce598201c34ef1a19cba0fa	1
assets/embedded-interview/一文吃透Linux Socket网络编程：TCP-IP、API详解与高并发架构/img-082.png	2895109	78e1262f5ed5a8f2396eb03b009a27dbfe2d8a3e6c99a6728a120a364c2d194b	1
assets/embedded-interview/一文吃透Linux Socket网络编程：TCP-IP、API详解与高并发架构/img-083.png	2481987	b36d347706da1d8be84b185721c8c40eb2bf97c6c93058d7b2089f50742e66d7	1
assets/embedded-interview/一文吃透Linux Socket网络编程：TCP-IP、API详解与高并发架构/img-084.png	2571663	fe5451b9fab78819ee25ee862c4af629e6cbbc12a2706ab98a39b2e574029fbb	1
assets/embedded-interview/一文吃透Linux Socket网络编程：TCP-IP、API详解与高并发架构/img-085.png	2633364	ae288bc66b65bfa0849b2ba2f50213822f71e66a73a73ac1fc45e6c685f7cdac	1
assets/embedded-interview/一文吃透Linux Socket网络编程：TCP-IP、API详解与高并发架构/img-086.png	2660773	0e7f0241237067f5af95a48354d05ce848add30216480ebac2219e898f39b8e8	1
assets/embedded-interview/一文吃透Linux Socket网络编程：TCP-IP、API详解与高并发架构/img-087.png	2863543	e9a4605b85aa42c0f5ca8b33eac7602f3815bc8f9c2738e8cba67082b6737de9	1
assets/embedded-interview/一文吃透Linux Socket网络编程：TCP-IP、API详解与高并发架构/img-088.png	2599338	b414d853d07d69e3a722d62d0c34b8a35fbc5ea8534128e9b5a316312dd9816e	1
assets/embedded-interview/一文吃透Linux Socket网络编程：TCP-IP、API详解与高并发架构/img-089.png	2913668	b6cd391d37291f6088ad165c90af4836471baacb971fc61ab08504b61c2bd83b	1
assets/embedded-interview/一文吃透Linux Socket网络编程：TCP-IP、API详解与高并发架构/img-090.png	2368819	57e82b5533932617fc0b924d67577554206af4a2aa6a35c66165f8173e42f4d6	1
assets/embedded-interview/一文吃透Linux Socket网络编程：TCP-IP、API详解与高并发架构/img-091.png	2668534	d05d3fe508eb59a3530e8c009a2078688df3ded231e3960f99e6da42cf7c8806	1
assets/embedded-interview/一文吃透Linux Socket网络编程：TCP-IP、API详解与高并发架构/img-092.png	2571190	f760b4df6f4cad13b422477aa774a7edb5eeafdaec09e6f95d99e268a722afa5	1
assets/embedded-interview/一文吃透Linux Socket网络编程：TCP-IP、API详解与高并发架构/img-093.png	2997880	3d201c725b2cd35bf3068106c70cab66073def98e4fbc931829094982a79a4f0	1
assets/embedded-interview/从 0 和 1 一步步推导 MCU 通信- 吃透 UART-SPI-I²C-CAN 底层原理/img-001.png	2720562	b434a28a1535979b9c7e4cc1c40fb9eabda48a2e79ec08c494efdc2baefae72b	1
assets/embedded-interview/从 0 和 1 一步步推导 MCU 通信- 吃透 UART-SPI-I²C-CAN 底层原理/img-002.png	2841346	8154461d19fc421e3ab47a8a7ce606d17c97b82ae77fbd3e323227efce606b44	1
assets/embedded-interview/从 0 和 1 一步步推导 MCU 通信- 吃透 UART-SPI-I²C-CAN 底层原理/img-003.png	3012372	837b24532e5fecc0147d3053b91961150184f0b9175f0f3cfcc03a4beaa20468	1
assets/embedded-interview/从 0 和 1 一步步推导 MCU 通信- 吃透 UART-SPI-I²C-CAN 底层原理/img-004.png	2883390	a4f8cf230e7faace0c33c3a1247c813ef29428a208c1e690d2caaf7bd35b52db	1
assets/embedded-interview/从 0 和 1 一步步推导 MCU 通信- 吃透 UART-SPI-I²C-CAN 底层原理/img-005.png	2972047	476616d1767534c648cc209d10f71127bd1afcbd292f4362fe8d5c7ec590d55b	1
assets/embedded-interview/从 0 和 1 一步步推导 MCU 通信- 吃透 UART-SPI-I²C-CAN 底层原理/img-006.png	3041683	ca019f5cfe0705cb1dd2b50bbb442d945577c8ce227713dec7d462c6d513c86d	1
assets/embedded-interview/从 0 和 1 一步步推导 MCU 通信- 吃透 UART-SPI-I²C-CAN 底层原理/img-007.png	3038506	ac67f02ebd61c16cd6039f424cfb75bb81fd3c763c601e9868e9833110de85ae	1
assets/embedded-interview/从 0 和 1 一步步推导 MCU 通信- 吃透 UART-SPI-I²C-CAN 底层原理/img-008.png	3015735	7692de68083ab3381b7f914a02691647395ac284c6022f9f07544506bb037bbd	1
assets/embedded-interview/从 0 和 1 一步步推导 MCU 通信- 吃透 UART-SPI-I²C-CAN 底层原理/img-009.png	2819138	e2c3a565d67e5c2e0e78a41e9ac2bd61c143bcb1556331493d0e28a781e8574d	1
assets/embedded-interview/从 0 和 1 一步步推导 MCU 通信- 吃透 UART-SPI-I²C-CAN 底层原理/img-010.png	2796878	dfd89d8781c57439d9089b1a887cb27ffe8a40339de98eb2c76fa7fd7ecbb77d	1
assets/embedded-interview/从 0 和 1 一步步推导 MCU 通信- 吃透 UART-SPI-I²C-CAN 底层原理/img-011.png	2849889	2d6312e87870fa0acc4787616ed90658055f92cc7d240e100150821cbd417b31	1
assets/embedded-interview/从 0 和 1 一步步推导 MCU 通信- 吃透 UART-SPI-I²C-CAN 底层原理/img-012.png	2568891	d1b30d0cfce56d320a8de1f4d03c1506690f75211d2bf53821f7df5e9c756d01	1
assets/embedded-interview/从 0 和 1 一步步推导 MCU 通信- 吃透 UART-SPI-I²C-CAN 底层原理/img-013.png	2813905	931cba56a5bf8bdefd11be3fd299b9a98aead723cf822409ed29f03dd7515b35	1
assets/embedded-interview/从 0 和 1 一步步推导 MCU 通信- 吃透 UART-SPI-I²C-CAN 底层原理/img-014.png	2969164	1b35be24c0eca8d9cbc99c7e023301f74e48a6c54b7b77dccdea928d07852217	1
assets/embedded-interview/从 0 和 1 一步步推导 MCU 通信- 吃透 UART-SPI-I²C-CAN 底层原理/img-015.png	2820309	750a30cd6cf485b518508fb8c958ce59ec45c866813f082456219d3ec267a63e	1
assets/embedded-interview/从 0 和 1 一步步推导 MCU 通信- 吃透 UART-SPI-I²C-CAN 底层原理/img-016.png	2924381	c6d0d6b224cc8a52147ca01d26512c55fcf4f768d2250505574a87d384618662	1
assets/embedded-interview/从 0 和 1 一步步推导 MCU 通信- 吃透 UART-SPI-I²C-CAN 底层原理/img-017.png	2938271	f2e40f2da3d0d9f99a8bfc02222b4ae3f6418f51d7738ff3d331861dd25419f3	1
assets/embedded-interview/从 0 和 1 一步步推导 MCU 通信- 吃透 UART-SPI-I²C-CAN 底层原理/img-018.png	2966923	c47d84300e5de26aeda67c995f38c2a49a4285b724a0ba2f7e1a99899e004617	1
assets/embedded-interview/从 0 和 1 一步步推导 MCU 通信- 吃透 UART-SPI-I²C-CAN 底层原理/img-019.png	2738273	ead4e48be75be2ec5752edfdc16d6ec4b08172ed9062669eadd00a3015a132b4	1
assets/embedded-interview/从 0 和 1 一步步推导 MCU 通信- 吃透 UART-SPI-I²C-CAN 底层原理/img-020.png	3096372	a4dcedf21dbd6c96a5e0e7305af26345a42f9d789c86004bd2f13b4f76f28ec2	1
assets/embedded-interview/从 0 和 1 一步步推导 MCU 通信- 吃透 UART-SPI-I²C-CAN 底层原理/img-021.png	2965021	f7bdb26d748f49cea177366eb3799311ff52626d427789092bc389b00c38f5b2	1
assets/embedded-interview/从 0 和 1 一步步推导 MCU 通信- 吃透 UART-SPI-I²C-CAN 底层原理/img-022.png	2856233	1bb59df64aa814f93ca7f21d0714960d245dea8f4e4d5a9464ffe6496d94e016	1
assets/embedded-interview/从 0 和 1 一步步推导 MCU 通信- 吃透 UART-SPI-I²C-CAN 底层原理/img-023.png	2679772	244152164417b19e09e9d2e135a22159ad0d632130f6a8b6fcb2e9ee6ddd8dfe	1
assets/embedded-interview/从 0 和 1 一步步推导 MCU 通信- 吃透 UART-SPI-I²C-CAN 底层原理/img-024.png	2657898	4a31e8031b31409afe451257a7b641d4d4d8e1fdbb38cc6bf619ad67667ec5d3	1
assets/embedded-interview/从 0 和 1 一步步推导 MCU 通信- 吃透 UART-SPI-I²C-CAN 底层原理/img-025.png	2717419	767c47714d3385a3b44d7eb25a5ce31d01ce1f6cceadbf9c303dab7478d4cad3	1
assets/embedded-interview/从 0 和 1 一步步推导 MCU 通信- 吃透 UART-SPI-I²C-CAN 底层原理/img-026.png	2931231	924e2018c5f3ccd43fccf15eea8cc0047c373244e53e7a5216276d85dc98e856	1
assets/embedded-interview/从 0 和 1 一步步推导 MCU 通信- 吃透 UART-SPI-I²C-CAN 底层原理/img-027.png	2883836	c89ce7ff1553520bd7c62a39ba7bae0d2660e53b02002b1e96e46d6c0eacedf1	1
assets/embedded-interview/从 0 和 1 一步步推导 MCU 通信- 吃透 UART-SPI-I²C-CAN 底层原理/img-028.png	3029582	a6c40e13b9588cd34c4f62cef7fb4d73fb818c25ca63e3f6c5be1c14d11bd8e3	1
assets/embedded-interview/从 0 和 1 一步步推导 MCU 通信- 吃透 UART-SPI-I²C-CAN 底层原理/img-029.png	2761249	951593cf3d2dee8f02c2e550fa7464fbfd0f755cc83aedc3291990e956e22c80	1
assets/embedded-interview/从 0 和 1 一步步推导 MCU 通信- 吃透 UART-SPI-I²C-CAN 底层原理/img-030.png	3046233	72137bb27a9b5bd31d501eb68be0801e0bdb5bbd106155c8285372c8eb65eb79	1
assets/embedded-interview/从 0 和 1 一步步推导 MCU 通信- 吃透 UART-SPI-I²C-CAN 底层原理/img-031.png	2517155	5e8978753c75e152eb24bd34b75346a7fc08bf82fee0df195d4a4379013fdc6b	1
assets/embedded-interview/从 0 和 1 一步步推导 MCU 通信- 吃透 UART-SPI-I²C-CAN 底层原理/img-032.png	2920075	ddafb637752310d6e226c32700257698b4d93cbe071114b0e971e40a27eb88af	1
assets/embedded-interview/从 0 和 1 一步步推导 MCU 通信- 吃透 UART-SPI-I²C-CAN 底层原理/img-033.png	2528776	7789501cfd2b9359efe3c4ef8633bad8516f4211af7f29c409e68c03744145bc	1
assets/embedded-interview/从 0 和 1 一步步推导 MCU 通信- 吃透 UART-SPI-I²C-CAN 底层原理/img-034.png	2826967	87c383c603203ed07d60474a37ef4559e3901da25519e6ef0e5211c0132507a0	1
assets/embedded-interview/从 0 和 1 一步步推导 MCU 通信- 吃透 UART-SPI-I²C-CAN 底层原理/img-035.png	2870372	30196cfe65466c5e5911ef666743dc70f8b3446bc9a4c3c96f41a1adf84dc644	1
assets/embedded-interview/从 0 和 1 一步步推导 MCU 通信- 吃透 UART-SPI-I²C-CAN 底层原理/img-036.png	2780414	32ca2b93cd38f1e77d0d8235ddf19da809d4c7db776478e6fe4ee9702e1f613c	1
assets/embedded-interview/从 0 和 1 一步步推导 MCU 通信- 吃透 UART-SPI-I²C-CAN 底层原理/img-037.png	2868006	7ae0a0e2bd12ce7cbe8550922702171b90f3a377200b7e6ef8a945f971256784	1
assets/embedded-interview/从 0 和 1 一步步推导 MCU 通信- 吃透 UART-SPI-I²C-CAN 底层原理/img-038.png	2912931	307cc6f32d3885983dd490e2cda124780fa765ec636e501242a29a455ea978d1	1
assets/embedded-interview/从 0 和 1 一步步推导 MCU 通信- 吃透 UART-SPI-I²C-CAN 底层原理/img-039.png	2762925	4721f2771f0160c54b76b6ab10493362c0e37fc8dc17f5947a7eef33d957a86e	1
assets/embedded-interview/从 0 和 1 一步步推导 MCU 通信- 吃透 UART-SPI-I²C-CAN 底层原理/img-040.png	2730950	b302284c966d21b0b17e4f21bb57aa6af203489d2b144deabafaacbebe347cb2	1
assets/embedded-interview/从 0 和 1 一步步推导 MCU 通信- 吃透 UART-SPI-I²C-CAN 底层原理/img-041.png	2653362	695ac84d899ec61ecf89869609c48803ac3ebfbd34e30168e3f6513e9459194d	1
assets/embedded-interview/从 0 和 1 一步步推导 MCU 通信- 吃透 UART-SPI-I²C-CAN 底层原理/img-042.png	2610424	9407fec606bfe141c87240c309e779195bd4e6c2423a42fc5004de445b50580d	1
assets/embedded-interview/从 0 和 1 一步步推导 MCU 通信- 吃透 UART-SPI-I²C-CAN 底层原理/img-043.png	2978516	b574b8a2a3d8e917aa4e43ec3963dedab663c17ef6d780e86680a154ceb7a2a1	1
assets/embedded-interview/从 0 和 1 一步步推导 MCU 通信- 吃透 UART-SPI-I²C-CAN 底层原理/img-044.png	2788083	07f43cc3f377a1724edd7080bc75cfed9e2a7ab9da5734f225b1e18c78ab8453	1
assets/embedded-interview/从 0 和 1 一步步推导 MCU 通信- 吃透 UART-SPI-I²C-CAN 底层原理/img-045.png	2893302	5778b3a4aced1851b5ee7927ad3585f8c69e462d9d74714e291855c4e7db0137	1
assets/embedded-interview/从 0 和 1 一步步推导 MCU 通信- 吃透 UART-SPI-I²C-CAN 底层原理/img-046.png	2825899	87b70e6ed96145f72e4b948ae81adf9ad23b12220d991d68e2c583bc4261284f	1
assets/embedded-interview/从 0 和 1 一步步推导 MCU 通信- 吃透 UART-SPI-I²C-CAN 底层原理/img-047.png	2933833	2b455aa006415b0fe526a71a0da0c867c5a702d203b20aaa97000550334042f3	1
assets/embedded-interview/从 0 和 1 一步步推导 MCU 通信- 吃透 UART-SPI-I²C-CAN 底层原理/img-048.png	2675742	d24a9ba1e90bb9bb44d2bcb7f4f9fde0fe9e6846093eb70fece204d9f86419e6	1
assets/embedded-interview/从 0 和 1 一步步推导 MCU 通信- 吃透 UART-SPI-I²C-CAN 底层原理/img-049.png	2714074	bfbe400edf1f8e4741d3d333c3fc1327bc5006ffab84d64f7d7cd9775d85211c	1
assets/embedded-interview/从 0 和 1 一步步推导 MCU 通信- 吃透 UART-SPI-I²C-CAN 底层原理/img-050.png	2773986	582c72061ad75f50d3d92a326c07b0a949c2b540c8abae7906627d46894ed230	1
assets/embedded-interview/从 0 和 1 一步步推导 MCU 通信- 吃透 UART-SPI-I²C-CAN 底层原理/img-051.png	2761375	1e6b4d8bdf44da873d589ec58039309cd45d416e6b9a1086050d7501851c9667	1
assets/embedded-interview/从 0 和 1 一步步推导 MCU 通信- 吃透 UART-SPI-I²C-CAN 底层原理/img-052.png	2772258	5e6435bb837ed9ceeed93289862de6ef80895c44b280ee1df9f9fd68509d6c94	1
assets/embedded-interview/从 0 和 1 一步步推导 MCU 通信- 吃透 UART-SPI-I²C-CAN 底层原理/img-053.png	2872586	f811b83923215586c9d61d4af2e2e75553f195753dcfd3e352b9e045517f5291	1
assets/embedded-interview/从 0 和 1 一步步推导 MCU 通信- 吃透 UART-SPI-I²C-CAN 底层原理/img-054.png	2755317	53441b3f834da67dc512b58d9f048c1c077d19ae69b2a067fb9c5a220a4b1057	1
assets/embedded-interview/从 0 和 1 一步步推导 MCU 通信- 吃透 UART-SPI-I²C-CAN 底层原理/img-055.png	3391590	6a577e248b72d07c5ca4d9ef3586e38f3ba96808fa825104c5381a52afd8f28a	1
assets/embedded-interview/从 0 和 1 一步步推导 MCU 通信- 吃透 UART-SPI-I²C-CAN 底层原理/img-056.png	2985019	f9bed4f39e1bd43fd8cc237e46f3dba402cc69a7075c24c3b3d4ed142fb1ce50	1
assets/embedded-interview/从 0 和 1 一步步推导 MCU 通信- 吃透 UART-SPI-I²C-CAN 底层原理/img-057.png	2826695	ffaf07c87bcedea801228681368a0d92a2cabfff7fe6ce39e3b3105ed306f259	1
assets/embedded-interview/从 0 和 1 一步步推导 MCU 通信- 吃透 UART-SPI-I²C-CAN 底层原理/img-058.png	2897760	6e4d7755c4a8b05259d99c3edbb49b122eb72ef037aa9914d796b3360c1321fb	1
assets/embedded-interview/从 0 和 1 一步步推导 MCU 通信- 吃透 UART-SPI-I²C-CAN 底层原理/img-059.png	2858230	8cc6a1a32a53cdc732ebbacfdb528c3acd839c00094b0b3aaae50d129c73b400	1
assets/embedded-interview/从 0 和 1 一步步推导 MCU 通信- 吃透 UART-SPI-I²C-CAN 底层原理/img-060.png	2877536	fef28420bd7ea878cb51ee2a4115e81af11384966e9c709a6688d2ac5fc0ef7a	1
assets/embedded-interview/从 0 和 1 一步步推导 MCU 通信- 吃透 UART-SPI-I²C-CAN 底层原理/img-061.png	3040986	dd6b89e8cda99d6a276b2f9a546fa23b946d49356ca5d4c190f7f167a34fd8e8	1
assets/embedded-interview/从 0 和 1 一步步推导 MCU 通信- 吃透 UART-SPI-I²C-CAN 底层原理/img-062.png	2894096	f8655cb2b006f92e4d506837d4772c2ca6b8fb76009d14932fc06f70703e9dc8	1
assets/embedded-interview/从 0 和 1 一步步推导 MCU 通信- 吃透 UART-SPI-I²C-CAN 底层原理/img-063.png	2813059	7b5bf4adeab74484dccde44786047e53e3dac2f9b14285868f2c1c9fee5dded7	1
assets/embedded-interview/从 0 和 1 一步步推导 MCU 通信- 吃透 UART-SPI-I²C-CAN 底层原理/img-064.png	3025998	97be5b066b2c70983955c96793868d2ab183d1bfa03522cea934807fed6890f1	1
assets/embedded-interview/从 0 和 1 一步步推导 MCU 通信- 吃透 UART-SPI-I²C-CAN 底层原理/img-065.png	3080729	cac23e6447df2b9c8bb4f0297bbdf2ffe5b8cd3aef9159770e8d73c752c414eb	1
assets/embedded-interview/从 0 和 1 一步步推导 MCU 通信- 吃透 UART-SPI-I²C-CAN 底层原理/img-066.png	2697964	7381a32fe4a91979924e9212042fd9bd29d6797013f63c6f23492d750c8533cf	1
assets/embedded-interview/从 0 和 1 一步步推导 MCU 通信- 吃透 UART-SPI-I²C-CAN 底层原理/img-067.png	2860123	7f79421491f3fd88b3c79191880b0ec8ba02b0906d6a90522d5ef0bf19ba2b08	1
assets/embedded-interview/从 0 和 1 一步步推导 MCU 通信- 吃透 UART-SPI-I²C-CAN 底层原理/img-068.png	2891747	e73b3a9d24abefd3aca6571f01ff039f3678d14f8e1827e90e080fa1685c35c8	1
assets/embedded-interview/从 0 和 1 一步步推导 MCU 通信- 吃透 UART-SPI-I²C-CAN 底层原理/img-069.png	3002756	49876c418d454ddaecca8a0a94d7b314b24160cee163ddad3f7d3d41dd42484d	1
assets/embedded-interview/从 0 和 1 一步步推导 MCU 通信- 吃透 UART-SPI-I²C-CAN 底层原理/img-070.png	3001372	62efdf0d65c8b63aab0ce012424114a1b5575f0d49ae8ad2782a4c490a79ea16	1
assets/embedded-interview/从 0 和 1 一步步推导 MCU 通信- 吃透 UART-SPI-I²C-CAN 底层原理/img-071.png	2982040	9c61144587c495120d2a28642378d0de2be92ec778c206c595224229882231a8	1
assets/embedded-interview/从 0 和 1 一步步推导 MCU 通信- 吃透 UART-SPI-I²C-CAN 底层原理/img-072.png	2838055	9b29e55a42e67105e56e0dc65c7a5dee14e06923a5ae923d942c06981a55932d	1
assets/embedded-interview/从 0 和 1 一步步推导 MCU 通信- 吃透 UART-SPI-I²C-CAN 底层原理/img-073.png	2632497	a90ad590dd572634232bc079daabb601a9d740750881cc6f17d63e9b28c352ac	1
assets/embedded-interview/从 0 和 1 一步步推导 MCU 通信- 吃透 UART-SPI-I²C-CAN 底层原理/img-074.png	2823493	18ecc6c43dcd7363f21e10eee73bf92dd9f97ce8ff0d3a7ead0b5cdd6d75da21	1
assets/embedded-interview/从 0 和 1 一步步推导 MCU 通信- 吃透 UART-SPI-I²C-CAN 底层原理/img-075.png	2987263	fa49d415d2178026ff012228f3867a0bbb9bceedcbd007e7ec7e3025dc6ed03f	1
assets/embedded-interview/从 0 和 1 一步步推导 MCU 通信- 吃透 UART-SPI-I²C-CAN 底层原理/img-076.png	2923185	647d047c74e8c19318b815b65e069edc38d8778e6ccb6ab38f9b8e7a6eff5b8e	1
assets/embedded-interview/从 0 和 1 一步步推导 MCU 通信- 吃透 UART-SPI-I²C-CAN 底层原理/img-077.png	2967577	9ba431b2777aa6d4c12d6c0fe1a1456874d3de3fd2840b1bf1d7667da463cbd0	1
assets/embedded-interview/从 0 和 1 一步步推导 MCU 通信- 吃透 UART-SPI-I²C-CAN 底层原理/img-078.png	2918775	e84d262a418b23caca58af944e0c8ec156b262a8b668dbdbb281505d9b886897	1
assets/embedded-interview/从 0 和 1 一步步推导 MCU 通信- 吃透 UART-SPI-I²C-CAN 底层原理/img-079.png	2910320	71b384540f57700c7f52cd7d45590234bd5d34a42682a10379ec162b5bda0b58	1
assets/embedded-interview/从 0 和 1 一步步推导 MCU 通信- 吃透 UART-SPI-I²C-CAN 底层原理/img-080.png	2786647	6ab1bcb455db196990919d84c8fd1206a28785a7d9f1c3aaa48aebc3a83304f8	1
assets/embedded-interview/从 0 和 1 一步步推导 MCU 通信- 吃透 UART-SPI-I²C-CAN 底层原理/img-081.png	2995723	258afab759fd9a6ab8c2a75ed9f4f5db35d53c6fdda94cf0d55ef99c3cdd3429	1
assets/embedded-interview/从 0 和 1 一步步推导 MCU 通信- 吃透 UART-SPI-I²C-CAN 底层原理/img-082.png	2763240	b84fc9ce9eebdf206e52da3c09a435b02cae6bbeba472d20b1fd527dcba36882	1
assets/embedded-interview/从 0 和 1 一步步推导 MCU 通信- 吃透 UART-SPI-I²C-CAN 底层原理/img-083.png	2758249	ef8dc65566793ba91b5c6a39352a373c216bf8e72310bff1a542d4ef82128b2c	1
assets/embedded-interview/从 0 和 1 一步步推导 MCU 通信- 吃透 UART-SPI-I²C-CAN 底层原理/img-084.png	2469153	0d5823f36a5b1dc5c2cc8a5be576de06e8099e2a5656ff9efdfeda16039d437c	1
assets/embedded-interview/从 0 和 1 一步步推导 MCU 通信- 吃透 UART-SPI-I²C-CAN 底层原理/img-085.png	3005266	276ed3afb1a7a3a203bc9d4a0fbcb65fe7f2014d1e4435c3554708374599bc97	1
assets/embedded-interview/图解 ADC：工作原理、架构分类与核心性能指标/img-001.jpg	2748332	261fd0340c67437b4e419039426b99ea6568e446847a1be0c7cd13cc8bfe822b	1
assets/embedded-interview/图解 ADC：工作原理、架构分类与核心性能指标/img-002.jpg	2900694	3982a4ffe7a3dfe3497d0565d495ee8981455824e8192ae3f55563675a31803c	1
assets/embedded-interview/图解 ADC：工作原理、架构分类与核心性能指标/img-003.jpg	2677754	f8e3f65db5876f7335961a2c436d24596459739a2143c1c5208b537a91325dfe	1
assets/embedded-interview/图解 ADC：工作原理、架构分类与核心性能指标/img-004.jpg	2609544	4292fac72b687715a30995c44ed9b3ed367a8f122c3800e245bc2c1b0201b40a	1
assets/embedded-interview/图解 ADC：工作原理、架构分类与核心性能指标/img-005.jpg	2628716	18e2dbe6e72909f905b22508f48bd3e7813ba28e90d03e7132d231c296dd6e3d	1
assets/embedded-interview/图解 ADC：工作原理、架构分类与核心性能指标/img-006.jpg	2725537	ca8d1757846c802f00897d51d21f148594495706d0d6f74f93675d53554fa810	1
assets/embedded-interview/图解 ADC：工作原理、架构分类与核心性能指标/img-007.jpg	2746017	10c290912385a50c627a4843baf3d20081e9f4b7d321d3dae61af2deff801b7d	1
assets/embedded-interview/图解 ADC：工作原理、架构分类与核心性能指标/img-008.jpg	2755759	eac33b275b9c3e01a38e762874271f68f5c5d0b081fcc95c1d0a1b4834a8630a	1
assets/embedded-interview/图解 ADC：工作原理、架构分类与核心性能指标/img-009.jpg	2634188	f7c8a83a67aecd042ff5b7bb9554ca5fb278a0e2c5ccef47cf26b00727c9b8c1	1
assets/embedded-interview/图解 ADC：工作原理、架构分类与核心性能指标/img-010.jpg	2985106	c7d438738b4113c04a49ed6952e1c4924aafca4b0654872425281813b089bad7	1
assets/embedded-interview/图解 ADC：工作原理、架构分类与核心性能指标/img-011.jpg	2805956	0e15307f0b76bb27af2aa063a5121e3f3cf3b7601b4fef8161fb560d574d0c71	1
assets/embedded-interview/图解 ADC：工作原理、架构分类与核心性能指标/img-012.jpg	2743178	665448dd13cec8b7caf24b2928993aa831223ac6970324d0d4ff59b2547065de	1
assets/embedded-interview/图解 ADC：工作原理、架构分类与核心性能指标/img-013.jpg	2697167	cc4363fe2718524c47a50f98a267a92409618a1be3b2c1d8240768295dc889a1	1
assets/embedded-interview/图解 ADC：工作原理、架构分类与核心性能指标/img-014.jpg	2658992	8d35df902dbe69fbc2801e7fbff3883b6e4ca39b3eba097bfc634093dc3d727a	1
assets/embedded-interview/图解 ADC：工作原理、架构分类与核心性能指标/img-015.jpg	2700294	09fff6c9119a4ce7695b17ff3fbf2848202d7c79f35e81a586427d135501d544	1
assets/embedded-interview/图解 ADC：工作原理、架构分类与核心性能指标/img-016.jpg	2734335	b47aaa770afd25475adfd132aa9ecdb01a60a9c8854ba6609f79e43dc7e3b46b	1
assets/embedded-interview/图解 ADC：工作原理、架构分类与核心性能指标/img-017.jpg	2715216	ac8a09ddfad8672d699c42f7ea73f8d18bc47bb38c01bdf99c7ba3eb6e6508e8	1
assets/embedded-interview/图解 ADC：工作原理、架构分类与核心性能指标/img-018.jpg	3124776	3d4de170b01a2367f8e8f1fc3cab8f456591b4ef13b2f5639d71d7c967c2bf1c	1
assets/embedded-interview/图解 ADC：工作原理、架构分类与核心性能指标/img-019.jpg	2754425	c95fb14f4a95a05cb1c432f54077158e4d65bcb9bb5732ad28fddd6d62a0e5bc	1
assets/embedded-interview/图解 ADC：工作原理、架构分类与核心性能指标/img-020.jpg	2810383	650a4fbfdd24fd12be4106a350a7dc519f8d30825714d0ac5880eb78f473690d	1
assets/embedded-interview/图解 ADC：工作原理、架构分类与核心性能指标/img-021.jpg	2616458	3f691bf839676c194a5d956705171df0c0183db740d7b0f61b1334298ecc124a	1
assets/embedded-interview/图解 ADC：工作原理、架构分类与核心性能指标/img-022.jpg	2382418	d6749c1a43f6122fee9a0b4b932bc5266df8b7a393c7447aeb28e5b7c0322a27	1
assets/embedded-interview/图解 ADC：工作原理、架构分类与核心性能指标/img-023.jpg	2622146	3824cbf62bfc59b8de1fc65bdd18e2f137be31e60b5ebc120b18bcfe570830f6	1
assets/embedded-interview/图解 ADC：工作原理、架构分类与核心性能指标/img-024.jpg	2498076	0fc038a53899b6ad79da45ed44fb69b9b0668c93de480f7320409f0165549d3e	1
assets/embedded-interview/图解 ADC：工作原理、架构分类与核心性能指标/img-025.jpg	2605067	431f57905d107e2daa094c3783f7126ad834ffe498c89fce5d81f96fecf6cf65	1
assets/embedded-interview/图解 ADC：工作原理、架构分类与核心性能指标/img-026.jpg	2677228	30af5d111115d937c49ede13a6bab75b3d0ec857db4d548811cddce0c0240719	1
assets/embedded-interview/图解 ADC：工作原理、架构分类与核心性能指标/img-027.jpg	2885308	1be6a204fd73b031591ee1dcffc2177f2d2b278cbc850ccb3e7b0afdf9ab6fe8	1
assets/embedded-interview/图解 ADC：工作原理、架构分类与核心性能指标/img-028.jpg	2843046	3043941853fe0d97747cd7cee32994ff7b4b300f3f494c900a1ab9691c197fad	1
assets/embedded-interview/图解 ADC：工作原理、架构分类与核心性能指标/img-029.jpg	2727152	d573a6ace336fa86c1807bd5a28b94da1d67d380b0e2f1fb04cf9182e0d308fc	1
assets/embedded-interview/图解 ADC：工作原理、架构分类与核心性能指标/img-030.jpg	2567314	5c83aaae6cb897791a742136c65187e3bd7eddb8c1c2221505984add99e69054	1
assets/embedded-interview/图解 ADC：工作原理、架构分类与核心性能指标/img-031.jpg	2800486	a9008aba2daf4fbc978e727aa561ebd438689625c66366a6e4f058e50e1507e0	1
assets/embedded-interview/图解 ADC：工作原理、架构分类与核心性能指标/img-032.jpg	2779110	e7f30a73523b62602342939ba9eb14dde9180d21744d866c71c2c273908d3e36	1
assets/embedded-interview/图解 ADC：工作原理、架构分类与核心性能指标/img-033.jpg	2726958	0d2cddab362976e0bc14cfb2ee049edbe4691e0d1b3ebbe22f5f3cfa2606ca92	1
assets/embedded-interview/图解 ADC：工作原理、架构分类与核心性能指标/img-034.jpg	2902845	791acf50101f53bf21dfafd8dca8a83eec6ca432c2c16ab89398187fef618736	1
assets/embedded-interview/图解 ADC：工作原理、架构分类与核心性能指标/img-035.jpg	2623817	f7fdf1340014e3ca2f32b2f388ca622e6ef6ab31439b47f06fd386c368135a5e	1
assets/embedded-interview/图解 ADC：工作原理、架构分类与核心性能指标/img-036.jpg	2605790	4e3b55a7aa9b0672993b422537dd267524dc8ffea30c92c74eac1368c6ffa6b5	1
assets/embedded-interview/图解 ADC：工作原理、架构分类与核心性能指标/img-037.jpg	2856416	567ce61388f8b53dc31ab76f7ff231d434d4e9d7e4b5526890ea48812c4eb54b	1
assets/embedded-interview/图解 ADC：工作原理、架构分类与核心性能指标/img-038.jpg	2688753	22fad55fc67f7bac1663552f0d163ae726f5cd8c83db0726a5145435a7874ec4	1
assets/embedded-interview/图解 ADC：工作原理、架构分类与核心性能指标/img-039.jpg	2829609	880263ffec7aa4887e26e4da1299183d7a2fa766527d27139ae42f380950de37	1
assets/embedded-interview/图解 ADC：工作原理、架构分类与核心性能指标/img-040.jpg	2824907	8522fc195647cb3ce71408954a13a1fa90c4fa1919b46f34d465df19c0166b94	1
assets/embedded-interview/图解 ADC：工作原理、架构分类与核心性能指标/img-041.jpg	2865297	78e9781016ed66c79ec15856354b4e4a93e1dca8cb3203d793d7a7ea61d4533c	1
assets/embedded-interview/图解 ADC：工作原理、架构分类与核心性能指标/img-042.jpg	2920067	889354f423f45116cbda19f06e7362d32b61e787b7ae9553eda07346c5d4e7e3	1
assets/embedded-interview/图解 ADC：工作原理、架构分类与核心性能指标/img-043.jpg	2875535	59b9ce5240160ae37b284c53edc7f4b8a9d611565afcbeb0e255629c407dff7d	1
assets/embedded-interview/图解 ADC：工作原理、架构分类与核心性能指标/img-044.jpg	2801485	d3c40db9051fe036f1ea229b0acdecdf0cb9923e2c1a9ec6248eeb615a576532	1
assets/embedded-interview/图解 ADC：工作原理、架构分类与核心性能指标/img-045.jpg	2858000	8f5aca1d9c4df0ec8f75c70d1413786b578b44012ccfcc89fd45cfba99128a0f	1
assets/embedded-interview/图解 ADC：工作原理、架构分类与核心性能指标/img-046.jpg	2928958	d885dc525ef539d57f0ac6626c46cf63c195f98c7129fad789922ff7ef3bc238	1
assets/embedded-interview/图解 ADC：工作原理、架构分类与核心性能指标/img-047.jpg	2885122	fe8c06db4056c6578b93e03bd0db50963b4fced3eb1a594da51fb4ef767d5cf0	1
assets/embedded-interview/图解 ADC：工作原理、架构分类与核心性能指标/img-048.jpg	2928736	f8f6b3baecdfb854538a83d838c906f90176a0859942888f6ec6644e8464af6d	1
assets/embedded-interview/图解 ADC：工作原理、架构分类与核心性能指标/img-049.jpg	2893857	eed9d3f756f76a80933e819fa7b07f7371fc91eb291959e7b79d76b0ed670a5b	1
assets/embedded-interview/图解 ADC：工作原理、架构分类与核心性能指标/img-050.jpg	2604721	03d41594031d93b068728c4275f17771d815b27c9d51aa858affabfb7b3ff8e9	1
assets/embedded-interview/图解 ADC：工作原理、架构分类与核心性能指标/img-051.jpg	2505310	1428e8b82863329723dbede7b211907a443b040182291b5ab76e27865d2d13ca	1
assets/embedded-interview/图解 ADC：工作原理、架构分类与核心性能指标/img-052.jpg	2819066	480088d71379cc280d0c3b5ea54748df3fdd8f336d457ac27cd3e08430812247	1
assets/embedded-interview/图解 ADC：工作原理、架构分类与核心性能指标/img-053.jpg	2852895	cf5627d3c6480221a05d06056ada2499a74fbbfa97be38fbdfc6de832a83c54f	1
assets/embedded-interview/图解 ADC：工作原理、架构分类与核心性能指标/img-054.jpg	2752474	72c78af15b1ce31230af9faaaea2a8c7dd13b1822aafc42c3479ef24734bdd3f	1
assets/embedded-interview/图解 ADC：工作原理、架构分类与核心性能指标/img-055.jpg	2840382	b7fa30a26b2e390e3e97c5ca8c2e932864105547c7d7bd1dd390711d60d9f6f6	1
assets/embedded-interview/图解 ADC：工作原理、架构分类与核心性能指标/img-056.jpg	2847787	712c5afecdcc88da3e2cb28a12cb36cb3aef22956709ba947930848715d05c01	1
assets/embedded-interview/图解 ADC：工作原理、架构分类与核心性能指标/img-057.jpg	2932152	8947d6fee2c64502efe0492a64231130e7d44f7c30afde38599dd8b697df3fd7	1
assets/embedded-interview/图解 ADC：工作原理、架构分类与核心性能指标/img-058.jpg	2929301	c074edf427f8667e31c3210f481ed1a0793e7cb66f62368058e57b12023f6c02	1
assets/embedded-interview/图解 ADC：工作原理、架构分类与核心性能指标/img-059.jpg	2963273	c96f4e091bcab24ed68034a2d0226064a406f5daac193b55abcb8b88fae88fba	1
assets/embedded-interview/图解 ADC：工作原理、架构分类与核心性能指标/img-060.jpg	3051742	a07ee4e2a697b751b36e5d319f33733b7b3b7a93796ef03dcc0f461604b367e7	1
assets/embedded-interview/图解 ADC：工作原理、架构分类与核心性能指标/img-061.jpg	2582269	572b781e63f6b615e249d6b56c042064c7ba9ab77491400d09543d5239cac637	1
assets/embedded-interview/图解 ADC：工作原理、架构分类与核心性能指标/img-062.jpg	2566512	5890c0f7899c63e6467f231c72bab1cc42c72bbbccf896560defa7f77c5f2bcd	1
assets/embedded-interview/图解 ADC：工作原理、架构分类与核心性能指标/img-063.jpg	2620456	5d4edba6036c3cc36d921aeab1e988d6bb0e5ae8a0abf0e148775650bdcead2b	1
assets/embedded-interview/图解 ADC：工作原理、架构分类与核心性能指标/img-064.jpg	2971247	67bb133af6a4548c61cce1c12ccd9caf6285507ac5256ba28e67ea276b4ca4df	1
assets/embedded-interview/图解 ADC：工作原理、架构分类与核心性能指标/img-065.jpg	3076195	66cb2ad531e06042206d1a0f483e442fb091186bb8421eca8955e509ed154b30	1
assets/embedded-interview/图解 ADC：工作原理、架构分类与核心性能指标/img-066.jpg	2819930	82a5111221cdeb3f52d9a6177700c850add035ab333e99347497fc7a8ecc3d9f	1
assets/embedded-interview/图解 ADC：工作原理、架构分类与核心性能指标/img-067.jpg	2957517	72a8552e08cf604b951d3dc09ef43522a66d7913afb6a60b3957acb618818fb8	1
assets/embedded-interview/图解 ADC：工作原理、架构分类与核心性能指标/img-068.jpg	2620272	97e5146fc51495564ae96a69d051aa73ea8ad60029ed9bf17380a6c2a384b83a	1
assets/embedded-interview/图解 ADC：工作原理、架构分类与核心性能指标/img-069.jpg	3081679	c7f2e50f443536275cc39669f0891f8f24234dcb4bb58ff98d7375aebafdaff1	1
assets/embedded-interview/图解 ADC：工作原理、架构分类与核心性能指标/img-070.jpg	2977233	e05a877e78ebfb6ab3bd09d3aaac5f27e3e0752ab41659ebeb835ecae4705a76	1
assets/embedded-interview/图解 ADC：工作原理、架构分类与核心性能指标/img-071.jpg	2690708	f23fffea500f1a6a19987053a767fc36d400ad3b576f0823d3c99716972f5a23	1
assets/embedded-interview/图解 ADC：工作原理、架构分类与核心性能指标/img-072.jpg	2897306	65a3dea4cc0ccff9116da8a9e5ab7e1b6101d999c157e22678052f195abc0660	1
assets/embedded-interview/图解 ADC：工作原理、架构分类与核心性能指标/img-073.jpg	3018403	48e8c9461bfb4ba4140e523dde561c219cc83246df50c604e706958583315732	1
assets/embedded-interview/图解 ADC：工作原理、架构分类与核心性能指标/img-074.jpg	2701411	08f9633476ea54016ef5d4fd507d039cd845f60e53a60bda55f5a8c6e78dbdce	1
assets/embedded-interview/图解 ADC：工作原理、架构分类与核心性能指标/img-075.jpg	2701411	08f9633476ea54016ef5d4fd507d039cd845f60e53a60bda55f5a8c6e78dbdce	1
assets/embedded-interview/图解 ADC：工作原理、架构分类与核心性能指标/img-076.jpg	2673817	968c3e643958da4e578e28ee9166166bb043f7f5338dd8d34e5b6ecdbf9a2e80	1
assets/embedded-interview/图解 TCP-IP协议，看图秒懂/img-001.gif	677474	f74b78eed66d2c7099eca686a96069da682bfcf17cc5068912ebb657fb3d5839	1
assets/embedded-interview/图解 TCP-IP协议，看图秒懂/img-002.png	2444305	02810dbb461e9bf910da728f8b722133c38ea66df268313693d72a5e5c17793b	1
assets/embedded-interview/图解 TCP-IP协议，看图秒懂/img-003.png	2693874	10c22b96e79298b6e98e82a382629af731d20ef5a3f9d0b4cbdd8d8ab02820a4	1
assets/embedded-interview/图解 TCP-IP协议，看图秒懂/img-004.png	3087372	5168048e8cd1d9a391d31ea69bf4ad7cfad6e765c8887defb321a58de1be5d60	1
assets/embedded-interview/图解 TCP-IP协议，看图秒懂/img-005.png	3014678	5c5f1781175f30cd0013cb7175a6df799a7ca766c2ef3a8d53ca5122f6fdf9ad	1
assets/embedded-interview/图解 TCP-IP协议，看图秒懂/img-006.png	2500107	c065f99d3a895206917c89c232cd7320355fb674f8e768927f7f1753ffab24af	1
assets/embedded-interview/图解 TCP-IP协议，看图秒懂/img-007.png	2726879	e104fce74836b766db1022f19586e2791c0baf604599d62e559b7c8b4b5c16be	1
assets/embedded-interview/图解 TCP-IP协议，看图秒懂/img-008.png	2828815	c17bcfa25bf5e037eb4d7870a7fbd4d86d68ab4313ce3bcfc4b37c737392cfbe	1
assets/embedded-interview/图解 TCP-IP协议，看图秒懂/img-009.png	2646469	3da30f33f7434de5afc6eafcd10eb35dfa6e123ddbc6d97ee32de401eda994d3	1
assets/embedded-interview/图解 TCP-IP协议，看图秒懂/img-010.png	2839313	3a8c2ff228f3293cc0e44fd94e9422dff1cf79553135933959e5c3d05f3956f4	1
assets/embedded-interview/图解 TCP-IP协议，看图秒懂/img-011.png	2943154	916cc3f52a2da0e0f77527066cda496cbc82b7d77e3f8f6c21a707cf3633bbb7	1
assets/embedded-interview/图解 TCP-IP协议，看图秒懂/img-012.png	3138610	a8980f835bc239f45bd210301517fd7f195f1bdc5a07407efcf418dc526b2d04	1
assets/embedded-interview/图解 TCP-IP协议，看图秒懂/img-013.png	2725693	231eca0ed75e1f2180346d32b40a4be8a6012cca35e529ecf6780c0d8072beb9	1
assets/embedded-interview/图解 TCP-IP协议，看图秒懂/img-014.png	3019506	56e71f4b44c88230e1a7f87d5388e2a6227f5a04ec776918c1aac348df2aec8d	1
assets/embedded-interview/图解 TCP-IP协议，看图秒懂/img-015.png	2997528	5a5a02fb4e6b2c3cf44839caa1d8fa19842b1afcfdb7d10191c174b1d9c11876	1
assets/embedded-interview/图解 TCP-IP协议，看图秒懂/img-016.jpg	79943	a876248e5335b788b394bea28175ce045b317f8905c00b0188a721b765d8ab61	1
assets/embedded-interview/图解 TCP-IP协议，看图秒懂/img-017.png	3118528	3ea1c9dfa0733bdd125f093489a56ac0e79bcd560db766c44376c2d6cd34e4a5	1
assets/embedded-interview/图解 TCP-IP协议，看图秒懂/img-018.png	2952361	a88158da1847138f8c88ba5acc15b6c28a0cb391c9de276201fc866b97f30906	1
assets/embedded-interview/图解 TCP-IP协议，看图秒懂/img-019.png	3057385	22672b82b7730ca9f8759d2615286be1f7b1b1b221cdcca44976ad408ae58855	1
assets/embedded-interview/图解 TCP-IP协议，看图秒懂/img-020.png	3101578	f453627ac93eae8f559f1be32d49790e7b99e18487e7f874053152d466f60680	1
assets/embedded-interview/图解 TCP-IP协议，看图秒懂/img-021.png	3078572	90c91564f0c0f0834d9950d4ff1fc3b2608c96c8b47f7af43cef0fe4bed178c3	1
assets/embedded-interview/图解 TCP-IP协议，看图秒懂/img-022.png	3068394	2b67f31bd03c4c1212db088ec35ffa9748a6b86f55ad1f3710dc330a6816a74a	1
assets/embedded-interview/图解 TCP-IP协议，看图秒懂/img-023.png	2991921	47b0b3937e72c60ac1060066b44cad6a9be71f8d52c9cb975e803707a8d3017f	1
assets/embedded-interview/图解 TCP-IP协议，看图秒懂/img-024.png	2967085	41888048a1eaf50c4960b54c6753ba8ffaa76318d2eef43297f0ab293f8c6200	1
assets/embedded-interview/图解 TCP-IP协议，看图秒懂/img-025.png	2710031	debb87a9a47db88c1f63cd3d26ee0fb78d01cd4ff6f871b8f4a8adb20f7169fd	1
assets/embedded-interview/图解 TCP-IP协议，看图秒懂/img-026.png	2994677	4bad1c36e44aef01fa82d703ff4615300be51eb8fb933515e85c6218d91043ff	1
assets/embedded-interview/图解 TCP-IP协议，看图秒懂/img-027.png	2749401	9c9affce865e3d4e304f22aa798e92d0f7570878434cff6cd486adccfb4a6d8d	1
assets/embedded-interview/图解 TCP-IP协议，看图秒懂/img-028.png	2505528	3e6679d1a92b2b8c014e48359af08ca9950c2d5306de5012729eff7ec97c29dd	1
assets/embedded-interview/图解 TCP-IP协议，看图秒懂/img-029.png	2565548	2b8307bb675e9f9570450156a3f186e72fe90f630aa01cf42d123722faf912aa	1
assets/embedded-interview/图解 TCP-IP协议，看图秒懂/img-030.png	2817196	e208457a7fbb345accf6330bde5454eb47e5c33c18637fb6d84ee4be1463ba3f	1
assets/embedded-interview/图解 TCP-IP协议，看图秒懂/img-031.png	2855286	4c319cb3f3f972f97c68e54c551f8e5e7a6e757df1f728a2219dcf8aef0ef9d1	1
assets/embedded-interview/图解 TCP-IP协议，看图秒懂/img-032.png	2805362	0d2a832150ef77d7ae920403a88b07a7383211284571242e3e2ce8803de060a8	1
assets/embedded-interview/图解 TCP-IP协议，看图秒懂/img-033.jpg	224239	d8aa1a9a369764b0ffea1bc7f158d22f511b86e9cfad20951c26f3686ae070b9	1
assets/embedded-interview/图解 UART 异步通信/img-001.jpg	2706770	6e77aae0e5413bc8acd143f2017373fedb47f0a37d58e7d7472859981e86ed25	1
assets/embedded-interview/图解 UART 异步通信/img-002.jpg	2849689	6deb477514f793be4e6c70db30bc32abfa47858a98a482edcd313ceefeabe894	1
assets/embedded-interview/图解 UART 异步通信/img-003.jpg	2952156	a9433410ffc6a68c787b6505316c616e3f0607ef27975f7215496aaa35624cda	1
assets/embedded-interview/图解 UART 异步通信/img-004.jpg	2680823	40e0c8db801ffd857d1e1e3725e234afd01c38d4ae16586a477f612a16fc2b2a	1
assets/embedded-interview/图解 UART 异步通信/img-005.jpg	2908195	5baa86b0898a9985d3525139a84f47faf5e8b5c0bc6c818d826454236e9ff27d	1
assets/embedded-interview/图解 UART 异步通信/img-006.jpg	2671792	9a1337317a32fb89d70127614901a9555313e1946c17554b3208ee19ff7dfe4a	1
assets/embedded-interview/图解 UART 异步通信/img-007.jpg	2517431	2e015471960e96f2bff8c5e25c844c130307dab503cad7871bd0447c9ff629af	1
assets/embedded-interview/图解 UART 异步通信/img-008.jpg	2600050	9c31b1954410f32d9a04e6b2a94c65bb382e95eb0ed117c073a04b1a98b5558d	1
assets/embedded-interview/图解 UART 异步通信/img-009.jpg	2609044	40c1233be1fefa1ccc12691de639758e16cff751bbf8144b94767e53991b386a	1
assets/embedded-interview/图解 UART 异步通信/img-010.jpg	2802162	b03edacddb4bca2957a4e7b76e490e1996a79e1ebdc4b2c1c3c97bfec68852fe	1
assets/embedded-interview/图解 UART 异步通信/img-011.jpg	2600019	14ca8b5cbc2c03bf2d3dbef2d2b861ea6a8e522e55066a48a1ad60a758f1ce13	1
assets/embedded-interview/图解 UART 异步通信/img-012.jpg	2728343	647d017a94656df896245d186642d8da27b8a8f2a532043c6cdec59b38582ea8	1
assets/embedded-interview/图解 UART 异步通信/img-013.jpg	2635445	e05c69b508c7ef17d3dbfc22be8a346daf732250dcf58adbee459b92d870ace5	1
assets/embedded-interview/图解 UART 异步通信/img-014.jpg	2737409	f25bc6462415118ef53ad6a14dfbaa8afed3c550f24ab3060a09a9eb775a2bb7	1
assets/embedded-interview/图解 UART 异步通信/img-015.jpg	2826771	47d96c11b413c2f6f1cd3980dda18c35864d040f9bd20c5b0c7b04168d2c16c8	1
assets/embedded-interview/图解 UART 异步通信/img-016.jpg	2877288	cf0d85cf78b3da20f13b19bb4e4cf3cabb2f080a684d394076f69fbeafc309a7	1
assets/embedded-interview/图解 UART 异步通信/img-017.jpg	2839717	a9b70d1881a9e841458dbe509c4a0f8b3778a849f4ca774cc7673a47f80ce121	1
assets/embedded-interview/图解 UART 异步通信/img-018.jpg	2918230	e9f63c548d3e2553bd903db35bbbb5ec1f2ace39012faccd8409e4e19356226c	1
assets/embedded-interview/图解 UART 异步通信/img-019.jpg	2791144	092c8a8b7c9a4e9a9b07271dd4e54a0585b0085fcd263255649cb1359012e57b	1
assets/embedded-interview/图解 UART 异步通信/img-020.jpg	2988084	08192c44ca74c2f0b43f28f40506ef5765558d92bf8eae944efc3f2089b31c11	1
assets/embedded-interview/图解 UART 异步通信/img-021.jpg	2827559	de91ad8b02c2a1d558ad7e375883233542899aa22b4a79b024aa19d4e1e14496	1
assets/embedded-interview/图解 UART 异步通信/img-022.jpg	2860883	0d238c7aecdfa7dd2909c3b60366e4c28ab4c40293ae346d8598014621d8d3c9	1
assets/embedded-interview/图解 UART 异步通信/img-023.jpg	2513542	7b3732ba418442b82f9d3506ee7b301088d79920f882e48721a59a356308b265	1
assets/embedded-interview/图解 UART 异步通信/img-024.jpg	2769768	0ade7d6ff749129f546c864eded0071702cbb6cfc47abc88b3874193fb1b9735	1
assets/embedded-interview/图解 UART 异步通信/img-025.jpg	3095124	f01e82b15f1e0ff7ed9e2a019d26e8edf21e1b0d89dc0fd25821111da93894d7	1
assets/embedded-interview/图解 UART 异步通信/img-026.jpg	3031513	43a7b40d6d419f4de794670c56d0ec34d08539513f33c18a922b790cc80e7b02	1
assets/embedded-interview/图解 UART 异步通信/img-027.jpg	3036242	ea8cbae0e0bb6d74d4e19e6d4f7b7ea00ab352df2e953388e07e10563602c780	1
assets/embedded-interview/图解 UART 异步通信/img-028.jpg	3115922	d57a8f1048035edb859333ab304a5d8f3878cbafeb8d97a2fff55aa5dc91b397	1
assets/embedded-interview/图解计算机原理- 一文看懂IO 多路复用，select、poll、epoll/img-001.png	849443	49223f3c3344c358b1023e4e65b67e0c5f42b72740a96739192150717ae8671e	1
assets/embedded-interview/图解计算机原理- 一文看懂IO 多路复用，select、poll、epoll/img-002.png	875328	3263b962a3af71276a73728363694a125a25db4d67f8e963732ee53d4d5b16fa	1
assets/embedded-interview/图解计算机原理- 一文看懂IO 多路复用，select、poll、epoll/img-003.png	793780	4b8fbe972b0ef275161e7659e5fddcf11275df309d41df99d1cd595912fbe157	1
assets/embedded-interview/图解计算机原理- 一文看懂IO 多路复用，select、poll、epoll/img-004.png	854548	852e1138c6736f60e9d39c745c552f25da678b853f31066cf910ea3d647dd7b6	1
assets/embedded-interview/图解计算机原理- 一文看懂IO 多路复用，select、poll、epoll/img-005.png	648560	5f2397b6f16bf3f6c6581415fd65deb0bc95275a60e02be2171e2bc6ded4631c	1
assets/embedded-interview/图解计算机原理- 一文看懂IO 多路复用，select、poll、epoll/img-006.png	739880	a9a3624c39b835025cf49f496033cccb1f801b3ffbdbe8c1d4a0daf2a27f91b4	1
assets/embedded-interview/图解计算机原理- 一文看懂IO 多路复用，select、poll、epoll/img-007.png	759251	963e957f1c6c4469136888281fb67c054550a74d06ee597c64d0affce7112de8	1
assets/embedded-interview/图解计算机原理- 一文看懂IO 多路复用，select、poll、epoll/img-008.png	831225	8c7f0c200542ab014c048f0933bd726c2ef781fb226f89ecabc0c1feeaca9de3	1
assets/embedded-interview/图解计算机原理- 一文看懂IO 多路复用，select、poll、epoll/img-009.png	748313	41adf7c1a452a9e2ee9bc2b52f2cb80021f02b8dba65f0b720bc74f8f4723b85	1
assets/embedded-interview/图解计算机原理- 一文看懂IO 多路复用，select、poll、epoll/img-010.png	802320	1b0d8a50a7378d047f5924520a2aa3b70734514974ab9145435cf208f9dc2923	1
assets/embedded-interview/图解计算机原理- 一文看懂IO 多路复用，select、poll、epoll/img-011.png	824610	ef3d1859f0cc58da67b1166da2cef370d235e83bfb493a193ddd5ec9cf055d7e	1
assets/embedded-interview/图解计算机原理- 一文看懂IO 多路复用，select、poll、epoll/img-012.png	786329	4e660fb902184a266fb1474f1e3a2f7f994a8428f2ae2d25d0a90a4e38cfc241	1
assets/embedded-interview/图解计算机原理- 一文看懂IO 多路复用，select、poll、epoll/img-013.png	920349	ea1fb86f38ab55dac404ab2cec71b977449124ad331353d47134ffe45bfadfc9	1
assets/embedded-interview/图解计算机原理- 一文看懂IO 多路复用，select、poll、epoll/img-014.png	840607	7e19f03fca4b538e7fb81fd3b625895b002e32a2bd7b3468637d93c424dc0b38	1
assets/embedded-interview/图解计算机原理- 一文看懂IO 多路复用，select、poll、epoll/img-015.png	921741	c2e694439b2497fba150b401de12bdb0e7316a719ded54b547eb7dcc268fb6b4	1
assets/embedded-interview/图解计算机原理- 一文看懂IO 多路复用，select、poll、epoll/img-016.png	816018	6a737d90412263192e32b47d8f1bf05d274f512c73a07ec6fa7ca263a5cea83e	1
assets/embedded-interview/嵌入式 ARM Linux 系统架构全解：一文讲透硬件、U-Boot、内核、驱动与应用/img-001.jpg	2907432	728e91eafcfce4d1c705cadb9473dcda70d0db6b55190c4672e0fe0550d2ed52	1
assets/embedded-interview/嵌入式 ARM Linux 系统架构全解：一文讲透硬件、U-Boot、内核、驱动与应用/img-002.jpg	3074908	04e920c3a90f50bb748d143b19525b8fafef132fc805cecb7068b03526ece4d8	1
assets/embedded-interview/嵌入式 ARM Linux 系统架构全解：一文讲透硬件、U-Boot、内核、驱动与应用/img-003.jpg	3055141	ed00a0767bb97183bf05d42dc459c9ce965d6fd582ed95c212d14f2d13d55683	1
assets/embedded-interview/嵌入式 ARM Linux 系统架构全解：一文讲透硬件、U-Boot、内核、驱动与应用/img-004.jpg	2626491	a8d46a3b036b5058d7c263750779d580ab44f76ff0a152be6035e1374b63c7e7	1
assets/embedded-interview/嵌入式 ARM Linux 系统架构全解：一文讲透硬件、U-Boot、内核、驱动与应用/img-005.jpg	2784148	de3c206fe9d2a44c97e33e7689f1493cb06e6f2703666c2d5e6686b0435bad77	1
assets/embedded-interview/嵌入式 ARM Linux 系统架构全解：一文讲透硬件、U-Boot、内核、驱动与应用/img-006.jpg	3014571	3ae1cf5dea709ddf0850de3b0a7b523c38201a9681dd389e9bb4443342fc6c1c	1
assets/embedded-interview/嵌入式 ARM Linux 系统架构全解：一文讲透硬件、U-Boot、内核、驱动与应用/img-007.jpg	2675494	10fce73b5c7fe588bc5c35add8849f5d30df025e4c3e2dee3c48c2b2d21c269e	1
assets/embedded-interview/嵌入式 ARM Linux 系统架构全解：一文讲透硬件、U-Boot、内核、驱动与应用/img-008.jpg	2653320	0032cb6803f0993a7811e55cea898a8b2840ca2644625235ecf76bb9522a5a9d	1
assets/embedded-interview/嵌入式 ARM Linux 系统架构全解：一文讲透硬件、U-Boot、内核、驱动与应用/img-009.jpg	2900279	858fe4bc5d905a251126eb31700f653ad7b4b48c52f656666e972f18948baab2	1
assets/embedded-interview/嵌入式 ARM Linux 系统架构全解：一文讲透硬件、U-Boot、内核、驱动与应用/img-010.jpg	2890745	05b75e56812d7513562d879adced964440d644e6492d4ee845c4779a5f764303	1
assets/embedded-interview/嵌入式 ARM Linux 系统架构全解：一文讲透硬件、U-Boot、内核、驱动与应用/img-011.jpg	2884904	509e5b16c11c3e6d972d4be1f6dfb365b516573fe8c92c75c6baa1b17aea17d2	1
assets/embedded-interview/嵌入式 ARM Linux 系统架构全解：一文讲透硬件、U-Boot、内核、驱动与应用/img-012.jpg	2813967	567ada05009ee08665aaeca8fd283f0d0c4f69ee4345d6c3a6698faed82d85ff	1
assets/embedded-interview/嵌入式 ARM Linux 系统架构全解：一文讲透硬件、U-Boot、内核、驱动与应用/img-013.jpg	2749986	5241349aad4060b09f52794469c9b8a9c47b6ba6ba197bcaf85544f8167ac753	1
assets/embedded-interview/嵌入式 ARM Linux 系统架构全解：一文讲透硬件、U-Boot、内核、驱动与应用/img-014.jpg	2604901	d93f4fba34f490b6ac32016e5202a75ae6d8a26fd236825085026daed07b0b50	1
assets/embedded-interview/嵌入式 ARM Linux 系统架构全解：一文讲透硬件、U-Boot、内核、驱动与应用/img-015.jpg	2706570	e9b6fbff2effab044662edebd652252a7f7e9c09ca6a064982778c3ff4fe970a	1
assets/embedded-interview/嵌入式 ARM Linux 系统架构全解：一文讲透硬件、U-Boot、内核、驱动与应用/img-016.jpg	2881665	bf7b42462aaf9798ca5417fe6b9dbbcb07cadbf4da39b12170352ac6620ba639	1
assets/embedded-interview/嵌入式 ARM Linux 系统架构全解：一文讲透硬件、U-Boot、内核、驱动与应用/img-017.jpg	2919247	25776c5fbb9b2d7357815a612ef7ed0d2b707b2ca7955805f6e60c15634f50b1	1
assets/embedded-interview/嵌入式 ARM Linux 系统架构全解：一文讲透硬件、U-Boot、内核、驱动与应用/img-018.jpg	2718790	9d9ae829a0ad1bf046bad782311aef6b0e478d2aadf06d9687bd66e3a4545891	1
assets/embedded-interview/嵌入式 ARM Linux 系统架构全解：一文讲透硬件、U-Boot、内核、驱动与应用/img-019.jpg	2745272	21672223f78bb7a210f1e09801d8dcdae087bd6077044c77e2f3c12e1e85f739	1
assets/embedded-interview/嵌入式 ARM Linux 系统架构全解：一文讲透硬件、U-Boot、内核、驱动与应用/img-020.jpg	2440876	f5dd9a51a6e09da49149d32aaebaa96e7bd562bad5fd834a35a437b22e535c8e	1
assets/embedded-interview/嵌入式 ARM Linux 系统架构全解：一文讲透硬件、U-Boot、内核、驱动与应用/img-021.jpg	2745418	5accb0733fbb5b387d4603d523330ab0255870d9921ec01b8e6dc5883e7bef57	1
assets/embedded-interview/嵌入式 ARM Linux 系统架构全解：一文讲透硬件、U-Boot、内核、驱动与应用/img-022.jpg	2843250	9a77165f610219ae44ad85ab14ec9a63d949b78770c34489836f5e7551c6994c	1
assets/embedded-interview/嵌入式 ARM Linux 系统架构全解：一文讲透硬件、U-Boot、内核、驱动与应用/img-023.jpg	2790797	6f78228770e9808dc28d979bee6352bae2d77fff36853e717dcca8b8d07e6a67	1
assets/embedded-interview/嵌入式 ARM Linux 系统架构全解：一文讲透硬件、U-Boot、内核、驱动与应用/img-024.jpg	2611307	489a28c8162408538be0c80aa26be75848071364270d62433db47ec6e956a2bb	1
assets/embedded-interview/嵌入式 ARM Linux 系统架构全解：一文讲透硬件、U-Boot、内核、驱动与应用/img-025.jpg	2698748	595a28866010ba9cffccafeaff4caa9e480a76155899b4451de3ab648a1b40f2	1
assets/embedded-interview/嵌入式 ARM Linux 系统架构全解：一文讲透硬件、U-Boot、内核、驱动与应用/img-026.jpg	2905990	00516cce3390f67a34f6195bf653e10d9c08ac75c1a348a51902232601b7ee41	1
assets/embedded-interview/嵌入式 ARM Linux 系统架构全解：一文讲透硬件、U-Boot、内核、驱动与应用/img-027.jpg	2803888	4d4e8f83a3999c7747d17689e669c70c4331d8e7995c06d80eca13afb2df51d0	1
assets/embedded-interview/嵌入式 ARM Linux 系统架构全解：一文讲透硬件、U-Boot、内核、驱动与应用/img-028.jpg	2685111	9f627e16db06ed24cbc310a41ebdd4ec425a8c27a2520ecb8d3ab4431b945913	1
assets/embedded-interview/嵌入式 ARM Linux 系统架构全解：一文讲透硬件、U-Boot、内核、驱动与应用/img-029.jpg	2744499	46a017bb2c36b2da1ea0d63e80c8a61bb7368b17f8eca3fe423d6549018de84f	1
assets/embedded-interview/嵌入式 ARM Linux 系统架构全解：一文讲透硬件、U-Boot、内核、驱动与应用/img-030.jpg	2511329	cc04c6b630aea9c547b243e43619d179c4be46bf1704bc2b8e73fede6a63d01f	1
assets/embedded-interview/嵌入式 ARM Linux 系统架构全解：一文讲透硬件、U-Boot、内核、驱动与应用/img-031.jpg	2761716	a289303906be81bdceb5b77cb58b9c5c60e205b1acff11853224b02bce8e4d9e	1
assets/embedded-interview/嵌入式 ARM Linux 系统架构全解：一文讲透硬件、U-Boot、内核、驱动与应用/img-032.jpg	2653435	2bbf7437d2cd1806a70c5cee55b67f39469c06ab5924a7c667b132e09f598b25	1
assets/embedded-interview/嵌入式 ARM Linux 系统架构全解：一文讲透硬件、U-Boot、内核、驱动与应用/img-033.jpg	2648072	501284ca7cce2a155645c7fa7e4ba6366f5c8a859c89e3b06c204676d79cb65c	1
assets/embedded-interview/嵌入式 ARM Linux 系统架构全解：一文讲透硬件、U-Boot、内核、驱动与应用/img-034.jpg	2872717	fe806ebc82c5aa5b23ae57186e2aef8133f42d7bac200f253aa4d24d386ff662	1
assets/embedded-interview/嵌入式 ARM Linux 系统架构全解：一文讲透硬件、U-Boot、内核、驱动与应用/img-035.jpg	2651243	68a732943d3d3015d71bed28da53dd300877eb3bca29248d96b6a7e4a9946af3	1
assets/embedded-interview/嵌入式 ARM Linux 系统架构全解：一文讲透硬件、U-Boot、内核、驱动与应用/img-036.jpg	2587510	ae7a8fb2025ad49168e124d631cd3a162c8a748cbae53bb2cfadd8295cf7da3c	1
assets/embedded-interview/嵌入式 ARM Linux 系统架构全解：一文讲透硬件、U-Boot、内核、驱动与应用/img-037.jpg	2768699	c2b1ce30ed27aca759b400b9b61fddbe484598d47b78175cba983fc630f325df	1
assets/embedded-interview/嵌入式 ARM Linux 系统架构全解：一文讲透硬件、U-Boot、内核、驱动与应用/img-038.jpg	2919970	7a2259d216a3328b77188ebaf427a0b5cf09fe0299e12d39b493cad8e41c114c	1
assets/embedded-interview/嵌入式 ARM Linux 系统架构全解：一文讲透硬件、U-Boot、内核、驱动与应用/img-039.jpg	2739047	8df943cb5c6d72a6a140c5aabe7e5ef3178ac9c9e5a6d36dd7d35b86b660415d	1
assets/embedded-interview/嵌入式 ARM Linux 系统架构全解：一文讲透硬件、U-Boot、内核、驱动与应用/img-040.jpg	2771869	3bf0ea6d0879a56cc4c3bde82b1964a75d13aca49ea754f5b9cc61944559166f	1
assets/embedded-interview/嵌入式 ARM Linux 系统架构全解：一文讲透硬件、U-Boot、内核、驱动与应用/img-041.jpg	2616425	f3f3e97f2b8dfb295a2ea5f534e9b2d8fe404aa9e6f2ac1eb647f305e4b95edd	1
assets/embedded-interview/嵌入式 ARM Linux 系统架构全解：一文讲透硬件、U-Boot、内核、驱动与应用/img-042.jpg	2783064	6ac22d144d30ff076d2f1e349dfc1b459f1c5c72201c3c9f947e0fc51c983df3	1
assets/embedded-interview/嵌入式 ARM Linux 系统架构全解：一文讲透硬件、U-Boot、内核、驱动与应用/img-043.jpg	2792746	575aaee07a15753b448ea5d46c916856890b39d5b0a8c0d9f6b4ac7dd4958750	1
assets/embedded-interview/嵌入式 ARM Linux 系统架构全解：一文讲透硬件、U-Boot、内核、驱动与应用/img-044.jpg	2859425	410c6dabe953316d344cf0d513eea2f1c170b6d18bf6394c9b57bf906e91c7b5	1
assets/embedded-interview/嵌入式 ARM Linux 系统架构全解：一文讲透硬件、U-Boot、内核、驱动与应用/img-045.jpg	2614366	09778550c9f752cb6862712a4774e2d1f24d185e92f1b74c96c2c458cba1e94d	1
assets/embedded-interview/嵌入式 ARM Linux 系统架构全解：一文讲透硬件、U-Boot、内核、驱动与应用/img-046.jpg	2809668	0457ae7ae99fe229df3f7198cc5b592a9d092c2c64ccdfb777b975d1dbba693f	1
assets/embedded-interview/嵌入式 ARM Linux 系统架构全解：一文讲透硬件、U-Boot、内核、驱动与应用/img-047.jpg	3064640	a59259efe4bd3a76970275ad453d66fdda110ecebe98f2a10216814e00bd52e0	1
assets/embedded-interview/嵌入式 ARM Linux 系统架构全解：一文讲透硬件、U-Boot、内核、驱动与应用/img-048.jpg	2837338	8195ac2025b5d74a9ae86d9141df9e7388b3b8e80890452ba1857de45d65ff00	1
assets/embedded-interview/嵌入式 ARM Linux 系统架构全解：一文讲透硬件、U-Boot、内核、驱动与应用/img-049.jpg	3323739	f0bfd578f4512054007b37b92633aecd3efd2242650575113d1349c036348723	1
assets/embedded-interview/嵌入式 STM32 时钟体系全解：从硬件底层到量产实战/img-001.jpg	2129351	53894fd583a865e9e0388749170b155cdcfe8e9f7978f3eebb30dd4caf4fe5d5	1
assets/embedded-interview/嵌入式 STM32 时钟体系全解：从硬件底层到量产实战/img-002.jpg	2607714	e84291dd4ccf3e1218534d45b4bccf90411c07a01269793f67d12dcd566c3f11	1
assets/embedded-interview/嵌入式 STM32 时钟体系全解：从硬件底层到量产实战/img-003.jpg	2724648	c55df5f21c032a32ca8f9d1ac8e35eda959ead5c9f8378406397d0df549d255e	1
assets/embedded-interview/嵌入式 STM32 时钟体系全解：从硬件底层到量产实战/img-004.jpg	6280	3a55510038673527846cf1ff392b521a9cc082958c5999e51b578655c8534b9c	1
assets/embedded-interview/嵌入式 STM32 时钟体系全解：从硬件底层到量产实战/img-005.jpg	3890	b2d51e8fe6afdd4684ba638f442e6a15c174f64ce8e5e713433bfd0a46aae12d	1
assets/embedded-interview/嵌入式 STM32 时钟体系全解：从硬件底层到量产实战/img-006.jpg	4590	2e336e38a130805b5afd4f382a450eff1a422b5025f5818806e5464e320b2fd8	1
assets/embedded-interview/嵌入式 STM32 时钟体系全解：从硬件底层到量产实战/img-007.jpg	5894	3238c10ea6a44d73fdb800503003d3ee46a9fbbaa1052e909d33183234e77f2f	1
assets/embedded-interview/嵌入式 STM32 时钟体系全解：从硬件底层到量产实战/img-008.jpg	2961921	25fe844690523492c0ec010495450ccf7392cc7bdbff8c61b25b51612b823504	1
assets/embedded-interview/嵌入式 STM32 时钟体系全解：从硬件底层到量产实战/img-009.jpg	2645256	8068316af669fbef91dabf88e1d57ab2e5f5604a36edee234b82ea4d4d794859	1
assets/embedded-interview/嵌入式 STM32 时钟体系全解：从硬件底层到量产实战/img-010.jpg	18368	5b4f05fcb4a46db8c4ed5e549499ccbfa7590a47fcfeed0d31070ee9bed080b8	1
assets/embedded-interview/嵌入式 STM32 时钟体系全解：从硬件底层到量产实战/img-011.jpg	2711712	66ca6fe6624e6fd804a27fc7c453a3c7f9e4bb0ffb0a1b58cf1ec266cbf14909	1
assets/embedded-interview/嵌入式 STM32 时钟体系全解：从硬件底层到量产实战/img-012.jpg	2817592	46640a7448f656a3721c7bd1e354311efc014c4ff93c8f14aa4f16d3215048d7	1
assets/embedded-interview/嵌入式 STM32 时钟体系全解：从硬件底层到量产实战/img-013.jpg	4251	5a3ea76e17e5a0edc2dfbcc206b36e4411050c5ed3213383c72164f18f98b496	1
assets/embedded-interview/嵌入式 STM32 时钟体系全解：从硬件底层到量产实战/img-014.jpg	3114869	11881af44e05f67889bd6c286c5adcf6697a8c32758c6776649b389ef4fb5b5e	1
assets/embedded-interview/嵌入式 STM32 时钟体系全解：从硬件底层到量产实战/img-015.jpg	5601	cd7166f9f7b896f81b4801de70c3fea1d4c9fbcdaaf371793172e031cd8163b5	1
assets/embedded-interview/嵌入式 STM32 时钟体系全解：从硬件底层到量产实战/img-016.jpg	2731539	cbdf07571069840fbb85ef005d3e2110ea6d240db49811489b836f000886958f	1
assets/embedded-interview/嵌入式 STM32 时钟体系全解：从硬件底层到量产实战/img-017.jpg	2973263	bc85e9c61c87cd1325946355ee8d76fef3f8e1b82b3f838f5c4913ff3d356ec3	1
assets/embedded-interview/嵌入式 STM32 时钟体系全解：从硬件底层到量产实战/img-018.jpg	3005699	5894b7ee52974ad6501633a680ec53d031055230ee777d99a16a5a7d38108ddf	1
assets/embedded-interview/嵌入式 STM32 时钟体系全解：从硬件底层到量产实战/img-019.jpg	2933339	ece0f6358d808cdb596de9ae6b878c58a7fb57d907e274a7e00823c2b3bd9077	1
assets/embedded-interview/嵌入式 STM32 时钟体系全解：从硬件底层到量产实战/img-020.jpg	3079453	5efc26ffc67dd62b6d6007f77960a55dacb0815467b713184c824c5d04d86113	1
assets/embedded-interview/嵌入式 STM32 时钟体系全解：从硬件底层到量产实战/img-021.jpg	2670841	65bcb96bbc60524271e86c963c78d3f8643dca8eeab05ed16d28caa249decef1	1
assets/embedded-interview/嵌入式 STM32 时钟体系全解：从硬件底层到量产实战/img-022.jpg	3579	6a07eec23e964fbf32c1a3a1fb3453cd4444278df46da38887f6a2169beec802	1
assets/embedded-interview/嵌入式 STM32 时钟体系全解：从硬件底层到量产实战/img-023.jpg	3202	74af2fa3395f14394fd6f2c9ceddab2c0c1bd8f1c4d214e599ee0551afc9f58a	1
assets/embedded-interview/嵌入式 STM32 时钟体系全解：从硬件底层到量产实战/img-024.jpg	3478	db6ed295655df99f889853acd33bbb5f0e2e3f3885e03ccd64cd9d5064f84806	1
assets/embedded-interview/嵌入式 STM32 时钟体系全解：从硬件底层到量产实战/img-025.jpg	2661598	2d4e629733bb956968ac96e4613072b1a7d63441f2774b14c1d8753e92b883fb	1
assets/embedded-interview/嵌入式 STM32 时钟体系全解：从硬件底层到量产实战/img-026.jpg	3060902	abb853a1bbbd1021b6c9a98e43f89afd118624bb769532f011b8627592f0a95a	1
assets/embedded-interview/嵌入式 STM32 时钟体系全解：从硬件底层到量产实战/img-027.jpg	2726653	d05931e3727b8f473652b4fd9faeb52a7d22e31787b3d1f4b57705f715d2aff6	1
assets/embedded-interview/嵌入式 STM32 时钟体系全解：从硬件底层到量产实战/img-028.jpg	4108	5803c14738c40bc9835fcd425393162edfc214f473854c8432a0173a6c908a6f	1
assets/embedded-interview/嵌入式 STM32 时钟体系全解：从硬件底层到量产实战/img-029.jpg	4321	0a40874447c5760510cfec93825214ef75a14c59f60030678af5c2e010684226	1
assets/embedded-interview/嵌入式 STM32 时钟体系全解：从硬件底层到量产实战/img-030.jpg	4176	b67b7652dd1a53347e0f2db73e9932711c8d9e339d22bd1e73f89369acb33d93	1
assets/embedded-interview/嵌入式 STM32 时钟体系全解：从硬件底层到量产实战/img-031.jpg	4158	67334f8a83cc6823d08661785bc9686debb810fb18be492a8a7d4207fae62852	1
assets/embedded-interview/嵌入式 STM32 时钟体系全解：从硬件底层到量产实战/img-032.jpg	4064	9dd2c6aa01c1a15fd53737c586ea15bcbcac2a1fd1214b79413c3d6b6167c70c	1
assets/embedded-interview/嵌入式 STM32 时钟体系全解：从硬件底层到量产实战/img-033.jpg	36430	6405a413bb518db1c1bbf3bb3de80fc3b286e47d3e8b148ff48f8019bcca0b43	1
assets/embedded-interview/嵌入式 STM32 时钟体系全解：从硬件底层到量产实战/img-034.jpg	2648661	4cb3123ba4ee8a0bc8dfa254128c85fd4557d57afdfbe5988222b9e78d5b6b72	1
assets/embedded-interview/嵌入式 STM32 时钟体系全解：从硬件底层到量产实战/img-035.jpg	2672796	b68505b9a691f51710d480722a9a7646f2ed9f802f150b6a66f0a6d602083c38	1
assets/embedded-interview/嵌入式 STM32 时钟体系全解：从硬件底层到量产实战/img-036.jpg	3684	f3ab37b728b7f8612782b49c091a54c2d504a25c62a8617229afcb8cda38a477	1
assets/embedded-interview/嵌入式 STM32 时钟体系全解：从硬件底层到量产实战/img-037.jpg	3811	92f16e95129c92d24e8a8340aee6ab2844de1b11c34348d190a48eb2f98f9d0a	1
assets/embedded-interview/嵌入式 STM32 时钟体系全解：从硬件底层到量产实战/img-038.jpg	4183	5cd2f1cb512f31640bbfe11906d0048c5aafd0c0fa55e41260fa1a67ca393e1a	1
assets/embedded-interview/嵌入式 STM32 时钟体系全解：从硬件底层到量产实战/img-039.jpg	4377	4220a3b20b9b57aabd66831ecfd4841f52b23f3d536c0341bd88fd6eb82a4a34	1
assets/embedded-interview/嵌入式 STM32 时钟体系全解：从硬件底层到量产实战/img-040.jpg	3064	3fb552a7dfe56cfd0024e52dc6ff6ad2afb14efe7f7f13a3ed102cb4a2e59171	1
assets/embedded-interview/嵌入式 STM32 时钟体系全解：从硬件底层到量产实战/img-041.jpg	3309	281f5caeae423d36c26041b7fc7c0d79d1f74f2340b8c17127bbed1d9a9c179a	1
assets/embedded-interview/嵌入式 STM32 时钟体系全解：从硬件底层到量产实战/img-042.jpg	4465	c6e5b3b2f494134055833698c2d55af4c89a4db78c7c6da09ba60a84cce8086e	1
assets/embedded-interview/嵌入式 STM32 时钟体系全解：从硬件底层到量产实战/img-043.jpg	5503	e52d85a76a13541b267d0e1b881fa82a4a34da3cded7d0de7b3662b3ee238207	1
assets/embedded-interview/嵌入式 STM32 时钟体系全解：从硬件底层到量产实战/img-044.jpg	3907	19682b41665b4402223d769e298076bead4cc373376366befb03517a855935a3	1
assets/embedded-interview/嵌入式 STM32 时钟体系全解：从硬件底层到量产实战/img-045.jpg	4153	fa2497fb876c6ef2c1cac06870470e9aeadc13437c072c7f5189187ee51bea4b	1
assets/embedded-interview/嵌入式 STM32 时钟体系全解：从硬件底层到量产实战/img-046.jpg	2617606	7918bd9f106bdd9aa4b0e0aabb150cb4a01b39784c34fa238618f36a5074c2b8	1
assets/embedded-interview/嵌入式 STM32 时钟体系全解：从硬件底层到量产实战/img-047.jpg	2460292	81227b9fa6ba02836acbf0f0083ae48398842acd7d6aae8c05a1909879b23256	1
assets/embedded-interview/嵌入式 STM32 时钟体系全解：从硬件底层到量产实战/img-048.jpg	2418651	2702ee2164afbedadefe068549b045abbe407ba6923210f0eb66c1eb34becf53	1
assets/embedded-interview/嵌入式 STM32 时钟体系全解：从硬件底层到量产实战/img-049.jpg	2714433	8fe0ef12e5bf0ff7424b910d47a24f504cdf68bb138dba76d4618e21a02ec568	1
assets/embedded-interview/嵌入式 STM32 时钟体系全解：从硬件底层到量产实战/img-050.jpg	2864	7c4086790f276acfd76be9d8ed863c5304477206255e1e1ddb1f7c0eb680702c	1
assets/embedded-interview/嵌入式 STM32 时钟体系全解：从硬件底层到量产实战/img-051.jpg	4913	26b9faa8da353326ef1fca76c3b4677d16254177718110a5c36f66d46dafe40b	1
assets/embedded-interview/嵌入式 STM32 时钟体系全解：从硬件底层到量产实战/img-052.jpg	2604	44ca34f3de2d7c32a479378b4bea5441514524608235e089e3beb0a5115aebb2	1
assets/embedded-interview/嵌入式 STM32 时钟体系全解：从硬件底层到量产实战/img-053.jpg	3557	19f8ab5b6a9aa04232d04b2af1c1a7cc055bad0378080f38cde45da275a0bf37	1
assets/embedded-interview/嵌入式 STM32 时钟体系全解：从硬件底层到量产实战/img-054.jpg	5307	a8f1d9d096189199545104160e2b66f25be28262791e137c2f3b43e9c04c7884	1
assets/embedded-interview/嵌入式 STM32 时钟体系全解：从硬件底层到量产实战/img-055.jpg	3876	5f08993df5044914949ea4f58517c4a485e8a1c6335e3dc6d6b6073b91fcccb6	1
assets/embedded-interview/嵌入式 STM32 时钟体系全解：从硬件底层到量产实战/img-056.jpg	28760	a3f018b41d34df7bb8b47e855e76b9bcd6275ce80401ed74e29ed1a0db3212c7	1
assets/embedded-interview/嵌入式 STM32 时钟体系全解：从硬件底层到量产实战/img-057.jpg	2888	cbe1bc32ef9446a3e171dffb6f9214a04435d0169a0babd54151839596da75fb	1
assets/embedded-interview/嵌入式 STM32 时钟体系全解：从硬件底层到量产实战/img-058.jpg	8190	864c7596d4b8bf1c11fa468475e5bb93546c39cee826c4b8e6a0ac1421022eb6	1
assets/embedded-interview/嵌入式 STM32 时钟体系全解：从硬件底层到量产实战/img-059.jpg	2561665	ae8cc9c0131b622c03c4d4d0c094152ba13d961f4f6fd11af567ddeb2e48e43d	1
assets/embedded-interview/嵌入式 STM32 时钟体系全解：从硬件底层到量产实战/img-060.jpg	2513996	2579a8da122c732943c77e7911294bbc44be72cfbbabefb7142a5612f0c5ef28	1
assets/embedded-interview/嵌入式 STM32 时钟体系全解：从硬件底层到量产实战/img-061.jpg	2428362	048d0e020744395386fddeb283f72c12f7f0da31b7992be96f46c0c19e54b3bf	1
assets/embedded-interview/嵌入式 STM32 时钟体系全解：从硬件底层到量产实战/img-062.jpg	2758500	92dab8956e61e7b10e75221ceb9b4b5cbe253cc8f6814de36f4b18f3af4cc017	1
assets/embedded-interview/嵌入式 STM32 时钟体系全解：从硬件底层到量产实战/img-063.jpg	2458394	5cc96763a941c95bb2c3e00c8b0e239927e78afd0f38f4ecc72c688cfeaa005c	1
assets/embedded-interview/嵌入式 STM32 时钟体系全解：从硬件底层到量产实战/img-064.jpg	2785096	1b7935c006c572c6a7eead28ebb483c91ef0f30a3f5dd61fa45d0f2cc91709c0	1
assets/embedded-interview/嵌入式 STM32 时钟体系全解：从硬件底层到量产实战/img-065.jpg	2566930	2a76cbd0ca8102391167755d724de92536f22436cf065c75bd146ee59fa7161c	1
assets/embedded-interview/嵌入式 STM32 时钟体系全解：从硬件底层到量产实战/img-066.jpg	10276	64f958e914da9b1ca75d40c20d59eb22e18fe1d8a35a1963a9f8339f04940368	1
assets/embedded-interview/嵌入式 STM32 时钟体系全解：从硬件底层到量产实战/img-067.jpg	7435	9b2d26258dd0a3cb9151df065b4f9d72c7926b73146c2c23afb087f5bb6a61ec	1
assets/embedded-interview/嵌入式开发，最值得精通的28个结构体/img-001.jpg	2667722	596792543688b4a3f121b39051c53393d28661c36edb1e5b6596b29e5b997cf8	1
assets/embedded-interview/嵌入式开发，最值得精通的28个结构体/img-002.jpg	2820418	f67f9edb5631ec27861e7be5d7f5a443e81439dde64aa89b6b912c86b2b387bc	1
assets/embedded-interview/嵌入式开发，最值得精通的28个结构体/img-003.jpg	2693930	5531ca4392d2c8749b0773d3f2e665c66cad8b28e67381dff9d37ff1d24bc7b6	1
assets/embedded-interview/嵌入式开发，最值得精通的28个结构体/img-004.jpg	2668803	3dfea7922a5c742e532a2d1466c2d50aaa6d2ca87d795f73011527155cfdcd44	1
assets/embedded-interview/嵌入式开发，最值得精通的28个结构体/img-005.jpg	2735800	78cdebd62d0c293b0d77fa0a8cf0a3bf04f2f98576d14175cf9cc071715c99a4	1
assets/embedded-interview/嵌入式开发，最值得精通的28个结构体/img-006.jpg	2646980	b94e0d6d7acf2ea296eaa59c96df559e78620ba2033039a95e5bc09f925da47a	1
assets/embedded-interview/嵌入式开发，最值得精通的28个结构体/img-007.jpg	2705661	3563dc4ffbbee9a49d9dec1ba3c37f1ed1925bb0a816c373f8d7a1c59269de23	1
assets/embedded-interview/嵌入式开发，最值得精通的28个结构体/img-008.jpg	2789112	b1c74c4b56f90f2fbef77c9dd429759271c5c7551ba5b217e0761927d6485cec	1
assets/embedded-interview/嵌入式开发，最值得精通的28个结构体/img-009.jpg	3001735	b036ee6778559d9990cf570a0309f212b15a92b8c7276cb4f2bfc9e92746080e	1
assets/embedded-interview/嵌入式开发，最值得精通的28个结构体/img-010.jpg	2958501	3a27e265121cb9b2e12ba471d63c67241441abc82b9da24ebcf290da9d1b7cc5	1
assets/embedded-interview/嵌入式开发，最值得精通的28个结构体/img-011.jpg	2756961	48ca2c5f14fe103edcbc45f6118e76be8b36f6d35df4576bd400bce46957cb9c	1
assets/embedded-interview/嵌入式开发，最值得精通的28个结构体/img-012.jpg	2951010	63e5fd34beec7d89e90b745e2a55b1e82f7d582080bbfbe8e6d2bfcb7769c809	1
assets/embedded-interview/嵌入式开发，最值得精通的28个结构体/img-013.jpg	2748586	86caeba1989d459d4262b524b42f11831ff84bd54762beacc53758ac3648c8c5	1
assets/embedded-interview/嵌入式开发，最值得精通的28个结构体/img-014.jpg	2897207	c352bfd4064663df4832fa969d4571ff0a4e1721f4b522822c1d6943e646c4f2	1
assets/embedded-interview/嵌入式开发，最值得精通的28个结构体/img-015.jpg	2889746	83601e126d6dca37e5479c4b15ba7bc1d8727d88493c6a89146af719f739d4ab	1
assets/embedded-interview/嵌入式开发，最值得精通的28个结构体/img-016.jpg	2464901	fbbb3ec1703d40d35234651a09f5a63af1a9f5fa954a48ec8461c4d2c343bd91	1
assets/embedded-interview/嵌入式开发，最值得精通的28个结构体/img-017.jpg	2925673	c45d5ee0e875da3891e1d2646948e785d301f192341a38acd672b7e7e7527841	1
assets/embedded-interview/嵌入式开发，最值得精通的28个结构体/img-018.jpg	2759404	4e2b182215e7e23d486b5b51cb285d85512758365ab398a972f4da753de728a1	1
assets/embedded-interview/嵌入式开发，最值得精通的28个结构体/img-019.jpg	2735999	ab19ac849e22ef97e1cc28058de771f9fc67436fb31e0543408e2ec327bccfcb	1
assets/embedded-interview/嵌入式开发，最值得精通的28个结构体/img-020.jpg	2881464	c4e0ed1e39d5ebc1376693882a2d170613097f01bdac1ad2b77e2d44cb954b25	1
assets/embedded-interview/嵌入式开发，最值得精通的28个结构体/img-021.jpg	2715263	6250810519474c4964595988822a811b2a53c9c1476cdf11c0752385c297343e	1
assets/embedded-interview/嵌入式开发，最值得精通的28个结构体/img-022.jpg	2761735	93fb636f63d765410feef2e68b0ba30315286cb6e16899f52d15f7ffc94536fd	1
assets/embedded-interview/嵌入式开发，最值得精通的28个结构体/img-023.jpg	2931888	990939ead9092242815bda2091fcc05d2c4009f416bc7f2d8ca9caafbd61be19	1
assets/embedded-interview/嵌入式开发，最值得精通的28个结构体/img-024.jpg	2813625	59199fd63f85d811446f01f260f78cb225fb1068398abf1d281b5da421a15d2e	1
assets/embedded-interview/嵌入式开发，最值得精通的28个结构体/img-025.jpg	3071326	af81929e81f5ca5ac6c2d49a33deeb4db55e0516eafad5899c9dc906eece375a	1
assets/embedded-interview/嵌入式开发，最值得精通的28个结构体/img-026.jpg	3196829	61ad73a6f0c10c12742ac23fa1310fae976bb65c01691c39fa177f1485a808f7	1
assets/embedded-interview/嵌入式开发，最值得精通的28个结构体/img-027.jpg	2663493	6a7b4f238935348d69a327acb4e565c1bcd33fbf88e713f1b55767b3564ba284	1
assets/embedded-interview/嵌入式开发，最值得精通的28个结构体/img-028.jpg	2894811	7975c35ac7ef2dd2519ff58979097977b4acf5c40c7e6fcb19ab21756291e9a2	1
assets/embedded-interview/嵌入式系统开发，必知的10个内存管理策略/img-001.jpg	2932023	fd4165cffc9d381cc62e06916bd176211c6adefb1d15ffea4f4ba8c9d072b3e0	1
assets/embedded-interview/嵌入式系统开发，必知的10个内存管理策略/img-002.jpg	2768345	0c7530a100a2ac0212129ea2c0f8be8657fd80475d1fff8afbd3aabcdea423e3	1
assets/embedded-interview/嵌入式系统开发，必知的10个内存管理策略/img-003.jpg	3010176	ad078094b35d50fb56a792b77cb077d4690c8f590325b62289e7db1714c37269	1
assets/embedded-interview/嵌入式系统开发，必知的10个内存管理策略/img-004.jpg	3050670	71485eb705b09ffaa37d67ef05d5eceb597a7169c6274ca4c61043244cd9e276	1
assets/embedded-interview/嵌入式系统开发，必知的10个内存管理策略/img-005.jpg	2994738	e0ae07f4ca07070aef1948dd8b3cca313e8d31354140aece90f8ac31bf27f4c7	1
assets/embedded-interview/嵌入式系统开发，必知的10个内存管理策略/img-006.jpg	2875840	ffa5bebe72da199fb556244d13d281dcc2405996bc8b93c0c1b5eef2c886b463	1
assets/embedded-interview/嵌入式系统开发，必知的10个内存管理策略/img-007.jpg	2882960	b4ec83f61d3ec39d957a5dc5ec8eb5cdc29a76fb4b737182ecbc067f65ec8acb	1
assets/embedded-interview/嵌入式系统开发，必知的10个内存管理策略/img-008.jpg	2779971	d3aaa6e164762e6e3358adaae35f9548e5ccb4dbe75f85b53e8d8b73e019d2e0	1
assets/embedded-interview/嵌入式系统开发，必知的10个内存管理策略/img-009.jpg	2756579	17c58139d796133dd8474fa4de4a7be1f6960ab9ee810e5971c78c31de019c40	1
assets/embedded-interview/嵌入式系统开发，必知的10个内存管理策略/img-010.jpg	2784842	bb830efd64ee02a4a6c2ba243f6f90514f3374b5b5489f749261a259b07197d8	1
assets/embedded-interview/嵌入式系统开发，必知的10个内存管理策略/img-011.jpg	2542475	a7d58c71a632b8e089ae42c0c174463cf9f7838b50850287f4132965098543c6	1
assets/embedded-interview/嵌入式系统开发，必知的10个内存管理策略/img-012.jpg	2753232	a6ec0c7b1f8ae8f05ff980ec7e749fa9eaa72ac3c6f0429d8dfa9f9e003d84fd	1
assets/embedded-interview/嵌入式系统开发，必知的10个内存管理策略/img-013.jpg	2946303	fa99105ae9ef87505a3e3009fdb00a7ddae65ddb863637e269fd2f61a2aa86c4	1
assets/embedded-interview/嵌入式系统开发，必知的10个内存管理策略/img-014.jpg	2788842	3ac0bfb86671d16d88d9915f66bf02f1fd85745541220c461cae02a7aa06b25b	1
assets/embedded-interview/嵌入式系统开发，必知的10个内存管理策略/img-015.jpg	2887780	d6a02704acdb52435af35efd96389c7af460c39eb2725f1d791281134d0f9df4	1
assets/embedded-interview/嵌入式系统开发，必知的10个内存管理策略/img-016.jpg	2919409	71277014946d489ae7d90b7bffdd9f186b9afe45b3cbc479afd6b2ef68f4948e	1
assets/embedded-interview/嵌入式系统开发，必知的10个内存管理策略/img-017.jpg	3070013	901c33ea370398312ee7f64f536741bb3ef89cf179e46c48e554fdf03e120938	1
assets/embedded-interview/嵌入式系统开发，必知的10个内存管理策略/img-018.jpg	3079478	89f8784b155bd88a7303a5eb1243a484405007633e5693952f53fac0d612a7bf	1
assets/embedded-interview/嵌入式系统开发，必知的10个内存管理策略/img-019.jpg	3043809	cb9189b50ff9ce4ca107c035229f5436a979c3d404c8d60a447d2a7f3965b798	1
assets/embedded-interview/嵌入式系统开发，必知的10个内存管理策略/img-020.jpg	2632900	55d7fddc8b75a0b0cf1424d23e36309f628d6d7d7ef93a95e39860bc84b7ea82	1
assets/embedded-interview/嵌入式系统开发，必知的10个内存管理策略/img-021.jpg	2752834	f30428187b39de915c599064ec2af5e62fed270c5a4a23c57ea74c54c57ab52b	1
assets/embedded-interview/嵌入式系统开发，必知的10个内存管理策略/img-022.jpg	2732292	97cb0f68c54b100f24fa3c3ebacf34dc4395fedbb85e4993e3f402bc4d6abe18	1
assets/embedded-interview/嵌入式系统开发，必知的10个内存管理策略/img-023.jpg	2735097	06f1a7caa9f08597a8e9febf4e1e4ca4b937188b2a09024a7778131a470ea143	1
assets/embedded-interview/嵌入式系统开发，必知的10个内存管理策略/img-024.jpg	2719031	db7f8c9bb5c34e7ceeb4f70b5a1acc5f03340b6222c282d84431dca76a86aba5	1
assets/embedded-interview/嵌入式系统开发，必知的10个内存管理策略/img-025.jpg	2876130	0818acdd2262d9cf1dd79d615a01bb9559d2b4c87faa93a84c8db848cc79d9bd	1
assets/embedded-interview/嵌入式系统开发，必知的10个内存管理策略/img-026.jpg	2681985	e258077133dca5bbd4753e55b5d23525b2b681ed2145dcf1953eeef9eab516bb	1
assets/embedded-interview/嵌入式系统开发，必知的10个内存管理策略/img-027.jpg	2964746	ce7e19245933a93a47a8fb465f5730a6562afebbbd54d3d6100aaddb86a23c00	1
assets/embedded-interview/嵌入式系统开发，必知的10个内存管理策略/img-028.jpg	2891533	25582fe1a5f90c18e1a11efc529f91a2bb65a69f68d61284d08485148bfb229b	1
assets/embedded-interview/嵌入式系统开发，必知的10个内存管理策略/img-029.jpg	2917823	213fc1fcab1e302cb97e954b14569109a3b88329764c6e09f5cf450822a9784a	1
assets/embedded-interview/嵌入式系统开发，必知的10个内存管理策略/img-030.jpg	2790948	28c5930151b4402885ad40ebe1a6707d152c19f10739404d591dfd464d192e80	1
assets/embedded-interview/嵌入式系统开发，必知的10个内存管理策略/img-031.jpg	3156202	4b110362bd2a65883deecc4a8b959a4a377b15b71d0098a51d07f711f526a533	1
assets/embedded-interview/嵌入式系统开发，必知的10个内存管理策略/img-032.jpg	3164893	9b1122f644085cdf2cbeeeab9f9aadd18f852b77f1767c808f17e21a0fbcd109	1
assets/embedded-interview/嵌入式系统开发，必知的10个内存管理策略/img-033.jpg	3330197	ba667b4a4aa92003321b7330e7e5a2332a853df05cad858d5c6818a682e17df4	1
assets/embedded-interview/嵌入式系统开发，必知的10个内存管理策略/img-034.jpg	3181327	7d540cfd97f4780f71b7961285973acc5cc5f5eb5652fbb0a305e9e14a8010d9	1
assets/embedded-interview/嵌入式系统开发，必知的10个内存管理策略/img-035.jpg	3194712	aa76fa7bc60baaecc52733bbf1fc9908bee0663ab3b22fcf01901380c51a6b87	1
assets/embedded-interview/嵌入式系统开发，必知的10个内存管理策略/img-036.jpg	3261478	4d635cd9c21b8d0ba483e553f9c6a154803b9103b9010e3a1c7060176269b769	1
assets/embedded-interview/嵌入式系统开发，必知的10个内存管理策略/img-037.jpg	3043203	2ee1a17a670ea500c41b4ac69724fbd27f0b2d29a8685bcc470e09b68935ea89	1
assets/embedded-interview/嵌入式系统开发，必知的10个内存管理策略/img-038.jpg	2821411	41ae2282f6d82a614d1441b04c4c8c2ebc6e9277887410378ad7ff940913c29f	1
assets/embedded-interview/嵌入式系统开发，必知的10个内存管理策略/img-039.jpg	2810933	248f1e9989df68c0b48fb42d4065852c007820dfa5b96853a216a6ccf43166e9	1
assets/embedded-interview/嵌入式系统开发，必知的10个内存管理策略/img-040.jpg	2743928	38976426139de0b38b71ddb7906490204ff608baca6a2b65e138323b373ed038	1
assets/embedded-interview/嵌入式系统开发，必知的10个内存管理策略/img-041.jpg	2871951	2b4ef187cee4c251454722a60e4728fa95907e577b21004f58cad69a6e446536	1
assets/embedded-interview/嵌入式系统开发，必知的10个内存管理策略/img-042.jpg	3006588	7bbd0ca00775cc251bfc848273367b654f8acade643e200bb620d88719567f27	1
assets/embedded-interview/嵌入式系统开发，必知的10个内存管理策略/img-043.jpg	2703629	3526f686096f4fe53be070c554368191d968192d1f98a98f3e3057102d01b451	1
assets/embedded-interview/嵌入式系统开发，必知的10个内存管理策略/img-044.jpg	2919158	4f451c120cfd9c85ea02eb09930ece51eacac777f23eff3b83af9c7b383a0489	1
assets/embedded-interview/嵌入式系统开发，必知的10个内存管理策略/img-045.jpg	2759050	da4cecb698ad41a6bce03b91866b955e550260333413b369dca3a52963f5c32b	1
assets/embedded-interview/嵌入式系统开发，必知的10个内存管理策略/img-046.jpg	2814797	1a387f70ec91af4b9e2af114a5d4b45b35ee070134889c177b33eae2cecc314a	1
assets/leetcode/yxc-常用代码模板1-基础算法.jpeg	1583271	1afb0f3962a278d06710dbd147bff00a8208a95eb048257d1a8a057b7a36ea4d	1
assets/leetcode/yxc-常用代码模板2-数据结构.jpeg	2569518	f57684edf57d40d59cf9b5e7c4aebcc4de930c2c9b3293182a3157fddb8f8766	1
assets/leetcode/yxc-常用代码模板3-搜索与图论.jpeg	4639290	6bd231a284a5e7ff7bde665bdbf136335a98695024cc433817726fd85f0b32a1	1
assets/leetcode/知识图谱界面参考.png	418911	406de4f7fb683be5f4185f863f588fa5c84d415b217adbfec1da1240e9a25e83	1
assets/linux-memory/Linux物理内存碎片高频面试题/bpf-map-data-flow_animated.svg	2806	b5bc413fed2dd04e7ba67869c66b5b75e6d8ca7bd29f79584697adae1c255f8e	3
assets/linux-memory/Linux物理内存碎片高频面试题/buddy-allocation-path_animated.svg	3874	0c30d8ced503cc1ed8b88b2b7dd249cc140a5d0a766881cbceaf9927e5ec112c	2
assets/linux-memory/Linux物理内存碎片高频面试题/event-state-correlation_animated.svg	2487	1776151353f4f4839c082105cbc9a7b3ac0fb1c7102dd4c82d60fc42c6810b72	2
assets/linux-memory/Linux物理内存碎片高频面试题/external-fragmentation_animated.svg	2538	dc4d9ca35836b3594989f24cc22cae3fc2a3a77954d4fd633e4c46b01cf88526	2
assets/linux-memory/Linux物理内存碎片高频面试题/fragmentation-index-logic_animated.svg	3773	ab1e669d8f7989e4ec80db25fc6189e46704dd0b992409a45ae1be14083364da	3
assets/linux-memory/Linux物理内存碎片高频面试题/project-data-flow_animated.svg	3874	3ad8ef48a00b775b63c9bbf6fdf6096da11910cc690acac0d2bea3aa298a01f2	4
assets/linux-memory/Linux物理内存碎片高频面试题/sampling-throttle_animated.svg	3319	b29189ca24585c321db9bf097ea7d47459e853e011234560ae09d00e3ed7e40c	3
assets/linux-memory/Linux物理内存碎片高频面试题/tracepoint-kprobe_animated.svg	2373	3f1df33eb4f2d026061a63431b63df53a0e37acd6456e32bcd0cbe961a40e26e	3
assets/linux-vision/Linux视觉感知处理原作者文档 1.jpeg	12451	ce62d8a448415365893e35c207da9db05bd5f1029c08b11be1e1048af9df25d7	1
assets/linux-vision/Linux视觉感知处理原作者文档 1.png	130366	d5af40a851af1f55bec7a61ee3e55db6de8cb3a23ffd5954c9ed9875560bc357	1
assets/linux-vision/Linux视觉感知处理原作者文档 10.jpeg	22850	9596555e9659706b4951e34c429f02afc9185389d8066431c8a0a56e2038532a	1
assets/linux-vision/Linux视觉感知处理原作者文档 10.png	171392	f23f2c6d2573f7d49f73822c0d8a683397dd42ebf46e502ed4f1c9a6da0710f0	1
assets/linux-vision/Linux视觉感知处理原作者文档 11.jpeg	46718	f8382f848768abb1b831f7f236d0ac64730c1f728e8101de37e978e23bed1b4f	1
assets/linux-vision/Linux视觉感知处理原作者文档 11.png	154759	5e96a889f577383396fadc4fe99d4743233014577877189a153c61025f7f1290	1
assets/linux-vision/Linux视觉感知处理原作者文档 12.jpeg	8211	08bdd2338082932544a881637a39291cb43ba5af31e77fc172c83c4aa5065c41	1
assets/linux-vision/Linux视觉感知处理原作者文档 12.png	333984	6a1cee50c3cc488377980f498c35e4d0030fe269ce4d90ab3f76ae5829fbb451	1
assets/linux-vision/Linux视觉感知处理原作者文档 13.jpeg	7279	5eca2f4d9dfc6d2b7f08fd5c4af9b977e1ab94e27e92c7d95817482de0ae33d6	1
assets/linux-vision/Linux视觉感知处理原作者文档 13.png	16706	121a85324a1ce6e7d999476b10b8dc32054e101685f793c6a50b28f0f95613bb	1
assets/linux-vision/Linux视觉感知处理原作者文档 14.jpeg	8020	33299e0e18e2a4b4048c9d5b91343387732a85404af086184910a8b29db0a31a	1
assets/linux-vision/Linux视觉感知处理原作者文档 14.png	28974	56487d192fabaa096f9e865e945ef16aa4f5e7c9f6f913c8fad151640c1da4cb	1
assets/linux-vision/Linux视觉感知处理原作者文档 15.jpeg	83620	c369bd1bb312734dcf4f28f526ffe0119571a24cf980a47d8d074ac579b22009	1
assets/linux-vision/Linux视觉感知处理原作者文档 15.png	253467	35d9135ab9d683b6f610b0c8e7d1a276b6fa03dd4b279d2e3f5ef5a069fdff19	1
assets/linux-vision/Linux视觉感知处理原作者文档 16.jpeg	38189	6731c44c5572c8a5cd32ecb0e6fe7c89654f778e06cc04ee1961f22872b1a5e8	1
assets/linux-vision/Linux视觉感知处理原作者文档 16.png	14311	df75a5eebb01d7e53df7a325376590c1075997c7faaef267a31ba6368227faf8	1
assets/linux-vision/Linux视觉感知处理原作者文档 17.png	8680	5a248fb329acfb45f1c5eba77cdb28d6c39c05aa77a7ef327a1698182c2cd967	1
assets/linux-vision/Linux视觉感知处理原作者文档 18.png	52514	4eb45176a83a48ae362a2c2c1de899d23de110454c9266c595297bce39ba393e	1
assets/linux-vision/Linux视觉感知处理原作者文档 19.png	11930	a46da11a747a0bc17e88ba1e71d2eb15a97b8b3a65599f34605593ff3450588a	1
assets/linux-vision/Linux视觉感知处理原作者文档 2.jpeg	33665	1d6115c0166aaff08a28636f02e5fdbfb7e9bd3f26ea070a0f63d44453fcf412	1
assets/linux-vision/Linux视觉感知处理原作者文档 2.png	153769	f17148e6d2c01944486bc7fc319ff05199a8d4277463c3419666644d56287c74	1
assets/linux-vision/Linux视觉感知处理原作者文档 20.png	32522	e945dbc2299a694b1e479e05c7657aa5e41237be1be8d99fa4f0493f7e1627c1	1
assets/linux-vision/Linux视觉感知处理原作者文档 21.png	70070	c67d035991045df0f4ead8c10c408417cbaa8a65bc659ff73e41b4695fc00bbe	1
assets/linux-vision/Linux视觉感知处理原作者文档 22.png	3715	270f270b926b18a3beddc2f8dd603311f20924197ae6b8000f41b0f745c496fa	1
assets/linux-vision/Linux视觉感知处理原作者文档 23.png	86021	9acbf1ea93cad6a29bf06f1e73bfaeba4759a8532e5a8fd505b12d4b98360719	1
assets/linux-vision/Linux视觉感知处理原作者文档 24.png	40612	815bde4eb38fdbe2d14743b103258b4567cf9486fe9535b73eb0edf553f8ac70	1
assets/linux-vision/Linux视觉感知处理原作者文档 25.png	40951	38c6ef5d51da47c748a6c43a6dec71db778c2b072b89b58dcf9bea83021bcc5b	1
assets/linux-vision/Linux视觉感知处理原作者文档 26.png	3687	ef0e37bc0fef25ed55ec8a9fe465d5bfee590c12ee290854cd81d121faa24e5b	1
assets/linux-vision/Linux视觉感知处理原作者文档 27.png	7787	455145b91ab318c35b012ee6acd9b241b17c0ccfc3fd7ebc89b23cba1291c11e	1
assets/linux-vision/Linux视觉感知处理原作者文档 28.png	3694	32b201997920c6265b6aeaa4545912e41922b0127bfa4f139b2a5b52aa956825	1
assets/linux-vision/Linux视觉感知处理原作者文档 29.png	95645	b0bf1eb96c50f12a178c0ef4d250a629800582c9541080f8b45c74389292b468	1
assets/linux-vision/Linux视觉感知处理原作者文档 3.jpeg	46106	f514212806b0412593515eb8e285ee3aa05c73435efff2644f52cc8753b7f0dc	1
assets/linux-vision/Linux视觉感知处理原作者文档 3.png	17966	ec83bbffe10dbfb5c5d7aba0e8750982df88a1d6e70d0c2287bb510053b0d332	1
assets/linux-vision/Linux视觉感知处理原作者文档 30.png	37335	01257e7c163032ac98d399f94292310a588c16edded4f4da038953966dc78648	1
assets/linux-vision/Linux视觉感知处理原作者文档 31.png	47668	2c244cd4fb30748e05142d1c4b99c69e0f894741bd2f3af78e8fb1944b90e1ea	1
assets/linux-vision/Linux视觉感知处理原作者文档 32.png	4446	1caa2f442ef353a71454e14cd8e4600010062d6a7803f5ee63ca28e23152d22e	1
assets/linux-vision/Linux视觉感知处理原作者文档 33.png	374504	f3b09b113b9da1ddb743e0f7e0e9f6f0a8be816cb62556f5b474c86663dcba18	1
assets/linux-vision/Linux视觉感知处理原作者文档 34.png	535777	79b6b795b440d5f068cfec16f9003e563dd3abd075e4c1820951c5b2f6f50064	1
assets/linux-vision/Linux视觉感知处理原作者文档 35.png	232077	5c08edeeea7cef104b4043d4069353d7b1614492c2a6a0aae70e8f6ac43bc262	1
assets/linux-vision/Linux视觉感知处理原作者文档 36.png	227032	204b00421b0b305e45a078790ea5f482ba0a98678e02a3a5bac55682ed470412	1
assets/linux-vision/Linux视觉感知处理原作者文档 37.png	344586	4317c015e72e01286d8a43e0967848c4691f56353e08b5d4737276e456c462a4	1
assets/linux-vision/Linux视觉感知处理原作者文档 38.png	328908	97d315439a4213459e9a2e15369ab21a6c9350ea3744b1c8baf01c0ca51a617a	1
assets/linux-vision/Linux视觉感知处理原作者文档 39.png	194469	5a69a0663cbfa75b2c705aedef28ccbf951b92477dbd87483644e3420c7e7023	1
assets/linux-vision/Linux视觉感知处理原作者文档 4.jpeg	14833	d00e09c4066742976a8b957d2b3dccc3c0fd001cf373753041ca2a84e9b76173	1
assets/linux-vision/Linux视觉感知处理原作者文档 4.png	51341	f8484c19cd42a1f316a8a913c6d0485efaf32ccdd624c97b7d1455bbd0ffb6bb	1
assets/linux-vision/Linux视觉感知处理原作者文档 40.png	164932	e2b72b3fb3428a9110a368b99028d47d9f6d81c99e217ce5615a336f19e45904	1
assets/linux-vision/Linux视觉感知处理原作者文档 41.png	336269	64c5839ce5a8b858a1a66fd1843cd2f11fc8e942f0a0367691caf14660f42082	1
assets/linux-vision/Linux视觉感知处理原作者文档 42.png	300649	3a588a7c37d200a10788b756f055ab323a2c091447aa58522f3714dd1be0dc12	1
assets/linux-vision/Linux视觉感知处理原作者文档 43.png	779962	11945ee977c5fa24de14e35399f2c026fdc401a4d3f1468e0ed306579cacd8f4	1
assets/linux-vision/Linux视觉感知处理原作者文档 44.png	13646	796726af283de7ba0c131bb42c17a08b63f2f559be97433403f0b1d2bad98c1a	1
assets/linux-vision/Linux视觉感知处理原作者文档 5.jpeg	13652	ddb39275762258a87f960b814ae4a61e02c02c3f78c97a19a2df0b932f361893	1
assets/linux-vision/Linux视觉感知处理原作者文档 5.png	94865	214d8df8836c21c584fcd6ed5fd25694812c731e31ed53807a9f5e4d2a8eeaca	1
assets/linux-vision/Linux视觉感知处理原作者文档 6.jpeg	51512	b298e669ca6de957cce220fe8db914f9d89a5ea0742e19dafb995f97f206b011	1
assets/linux-vision/Linux视觉感知处理原作者文档 6.png	70156	df3ee1645f260d41fbd0876832ebf12a0e5bc3bae66afd9f7659f2557f2ed789	1
assets/linux-vision/Linux视觉感知处理原作者文档 7.jpeg	32499	17f6c6b0cea2c03d4dadad9bf725ee861382913302ba3119ef5c049a811a1326	1
assets/linux-vision/Linux视觉感知处理原作者文档 7.png	1210958	a1f76433111fe49cecfb077a8d5d930974836a410602f35fc93f1e6656e7d667	1
assets/linux-vision/Linux视觉感知处理原作者文档 8.jpeg	30615	66273fed08eda5c89d6939a0af9b569138c90c51fed2327c1e31de2c73cf6bfc	1
assets/linux-vision/Linux视觉感知处理原作者文档 8.png	25078	2d539d6e8d191c098f0001a2236cd71dffa94c09f4bb83486753700fe9401144	1
assets/linux-vision/Linux视觉感知处理原作者文档 9.jpeg	83620	c369bd1bb312734dcf4f28f526ffe0119571a24cf980a47d8d074ac579b22009	1
assets/linux-vision/Linux视觉感知处理原作者文档 9.png	15312	0fb64223cc43d6183691fcc7f7198aa58ae6b2938ef352158c46603941d04f3c	1
assets/linux-vision/Linux视觉感知处理原作者文档.jpeg	28662	a5a5fd0d7cf43c6f68fe85fe0f8ff72813ae167fd72800c7f4c48a3a92e29625	1
assets/linux-vision/Linux视觉感知处理原作者文档.png	170759	3824b6d05ab71a6c8e27f211dcb09963a706ca5d0576ed0882697d79c904e545	1
assets/rtos/adc-conversion-principle.svg	4062	d8c65fa9d7c28a20a299cb224eb6859fe166a353e4664204cd05d9858578f3d4	1
assets/rtos/adc-init-flow.svg	4278	188d5c8e11deafb525b8b58cd1787f083907c0c74f16919393f42d57e7a40a68	1
assets/rtos/boot-vs-freertos-startup.svg	13762	0027e2479ad6348fd8047a5fde075f44986fa57d7517b3dc67d3da45c9e69d9b	2
assets/rtos/code-lifecycle-overview.svg	9439	450ad56111dadb8621a6c6edcfc192a93f4429f3c9fb592e6e042dad5623c147	1
assets/rtos/complementary-deadtime.svg	4505	35c9bb00bb952f00c4a9e09588b23d01ba449edd02daee08fffad7b2ed3c391b	1
assets/rtos/context-switch_animated.svg	4817	a96a07268a81897012a34c77832574d1149b12c8abdeac823d8b039dc304ab01	3
assets/rtos/dht11-bit-decision.svg	3427	c65b0f6a0d3d896577c0a1e5194e61372ef771caf4acb4f27bf56e5ce9abdaed	1
assets/rtos/dht11-read-flow.svg	5275	bc82e5c5dc4868e4a1df0ee6b10258a1ba629a2e0e850c06bf224d302bebf361	2
assets/rtos/dht11-timing.svg	4640	3f354937b8ee30e9ec5131f265aed7810c2f0256a7082b863cbd940aa3793b23	3
assets/rtos/encoder-pid-loop_animated.svg	5096	1a73bde67e95f5c45ed7d7c9143ba4272e3f5d3ec50a9bb3e07e50ab77f71f76	3
assets/rtos/flash-ram-layout.svg	4293	b77a9254e2f8e349b34b4797bc2c5119526a8ef6965f77177787eff8d09d7c78	3
assets/rtos/freertos-porting-steps.svg	12193	ec00446993371909d39c616c13993015073d191b398860881485c93b7bfd21e0	2
assets/rtos/freertos-startup_animated.svg	4878	39e9dde885a3face9f68ae30bea6dc7d4030f1a62eb8bb653819272c70f97b34	2
assets/rtos/gpio-key-state-machine.svg	7975	74286903c42e14af772287ce808dee84d52da0dd010c484a12049fdb8a62ab7e	2
assets/rtos/h-bridge-motor-driver.svg	12871	937298994c705a0bb0d9b65959e0d1f48871a7fcf420f17d50b0b67c57810fe4	1
assets/rtos/hbridge-circuit.svg	5275	16b8c955c275f6e1126775c038a5a9b333fb7dce50255cfaa471c8fdeb490ae2	2
assets/rtos/iap-power-recovery_animated.svg	6364	58023845ab2f4e035d2f796566db631a7548643a9f9916758cbd1468ddcb66b3	3
assets/rtos/iap-upgrade-flow.svg	6897	d613e7214521d8efa74effe60fc223df0b95655860b1aa5858cb88f16b81c00a	2
assets/rtos/isr-task-handoff_animated.svg	3751	1ec58717727d556845688f010327742c9c18426b24ed09fe22a9ddba51b60f89	3
assets/rtos/lcd-spi-display-flow.svg	4595	ff7fd791b3ed3842f3a41b7d2888733fcdf58d9d5a6595d1c28b5e8130619917	2
assets/rtos/main-startup-flow.svg	5307	f11781019d98929855ef77f58c7b5ad02f86f80ebb632dbdbcda8e8ed211b6b8	3
assets/rtos/motor-module-flow.svg	10096	0a2f882fc47507c7b1273b51d46b67e290022b797e866c0036d5cd8ed5baad60	2
assets/rtos/mq2-adc-sampling-flow.svg	6486	6f1b2fa3d9fc37306fbbb7040897e4adb2f70d87b2e7e778799c83b6cfab4bc2	3
assets/rtos/pid-closed-loop-flow.svg	6139	81b12b5fad0b4ea5182070ece1118b9697a519d2a0482bde362abc893e18166c	3
assets/rtos/pwm-wave-principle.svg	4527	b4e2f2ba565fd9b03b632600794620773c694b77aaa0d3ec7c785add6e5913ae	1
assets/rtos/runtime-task-topology.svg	11212	65cefd88c8cfa01d0902442ebcb06769f7d5565187ecd31dabe13aea92c82a7e	1
assets/rtos/speed-calc-flow.svg	6007	6d1c4361d09abba7a1dd6f808ffd39eb65aa7eb0519e6bb9b5dcab82dde08d03	2
assets/rtos/state-sharing_animated.svg	4661	f20fdcaa6990f9bd6db270d0e5c137f6a33ceb167b54a2d1d2a53ae426a2bf5d	3
assets/rtos/system-data-flow.svg	7637	762e9087528d63a7eef5d6011a5b8f2037efc8c6c32f3ae8edccd3bcd4c50217	2
assets/rtos/system-state-data-flow.svg	6762	9d93bb15faefb24b4840cf514c3597fb2f3596507ff90a4436dc492ee1aeb533	3
assets/rtos/task-cadence-timeline.svg	5439	28372d4cc781a0f6573f081278324be4ae25aa0981fb5120ec079d1022d3cb9e	1
assets/rtos/three-layer-architecture.svg	7155	be33ecf77cf89f9fff06b4471331776d5ab7107ee193b14cc26e006716419cd8	2
assets/rtos/tim1-hbridge-pwm.svg	17173	1356785c11c1756f310de6aa8ae56246d596e0d1cdc4dc5d1b3bacb76823a989	2
