{"ts":"2026-08-17T11:43:06.650Z","stage":"waiting","operation":"wait","account":"5bf3***2ad7","processed":4,"waitSeconds":11,"message":"platform API pacing wait"}
{"ts":"2026-08-17T11:43:17.832Z","stage":"waiting","operation":"wait","account":"5bf3***2ad7","processed":4,"waitSeconds":9,"message":"platform API pacing wait"}
{"ts":"2026-08-17T11:43:27.050Z","stage":"detail","operation":"detail","outcome":"success","type":"bookmark","account":"5bf3***2ad7","item":"6937***1d13","processed":4,"durationMs":20400,"message":"item detail completed"}
{"ts":"2026-08-17T11:43:27.051Z","stage":"comments","operation":"comments","outcome":"success","type":"bookmark","account":"5bf3***2ad7","item":"6937***1d13","processed":4,"durationMs":20400,"attempted":1,"succeeded":1,"failed":0,"message":"comment attachment summary"}
{"ts":"2026-08-17T11:43:27.371Z","stage":"media","operation":"media","outcome":"success","type":"bookmark","account":"5bf3***2ad7","item":"6937***1d13","processed":4,"durationMs":319,"attempted":2,"succeeded":2,"failed":0,"expectedVideo":false,"videoDownloadEnabled":false,"imageCandidates":2,"videoCandidates":0,"message":"media localization summary"}
{"ts":"2026-08-17T11:43:27.371Z","stage":"writing","operation":"vault_write","outcome":"success","type":"bookmark","account":"5bf3***2ad7","item":"6937***1d13","processed":4,"durationMs":319,"message":"vault write completed"}
{"ts":"2026-08-17T11:43:27.371Z","stage":"waiting","account":"5bf3***2ad7","processed":5,"waitSeconds":13,"message":"batch wait after 5 notes"}
{"ts":"2026-08-17T11:43:47.568Z","stage":"listing","operation":"target","outcome":"yielded","target":"bookmark","type":"bookmark","account":"5bf3***2ad7","processed":5,"attempted":5,"message":"fair sync target completed"}
{"ts":"2026-08-17T11:43:47.590Z","stage":"listing","target":"like","type":"like","account":"5bf3***2ad7","processed":5,"message":"fair sync target selected"}
{"ts":"2026-08-17T11:43:48.092Z","stage":"listing","operation":"listing","outcome":"success","target":"like","type":"like","account":"5bf3***2ad7","pages":1,"processed":5,"items":5,"requestedCursorPresent":true,"cursorPresent":true,"hasMore":true,"httpStatus":200,"responseCode":0,"responseSuccess":true,"responseDataKeys":["cursor","has_more","notes"],"responseListKey":"notes","message":"listed like page"}
{"ts":"2026-08-17T11:43:48.097Z","stage":"waiting","operation":"wait","account":"5bf3***2ad7","processed":5,"waitSeconds":9,"message":"platform API pacing wait"}
{"ts":"2026-08-17T11:43:57.886Z","stage":"waiting","operation":"wait","account":"5bf3***2ad7","processed":5,"waitSeconds":13,"message":"platform API pacing wait"}
{"ts":"2026-08-17T11:44:48.010Z","stage":"detail","operation":"detail","outcome":"success","type":"like","account":"5bf3***2ad7","item":"688c***19b4","processed":5,"durationMs":59913,"message":"item detail completed"}
{"ts":"2026-08-17T11:44:48.010Z","stage":"comments","operation":"comments","outcome":"success","type":"like","account":"5bf3***2ad7","item":"688c***19b4","processed":5,"durationMs":59913,"attempted":1,"succeeded":1,"failed":0,"message":"comment attachment summary"}
{"ts":"2026-08-17T11:44:48.012Z","stage":"waiting","operation":"wait","account":"5bf3***2ad7","processed":6,"waitSeconds":8,"message":"platform API pacing wait"}
{"ts":"2026-08-17T11:44:56.786Z","stage":"waiting","operation":"wait","account":"5bf3***2ad7","processed":6,"waitSeconds":11,"message":"platform API pacing wait"}
{"ts":"2026-08-17T11:45:09.078Z","stage":"detail","operation":"detail","outcome":"success","type":"like","account":"5bf3***2ad7","item":"6874***1a82","processed":6,"durationMs":21066,"message":"item detail completed"}
{"ts":"2026-08-17T11:45:09.079Z","stage":"comments","operation":"comments","outcome":"success","type":"like","account":"5bf3***2ad7","item":"6874***1a82","processed":6,"durationMs":21066,"attempted":1,"succeeded":1,"failed":0,"message":"comment attachment summary"}
{"ts":"2026-08-17T11:45:09.082Z","stage":"waiting","operation":"wait","account":"5bf3***2ad7","processed":7,"waitSeconds":13,"message":"platform API pacing wait"}
{"ts":"2026-08-17T11:45:47.809Z","stage":"waiting","operation":"wait","account":"5bf3***2ad7","processed":7,"waitSeconds":6,"message":"platform API pacing wait"}
{"ts":"2026-08-17T11:45:54.011Z","stage":"detail","operation":"detail","outcome":"success","type":"like","account":"5bf3***2ad7","item":"6854***9046","processed":7,"durationMs":44930,"message":"item detail completed"}
{"ts":"2026-08-17T11:45:54.012Z","stage":"comments","operation":"comments","outcome":"success","type":"like","account":"5bf3***2ad7","item":"6854***9046","processed":7,"durationMs":44930,"attempted":1,"succeeded":1,"failed":0,"message":"comment attachment summary"}
{"ts":"2026-08-17T11:45:54.015Z","stage":"waiting","operation":"wait","account":"5bf3***2ad7","processed":8,"waitSeconds":13,"message":"platform API pacing wait"}
{"ts":"2026-08-17T11:46:47.982Z","stage":"waiting","operation":"wait","account":"5bf3***2ad7","processed":8,"waitSeconds":12,"message":"platform API pacing wait"}
{"ts":"2026-08-17T11:47:00.052Z","stage":"detail","operation":"detail","outcome":"success","type":"like","account":"5bf3***2ad7","item":"688b***0a82","processed":8,"durationMs":66037,"message":"item detail completed"}
{"ts":"2026-08-17T11:47:00.054Z","stage":"comments","operation":"comments","outcome":"success","type":"like","account":"5bf3***2ad7","item":"688b***0a82","processed":8,"durationMs":66037,"attempted":1,"succeeded":1,"failed":0,"message":"comment attachment summary"}
{"ts":"2026-08-17T11:47:00.058Z","stage":"waiting","operation":"wait","account":"5bf3***2ad7","processed":9,"waitSeconds":10,"message":"platform API pacing wait"}
{"ts":"2026-08-17T11:47:09.960Z","stage":"waiting","operation":"wait","account":"5bf3***2ad7","processed":9,"waitSeconds":7,"message":"platform API pacing wait"}
{"ts":"2026-08-17T11:47:16.764Z","stage":"detail","operation":"detail","outcome":"success","type":"like","account":"5bf3***2ad7","item":"686a***eca4","processed":9,"durationMs":16706,"message":"item detail completed"}
{"ts":"2026-08-17T11:47:16.767Z","stage":"waiting","account":"5bf3***2ad7","processed":10,"waitSeconds":6,"message":"batch wait after 10 notes"}
{"ts":"2026-08-17T11:47:22.518Z","stage":"listing","operation":"target","outcome":"yielded","target":"like","type":"like","account":"5bf3***2ad7","processed":10,"attempted":5,"message":"fair sync target completed"}
{"ts":"2026-08-17T11:47:22.559Z","stage":"listing","target":"bookmark","type":"bookmark","account":"5bf3***2ad7","processed":10,"message":"fair sync target selected"}
{"ts":"2026-08-17T11:47:22.878Z","stage":"listing","operation":"listing","outcome":"success","target":"bookmark","type":"bookmark","account":"5bf3***2ad7","pages":1,"processed":10,"items":5,"requestedCursorPresent":true,"cursorPresent":true,"hasMore":true,"httpStatus":200,"responseCode":0,"responseSuccess":true,"responseDataKeys":["cursor","has_more","notes"],"responseListKey":"notes","message":"listed bookmark page"}
{"ts":"2026-08-17T11:47:22.880Z","stage":"waiting","operation":"wait","account":"5bf3***2ad7","processed":10,"waitSeconds":10,"message":"platform API pacing wait"}
{"ts":"2026-08-17T11:47:32.835Z","stage":"waiting","operation":"wait","account":"5bf3***2ad7","processed":10,"waitSeconds":13,"message":"platform API pacing wait"}
{"ts":"2026-08-17T11:47:47.865Z","stage":"detail","operation":"detail","outcome":"success","type":"bookmark","account":"5bf3***2ad7","item":"699e***90ac","processed":10,"durationMs":24985,"message":"item detail completed"}
{"ts":"2026-08-17T11:47:47.866Z","stage":"comments","operation":"comments","outcome":"success","type":"bookmark","account":"5bf3***2ad7","item":"699e***90ac","processed":10,"durationMs":24985,"attempted":1,"succeeded":1,"failed":0,"message":"comment attachment summary"}
{"ts":"2026-08-17T11:47:49.219Z","stage":"media","operation":"media","outcome":"success","type":"bookmark","account":"5bf3***2ad7","item":"699e***90ac","processed":10,"durationMs":1353,"attempted":4,"succeeded":4,"failed":0,"expectedVideo":false,"videoDownloadEnabled":false,"imageCandidates":4,"videoCandidates":0,"message":"media localization summary"}
{"ts":"2026-08-17T11:47:49.219Z","stage":"writing","operation":"vault_write","outcome":"success","type":"bookmark","account":"5bf3***2ad7","item":"699e***90ac","processed":10,"durationMs":1353,"message":"vault write completed"}
{"ts":"2026-08-17T11:47:49.220Z","stage":"waiting","operation":"wait","account":"5bf3***2ad7","processed":11,"waitSeconds":8,"message":"platform API pacing wait"}
{"ts":"2026-08-17T11:47:57.721Z","stage":"waiting","operation":"wait","account":"5bf3***2ad7","processed":11,"waitSeconds":12,"message":"platform API pacing wait"}
{"ts":"2026-08-17T11:48:09.762Z","stage":"detail","operation":"detail","outcome":"success","type":"bookmark","account":"5bf3***2ad7","item":"69a9***2012","processed":11,"durationMs":20541,"message":"item detail completed"}
{"ts":"2026-08-17T11:48:10.264Z","stage":"media","operation":"media","outcome":"success","type":"bookmark","account":"5bf3***2ad7","item":"69a9***2012","processed":11,"durationMs":501,"attempted":1,"succeeded":1,"failed":0,"expectedVideo":false,"videoDownloadEnabled":false,"imageCandidates":1,"videoCandidates":0,"message":"media localization summary"}
{"ts":"2026-08-17T11:48:10.264Z","stage":"writing","operation":"vault_write","outcome":"success","type":"bookmark","account":"5bf3***2ad7","item":"69a9***2012","processed":11,"durationMs":501,"message":"vault write completed"}
{"ts":"2026-08-17T11:48:10.265Z","stage":"waiting","operation":"wait","account":"5bf3***2ad7","processed":12,"waitSeconds":14,"message":"platform API pacing wait"}
{"ts":"2026-08-17T11:48:47.945Z","stage":"waiting","operation":"wait","account":"5bf3***2ad7","processed":12,"waitSeconds":7,"message":"platform API pacing wait"}
{"ts":"2026-08-17T11:48:55.004Z","stage":"detail","operation":"detail","outcome":"success","type":"bookmark","account":"5bf3***2ad7","item":"69a0***39be","processed":12,"durationMs":44738,"message":"item detail completed"}
{"ts":"2026-08-17T11:48:55.004Z","stage":"comments","operation":"comments","outcome":"success","type":"bookmark","account":"5bf3***2ad7","item":"69a0***39be","processed":12,"durationMs":44738,"attempted":1,"succeeded":1,"failed":0,"message":"comment attachment summary"}
{"ts":"2026-08-17T11:48:56.609Z","stage":"media","operation":"media","outcome":"success","type":"bookmark","account":"5bf3***2ad7","item":"69a0***39be","processed":12,"durationMs":1604,"attempted":9,"succeeded":9,"failed":0,"expectedVideo":false,"videoDownloadEnabled":false,"imageCandidates":9,"videoCandidates":0,"message":"media localization summary"}
{"ts":"2026-08-17T11:48:56.609Z","stage":"writing","operation":"vault_write","outcome":"success","type":"bookmark","account":"5bf3***2ad7","item":"69a0***39be","processed":12,"durationMs":1604,"message":"vault write completed"}
{"ts":"2026-08-17T11:48:56.610Z","stage":"waiting","operation":"wait","account":"5bf3***2ad7","processed":13,"waitSeconds":14,"message":"platform API pacing wait"}
{"ts":"2026-08-17T11:49:47.796Z","stage":"waiting","operation":"wait","account":"5bf3***2ad7","processed":13,"waitSeconds":14,"message":"platform API pacing wait"}
{"ts":"2026-08-17T11:50:47.973Z","stage":"detail","operation":"detail","outcome":"success","type":"bookmark","account":"5bf3***2ad7","item":"69a8***dab3","processed":13,"durationMs":111363,"message":"item detail completed"}
{"ts":"2026-08-17T11:50:47.974Z","stage":"comments","operation":"comments","outcome":"success","type":"bookmark","account":"5bf3***2ad7","item":"69a8***dab3","processed":13,"durationMs":111363,"attempted":1,"succeeded":1,"failed":0,"message":"comment attachment summary"}
{"ts":"2026-08-17T11:50:48.359Z","stage":"media","operation":"media","outcome":"success","type":"bookmark","account":"5bf3***2ad7","item":"69a8***dab3","processed":13,"durationMs":383,"attempted":1,"succeeded":1,"failed":0,"expectedVideo":false,"videoDownloadEnabled":false,"imageCandidates":1,"videoCandidates":0,"message":"media localization summary"}
{"ts":"2026-08-17T11:50:48.359Z","stage":"writing","operation":"vault_write","outcome":"success","type":"bookmark","account":"5bf3***2ad7","item":"69a8***dab3","processed":13,"durationMs":383,"message":"vault write completed"}
{"ts":"2026-08-17T11:50:48.361Z","stage":"waiting","operation":"wait","account":"5bf3***2ad7","processed":14,"waitSeconds":7,"message":"platform API pacing wait"}
{"ts":"2026-08-17T11:50:54.983Z","stage":"waiting","operation":"wait","account":"5bf3***2ad7","processed":14,"waitSeconds":12,"message":"platform API pacing wait"}
{"ts":"2026-08-17T11:51:06.947Z","stage":"waiting","operation":"wait","account":"5bf3***2ad7","processed":14,"waitSeconds":10,"message":"platform API pacing wait"}
{"ts":"2026-08-17T11:51:16.830Z","stage":"detail","operation":"detail","outcome":"success","type":"bookmark","account":"5bf3***2ad7","item":"69a7***d3e8","processed":14,"durationMs":28469,"message":"item detail completed"}
{"ts":"2026-08-17T11:51:16.831Z","stage":"comments","operation":"comments","outcome":"success","type":"bookmark","account":"5bf3***2ad7","item":"69a7***d3e8","processed":14,"durationMs":28469,"attempted":1,"succeeded":1,"failed":0,"message":"comment attachment summary"}
{"ts":"2026-08-17T11:51:18.430Z","stage":"media","operation":"media","outcome":"success","type":"bookmark","account":"5bf3***2ad7","item":"69a7***d3e8","processed":14,"durationMs":1598,"attempted":1,"succeeded":1,"failed":0,"expectedVideo":true,"videoDownloadEnabled":false,"imageCandidates":1,"videoCandidates":1,"message":"media localization summary"}
{"ts":"2026-08-17T11:51:18.430Z","stage":"writing","operation":"vault_write","outcome":"success","type":"bookmark","account":"5bf3***2ad7","item":"69a7***d3e8","processed":14,"durationMs":1598,"message":"vault write completed"}
{"ts":"2026-08-17T11:51:18.431Z","stage":"listing","operation":"target","outcome":"yielded","target":"bookmark","type":"bookmark","account":"5bf3***2ad7","processed":15,"attempted":5,"message":"fair sync target completed"}
{"ts":"2026-08-17T11:51:18.449Z","stage":"cooldown","operation":"run","outcome":"paused","pages":3,"processed":15,"stopReason":"run_limit","message":"本轮同步完成：新增 10 篇，已存在 0 篇，更新 0 篇，跳过 5 篇，本轮分配：收藏 10、点赞 5，本轮已达到 15 篇安全上限，将自动继续补齐。"}
{"ts":"2026-08-17T11:51:18.449Z","stage":"done","operation":"run","outcome":"paused","pages":3,"attempted":3,"succeeded":3,"message":"run diagnostics; listingRequests=3; indexBuilds=0; indexHits=0; indexMisses=15"}
{"ts":"2026-08-17T11:59:47.592Z","stage":"preparing","engine":"fair-sync-v3","os":"darwin","operation":"run","outcome":"start","processed":0,"message":"sync started; safety=safe-task-v2; limit=15; batch=5; wait=5-15s; cooldown=5-10m"}
{"ts":"2026-08-17T11:59:47.909Z","stage":"listing","target":"like","type":"like","account":"5bf3***2ad7","processed":0,"message":"fair sync target selected"}
{"ts":"2026-08-17T11:59:47.913Z","stage":"waiting","operation":"wait","account":"5bf3***2ad7","processed":0,"waitSeconds":15,"message":"platform API pacing wait"}
{"ts":"2026-08-17T12:00:47.976Z","stage":"listing","operation":"listing","outcome":"success","target":"like","type":"like","account":"5bf3***2ad7","pages":1,"processed":0,"items":5,"requestedCursorPresent":true,"cursorPresent":true,"hasMore":true,"httpStatus":200,"responseCode":0,"responseSuccess":true,"responseDataKeys":["notes","cursor","has_more"],"responseListKey":"notes","message":"listed like page"}
{"ts":"2026-08-17T12:00:47.985Z","stage":"waiting","operation":"wait","account":"5bf3***2ad7","processed":0,"waitSeconds":11,"message":"platform API pacing wait"}
{"ts":"2026-08-17T12:00:59.886Z","stage":"waiting","operation":"wait","account":"5bf3***2ad7","processed":0,"waitSeconds":8,"message":"platform API pacing wait"}
{"ts":"2026-08-17T12:01:08.966Z","stage":"detail","operation":"detail","outcome":"success","type":"like","account":"5bf3***2ad7","item":"6887***782d","processed":0,"durationMs":20981,"message":"item detail completed"}
{"ts":"2026-08-17T12:01:08.966Z","stage":"comments","operation":"comments","outcome":"success","type":"like","account":"5bf3***2ad7","item":"6887***782d","processed":0,"durationMs":20981,"attempted":1,"succeeded":1,"failed":0,"message":"comment attachment summary"}
{"ts":"2026-08-17T12:01:08.977Z","stage":"waiting","operation":"wait","account":"5bf3***2ad7","processed":1,"waitSeconds":11,"message":"platform API pacing wait"}
{"ts":"2026-08-17T12:01:19.813Z","stage":"waiting","operation":"wait","account":"5bf3***2ad7","processed":1,"waitSeconds":8,"message":"platform API pacing wait"}
{"ts":"2026-08-17T12:01:28.240Z","stage":"detail","operation":"detail","outcome":"success","type":"like","account":"5bf3***2ad7","item":"67cd***f145","processed":1,"durationMs":19271,"message":"item detail completed"}
{"ts":"2026-08-17T12:01:28.240Z","stage":"comments","operation":"comments","outcome":"success","type":"like","account":"5bf3***2ad7","item":"67cd***f145","processed":1,"durationMs":19271,"attempted":1,"succeeded":1,"failed":0,"message":"comment attachment summary"}
{"ts":"2026-08-17T12:01:28.242Z","stage":"waiting","operation":"wait","account":"5bf3***2ad7","processed":2,"waitSeconds":11,"message":"platform API pacing wait"}
{"ts":"2026-08-17T12:01:39.924Z","stage":"waiting","operation":"wait","account":"5bf3***2ad7","processed":2,"waitSeconds":14,"message":"platform API pacing wait"}
{"ts":"2026-08-17T12:02:48.047Z","stage":"detail","operation":"detail","outcome":"success","type":"like","account":"5bf3***2ad7","item":"6883***29af","processed":2,"durationMs":79805,"message":"item detail completed"}
{"ts":"2026-08-17T12:02:48.049Z","stage":"comments","operation":"comments","outcome":"success","type":"like","account":"5bf3***2ad7","item":"6883***29af","processed":2,"durationMs":79805,"attempted":1,"succeeded":1,"failed":0,"message":"comment attachment summary"}
{"ts":"2026-08-17T12:02:48.073Z","stage":"waiting","operation":"wait","account":"5bf3***2ad7","processed":3,"waitSeconds":10,"message":"platform API pacing wait"}
{"ts":"2026-08-17T12:02:58.984Z","stage":"waiting","operation":"wait","account":"5bf3***2ad7","processed":3,"waitSeconds":14,"message":"platform API pacing wait"}
{"ts":"2026-08-17T12:03:48.027Z","stage":"detail","operation":"detail","outcome":"success","type":"like","account":"5bf3***2ad7","item":"6881***3cf2","processed":3,"durationMs":59954,"message":"item detail completed"}
{"ts":"2026-08-17T12:03:48.027Z","stage":"comments","operation":"comments","outcome":"success","type":"like","account":"5bf3***2ad7","item":"6881***3cf2","processed":3,"durationMs":59954,"attempted":1,"succeeded":1,"failed":0,"message":"comment attachment summary"}
{"ts":"2026-08-17T12:03:48.034Z","stage":"waiting","operation":"wait","account":"5bf3***2ad7","processed":4,"waitSeconds":10,"message":"platform API pacing wait"}
{"ts":"2026-08-17T12:03:57.825Z","stage":"waiting","operation":"wait","account":"5bf3***2ad7","processed":4,"waitSeconds":9,"message":"platform API pacing wait"}
{"ts":"2026-08-17T12:04:06.842Z","stage":"detail","operation":"detail","outcome":"success","type":"like","account":"5bf3***2ad7","item":"676e***77f2","processed":4,"durationMs":18809,"message":"item detail completed"}
{"ts":"2026-08-17T12:04:06.845Z","stage":"comments","operation":"comments","outcome":"success","type":"like","account":"5bf3***2ad7","item":"676e***77f2","processed":4,"durationMs":18809,"attempted":1,"succeeded":1,"failed":0,"message":"comment attachment summary"}
{"ts":"2026-08-17T12:04:06.847Z","stage":"waiting","account":"5bf3***2ad7","processed":5,"waitSeconds":15,"message":"batch wait after 5 notes"}
{"ts":"2026-08-17T12:04:47.608Z","stage":"listing","operation":"target","outcome":"yielded","target":"like","type":"like","account":"5bf3***2ad7","processed":5,"attempted":5,"message":"fair sync target completed"}
{"ts":"2026-08-17T12:04:47.626Z","stage":"listing","target":"bookmark","type":"bookmark","account":"5bf3***2ad7","processed":5,"message":"fair sync target selected"}
{"ts":"2026-08-17T12:04:48.086Z","stage":"listing","operation":"listing","outcome":"success","target":"bookmark","type":"bookmark","account":"5bf3***2ad7","pages":1,"processed":5,"items":5,"requestedCursorPresent":true,"cursorPresent":true,"hasMore":true,"httpStatus":200,"responseCode":0,"responseSuccess":true,"responseDataKeys":["has_more","notes","cursor"],"responseListKey":"notes","message":"listed bookmark page"}
{"ts":"2026-08-17T12:04:48.123Z","stage":"waiting","operation":"wait","account":"5bf3***2ad7","processed":5,"waitSeconds":14,"message":"platform API pacing wait"}
{"ts":"2026-08-17T12:05:47.978Z","stage":"waiting","operation":"wait","account":"5bf3***2ad7","processed":5,"waitSeconds":10,"message":"platform API pacing wait"}
{"ts":"2026-08-17T12:05:58.932Z","stage":"detail","operation":"detail","outcome":"success","type":"bookmark","account":"5bf3***2ad7","item":"699f***d186","processed":5,"durationMs":70809,"message":"item detail completed"}
{"ts":"2026-08-17T12:05:58.934Z","stage":"comments","operation":"comments","outcome":"success","type":"bookmark","account":"5bf3***2ad7","item":"699f***d186","processed":5,"durationMs":70809,"attempted":1,"succeeded":1,"failed":0,"message":"comment attachment summary"}
{"ts":"2026-08-17T12:05:59.825Z","stage":"media","operation":"media","outcome":"success","type":"bookmark","account":"5bf3***2ad7","item":"699f***d186","processed":5,"durationMs":886,"attempted":1,"succeeded":1,"failed":0,"expectedVideo":false,"videoDownloadEnabled":false,"imageCandidates":1,"videoCandidates":0,"message":"media localization summary"}
{"ts":"2026-08-17T12:05:59.825Z","stage":"writing","operation":"vault_write","outcome":"success","type":"bookmark","account":"5bf3***2ad7","item":"699f***d186","processed":5,"durationMs":887,"message":"vault write completed"}
{"ts":"2026-08-17T12:05:59.826Z","stage":"waiting","operation":"wait","account":"5bf3***2ad7","processed":6,"waitSeconds":11,"message":"platform API pacing wait"}
{"ts":"2026-08-17T12:06:10.831Z","stage":"waiting","operation":"wait","account":"5bf3***2ad7","processed":6,"waitSeconds":14,"message":"platform API pacing wait"}
{"ts":"2026-08-17T12:06:48.016Z","stage":"detail","operation":"detail","outcome":"success","type":"bookmark","account":"5bf3***2ad7","item":"69a6***62b8","processed":6,"durationMs":48189,"message":"item detail completed"}
{"ts":"2026-08-17T12:06:48.016Z","stage":"comments","operation":"comments","outcome":"success","type":"bookmark","account":"5bf3***2ad7","item":"69a6***62b8","processed":6,"durationMs":48189,"attempted":1,"succeeded":1,"failed":0,"message":"comment attachment summary"}
{"ts":"2026-08-17T12:06:48.406Z","stage":"media","operation":"media","outcome":"success","type":"bookmark","account":"5bf3***2ad7","item":"69a6***62b8","processed":6,"durationMs":388,"attempted":1,"succeeded":1,"failed":0,"expectedVideo":false,"videoDownloadEnabled":false,"imageCandidates":1,"videoCandidates":0,"message":"media localization summary"}
{"ts":"2026-08-17T12:06:48.406Z","stage":"writing","operation":"vault_write","outcome":"success","type":"bookmark","account":"5bf3***2ad7","item":"69a6***62b8","processed":6,"durationMs":388,"message":"vault write completed"}
{"ts":"2026-08-17T12:06:48.411Z","stage":"waiting","operation":"wait","account":"5bf3***2ad7","processed":7,"waitSeconds":14,"message":"platform API pacing wait"}
{"ts":"2026-08-17T12:07:47.915Z","stage":"waiting","operation":"wait","account":"5bf3***2ad7","processed":7,"waitSeconds":15,"message":"platform API pacing wait"}
{"ts":"2026-08-17T12:08:48.063Z","stage":"detail","operation":"detail","outcome":"success","type":"bookmark","account":"5bf3***2ad7","item":"67bd***9192","processed":7,"durationMs":119654,"message":"item detail completed"}
{"ts":"2026-08-17T12:08:48.063Z","stage":"comments","operation":"comments","outcome":"success","type":"bookmark","account":"5bf3***2ad7","item":"67bd***9192","processed":7,"durationMs":119654,"attempted":1,"succeeded":1,"failed":0,"message":"comment attachment summary"}
{"ts":"2026-08-17T12:08:48.068Z","stage":"waiting","operation":"wait","account":"5bf3***2ad7","processed":8,"waitSeconds":11,"message":"platform API pacing wait"}
{"ts":"2026-08-17T12:08:58.852Z","stage":"waiting","operation":"wait","account":"5bf3***2ad7","processed":8,"waitSeconds":12,"message":"platform API pacing wait"}
{"ts":"2026-08-17T12:09:10.952Z","stage":"detail","operation":"detail","outcome":"success","type":"bookmark","account":"5bf3***2ad7","item":"6748***f98e","processed":8,"durationMs":22885,"message":"item detail completed"}
{"ts":"2026-08-17T12:09:10.953Z","stage":"comments","operation":"comments","outcome":"success","type":"bookmark","account":"5bf3***2ad7","item":"6748***f98e","processed":8,"durationMs":22885,"attempted":1,"succeeded":1,"failed":0,"message":"comment attachment summary"}
{"ts":"2026-08-17T12:09:10.960Z","stage":"waiting","operation":"wait","account":"5bf3***2ad7","processed":9,"waitSeconds":12,"message":"platform API pacing wait"}
{"ts":"2026-08-17T12:09:47.900Z","stage":"waiting","operation":"wait","account":"5bf3***2ad7","processed":9,"waitSeconds":10,"message":"platform API pacing wait"}
{"ts":"2026-08-17T12:09:58.165Z","stage":"detail","operation":"detail","outcome":"success","type":"bookmark","account":"5bf3***2ad7","item":"6998***878f","processed":9,"durationMs":47205,"message":"item detail completed"}
{"ts":"2026-08-17T12:09:58.166Z","stage":"comments","operation":"comments","outcome":"success","type":"bookmark","account":"5bf3***2ad7","item":"6998***878f","processed":9,"durationMs":47205,"attempted":1,"succeeded":1,"failed":0,"message":"comment attachment summary"}
{"ts":"2026-08-17T12:09:58.741Z","stage":"media","operation":"media","outcome":"success","type":"bookmark","account":"5bf3***2ad7","item":"6998***878f","processed":9,"durationMs":574,"attempted":2,"succeeded":2,"failed":0,"expectedVideo":false,"videoDownloadEnabled":false,"imageCandidates":2,"videoCandidates":0,"message":"media localization summary"}
{"ts":"2026-08-17T12:09:58.741Z","stage":"writing","operation":"vault_write","outcome":"success","type":"bookmark","account":"5bf3***2ad7","item":"6998***878f","processed":9,"durationMs":574,"message":"vault write completed"}
{"ts":"2026-08-17T12:09:58.741Z","stage":"waiting","account":"5bf3***2ad7","processed":10,"waitSeconds":15,"message":"batch wait after 10 notes"}
{"ts":"2026-08-17T12:10:47.583Z","stage":"listing","operation":"target","outcome":"yielded","target":"bookmark","type":"bookmark","account":"5bf3***2ad7","processed":10,"attempted":5,"message":"fair sync target completed"}
{"ts":"2026-08-17T12:10:47.618Z","stage":"listing","target":"like","type":"like","account":"5bf3***2ad7","processed":10,"message":"fair sync target selected"}
{"ts":"2026-08-17T12:10:47.951Z","stage":"listing","operation":"listing","outcome":"success","target":"like","type":"like","account":"5bf3***2ad7","pages":1,"processed":10,"items":5,"requestedCursorPresent":true,"cursorPresent":true,"hasMore":true,"httpStatus":200,"responseCode":0,"responseSuccess":true,"responseDataKeys":["notes","cursor","has_more"],"responseListKey":"notes","message":"listed like page"}
{"ts":"2026-08-17T12:10:47.953Z","stage":"waiting","operation":"wait","account":"5bf3***2ad7","processed":10,"waitSeconds":10,"message":"platform API pacing wait"}
{"ts":"2026-08-17T12:10:57.809Z","stage":"waiting","operation":"wait","account":"5bf3***2ad7","processed":10,"waitSeconds":7,"message":"platform API pacing wait"}
{"ts":"2026-08-17T12:11:04.837Z","stage":"detail","operation":"detail","outcome":"success","type":"like","account":"5bf3***2ad7","item":"6880***3dbb","processed":10,"durationMs":16884,"message":"item detail completed"}
{"ts":"2026-08-17T12:11:04.837Z","stage":"comments","operation":"comments","outcome":"success","type":"like","account":"5bf3***2ad7","item":"6880***3dbb","processed":10,"durationMs":16884,"attempted":1,"succeeded":1,"failed":0,"message":"comment attachment summary"}
{"ts":"2026-08-17T12:11:04.841Z","stage":"waiting","operation":"wait","account":"5bf3***2ad7","processed":11,"waitSeconds":9,"message":"platform API pacing wait"}
{"ts":"2026-08-17T12:11:13.926Z","stage":"waiting","operation":"wait","account":"5bf3***2ad7","processed":11,"waitSeconds":11,"message":"platform API pacing wait"}
{"ts":"2026-08-17T12:11:26.053Z","stage":"detail","operation":"detail","outcome":"success","type":"like","account":"5bf3***2ad7","item":"6657***32a7","processed":11,"durationMs":21212,"message":"item detail completed"}
{"ts":"2026-08-17T12:11:26.054Z","stage":"comments","operation":"comments","outcome":"success","type":"like","account":"5bf3***2ad7","item":"6657***32a7","processed":11,"durationMs":21212,"attempted":1,"succeeded":1,"failed":0,"message":"comment attachment summary"}
{"ts":"2026-08-17T12:11:26.056Z","stage":"waiting","operation":"wait","account":"5bf3***2ad7","processed":12,"waitSeconds":13,"message":"platform API pacing wait"}
{"ts":"2026-08-17T12:11:47.966Z","stage":"waiting","operation":"wait","account":"5bf3***2ad7","processed":12,"waitSeconds":10,"message":"platform API pacing wait"}
{"ts":"2026-08-17T12:11:58.120Z","stage":"detail","operation":"detail","outcome":"success","type":"like","account":"5bf3***2ad7","item":"67c5***589b","processed":12,"durationMs":32064,"message":"item detail completed"}
{"ts":"2026-08-17T12:11:58.121Z","stage":"comments","operation":"comments","outcome":"success","type":"like","account":"5bf3***2ad7","item":"67c5***589b","processed":12,"durationMs":32064,"attempted":1,"succeeded":1,"failed":0,"message":"comment attachment summary"}
{"ts":"2026-08-17T12:11:58.125Z","stage":"waiting","operation":"wait","account":"5bf3***2ad7","processed":13,"waitSeconds":10,"message":"platform API pacing wait"}
{"ts":"2026-08-17T12:12:07.937Z","stage":"waiting","operation":"wait","account":"5bf3***2ad7","processed":13,"waitSeconds":12,"message":"platform API pacing wait"}
{"ts":"2026-08-17T12:12:20.091Z","stage":"detail","operation":"detail","outcome":"success","type":"like","account":"5bf3***2ad7","item":"677d***ff3e","processed":13,"durationMs":21966,"message":"item detail completed"}
{"ts":"2026-08-17T12:12:20.092Z","stage":"comments","operation":"comments","outcome":"success","type":"like","account":"5bf3***2ad7","item":"677d***ff3e","processed":13,"durationMs":21966,"attempted":1,"succeeded":1,"failed":0,"message":"comment attachment summary"}
{"ts":"2026-08-17T12:12:20.095Z","stage":"waiting","operation":"wait","account":"5bf3***2ad7","processed":14,"waitSeconds":15,"message":"platform API pacing wait"}
{"ts":"2026-08-17T12:12:47.963Z","stage":"waiting","operation":"wait","account":"5bf3***2ad7","processed":14,"waitSeconds":10,"message":"platform API pacing wait"}
{"ts":"2026-08-17T12:12:57.923Z","stage":"detail","operation":"detail","outcome":"success","type":"like","account":"5bf3***2ad7","item":"6859***25b5","processed":14,"durationMs":37828,"message":"item detail completed"}
{"ts":"2026-08-17T12:12:57.923Z","stage":"comments","operation":"comments","outcome":"success","type":"like","account":"5bf3***2ad7","item":"6859***25b5","processed":14,"durationMs":37828,"attempted":1,"succeeded":1,"failed":0,"message":"comment attachment summary"}
{"ts":"2026-08-17T12:12:57.925Z","stage":"listing","operation":"target","outcome":"yielded","target":"like","type":"like","account":"5bf3***2ad7","processed":15,"attempted":5,"message":"fair sync target completed"}
{"ts":"2026-08-17T12:12:57.946Z","stage":"cooldown","operation":"run","outcome":"paused","pages":3,"processed":15,"stopReason":"run_limit","message":"本轮同步完成：新增 3 篇，已存在 0 篇，更新 0 篇，跳过 12 篇，本轮分配：点赞 10、收藏 5，本轮已达到 15 篇安全上限，将自动继续补齐。"}
{"ts":"2026-08-17T12:12:57.947Z","stage":"done","operation":"run","outcome":"paused","pages":3,"attempted":3,"succeeded":3,"message":"run diagnostics; listingRequests=3; indexBuilds=0; indexHits=0; indexMisses=15"}
{"ts":"2026-08-17T12:19:47.581Z","stage":"preparing","engine":"fair-sync-v3","os":"darwin","operation":"run","outcome":"start","processed":0,"message":"sync started; safety=safe-task-v2; limit=15; batch=5; wait=5-15s; cooldown=5-10m"}
{"ts":"2026-08-17T12:19:47.769Z","stage":"listing","target":"bookmark","type":"bookmark","account":"5bf3***2ad7","processed":0,"message":"fair sync target selected"}
{"ts":"2026-08-17T12:19:47.772Z","stage":"waiting","operation":"wait","account":"5bf3***2ad7","processed":0,"waitSeconds":14,"message":"platform API pacing wait"}
{"ts":"2026-08-17T12:20:47.987Z","stage":"listing","operation":"listing","outcome":"success","target":"bookmark","type":"bookmark","account":"5bf3***2ad7","pages":1,"processed":0,"items":5,"requestedCursorPresent":true,"cursorPresent":true,"hasMore":true,"httpStatus":200,"responseCode":0,"responseSuccess":true,"responseDataKeys":["cursor","has_more","notes"],"responseListKey":"notes","message":"listed bookmark page"}
{"ts":"2026-08-17T12:20:47.992Z","stage":"waiting","operation":"wait","account":"5bf3***2ad7","processed":0,"waitSeconds":14,"message":"platform API pacing wait"}
{"ts":"2026-08-17T12:21:47.917Z","stage":"waiting","operation":"wait","account":"5bf3***2ad7","processed":0,"waitSeconds":6,"message":"platform API pacing wait"}
{"ts":"2026-08-17T12:21:54.857Z","stage":"detail","operation":"detail","outcome":"success","type":"bookmark","account":"5bf3***2ad7","item":"69a3***560c","processed":0,"durationMs":66866,"message":"item detail completed"}
{"ts":"2026-08-17T12:21:54.857Z","stage":"comments","operation":"comments","outcome":"success","type":"bookmark","account":"5bf3***2ad7","item":"69a3***560c","processed":0,"durationMs":66866,"attempted":1,"succeeded":1,"failed":0,"message":"comment attachment summary"}
{"ts":"2026-08-17T12:21:55.277Z","stage":"media","operation":"media","outcome":"success","type":"bookmark","account":"5bf3***2ad7","item":"69a3***560c","processed":0,"durationMs":419,"attempted":1,"succeeded":1,"failed":0,"expectedVideo":false,"videoDownloadEnabled":false,"imageCandidates":1,"videoCandidates":0,"message":"media localization summary"}
{"ts":"2026-08-17T12:21:55.277Z","stage":"writing","operation":"vault_write","outcome":"success","type":"bookmark","account":"5bf3***2ad7","item":"69a3***560c","processed":0,"durationMs":419,"message":"vault write completed"}
{"ts":"2026-08-17T12:21:55.278Z","stage":"waiting","operation":"wait","account":"5bf3***2ad7","processed":1,"waitSeconds":8,"message":"platform API pacing wait"}
{"ts":"2026-08-17T12:22:03.769Z","stage":"waiting","operation":"wait","account":"5bf3***2ad7","processed":1,"waitSeconds":14,"message":"platform API pacing wait"}
{"ts":"2026-08-17T12:22:48.189Z","stage":"detail","operation":"detail","outcome":"success","type":"bookmark","account":"5bf3***2ad7","item":"699e***f204","processed":1,"durationMs":52910,"message":"item detail completed"}
{"ts":"2026-08-17T12:22:48.191Z","stage":"comments","operation":"comments","outcome":"success","type":"bookmark","account":"5bf3***2ad7","item":"699e***f204","processed":1,"durationMs":52910,"attempted":1,"succeeded":1,"failed":0,"message":"comment attachment summary"}
{"ts":"2026-08-17T12:22:51.817Z","stage":"media","operation":"media","outcome":"success","type":"bookmark","account":"5bf3***2ad7","item":"699e***f204","processed":1,"durationMs":3623,"attempted":8,"succeeded":8,"failed":0,"expectedVideo":false,"videoDownloadEnabled":false,"imageCandidates":8,"videoCandidates":0,"message":"media localization summary"}
{"ts":"2026-08-17T12:22:51.817Z","stage":"writing","operation":"vault_write","outcome":"success","type":"bookmark","account":"5bf3***2ad7","item":"699e***f204","processed":1,"durationMs":3623,"message":"vault write completed"}
{"ts":"2026-08-17T12:22:51.820Z","stage":"waiting","operation":"wait","account":"5bf3***2ad7","processed":2,"waitSeconds":7,"message":"platform API pacing wait"}
{"ts":"2026-08-17T12:22:58.762Z","stage":"waiting","operation":"wait","account":"5bf3***2ad7","processed":2,"waitSeconds":7,"message":"platform API pacing wait"}
{"ts":"2026-08-17T12:23:06.960Z","stage":"detail","operation":"detail","outcome":"success","type":"bookmark","account":"5bf3***2ad7","item":"699f***aa07","processed":2,"durationMs":15140,"message":"item detail completed"}
{"ts":"2026-08-17T12:23:06.961Z","stage":"comments","operation":"comments","outcome":"success","type":"bookmark","account":"5bf3***2ad7","item":"699f***aa07","processed":2,"durationMs":15140,"attempted":1,"succeeded":1,"failed":0,"message":"comment attachment summary"}
{"ts":"2026-08-17T12:23:08.150Z","stage":"media","operation":"media","outcome":"success","type":"bookmark","account":"5bf3***2ad7","item":"699f***aa07","processed":2,"durationMs":1188,"attempted":3,"succeeded":3,"failed":0,"expectedVideo":false,"videoDownloadEnabled":false,"imageCandidates":3,"videoCandidates":0,"message":"media localization summary"}
{"ts":"2026-08-17T12:23:08.150Z","stage":"writing","operation":"vault_write","outcome":"success","type":"bookmark","account":"5bf3***2ad7","item":"699f***aa07","processed":2,"durationMs":1188,"message":"vault write completed"}
{"ts":"2026-08-17T12:23:08.151Z","stage":"waiting","operation":"wait","account":"5bf3***2ad7","processed":3,"waitSeconds":11,"message":"platform API pacing wait"}
{"ts":"2026-08-17T12:23:19.768Z","stage":"waiting","operation":"wait","account":"5bf3***2ad7","processed":3,"waitSeconds":10,"message":"platform API pacing wait"}
{"ts":"2026-08-17T12:23:29.887Z","stage":"detail","operation":"detail","outcome":"success","type":"bookmark","account":"5bf3***2ad7","item":"699d***12ea","processed":3,"durationMs":21734,"message":"item detail completed"}
{"ts":"2026-08-17T12:23:29.888Z","stage":"comments","operation":"comments","outcome":"success","type":"bookmark","account":"5bf3***2ad7","item":"699d***12ea","processed":3,"durationMs":21734,"attempted":1,"succeeded":1,"failed":0,"message":"comment attachment summary"}
{"ts":"2026-08-17T12:23:30.483Z","stage":"media","operation":"media","outcome":"success","type":"bookmark","account":"5bf3***2ad7","item":"699d***12ea","processed":3,"durationMs":592,"attempted":1,"succeeded":1,"failed":0,"expectedVideo":false,"videoDownloadEnabled":false,"imageCandidates":1,"videoCandidates":0,"message":"media localization summary"}
{"ts":"2026-08-17T12:23:30.483Z","stage":"writing","operation":"vault_write","outcome":"success","type":"bookmark","account":"5bf3***2ad7","item":"699d***12ea","processed":3,"durationMs":593,"message":"vault write completed"}
{"ts":"2026-08-17T12:23:30.484Z","stage":"waiting","operation":"wait","account":"5bf3***2ad7","processed":4,"waitSeconds":7,"message":"platform API pacing wait"}
{"ts":"2026-08-17T12:23:37.863Z","stage":"waiting","operation":"wait","account":"5bf3***2ad7","processed":4,"waitSeconds":15,"message":"platform API pacing wait"}
{"ts":"2026-08-17T12:24:47.993Z","stage":"detail","operation":"detail","outcome":"success","type":"bookmark","account":"5bf3***2ad7","item":"6830***a6e4","processed":4,"durationMs":77509,"message":"item detail completed"}
{"ts":"2026-08-17T12:24:47.994Z","stage":"comments","operation":"comments","outcome":"success","type":"bookmark","account":"5bf3***2ad7","item":"6830***a6e4","processed":4,"durationMs":77509,"attempted":1,"succeeded":1,"failed":0,"message":"comment attachment summary"}
{"ts":"2026-08-17T12:24:47.996Z","stage":"waiting","account":"5bf3***2ad7","processed":5,"waitSeconds":11,"message":"batch wait after 5 notes"}
{"ts":"2026-08-17T12:24:58.528Z","stage":"listing","operation":"target","outcome":"yielded","target":"bookmark","type":"bookmark","account":"5bf3***2ad7","processed":5,"attempted":5,"message":"fair sync target completed"}
{"ts":"2026-08-17T12:24:58.541Z","stage":"listing","target":"like","type":"like","account":"5bf3***2ad7","processed":5,"message":"fair sync target selected"}
{"ts":"2026-08-17T12:24:58.755Z","stage":"listing","operation":"listing","outcome":"success","target":"like","type":"like","account":"5bf3***2ad7","pages":1,"processed":5,"items":5,"requestedCursorPresent":true,"cursorPresent":true,"hasMore":true,"httpStatus":200,"responseCode":0,"responseSuccess":true,"responseDataKeys":["cursor","has_more","notes"],"responseListKey":"notes","message":"listed like page"}
{"ts":"2026-08-17T12:24:58.760Z","stage":"waiting","operation":"wait","account":"5bf3***2ad7","processed":5,"waitSeconds":10,"message":"platform API pacing wait"}
{"ts":"2026-08-17T12:25:08.765Z","stage":"waiting","operation":"wait","account":"5bf3***2ad7","processed":5,"waitSeconds":11,"message":"platform API pacing wait"}
{"ts":"2026-08-17T12:25:19.942Z","stage":"detail","operation":"detail","outcome":"success","type":"like","account":"5bf3***2ad7","item":"683c***25e4","processed":5,"durationMs":21183,"message":"item detail completed"}
{"ts":"2026-08-17T12:25:19.943Z","stage":"comments","operation":"comments","outcome":"success","type":"like","account":"5bf3***2ad7","item":"683c***25e4","processed":5,"durationMs":21183,"attempted":1,"succeeded":1,"failed":0,"message":"comment attachment summary"}
{"ts":"2026-08-17T12:25:19.948Z","stage":"waiting","operation":"wait","account":"5bf3***2ad7","processed":6,"waitSeconds":6,"message":"platform API pacing wait"}
{"ts":"2026-08-17T12:25:26.762Z","stage":"waiting","operation":"wait","account":"5bf3***2ad7","processed":6,"waitSeconds":6,"message":"platform API pacing wait"}
{"ts":"2026-08-17T12:25:33.825Z","stage":"detail","operation":"detail","outcome":"success","type":"like","account":"5bf3***2ad7","item":"687d***b7b9","processed":6,"durationMs":13878,"message":"item detail completed"}
{"ts":"2026-08-17T12:25:33.827Z","stage":"comments","operation":"comments","outcome":"success","type":"like","account":"5bf3***2ad7","item":"687d***b7b9","processed":6,"durationMs":13878,"attempted":1,"succeeded":1,"failed":0,"message":"comment attachment summary"}
{"ts":"2026-08-17T12:25:33.831Z","stage":"waiting","operation":"wait","account":"5bf3***2ad7","processed":7,"waitSeconds":13,"message":"platform API pacing wait"}
{"ts":"2026-08-17T12:25:47.870Z","stage":"waiting","operation":"wait","account":"5bf3***2ad7","processed":7,"waitSeconds":12,"message":"platform API pacing wait"}
{"ts":"2026-08-17T12:25:59.800Z","stage":"detail","operation":"detail","outcome":"success","type":"like","account":"5bf3***2ad7","item":"687a***6d05","processed":7,"durationMs":25969,"message":"item detail completed"}
{"ts":"2026-08-17T12:25:59.801Z","stage":"comments","operation":"comments","outcome":"success","type":"like","account":"5bf3***2ad7","item":"687a***6d05","processed":7,"durationMs":25969,"attempted":1,"succeeded":1,"failed":0,"message":"comment attachment summary"}
{"ts":"2026-08-17T12:25:59.806Z","stage":"waiting","operation":"wait","account":"5bf3***2ad7","processed":8,"waitSeconds":10,"message":"platform API pacing wait"}
{"ts":"2026-08-17T12:26:09.875Z","stage":"waiting","operation":"wait","account":"5bf3***2ad7","processed":8,"waitSeconds":11,"message":"platform API pacing wait"}
{"ts":"2026-08-17T12:26:21.859Z","stage":"detail","operation":"detail","outcome":"success","type":"like","account":"5bf3***2ad7","item":"67e2***2ff8","processed":8,"durationMs":22054,"message":"item detail completed"}
{"ts":"2026-08-17T12:26:21.860Z","stage":"comments","operation":"comments","outcome":"success","type":"like","account":"5bf3***2ad7","item":"67e2***2ff8","processed":8,"durationMs":22054,"attempted":1,"succeeded":1,"failed":0,"message":"comment attachment summary"}
{"ts":"2026-08-17T12:26:21.862Z","stage":"waiting","operation":"wait","account":"5bf3***2ad7","processed":9,"waitSeconds":15,"message":"platform API pacing wait"}
{"ts":"2026-08-17T12:26:48.043Z","stage":"waiting","operation":"wait","account":"5bf3***2ad7","processed":9,"waitSeconds":14,"message":"platform API pacing wait"}
{"ts":"2026-08-17T12:27:48.108Z","stage":"detail","operation":"detail","outcome":"success","type":"like","account":"5bf3***2ad7","item":"687c***88b4","processed":9,"durationMs":86246,"message":"item detail completed"}
{"ts":"2026-08-17T12:27:48.108Z","stage":"comments","operation":"comments","outcome":"success","type":"like","account":"5bf3***2ad7","item":"687c***88b4","processed":9,"durationMs":86246,"attempted":1,"succeeded":1,"failed":0,"message":"comment attachment summary"}
{"ts":"2026-08-17T12:27:48.110Z","stage":"waiting","account":"5bf3***2ad7","processed":10,"waitSeconds":11,"message":"batch wait after 10 notes"}
{"ts":"2026-08-17T12:27:58.531Z","stage":"listing","operation":"target","outcome":"yielded","target":"like","type":"like","account":"5bf3***2ad7","processed":10,"attempted":5,"message":"fair sync target completed"}
{"ts":"2026-08-17T12:27:58.552Z","stage":"listing","target":"bookmark","type":"bookmark","account":"5bf3***2ad7","processed":10,"message":"fair sync target selected"}
{"ts":"2026-08-17T12:27:58.555Z","stage":"waiting","operation":"wait","account":"5bf3***2ad7","processed":10,"waitSeconds":4,"message":"platform API pacing wait"}
{"ts":"2026-08-17T12:28:03.017Z","stage":"listing","operation":"listing","outcome":"success","target":"bookmark","type":"bookmark","account":"5bf3***2ad7","pages":1,"processed":10,"items":5,"requestedCursorPresent":true,"cursorPresent":true,"hasMore":true,"httpStatus":200,"responseCode":0,"responseSuccess":true,"responseDataKeys":["has_more","notes","cursor"],"responseListKey":"notes","message":"listed bookmark page"}
{"ts":"2026-08-17T12:28:03.020Z","stage":"waiting","operation":"wait","account":"5bf3***2ad7","processed":10,"waitSeconds":10,"message":"platform API pacing wait"}
{"ts":"2026-08-17T12:28:12.822Z","stage":"waiting","operation":"wait","account":"5bf3***2ad7","processed":10,"waitSeconds":14,"message":"platform API pacing wait"}
{"ts":"2026-08-17T12:28:48.007Z","stage":"detail","operation":"detail","outcome":"success","type":"bookmark","account":"5bf3***2ad7","item":"633f***2cf6","processed":10,"durationMs":44988,"message":"item detail completed"}
{"ts":"2026-08-17T12:28:48.008Z","stage":"comments","operation":"comments","outcome":"success","type":"bookmark","account":"5bf3***2ad7","item":"633f***2cf6","processed":10,"durationMs":44988,"attempted":1,"succeeded":1,"failed":0,"message":"comment attachment summary"}
{"ts":"2026-08-17T12:28:48.010Z","stage":"waiting","operation":"wait","account":"5bf3***2ad7","processed":11,"waitSeconds":13,"message":"platform API pacing wait"}
{"ts":"2026-08-17T12:29:47.889Z","stage":"waiting","operation":"wait","account":"5bf3***2ad7","processed":11,"waitSeconds":6,"message":"platform API pacing wait"}
{"ts":"2026-08-17T12:29:54.013Z","stage":"detail","operation":"detail","outcome":"success","type":"bookmark","account":"5bf3***2ad7","item":"670b***9fbc","processed":11,"durationMs":66003,"message":"item detail completed"}
{"ts":"2026-08-17T12:29:54.013Z","stage":"comments","operation":"comments","outcome":"success","type":"bookmark","account":"5bf3***2ad7","item":"670b***9fbc","processed":11,"durationMs":66003,"attempted":1,"succeeded":1,"failed":0,"message":"comment attachment summary"}
{"ts":"2026-08-17T12:29:54.016Z","stage":"waiting","operation":"wait","account":"5bf3***2ad7","processed":12,"waitSeconds":9,"message":"platform API pacing wait"}
{"ts":"2026-08-17T12:30:03.757Z","stage":"waiting","operation":"wait","account":"5bf3***2ad7","processed":12,"waitSeconds":9,"message":"platform API pacing wait"}
{"ts":"2026-08-17T12:30:12.887Z","stage":"detail","operation":"detail","outcome":"success","type":"bookmark","account":"5bf3***2ad7","item":"680d***4a8a","processed":12,"durationMs":18872,"message":"item detail completed"}
{"ts":"2026-08-17T12:30:12.888Z","stage":"comments","operation":"comments","outcome":"success","type":"bookmark","account":"5bf3***2ad7","item":"680d***4a8a","processed":12,"durationMs":18872,"attempted":1,"succeeded":1,"failed":0,"message":"comment attachment summary"}
{"ts":"2026-08-17T12:30:12.891Z","stage":"waiting","operation":"wait","account":"5bf3***2ad7","processed":13,"waitSeconds":14,"message":"platform API pacing wait"}
{"ts":"2026-08-17T12:30:48.174Z","stage":"waiting","operation":"wait","account":"5bf3***2ad7","processed":13,"waitSeconds":10,"message":"platform API pacing wait"}
{"ts":"2026-08-17T12:30:58.938Z","stage":"detail","operation":"detail","outcome":"success","type":"bookmark","account":"5bf3***2ad7","item":"667f***b980","processed":13,"durationMs":46048,"message":"item detail completed"}
{"ts":"2026-08-17T12:30:58.940Z","stage":"comments","operation":"comments","outcome":"success","type":"bookmark","account":"5bf3***2ad7","item":"667f***b980","processed":13,"durationMs":46048,"attempted":1,"succeeded":1,"failed":0,"message":"comment attachment summary"}
{"ts":"2026-08-17T12:30:58.943Z","stage":"waiting","operation":"wait","account":"5bf3***2ad7","processed":14,"waitSeconds":7,"message":"platform API pacing wait"}
{"ts":"2026-08-17T12:31:06.841Z","stage":"waiting","operation":"wait","account":"5bf3***2ad7","processed":14,"waitSeconds":10,"message":"platform API pacing wait"}
{"ts":"2026-08-17T12:31:17.035Z","stage":"waiting","operation":"wait","account":"5bf3***2ad7","processed":14,"waitSeconds":9,"message":"platform API pacing wait"}
{"ts":"2026-08-17T12:31:26.836Z","stage":"detail","operation":"detail","outcome":"success","type":"bookmark","account":"5bf3***2ad7","item":"695d***ad0c","processed":14,"durationMs":27894,"message":"item detail completed"}
{"ts":"2026-08-17T12:31:26.837Z","stage":"comments","operation":"comments","outcome":"success","type":"bookmark","account":"5bf3***2ad7","item":"695d***ad0c","processed":14,"durationMs":27894,"attempted":1,"succeeded":1,"failed":0,"message":"comment attachment summary"}
{"ts":"2026-08-17T12:31:27.822Z","stage":"media","operation":"media","outcome":"success","type":"bookmark","account":"5bf3***2ad7","item":"695d***ad0c","processed":14,"durationMs":982,"attempted":1,"succeeded":1,"failed":0,"expectedVideo":false,"videoDownloadEnabled":false,"imageCandidates":1,"videoCandidates":0,"message":"media localization summary"}
{"ts":"2026-08-17T12:31:27.823Z","stage":"writing","operation":"vault_write","outcome":"success","type":"bookmark","account":"5bf3***2ad7","item":"695d***ad0c","processed":14,"durationMs":982,"message":"vault write completed"}
{"ts":"2026-08-17T12:31:27.823Z","stage":"listing","operation":"target","outcome":"yielded","target":"bookmark","type":"bookmark","account":"5bf3***2ad7","processed":15,"attempted":5,"message":"fair sync target completed"}
{"ts":"2026-08-17T12:31:27.866Z","stage":"cooldown","operation":"run","outcome":"paused","pages":3,"processed":15,"stopReason":"run_limit","message":"本轮同步完成：新增 5 篇，已存在 0 篇，更新 0 篇，跳过 10 篇，本轮分配：收藏 10、点赞 5，本轮已达到 15 篇安全上限，将自动继续补齐。"}
{"ts":"2026-08-17T12:31:27.866Z","stage":"done","operation":"run","outcome":"paused","pages":3,"attempted":3,"succeeded":3,"message":"run diagnostics; listingRequests=3; indexBuilds=0; indexHits=9; indexMisses=14"}
{"ts":"2026-08-17T12:39:42.501Z","stage":"preparing","engine":"fair-sync-v3","os":"darwin","operation":"run","outcome":"start","processed":0,"message":"sync started; safety=safe-task-v2; limit=15; batch=5; wait=5-15s; cooldown=5-10m"}
{"ts":"2026-08-17T12:39:43.321Z","stage":"listing","target":"like","type":"like","account":"5bf3***2ad7","processed":0,"message":"fair sync target selected"}
{"ts":"2026-08-17T12:39:43.327Z","stage":"waiting","operation":"wait","account":"5bf3***2ad7","processed":0,"waitSeconds":12,"message":"platform API pacing wait"}
{"ts":"2026-08-17T12:39:56.974Z","stage":"listing","operation":"listing","outcome":"success","target":"like","type":"like","account":"5bf3***2ad7","pages":1,"processed":0,"items":5,"requestedCursorPresent":true,"cursorPresent":true,"hasMore":true,"httpStatus":200,"responseCode":0,"responseSuccess":true,"responseDataKeys":["cursor","has_more","notes"],"responseListKey":"notes","message":"listed like page"}
{"ts":"2026-08-17T12:39:56.981Z","stage":"waiting","operation":"wait","account":"5bf3***2ad7","processed":0,"waitSeconds":7,"message":"platform API pacing wait"}
{"ts":"2026-08-17T12:40:05.009Z","stage":"waiting","operation":"wait","account":"5bf3***2ad7","processed":0,"waitSeconds":15,"message":"platform API pacing wait"}
{"ts":"2026-08-17T12:40:22.485Z","stage":"detail","operation":"detail","outcome":"success","type":"like","account":"5bf3***2ad7","item":"67fb***20ce","processed":0,"durationMs":25505,"message":"item detail completed"}
{"ts":"2026-08-17T12:40:22.486Z","stage":"comments","operation":"comments","outcome":"success","type":"like","account":"5bf3***2ad7","item":"67fb***20ce","processed":0,"durationMs":25505,"attempted":1,"succeeded":1,"failed":0,"message":"comment attachment summary"}
{"ts":"2026-08-17T12:40:22.491Z","stage":"waiting","operation":"wait","account":"5bf3***2ad7","processed":1,"waitSeconds":14,"message":"platform API pacing wait"}
{"ts":"2026-08-17T12:40:37.265Z","stage":"waiting","operation":"wait","account":"5bf3***2ad7","processed":1,"waitSeconds":8,"message":"platform API pacing wait"}
{"ts":"2026-08-17T12:40:46.764Z","stage":"detail","operation":"detail","outcome":"success","type":"like","account":"5bf3***2ad7","item":"67fe***d4b3","processed":1,"durationMs":24274,"message":"item detail completed"}
{"ts":"2026-08-17T12:40:46.765Z","stage":"comments","operation":"comments","outcome":"success","type":"like","account":"5bf3***2ad7","item":"67fe***d4b3","processed":1,"durationMs":24274,"attempted":1,"succeeded":1,"failed":0,"message":"comment attachment summary"}
{"ts":"2026-08-17T12:40:46.768Z","stage":"waiting","operation":"wait","account":"5bf3***2ad7","processed":2,"waitSeconds":10,"message":"platform API pacing wait"}
{"ts":"2026-08-17T12:41:31.094Z","stage":"waiting","operation":"wait","account":"5bf3***2ad7","processed":2,"waitSeconds":13,"message":"platform API pacing wait"}
{"ts":"2026-08-17T12:41:44.657Z","stage":"detail","operation":"detail","outcome":"success","type":"like","account":"5bf3***2ad7","item":"6876***e3ff","processed":2,"durationMs":57890,"message":"item detail completed"}
{"ts":"2026-08-17T12:41:44.657Z","stage":"comments","operation":"comments","outcome":"success","type":"like","account":"5bf3***2ad7","item":"6876***e3ff","processed":2,"durationMs":57890,"attempted":1,"succeeded":1,"failed":0,"message":"comment attachment summary"}
{"ts":"2026-08-17T12:41:44.665Z","stage":"waiting","operation":"wait","account":"5bf3***2ad7","processed":3,"waitSeconds":8,"message":"platform API pacing wait"}
{"ts":"2026-08-17T12:41:52.457Z","stage":"waiting","operation":"wait","account":"5bf3***2ad7","processed":3,"waitSeconds":8,"message":"platform API pacing wait"}
{"ts":"2026-08-17T12:42:01.227Z","stage":"detail","operation":"detail","outcome":"success","type":"like","account":"5bf3***2ad7","item":"687b***9fda","processed":3,"durationMs":16562,"message":"item detail completed"}
{"ts":"2026-08-17T12:42:01.227Z","stage":"comments","operation":"comments","outcome":"success","type":"like","account":"5bf3***2ad7","item":"687b***9fda","processed":3,"durationMs":16562,"attempted":1,"succeeded":1,"failed":0,"message":"comment attachment summary"}
{"ts":"2026-08-17T12:42:01.231Z","stage":"waiting","operation":"wait","account":"5bf3***2ad7","processed":4,"waitSeconds":12,"message":"platform API pacing wait"}
{"ts":"2026-08-17T12:42:13.455Z","stage":"waiting","operation":"wait","account":"5bf3***2ad7","processed":4,"waitSeconds":14,"message":"platform API pacing wait"}
{"ts":"2026-08-17T12:42:28.563Z","stage":"detail","operation":"detail","outcome":"success","type":"like","account":"5bf3***2ad7","item":"6866***5f52","processed":4,"durationMs":27332,"message":"item detail completed"}
{"ts":"2026-08-17T12:42:28.564Z","stage":"comments","operation":"comments","outcome":"success","type":"like","account":"5bf3***2ad7","item":"6866***5f52","processed":4,"durationMs":27332,"attempted":1,"succeeded":1,"failed":0,"message":"comment attachment summary"}
{"ts":"2026-08-17T12:42:28.568Z","stage":"waiting","account":"5bf3***2ad7","processed":5,"waitSeconds":13,"message":"batch wait after 5 notes"}
{"ts":"2026-08-17T12:42:41.168Z","stage":"listing","operation":"target","outcome":"yielded","target":"like","type":"like","account":"5bf3***2ad7","processed":5,"attempted":5,"message":"fair sync target completed"}
{"ts":"2026-08-17T12:42:41.318Z","stage":"listing","target":"bookmark","type":"bookmark","account":"5bf3***2ad7","processed":5,"message":"fair sync target selected"}
{"ts":"2026-08-17T12:42:42.813Z","stage":"listing","operation":"listing","outcome":"success","target":"bookmark","type":"bookmark","account":"5bf3***2ad7","pages":1,"processed":5,"items":5,"requestedCursorPresent":true,"cursorPresent":true,"hasMore":true,"httpStatus":200,"responseCode":0,"responseSuccess":true,"responseDataKeys":["has_more","notes","cursor"],"responseListKey":"notes","message":"listed bookmark page"}
{"ts":"2026-08-17T12:42:42.844Z","stage":"waiting","operation":"wait","account":"5bf3***2ad7","processed":5,"waitSeconds":10,"message":"platform API pacing wait"}
{"ts":"2026-08-17T12:42:53.199Z","stage":"waiting","operation":"wait","account":"5bf3***2ad7","processed":5,"waitSeconds":8,"message":"platform API pacing wait"}
{"ts":"2026-08-17T12:43:02.312Z","stage":"detail","operation":"detail","outcome":"success","type":"bookmark","account":"5bf3***2ad7","item":"6982***5549","processed":5,"durationMs":19469,"message":"item detail completed"}
{"ts":"2026-08-17T12:43:02.317Z","stage":"comments","operation":"comments","outcome":"success","type":"bookmark","account":"5bf3***2ad7","item":"6982***5549","processed":5,"durationMs":19469,"attempted":1,"succeeded":1,"failed":0,"message":"comment attachment summary"}
{"ts":"2026-08-17T12:43:03.989Z","stage":"media","operation":"media","outcome":"success","type":"bookmark","account":"5bf3***2ad7","item":"6982***5549","processed":5,"durationMs":1669,"attempted":1,"succeeded":1,"failed":0,"expectedVideo":true,"videoDownloadEnabled":false,"imageCandidates":1,"videoCandidates":1,"message":"media localization summary"}
{"ts":"2026-08-17T12:43:03.989Z","stage":"writing","operation":"vault_write","outcome":"success","type":"bookmark","account":"5bf3***2ad7","item":"6982***5549","processed":5,"durationMs":1669,"message":"vault write completed"}
{"ts":"2026-08-17T12:43:03.991Z","stage":"waiting","operation":"wait","account":"5bf3***2ad7","processed":6,"waitSeconds":11,"message":"platform API pacing wait"}
{"ts":"2026-08-17T12:43:15.474Z","stage":"waiting","operation":"wait","account":"5bf3***2ad7","processed":6,"waitSeconds":15,"message":"platform API pacing wait"}
{"ts":"2026-08-17T12:43:31.235Z","stage":"detail","operation":"detail","outcome":"success","type":"bookmark","account":"5bf3***2ad7","item":"6980***6ef0","processed":6,"durationMs":27245,"message":"item detail completed"}
{"ts":"2026-08-17T12:43:31.237Z","stage":"comments","operation":"comments","outcome":"success","type":"bookmark","account":"5bf3***2ad7","item":"6980***6ef0","processed":6,"durationMs":27245,"attempted":1,"succeeded":1,"failed":0,"message":"comment attachment summary"}
{"ts":"2026-08-17T12:43:34.098Z","stage":"media","operation":"media","outcome":"success","type":"bookmark","account":"5bf3***2ad7","item":"6980***6ef0","processed":6,"durationMs":2853,"attempted":9,"succeeded":9,"failed":0,"expectedVideo":false,"videoDownloadEnabled":false,"imageCandidates":9,"videoCandidates":0,"message":"media localization summary"}
{"ts":"2026-08-17T12:43:34.098Z","stage":"writing","operation":"vault_write","outcome":"success","type":"bookmark","account":"5bf3***2ad7","item":"6980***6ef0","processed":6,"durationMs":2853,"message":"vault write completed"}
{"ts":"2026-08-17T12:43:34.100Z","stage":"waiting","operation":"wait","account":"5bf3***2ad7","processed":7,"waitSeconds":8,"message":"platform API pacing wait"}
{"ts":"2026-08-17T12:43:42.263Z","stage":"waiting","operation":"wait","account":"5bf3***2ad7","processed":7,"waitSeconds":9,"message":"platform API pacing wait"}
{"ts":"2026-08-17T12:43:52.617Z","stage":"detail","operation":"detail","outcome":"success","type":"bookmark","account":"5bf3***2ad7","item":"695f***d1d4","processed":7,"durationMs":18517,"message":"item detail completed"}
{"ts":"2026-08-17T12:43:52.642Z","stage":"comments","operation":"comments","outcome":"success","type":"bookmark","account":"5bf3***2ad7","item":"695f***d1d4","processed":7,"durationMs":18517,"attempted":1,"succeeded":1,"failed":0,"message":"comment attachment summary"}
{"ts":"2026-08-17T12:43:55.617Z","stage":"media","operation":"media","outcome":"success","type":"bookmark","account":"5bf3***2ad7","item":"695f***d1d4","processed":7,"durationMs":2963,"attempted":7,"succeeded":7,"failed":0,"expectedVideo":false,"videoDownloadEnabled":false,"imageCandidates":7,"videoCandidates":0,"message":"media localization summary"}
{"ts":"2026-08-17T12:43:55.617Z","stage":"writing","operation":"vault_write","outcome":"success","type":"bookmark","account":"5bf3***2ad7","item":"695f***d1d4","processed":7,"durationMs":2964,"message":"vault write completed"}
{"ts":"2026-08-17T12:43:55.619Z","stage":"waiting","operation":"wait","account":"5bf3***2ad7","processed":8,"waitSeconds":6,"message":"platform API pacing wait"}
{"ts":"2026-08-17T12:44:01.494Z","stage":"waiting","operation":"wait","account":"5bf3***2ad7","processed":8,"waitSeconds":14,"message":"platform API pacing wait"}
{"ts":"2026-08-17T12:44:17.146Z","stage":"detail","operation":"detail","outcome":"success","type":"bookmark","account":"5bf3***2ad7","item":"6977***ce98","processed":8,"durationMs":21526,"message":"item detail completed"}
{"ts":"2026-08-17T12:44:17.146Z","stage":"comments","operation":"comments","outcome":"success","type":"bookmark","account":"5bf3***2ad7","item":"6977***ce98","processed":8,"durationMs":21526,"attempted":1,"succeeded":1,"failed":0,"message":"comment attachment summary"}
{"ts":"2026-08-17T12:44:17.508Z","stage":"media","operation":"media","outcome":"success","type":"bookmark","account":"5bf3***2ad7","item":"6977***ce98","processed":8,"durationMs":360,"attempted":1,"succeeded":1,"failed":0,"expectedVideo":false,"videoDownloadEnabled":false,"imageCandidates":1,"videoCandidates":0,"message":"media localization summary"}
{"ts":"2026-08-17T12:44:17.508Z","stage":"writing","operation":"vault_write","outcome":"success","type":"bookmark","account":"5bf3***2ad7","item":"6977***ce98","processed":8,"durationMs":360,"message":"vault write completed"}
{"ts":"2026-08-17T12:44:17.510Z","stage":"waiting","operation":"wait","account":"5bf3***2ad7","processed":9,"waitSeconds":8,"message":"platform API pacing wait"}
{"ts":"2026-08-17T12:44:26.080Z","stage":"waiting","operation":"wait","account":"5bf3***2ad7","processed":9,"waitSeconds":13,"message":"platform API pacing wait"}
{"ts":"2026-08-17T12:44:39.831Z","stage":"detail","operation":"detail","outcome":"success","type":"bookmark","account":"5bf3***2ad7","item":"696c***3a49","processed":9,"durationMs":22322,"message":"item detail completed"}
{"ts":"2026-08-17T12:44:39.832Z","stage":"comments","operation":"comments","outcome":"success","type":"bookmark","account":"5bf3***2ad7","item":"696c***3a49","processed":9,"durationMs":22322,"attempted":1,"succeeded":1,"failed":0,"message":"comment attachment summary"}
{"ts":"2026-08-17T12:44:40.344Z","stage":"media","operation":"media","outcome":"success","type":"bookmark","account":"5bf3***2ad7","item":"696c***3a49","processed":9,"durationMs":511,"attempted":1,"succeeded":1,"failed":0,"expectedVideo":false,"videoDownloadEnabled":false,"imageCandidates":1,"videoCandidates":0,"message":"media localization summary"}
{"ts":"2026-08-17T12:44:40.344Z","stage":"writing","operation":"vault_write","outcome":"success","type":"bookmark","account":"5bf3***2ad7","item":"696c***3a49","processed":9,"durationMs":511,"message":"vault write completed"}
{"ts":"2026-08-17T12:44:40.344Z","stage":"waiting","account":"5bf3***2ad7","processed":10,"waitSeconds":10,"message":"batch wait after 10 notes"}
{"ts":"2026-08-17T12:44:49.546Z","stage":"listing","operation":"target","outcome":"yielded","target":"bookmark","type":"bookmark","account":"5bf3***2ad7","processed":10,"attempted":5,"message":"fair sync target completed"}
{"ts":"2026-08-17T12:44:49.578Z","stage":"listing","target":"like","type":"like","account":"5bf3***2ad7","processed":10,"message":"fair sync target selected"}
{"ts":"2026-08-17T12:44:49.581Z","stage":"waiting","operation":"wait","account":"5bf3***2ad7","processed":10,"waitSeconds":1,"message":"platform API pacing wait"}
{"ts":"2026-08-17T12:44:51.283Z","stage":"listing","operation":"listing","outcome":"success","target":"like","type":"like","account":"5bf3***2ad7","pages":1,"processed":10,"items":5,"requestedCursorPresent":true,"cursorPresent":true,"hasMore":true,"httpStatus":200,"responseCode":0,"responseSuccess":true,"responseDataKeys":["cursor","has_more","notes"],"responseListKey":"notes","message":"listed like page"}
{"ts":"2026-08-17T12:44:51.333Z","stage":"waiting","operation":"wait","account":"5bf3***2ad7","processed":10,"waitSeconds":7,"message":"platform API pacing wait"}
{"ts":"2026-08-17T12:44:58.517Z","stage":"waiting","operation":"wait","account":"5bf3***2ad7","processed":10,"waitSeconds":12,"message":"platform API pacing wait"}
{"ts":"2026-08-17T12:45:10.621Z","stage":"waiting","operation":"wait","account":"5bf3***2ad7","processed":10,"waitSeconds":8,"message":"platform API pacing wait"}
{"ts":"2026-08-17T12:45:21.473Z","stage":"detail","operation":"detail","outcome":"success","type":"like","account":"5bf3***2ad7","item":"687b***ed2b","processed":10,"durationMs":30141,"message":"item detail completed"}
{"ts":"2026-08-17T12:45:21.493Z","stage":"comments","operation":"comments","outcome":"success","type":"like","account":"5bf3***2ad7","item":"687b***ed2b","processed":10,"durationMs":30141,"attempted":1,"succeeded":1,"failed":0,"message":"comment attachment summary"}
{"ts":"2026-08-17T12:45:21.501Z","stage":"waiting","operation":"wait","account":"5bf3***2ad7","processed":11,"waitSeconds":14,"message":"platform API pacing wait"}
{"ts":"2026-08-17T12:45:35.991Z","stage":"waiting","operation":"wait","account":"5bf3***2ad7","processed":11,"waitSeconds":8,"message":"platform API pacing wait"}
{"ts":"2026-08-17T12:45:44.299Z","stage":"waiting","operation":"wait","account":"5bf3***2ad7","processed":11,"waitSeconds":11,"message":"platform API pacing wait"}
{"ts":"2026-08-17T12:45:55.964Z","stage":"detail","operation":"detail","outcome":"success","type":"like","account":"5bf3***2ad7","item":"6879***62e7","processed":11,"durationMs":34463,"message":"item detail completed"}
{"ts":"2026-08-17T12:45:55.965Z","stage":"comments","operation":"comments","outcome":"success","type":"like","account":"5bf3***2ad7","item":"6879***62e7","processed":11,"durationMs":34463,"attempted":1,"succeeded":1,"failed":0,"message":"comment attachment summary"}
{"ts":"2026-08-17T12:45:55.973Z","stage":"waiting","operation":"wait","account":"5bf3***2ad7","processed":12,"waitSeconds":13,"message":"platform API pacing wait"}
{"ts":"2026-08-17T12:46:09.242Z","stage":"waiting","operation":"wait","account":"5bf3***2ad7","processed":12,"waitSeconds":11,"message":"platform API pacing wait"}
{"ts":"2026-08-17T12:46:20.885Z","stage":"detail","operation":"detail","outcome":"success","type":"like","account":"5bf3***2ad7","item":"6849***74d5","processed":12,"durationMs":24912,"message":"item detail completed"}
{"ts":"2026-08-17T12:46:20.886Z","stage":"comments","operation":"comments","outcome":"success","type":"like","account":"5bf3***2ad7","item":"6849***74d5","processed":12,"durationMs":24912,"attempted":1,"succeeded":1,"failed":0,"message":"comment attachment summary"}
{"ts":"2026-08-17T12:46:20.891Z","stage":"waiting","operation":"wait","account":"5bf3***2ad7","processed":13,"waitSeconds":14,"message":"platform API pacing wait"}
{"ts":"2026-08-17T12:46:35.065Z","stage":"waiting","operation":"wait","account":"5bf3***2ad7","processed":13,"waitSeconds":13,"message":"platform API pacing wait"}
{"ts":"2026-08-17T12:46:48.138Z","stage":"detail","operation":"detail","outcome":"success","type":"like","account":"5bf3***2ad7","item":"67b5***a6b2","processed":13,"durationMs":27247,"message":"item detail completed"}
{"ts":"2026-08-17T12:46:48.139Z","stage":"comments","operation":"comments","outcome":"success","type":"like","account":"5bf3***2ad7","item":"67b5***a6b2","processed":13,"durationMs":27247,"attempted":1,"succeeded":1,"failed":0,"message":"comment attachment summary"}
{"ts":"2026-08-17T12:46:48.144Z","stage":"waiting","operation":"wait","account":"5bf3***2ad7","processed":14,"waitSeconds":12,"message":"platform API pacing wait"}
{"ts":"2026-08-17T12:47:00.140Z","stage":"waiting","operation":"wait","account":"5bf3***2ad7","processed":14,"waitSeconds":9,"message":"platform API pacing wait"}
{"ts":"2026-08-17T12:47:09.991Z","stage":"detail","operation":"detail","outcome":"success","type":"like","account":"5bf3***2ad7","item":"6853***65c6","processed":14,"durationMs":21848,"message":"item detail completed"}
{"ts":"2026-08-17T12:47:09.992Z","stage":"comments","operation":"comments","outcome":"success","type":"like","account":"5bf3***2ad7","item":"6853***65c6","processed":14,"durationMs":21848,"attempted":1,"succeeded":1,"failed":0,"message":"comment attachment summary"}
{"ts":"2026-08-17T12:47:09.994Z","stage":"listing","operation":"target","outcome":"yielded","target":"like","type":"like","account":"5bf3***2ad7","processed":15,"attempted":5,"message":"fair sync target completed"}
{"ts":"2026-08-17T12:47:10.015Z","stage":"cooldown","operation":"run","outcome":"paused","pages":3,"processed":15,"stopReason":"run_limit","message":"本轮同步完成：新增 5 篇，已存在 0 篇，更新 0 篇，跳过 10 篇，本轮分配：点赞 10、收藏 5，本轮已达到 15 篇安全上限，将自动继续补齐。"}
{"ts":"2026-08-17T12:47:10.017Z","stage":"done","operation":"run","outcome":"paused","pages":3,"attempted":3,"succeeded":3,"message":"run diagnostics; listingRequests=3; indexBuilds=0; indexHits=0; indexMisses=15"}
{"ts":"2026-08-17T12:49:26.076Z","stage":"preparing","engine":"fair-sync-v3","os":"darwin","operation":"run","outcome":"start","processed":0,"message":"sync started; safety=safe-task-v2; limit=15; batch=5; wait=5-15s; cooldown=5-10m"}
{"ts":"2026-08-17T12:49:27.618Z","stage":"listing","target":"bookmark","type":"bookmark","account":"5bf3***2ad7","processed":0,"message":"fair sync target selected"}
{"ts":"2026-08-17T12:49:27.621Z","stage":"waiting","operation":"wait","account":"5bf3***2ad7","processed":0,"waitSeconds":15,"message":"platform API pacing wait"}
{"ts":"2026-08-17T12:49:42.727Z","stage":"listing","operation":"listing","outcome":"success","target":"bookmark","type":"bookmark","account":"5bf3***2ad7","pages":1,"processed":0,"items":5,"requestedCursorPresent":true,"cursorPresent":true,"hasMore":true,"httpStatus":200,"responseCode":0,"responseSuccess":true,"responseDataKeys":["notes","cursor","has_more"],"responseListKey":"notes","message":"listed bookmark page"}
{"ts":"2026-08-17T12:49:42.754Z","stage":"waiting","operation":"wait","account":"5bf3***2ad7","processed":0,"waitSeconds":9,"message":"platform API pacing wait"}
{"ts":"2026-08-17T12:49:51.805Z","stage":"waiting","operation":"wait","account":"5bf3***2ad7","processed":0,"waitSeconds":12,"message":"platform API pacing wait"}
{"ts":"2026-08-17T12:50:04.740Z","stage":"detail","operation":"detail","outcome":"success","type":"bookmark","account":"5bf3***2ad7","item":"6973***442a","processed":0,"durationMs":21986,"message":"item detail completed"}
{"ts":"2026-08-17T12:50:04.741Z","stage":"comments","operation":"comments","outcome":"success","type":"bookmark","account":"5bf3***2ad7","item":"6973***442a","processed":0,"durationMs":21986,"attempted":1,"succeeded":1,"failed":0,"message":"comment attachment summary"}
{"ts":"2026-08-17T12:50:06.050Z","stage":"media","operation":"media","outcome":"success","type":"bookmark","account":"5bf3***2ad7","item":"6973***442a","processed":0,"durationMs":1306,"attempted":1,"succeeded":1,"failed":0,"expectedVideo":true,"videoDownloadEnabled":false,"imageCandidates":1,"videoCandidates":1,"message":"media localization summary"}
{"ts":"2026-08-17T12:50:06.051Z","stage":"writing","operation":"vault_write","outcome":"success","type":"bookmark","account":"5bf3***2ad7","item":"6973***442a","processed":0,"durationMs":1307,"message":"vault write completed"}
{"ts":"2026-08-17T12:50:06.052Z","stage":"waiting","operation":"wait","account":"5bf3***2ad7","processed":1,"waitSeconds":6,"message":"platform API pacing wait"}
{"ts":"2026-08-17T12:50:12.671Z","stage":"waiting","operation":"wait","account":"5bf3***2ad7","processed":1,"waitSeconds":7,"message":"platform API pacing wait"}
{"ts":"2026-08-17T12:50:19.979Z","stage":"detail","operation":"detail","outcome":"success","type":"bookmark","account":"5bf3***2ad7","item":"696f***f625","processed":1,"durationMs":13926,"message":"item detail completed"}
{"ts":"2026-08-17T12:50:19.979Z","stage":"comments","operation":"comments","outcome":"success","type":"bookmark","account":"5bf3***2ad7","item":"696f***f625","processed":1,"durationMs":13926,"attempted":1,"succeeded":1,"failed":0,"message":"comment attachment summary"}
{"ts":"2026-08-17T12:50:20.593Z","stage":"media","operation":"media","outcome":"success","type":"bookmark","account":"5bf3***2ad7","item":"696f***f625","processed":1,"durationMs":611,"attempted":1,"succeeded":1,"failed":0,"expectedVideo":false,"videoDownloadEnabled":false,"imageCandidates":1,"videoCandidates":0,"message":"media localization summary"}
{"ts":"2026-08-17T12:50:20.593Z","stage":"writing","operation":"vault_write","outcome":"success","type":"bookmark","account":"5bf3***2ad7","item":"696f***f625","processed":1,"durationMs":611,"message":"vault write completed"}
{"ts":"2026-08-17T12:50:20.595Z","stage":"waiting","operation":"wait","account":"5bf3***2ad7","processed":2,"waitSeconds":12,"message":"platform API pacing wait"}
{"ts":"2026-08-17T12:50:32.636Z","stage":"waiting","operation":"wait","account":"5bf3***2ad7","processed":2,"waitSeconds":13,"message":"platform API pacing wait"}
{"ts":"2026-08-17T12:50:45.733Z","stage":"detail","operation":"detail","outcome":"success","type":"bookmark","account":"5bf3***2ad7","item":"696b***96ba","processed":2,"durationMs":25138,"message":"item detail completed"}
{"ts":"2026-08-17T12:50:45.733Z","stage":"comments","operation":"comments","outcome":"success","type":"bookmark","account":"5bf3***2ad7","item":"696b***96ba","processed":2,"durationMs":25138,"attempted":1,"succeeded":1,"failed":0,"message":"comment attachment summary"}
{"ts":"2026-08-17T12:50:46.324Z","stage":"media","operation":"media","outcome":"success","type":"bookmark","account":"5bf3***2ad7","item":"696b***96ba","processed":2,"durationMs":589,"attempted":1,"succeeded":1,"failed":0,"expectedVideo":true,"videoDownloadEnabled":false,"imageCandidates":1,"videoCandidates":1,"message":"media localization summary"}
{"ts":"2026-08-17T12:50:46.324Z","stage":"writing","operation":"vault_write","outcome":"success","type":"bookmark","account":"5bf3***2ad7","item":"696b***96ba","processed":2,"durationMs":589,"message":"vault write completed"}
{"ts":"2026-08-17T12:50:46.326Z","stage":"waiting","operation":"wait","account":"5bf3***2ad7","processed":3,"waitSeconds":14,"message":"platform API pacing wait"}
{"ts":"2026-08-17T12:51:00.290Z","stage":"waiting","operation":"wait","account":"5bf3***2ad7","processed":3,"waitSeconds":6,"message":"platform API pacing wait"}
{"ts":"2026-08-17T12:51:07.306Z","stage":"detail","operation":"detail","outcome":"success","type":"bookmark","account":"5bf3***2ad7","item":"696d***e38e","processed":3,"durationMs":20980,"message":"item detail completed"}
{"ts":"2026-08-17T12:51:07.306Z","stage":"comments","operation":"comments","outcome":"success","type":"bookmark","account":"5bf3***2ad7","item":"696d***e38e","processed":3,"durationMs":20980,"attempted":1,"succeeded":1,"failed":0,"message":"comment attachment summary"}
{"ts":"2026-08-17T12:51:07.782Z","stage":"media","operation":"media","outcome":"success","type":"bookmark","account":"5bf3***2ad7","item":"696d***e38e","processed":3,"durationMs":475,"attempted":1,"succeeded":1,"failed":0,"expectedVideo":true,"videoDownloadEnabled":false,"imageCandidates":1,"videoCandidates":1,"message":"media localization summary"}
{"ts":"2026-08-17T12:51:07.782Z","stage":"writing","operation":"vault_write","outcome":"success","type":"bookmark","account":"5bf3***2ad7","item":"696d***e38e","processed":3,"durationMs":475,"message":"vault write completed"}
{"ts":"2026-08-17T12:51:07.783Z","stage":"waiting","operation":"wait","account":"5bf3***2ad7","processed":4,"waitSeconds":15,"message":"platform API pacing wait"}
{"ts":"2026-08-17T12:51:22.719Z","stage":"waiting","operation":"wait","account":"5bf3***2ad7","processed":4,"waitSeconds":15,"message":"platform API pacing wait"}
{"ts":"2026-08-17T12:51:38.682Z","stage":"detail","operation":"detail","outcome":"success","type":"bookmark","account":"5bf3***2ad7","item":"696b***2e26","processed":4,"durationMs":30899,"message":"item detail completed"}
{"ts":"2026-08-17T12:51:38.683Z","stage":"comments","operation":"comments","outcome":"success","type":"bookmark","account":"5bf3***2ad7","item":"696b***2e26","processed":4,"durationMs":30899,"attempted":1,"succeeded":1,"failed":0,"message":"comment attachment summary"}
{"ts":"2026-08-17T12:51:39.327Z","stage":"media","operation":"media","outcome":"success","type":"bookmark","account":"5bf3***2ad7","item":"696b***2e26","processed":4,"durationMs":641,"attempted":1,"succeeded":1,"failed":0,"expectedVideo":true,"videoDownloadEnabled":false,"imageCandidates":1,"videoCandidates":1,"message":"media localization summary"}
{"ts":"2026-08-17T12:51:39.327Z","stage":"writing","operation":"vault_write","outcome":"success","type":"bookmark","account":"5bf3***2ad7","item":"696b***2e26","processed":4,"durationMs":641,"message":"vault write completed"}
{"ts":"2026-08-17T12:51:39.328Z","stage":"waiting","account":"5bf3***2ad7","processed":5,"waitSeconds":13,"message":"batch wait after 5 notes"}
{"ts":"2026-08-17T12:51:51.926Z","stage":"listing","operation":"target","outcome":"yielded","target":"bookmark","type":"bookmark","account":"5bf3***2ad7","processed":5,"attempted":5,"message":"fair sync target completed"}
{"ts":"2026-08-17T12:51:51.939Z","stage":"listing","target":"like","type":"like","account":"5bf3***2ad7","processed":5,"message":"fair sync target selected"}
{"ts":"2026-08-17T12:51:51.945Z","stage":"waiting","operation":"wait","account":"5bf3***2ad7","processed":5,"waitSeconds":1,"message":"platform API pacing wait"}
{"ts":"2026-08-17T12:51:53.219Z","stage":"listing","operation":"listing","outcome":"success","target":"like","type":"like","account":"5bf3***2ad7","pages":1,"processed":5,"items":5,"requestedCursorPresent":true,"cursorPresent":true,"hasMore":true,"httpStatus":200,"responseCode":0,"responseSuccess":true,"responseDataKeys":["has_more","notes","cursor"],"responseListKey":"notes","message":"listed like page"}
{"ts":"2026-08-17T12:51:53.224Z","stage":"waiting","operation":"wait","account":"5bf3***2ad7","processed":5,"waitSeconds":7,"message":"platform API pacing wait"}
{"ts":"2026-08-17T12:52:00.567Z","stage":"waiting","operation":"wait","account":"5bf3***2ad7","processed":5,"waitSeconds":15,"message":"platform API pacing wait"}
{"ts":"2026-08-17T12:52:15.388Z","stage":"detail","operation":"detail","outcome":"success","type":"like","account":"5bf3***2ad7","item":"6877***15df","processed":5,"durationMs":22165,"message":"item detail completed"}
{"ts":"2026-08-17T12:52:15.389Z","stage":"comments","operation":"comments","outcome":"success","type":"like","account":"5bf3***2ad7","item":"6877***15df","processed":5,"durationMs":22165,"attempted":1,"succeeded":1,"failed":0,"message":"comment attachment summary"}
{"ts":"2026-08-17T12:52:15.395Z","stage":"waiting","operation":"wait","account":"5bf3***2ad7","processed":6,"waitSeconds":13,"message":"platform API pacing wait"}
{"ts":"2026-08-17T12:52:28.591Z","stage":"waiting","operation":"wait","account":"5bf3***2ad7","processed":6,"waitSeconds":11,"message":"platform API pacing wait"}
{"ts":"2026-08-17T12:52:40.512Z","stage":"detail","operation":"detail","outcome":"success","type":"like","account":"5bf3***2ad7","item":"6862***938a","processed":6,"durationMs":25116,"message":"item detail completed"}
{"ts":"2026-08-17T12:52:40.515Z","stage":"comments","operation":"comments","outcome":"success","type":"like","account":"5bf3***2ad7","item":"6862***938a","processed":6,"durationMs":25116,"attempted":1,"succeeded":1,"failed":0,"message":"comment attachment summary"}
{"ts":"2026-08-17T12:52:40.519Z","stage":"waiting","operation":"wait","account":"5bf3***2ad7","processed":7,"waitSeconds":13,"message":"platform API pacing wait"}
{"ts":"2026-08-17T12:52:53.654Z","stage":"waiting","operation":"wait","account":"5bf3***2ad7","processed":7,"waitSeconds":13,"message":"platform API pacing wait"}
{"ts":"2026-08-17T12:53:06.801Z","stage":"detail","operation":"detail","outcome":"success","type":"like","account":"5bf3***2ad7","item":"6851***3460","processed":7,"durationMs":26282,"message":"item detail completed"}
{"ts":"2026-08-17T12:53:06.801Z","stage":"comments","operation":"comments","outcome":"success","type":"like","account":"5bf3***2ad7","item":"6851***3460","processed":7,"durationMs":26282,"attempted":1,"succeeded":1,"failed":0,"message":"comment attachment summary"}
{"ts":"2026-08-17T12:53:06.805Z","stage":"waiting","operation":"wait","account":"5bf3***2ad7","processed":8,"waitSeconds":10,"message":"platform API pacing wait"}
{"ts":"2026-08-17T12:53:17.123Z","stage":"waiting","operation":"wait","account":"5bf3***2ad7","processed":8,"waitSeconds":6,"message":"platform API pacing wait"}
{"ts":"2026-08-17T12:53:23.963Z","stage":"detail","operation":"detail","outcome":"success","type":"like","account":"5bf3***2ad7","item":"6863***64cc","processed":8,"durationMs":17159,"message":"item detail completed"}
{"ts":"2026-08-17T12:53:23.964Z","stage":"comments","operation":"comments","outcome":"success","type":"like","account":"5bf3***2ad7","item":"6863***64cc","processed":8,"durationMs":17159,"attempted":1,"succeeded":1,"failed":0,"message":"comment attachment summary"}
{"ts":"2026-08-17T12:53:23.968Z","stage":"waiting","operation":"wait","account":"5bf3***2ad7","processed":9,"waitSeconds":12,"message":"platform API pacing wait"}
{"ts":"2026-08-17T12:53:35.851Z","stage":"waiting","operation":"wait","account":"5bf3***2ad7","processed":9,"waitSeconds":9,"message":"platform API pacing wait"}
{"ts":"2026-08-17T12:53:46.006Z","stage":"detail","operation":"detail","outcome":"success","type":"like","account":"5bf3***2ad7","item":"6877***d732","processed":9,"durationMs":22037,"message":"item detail completed"}
{"ts":"2026-08-17T12:53:46.007Z","stage":"comments","operation":"comments","outcome":"success","type":"like","account":"5bf3***2ad7","item":"6877***d732","processed":9,"durationMs":22037,"attempted":1,"succeeded":1,"failed":0,"message":"comment attachment summary"}
{"ts":"2026-08-17T12:53:46.008Z","stage":"waiting","account":"5bf3***2ad7","processed":10,"waitSeconds":9,"message":"batch wait after 10 notes"}
{"ts":"2026-08-17T12:53:54.413Z","stage":"listing","operation":"target","outcome":"yielded","target":"like","type":"like","account":"5bf3***2ad7","processed":10,"attempted":5,"message":"fair sync target completed"}
{"ts":"2026-08-17T12:53:54.440Z","stage":"listing","target":"bookmark","type":"bookmark","account":"5bf3***2ad7","processed":10,"message":"fair sync target selected"}
{"ts":"2026-08-17T12:53:55.923Z","stage":"listing","operation":"listing","outcome":"success","target":"bookmark","type":"bookmark","account":"5bf3***2ad7","pages":1,"processed":10,"items":5,"requestedCursorPresent":true,"cursorPresent":true,"hasMore":true,"httpStatus":200,"responseCode":0,"responseSuccess":true,"responseDataKeys":["cursor","has_more","notes"],"responseListKey":"notes","message":"listed bookmark page"}
{"ts":"2026-08-17T12:53:55.927Z","stage":"waiting","operation":"wait","account":"5bf3***2ad7","processed":10,"waitSeconds":14,"message":"platform API pacing wait"}
{"ts":"2026-08-17T12:54:10.096Z","stage":"waiting","operation":"wait","account":"5bf3***2ad7","processed":10,"waitSeconds":9,"message":"platform API pacing wait"}
{"ts":"2026-08-17T12:54:19.027Z","stage":"detail","operation":"detail","outcome":"success","type":"bookmark","account":"5bf3***2ad7","item":"691a***0a8f","processed":10,"durationMs":23101,"message":"item detail completed"}
{"ts":"2026-08-17T12:54:19.028Z","stage":"comments","operation":"comments","outcome":"success","type":"bookmark","account":"5bf3***2ad7","item":"691a***0a8f","processed":10,"durationMs":23101,"attempted":1,"succeeded":1,"failed":0,"message":"comment attachment summary"}
{"ts":"2026-08-17T12:54:24.528Z","stage":"media","operation":"media","outcome":"success","type":"bookmark","account":"5bf3***2ad7","item":"691a***0a8f","processed":10,"durationMs":5496,"attempted":18,"succeeded":18,"failed":0,"expectedVideo":false,"videoDownloadEnabled":false,"imageCandidates":18,"videoCandidates":0,"message":"media localization summary"}
{"ts":"2026-08-17T12:54:24.528Z","stage":"writing","operation":"vault_write","outcome":"success","type":"bookmark","account":"5bf3***2ad7","item":"691a***0a8f","processed":10,"durationMs":5497,"message":"vault write completed"}
{"ts":"2026-08-17T12:54:24.530Z","stage":"waiting","operation":"wait","account":"5bf3***2ad7","processed":11,"waitSeconds":5,"message":"platform API pacing wait"}
{"ts":"2026-08-17T12:54:29.456Z","stage":"waiting","operation":"wait","account":"5bf3***2ad7","processed":11,"waitSeconds":6,"message":"platform API pacing wait"}
{"ts":"2026-08-17T12:54:35.777Z","stage":"detail","operation":"detail","outcome":"success","type":"bookmark","account":"5bf3***2ad7","item":"6936***f0f8","processed":11,"durationMs":11248,"message":"item detail completed"}
{"ts":"2026-08-17T12:54:35.778Z","stage":"comments","operation":"comments","outcome":"success","type":"bookmark","account":"5bf3***2ad7","item":"6936***f0f8","processed":11,"durationMs":11248,"attempted":1,"succeeded":1,"failed":0,"message":"comment attachment summary"}
{"ts":"2026-08-17T12:54:36.468Z","stage":"media","operation":"media","outcome":"success","type":"bookmark","account":"5bf3***2ad7","item":"6936***f0f8","processed":11,"durationMs":689,"attempted":1,"succeeded":1,"failed":0,"expectedVideo":false,"videoDownloadEnabled":false,"imageCandidates":1,"videoCandidates":0,"message":"media localization summary"}
{"ts":"2026-08-17T12:54:36.468Z","stage":"writing","operation":"vault_write","outcome":"success","type":"bookmark","account":"5bf3***2ad7","item":"6936***f0f8","processed":11,"durationMs":689,"message":"vault write completed"}
{"ts":"2026-08-17T12:54:36.469Z","stage":"waiting","operation":"wait","account":"5bf3***2ad7","processed":12,"waitSeconds":11,"message":"platform API pacing wait"}
{"ts":"2026-08-17T12:54:47.649Z","stage":"waiting","operation":"wait","account":"5bf3***2ad7","processed":12,"waitSeconds":6,"message":"platform API pacing wait"}
{"ts":"2026-08-17T12:54:54.147Z","stage":"detail","operation":"detail","outcome":"success","type":"bookmark","account":"5bf3***2ad7","item":"6967***2682","processed":12,"durationMs":17678,"message":"item detail completed"}
{"ts":"2026-08-17T12:54:54.148Z","stage":"comments","operation":"comments","outcome":"success","type":"bookmark","account":"5bf3***2ad7","item":"6967***2682","processed":12,"durationMs":17678,"attempted":1,"succeeded":1,"failed":0,"message":"comment attachment summary"}
{"ts":"2026-08-17T12:54:54.793Z","stage":"media","operation":"media","outcome":"success","type":"bookmark","account":"5bf3***2ad7","item":"6967***2682","processed":12,"durationMs":642,"attempted":1,"succeeded":1,"failed":0,"expectedVideo":false,"videoDownloadEnabled":false,"imageCandidates":1,"videoCandidates":0,"message":"media localization summary"}
{"ts":"2026-08-17T12:54:54.793Z","stage":"writing","operation":"vault_write","outcome":"success","type":"bookmark","account":"5bf3***2ad7","item":"6967***2682","processed":12,"durationMs":643,"message":"vault write completed"}
{"ts":"2026-08-17T12:54:54.794Z","stage":"waiting","operation":"wait","account":"5bf3***2ad7","processed":13,"waitSeconds":9,"message":"platform API pacing wait"}
{"ts":"2026-08-17T12:55:04.161Z","stage":"waiting","operation":"wait","account":"5bf3***2ad7","processed":13,"waitSeconds":10,"message":"platform API pacing wait"}
{"ts":"2026-08-17T12:55:14.552Z","stage":"detail","operation":"detail","outcome":"success","type":"bookmark","account":"5bf3***2ad7","item":"6965***1886","processed":13,"durationMs":19756,"message":"item detail completed"}
{"ts":"2026-08-17T12:55:14.553Z","stage":"comments","operation":"comments","outcome":"success","type":"bookmark","account":"5bf3***2ad7","item":"6965***1886","processed":13,"durationMs":19756,"attempted":1,"succeeded":1,"failed":0,"message":"comment attachment summary"}
{"ts":"2026-08-17T12:55:15.401Z","stage":"media","operation":"media","outcome":"success","type":"bookmark","account":"5bf3***2ad7","item":"6965***1886","processed":13,"durationMs":846,"attempted":2,"succeeded":2,"failed":0,"expectedVideo":false,"videoDownloadEnabled":false,"imageCandidates":2,"videoCandidates":0,"message":"media localization summary"}
{"ts":"2026-08-17T12:55:15.401Z","stage":"writing","operation":"vault_write","outcome":"success","type":"bookmark","account":"5bf3***2ad7","item":"6965***1886","processed":13,"durationMs":846,"message":"vault write completed"}
{"ts":"2026-08-17T12:55:15.402Z","stage":"waiting","operation":"wait","account":"5bf3***2ad7","processed":14,"waitSeconds":14,"message":"platform API pacing wait"}
{"ts":"2026-08-17T12:55:29.591Z","stage":"waiting","operation":"wait","account":"5bf3***2ad7","processed":14,"waitSeconds":6,"message":"platform API pacing wait"}
{"ts":"2026-08-17T12:55:36.586Z","stage":"detail","operation":"detail","outcome":"success","type":"bookmark","account":"5bf3***2ad7","item":"6965***2a5b","processed":14,"durationMs":21184,"message":"item detail completed"}
{"ts":"2026-08-17T12:55:36.587Z","stage":"comments","operation":"comments","outcome":"success","type":"bookmark","account":"5bf3***2ad7","item":"6965***2a5b","processed":14,"durationMs":21184,"attempted":1,"succeeded":1,"failed":0,"message":"comment attachment summary"}
{"ts":"2026-08-17T12:55:37.280Z","stage":"media","operation":"media","outcome":"success","type":"bookmark","account":"5bf3***2ad7","item":"6965***2a5b","processed":14,"durationMs":692,"attempted":1,"succeeded":1,"failed":0,"expectedVideo":false,"videoDownloadEnabled":false,"imageCandidates":1,"videoCandidates":0,"message":"media localization summary"}
{"ts":"2026-08-17T12:55:37.281Z","stage":"writing","operation":"vault_write","outcome":"success","type":"bookmark","account":"5bf3***2ad7","item":"6965***2a5b","processed":14,"durationMs":693,"message":"vault write completed"}
{"ts":"2026-08-17T12:55:37.282Z","stage":"listing","operation":"target","outcome":"yielded","target":"bookmark","type":"bookmark","account":"5bf3***2ad7","processed":15,"attempted":5,"message":"fair sync target completed"}
{"ts":"2026-08-17T12:55:37.386Z","stage":"cooldown","operation":"run","outcome":"paused","pages":3,"processed":15,"stopReason":"run_limit","message":"本轮同步完成：新增 10 篇，已存在 0 篇，更新 0 篇，跳过 5 篇，本轮分配：收藏 10、点赞 5，本轮已达到 15 篇安全上限，将自动继续补齐。"}
{"ts":"2026-08-17T12:55:37.386Z","stage":"done","operation":"run","outcome":"paused","pages":3,"attempted":3,"succeeded":3,"message":"run diagnostics; listingRequests=3; indexBuilds=0; indexHits=0; indexMisses=15"}
{"ts":"2026-08-17T12:59:26.028Z","stage":"preparing","engine":"fair-sync-v3","os":"darwin","operation":"run","outcome":"start","processed":0,"message":"sync started; safety=safe-task-v2; limit=15; batch=5; wait=5-15s; cooldown=5-10m"}
{"ts":"2026-08-17T12:59:26.585Z","stage":"listing","target":"like","type":"like","account":"5bf3***2ad7","processed":0,"message":"fair sync target selected"}
{"ts":"2026-08-17T12:59:26.587Z","stage":"waiting","operation":"wait","account":"5bf3***2ad7","processed":0,"waitSeconds":14,"message":"platform API pacing wait"}
{"ts":"2026-08-17T12:59:40.903Z","stage":"listing","operation":"listing","outcome":"success","target":"like","type":"like","account":"5bf3***2ad7","pages":1,"processed":0,"items":5,"requestedCursorPresent":true,"cursorPresent":true,"hasMore":true,"httpStatus":200,"responseCode":0,"responseSuccess":true,"responseDataKeys":["cursor","has_more","notes"],"responseListKey":"notes","message":"listed like page"}
{"ts":"2026-08-17T12:59:40.909Z","stage":"waiting","operation":"wait","account":"5bf3***2ad7","processed":0,"waitSeconds":7,"message":"platform API pacing wait"}
{"ts":"2026-08-17T12:59:48.612Z","stage":"waiting","operation":"wait","account":"5bf3***2ad7","processed":0,"waitSeconds":11,"message":"platform API pacing wait"}
{"ts":"2026-08-17T13:00:00.401Z","stage":"waiting","operation":"wait","account":"5bf3***2ad7","processed":0,"waitSeconds":14,"message":"platform API pacing wait"}
{"ts":"2026-08-17T13:00:15.343Z","stage":"waiting","operation":"wait","account":"5bf3***2ad7","processed":0,"waitSeconds":15,"message":"platform API pacing wait"}
{"ts":"2026-08-17T13:00:31.223Z","stage":"waiting","operation":"wait","account":"5bf3***2ad7","processed":0,"waitSeconds":8,"message":"platform API pacing wait"}
{"ts":"2026-08-17T13:00:39.487Z","stage":"detail","operation":"detail","outcome":"success","type":"like","account":"5bf3***2ad7","item":"6866***c663","processed":0,"durationMs":58577,"message":"item detail completed"}
{"ts":"2026-08-17T13:00:39.488Z","stage":"comments","operation":"comments","outcome":"success","type":"like","account":"5bf3***2ad7","item":"6866***c663","processed":0,"durationMs":58577,"attempted":1,"succeeded":1,"failed":0,"message":"comment attachment summary"}
{"ts":"2026-08-17T13:00:39.493Z","stage":"waiting","operation":"wait","account":"5bf3***2ad7","processed":1,"waitSeconds":9,"message":"platform API pacing wait"}
{"ts":"2026-08-17T13:00:48.679Z","stage":"waiting","operation":"wait","account":"5bf3***2ad7","processed":1,"waitSeconds":8,"message":"platform API pacing wait"}
{"ts":"2026-08-17T13:00:57.105Z","stage":"detail","operation":"detail","outcome":"success","type":"like","account":"5bf3***2ad7","item":"6828***ddf9","processed":1,"durationMs":17612,"message":"item detail completed"}
{"ts":"2026-08-17T13:00:57.107Z","stage":"comments","operation":"comments","outcome":"success","type":"like","account":"5bf3***2ad7","item":"6828***ddf9","processed":1,"durationMs":17612,"attempted":1,"succeeded":1,"failed":0,"message":"comment attachment summary"}
{"ts":"2026-08-17T13:00:57.122Z","stage":"waiting","operation":"wait","account":"5bf3***2ad7","processed":2,"waitSeconds":13,"message":"platform API pacing wait"}
{"ts":"2026-08-17T13:01:10.442Z","stage":"waiting","operation":"wait","account":"5bf3***2ad7","processed":2,"waitSeconds":12,"message":"platform API pacing wait"}
{"ts":"2026-08-17T13:01:23.661Z","stage":"detail","operation":"detail","outcome":"success","type":"like","account":"5bf3***2ad7","item":"66f0***8b6c","processed":2,"durationMs":26540,"message":"item detail completed"}
{"ts":"2026-08-17T13:01:23.662Z","stage":"comments","operation":"comments","outcome":"success","type":"like","account":"5bf3***2ad7","item":"66f0***8b6c","processed":2,"durationMs":26540,"attempted":1,"succeeded":1,"failed":0,"message":"comment attachment summary"}
{"ts":"2026-08-17T13:01:23.665Z","stage":"waiting","operation":"wait","account":"5bf3***2ad7","processed":3,"waitSeconds":6,"message":"platform API pacing wait"}
{"ts":"2026-08-17T13:01:29.542Z","stage":"waiting","operation":"wait","account":"5bf3***2ad7","processed":3,"waitSeconds":8,"message":"platform API pacing wait"}
{"ts":"2026-08-17T13:01:37.887Z","stage":"detail","operation":"detail","outcome":"success","type":"like","account":"5bf3***2ad7","item":"6876***f090","processed":3,"durationMs":14223,"message":"item detail completed"}
{"ts":"2026-08-17T13:01:37.889Z","stage":"comments","operation":"comments","outcome":"success","type":"like","account":"5bf3***2ad7","item":"6876***f090","processed":3,"durationMs":14223,"attempted":1,"succeeded":1,"failed":0,"message":"comment attachment summary"}
{"ts":"2026-08-17T13:01:37.893Z","stage":"waiting","operation":"wait","account":"5bf3***2ad7","processed":4,"waitSeconds":11,"message":"platform API pacing wait"}
{"ts":"2026-08-17T13:01:49.081Z","stage":"waiting","operation":"wait","account":"5bf3***2ad7","processed":4,"waitSeconds":8,"message":"platform API pacing wait"}
{"ts":"2026-08-17T13:01:57.864Z","stage":"detail","operation":"detail","outcome":"success","type":"like","account":"5bf3***2ad7","item":"6853***2170","processed":4,"durationMs":19972,"message":"item detail completed"}
{"ts":"2026-08-17T13:01:57.866Z","stage":"comments","operation":"comments","outcome":"success","type":"like","account":"5bf3***2ad7","item":"6853***2170","processed":4,"durationMs":19972,"attempted":1,"succeeded":1,"failed":0,"message":"comment attachment summary"}
{"ts":"2026-08-17T13:01:57.868Z","stage":"waiting","account":"5bf3***2ad7","processed":5,"waitSeconds":10,"message":"batch wait after 5 notes"}
{"ts":"2026-08-17T13:02:07.100Z","stage":"listing","operation":"target","outcome":"yielded","target":"like","type":"like","account":"5bf3***2ad7","processed":5,"attempted":5,"message":"fair sync target completed"}
{"ts":"2026-08-17T13:02:07.197Z","stage":"listing","target":"bookmark","type":"bookmark","account":"5bf3***2ad7","processed":5,"message":"fair sync target selected"}
{"ts":"2026-08-17T13:02:08.466Z","stage":"listing","operation":"listing","outcome":"success","target":"bookmark","type":"bookmark","account":"5bf3***2ad7","pages":1,"processed":5,"items":5,"requestedCursorPresent":true,"cursorPresent":true,"hasMore":true,"httpStatus":200,"responseCode":0,"responseSuccess":true,"responseDataKeys":["notes","cursor","has_more"],"responseListKey":"notes","message":"listed bookmark page"}
{"ts":"2026-08-17T13:02:08.492Z","stage":"waiting","operation":"wait","account":"5bf3***2ad7","processed":5,"waitSeconds":13,"message":"platform API pacing wait"}
{"ts":"2026-08-17T13:02:21.614Z","stage":"waiting","operation":"wait","account":"5bf3***2ad7","processed":5,"waitSeconds":14,"message":"platform API pacing wait"}
{"ts":"2026-08-17T13:02:35.582Z","stage":"detail","operation":"detail","outcome":"success","type":"bookmark","account":"5bf3***2ad7","item":"6964***05fc","processed":5,"durationMs":27091,"message":"item detail completed"}
{"ts":"2026-08-17T13:02:37.000Z","stage":"media","operation":"media","outcome":"success","type":"bookmark","account":"5bf3***2ad7","item":"6964***05fc","processed":5,"durationMs":1410,"attempted":2,"succeeded":2,"failed":0,"expectedVideo":false,"videoDownloadEnabled":false,"imageCandidates":2,"videoCandidates":0,"message":"media localization summary"}
{"ts":"2026-08-17T13:02:37.003Z","stage":"writing","operation":"vault_write","outcome":"success","type":"bookmark","account":"5bf3***2ad7","item":"6964***05fc","processed":5,"durationMs":1413,"message":"vault write completed"}
{"ts":"2026-08-17T13:02:37.012Z","stage":"waiting","operation":"wait","account":"5bf3***2ad7","processed":6,"waitSeconds":14,"message":"platform API pacing wait"}
{"ts":"2026-08-17T13:02:51.108Z","stage":"waiting","operation":"wait","account":"5bf3***2ad7","processed":6,"waitSeconds":12,"message":"platform API pacing wait"}
{"ts":"2026-08-17T13:03:03.617Z","stage":"detail","operation":"detail","outcome":"success","type":"bookmark","account":"5bf3***2ad7","item":"6941***4e42","processed":6,"durationMs":26605,"message":"item detail completed"}
{"ts":"2026-08-17T13:03:03.618Z","stage":"comments","operation":"comments","outcome":"success","type":"bookmark","account":"5bf3***2ad7","item":"6941***4e42","processed":6,"durationMs":26605,"attempted":1,"succeeded":1,"failed":0,"message":"comment attachment summary"}
{"ts":"2026-08-17T13:03:04.157Z","stage":"media","operation":"media","outcome":"success","type":"bookmark","account":"5bf3***2ad7","item":"6941***4e42","processed":6,"durationMs":538,"attempted":1,"succeeded":1,"failed":0,"expectedVideo":false,"videoDownloadEnabled":false,"imageCandidates":1,"videoCandidates":0,"message":"media localization summary"}
{"ts":"2026-08-17T13:03:04.157Z","stage":"writing","operation":"vault_write","outcome":"success","type":"bookmark","account":"5bf3***2ad7","item":"6941***4e42","processed":6,"durationMs":538,"message":"vault write completed"}
{"ts":"2026-08-17T13:03:04.158Z","stage":"waiting","operation":"wait","account":"5bf3***2ad7","processed":7,"waitSeconds":12,"message":"platform API pacing wait"}
{"ts":"2026-08-17T13:03:16.137Z","stage":"waiting","operation":"wait","account":"5bf3***2ad7","processed":7,"waitSeconds":6,"message":"platform API pacing wait"}
{"ts":"2026-08-17T13:03:22.986Z","stage":"detail","operation":"detail","outcome":"success","type":"bookmark","account":"5bf3***2ad7","item":"695b***221e","processed":7,"durationMs":18828,"message":"item detail completed"}
{"ts":"2026-08-17T13:03:22.987Z","stage":"comments","operation":"comments","outcome":"success","type":"bookmark","account":"5bf3***2ad7","item":"695b***221e","processed":7,"durationMs":18828,"attempted":1,"succeeded":1,"failed":0,"message":"comment attachment summary"}
{"ts":"2026-08-17T13:03:23.571Z","stage":"media","operation":"media","outcome":"success","type":"bookmark","account":"5bf3***2ad7","item":"695b***221e","processed":7,"durationMs":581,"attempted":1,"succeeded":1,"failed":0,"expectedVideo":false,"videoDownloadEnabled":false,"imageCandidates":1,"videoCandidates":0,"message":"media localization summary"}
{"ts":"2026-08-17T13:03:23.571Z","stage":"writing","operation":"vault_write","outcome":"success","type":"bookmark","account":"5bf3***2ad7","item":"695b***221e","processed":7,"durationMs":581,"message":"vault write completed"}
{"ts":"2026-08-17T13:03:23.573Z","stage":"waiting","operation":"wait","account":"5bf3***2ad7","processed":8,"waitSeconds":5,"message":"platform API pacing wait"}
{"ts":"2026-08-17T13:03:28.594Z","stage":"waiting","operation":"wait","account":"5bf3***2ad7","processed":8,"waitSeconds":9,"message":"platform API pacing wait"}
{"ts":"2026-08-17T13:03:37.659Z","stage":"detail","operation":"detail","outcome":"success","type":"bookmark","account":"5bf3***2ad7","item":"6601***6e47","processed":8,"durationMs":14087,"message":"item detail completed"}
{"ts":"2026-08-17T13:03:37.660Z","stage":"comments","operation":"comments","outcome":"success","type":"bookmark","account":"5bf3***2ad7","item":"6601***6e47","processed":8,"durationMs":14087,"attempted":1,"succeeded":1,"failed":0,"message":"comment attachment summary"}
{"ts":"2026-08-17T13:03:37.663Z","stage":"waiting","operation":"wait","account":"5bf3***2ad7","processed":9,"waitSeconds":8,"message":"platform API pacing wait"}
{"ts":"2026-08-17T13:03:45.262Z","stage":"waiting","operation":"wait","account":"5bf3***2ad7","processed":9,"waitSeconds":11,"message":"platform API pacing wait"}
{"ts":"2026-08-17T13:03:57.314Z","stage":"detail","operation":"detail","outcome":"success","type":"bookmark","account":"5bf3***2ad7","item":"694f***bd79","processed":9,"durationMs":19652,"message":"item detail completed"}
{"ts":"2026-08-17T13:03:57.314Z","stage":"comments","operation":"comments","outcome":"success","type":"bookmark","account":"5bf3***2ad7","item":"694f***bd79","processed":9,"durationMs":19652,"attempted":1,"succeeded":1,"failed":0,"message":"comment attachment summary"}
{"ts":"2026-08-17T13:03:58.286Z","stage":"media","operation":"media","outcome":"success","type":"bookmark","account":"5bf3***2ad7","item":"694f***bd79","processed":9,"durationMs":970,"attempted":2,"succeeded":2,"failed":0,"expectedVideo":false,"videoDownloadEnabled":false,"imageCandidates":2,"videoCandidates":0,"message":"media localization summary"}
{"ts":"2026-08-17T13:03:58.286Z","stage":"writing","operation":"vault_write","outcome":"success","type":"bookmark","account":"5bf3***2ad7","item":"694f***bd79","processed":9,"durationMs":970,"message":"vault write completed"}
{"ts":"2026-08-17T13:03:58.287Z","stage":"waiting","account":"5bf3***2ad7","processed":10,"waitSeconds":12,"message":"batch wait after 10 notes"}
{"ts":"2026-08-17T13:04:09.470Z","stage":"listing","operation":"target","outcome":"yielded","target":"bookmark","type":"bookmark","account":"5bf3***2ad7","processed":10,"attempted":5,"message":"fair sync target completed"}
{"ts":"2026-08-17T13:04:09.549Z","stage":"listing","target":"like","type":"like","account":"5bf3***2ad7","processed":10,"message":"fair sync target selected"}
{"ts":"2026-08-17T13:04:10.522Z","stage":"listing","operation":"listing","outcome":"success","target":"like","type":"like","account":"5bf3***2ad7","pages":1,"processed":10,"items":5,"requestedCursorPresent":true,"cursorPresent":true,"hasMore":true,"httpStatus":200,"responseCode":0,"responseSuccess":true,"responseDataKeys":["cursor","has_more","notes"],"responseListKey":"notes","message":"listed like page"}
{"ts":"2026-08-17T13:04:10.531Z","stage":"waiting","operation":"wait","account":"5bf3***2ad7","processed":10,"waitSeconds":15,"message":"platform API pacing wait"}
{"ts":"2026-08-17T13:04:25.584Z","stage":"waiting","operation":"wait","account":"5bf3***2ad7","processed":10,"waitSeconds":13,"message":"platform API pacing wait"}
{"ts":"2026-08-17T13:04:39.446Z","stage":"detail","operation":"detail","outcome":"success","type":"like","account":"5bf3***2ad7","item":"6852***d640","processed":10,"durationMs":28915,"message":"item detail completed"}
{"ts":"2026-08-17T13:04:39.450Z","stage":"waiting","operation":"wait","account":"5bf3***2ad7","processed":11,"waitSeconds":6,"message":"platform API pacing wait"}
{"ts":"2026-08-17T13:04:45.623Z","stage":"waiting","operation":"wait","account":"5bf3***2ad7","processed":11,"waitSeconds":15,"message":"platform API pacing wait"}
{"ts":"2026-08-17T13:05:01.267Z","stage":"detail","operation":"detail","outcome":"success","type":"like","account":"5bf3***2ad7","item":"6874***ccdb","processed":11,"durationMs":21817,"message":"item detail completed"}
{"ts":"2026-08-17T13:05:01.274Z","stage":"waiting","operation":"wait","account":"5bf3***2ad7","processed":12,"waitSeconds":9,"message":"platform API pacing wait"}
{"ts":"2026-08-17T13:05:11.196Z","stage":"waiting","operation":"wait","account":"5bf3***2ad7","processed":12,"waitSeconds":11,"message":"platform API pacing wait"}
{"ts":"2026-08-17T13:05:22.934Z","stage":"detail","operation":"detail","outcome":"success","type":"like","account":"5bf3***2ad7","item":"6875***6b5c","processed":12,"durationMs":21660,"message":"item detail completed"}
{"ts":"2026-08-17T13:05:22.934Z","stage":"comments","operation":"comments","outcome":"success","type":"like","account":"5bf3***2ad7","item":"6875***6b5c","processed":12,"durationMs":21660,"attempted":1,"succeeded":1,"failed":0,"message":"comment attachment summary"}
{"ts":"2026-08-17T13:05:22.938Z","stage":"waiting","operation":"wait","account":"5bf3***2ad7","processed":13,"waitSeconds":9,"message":"platform API pacing wait"}
{"ts":"2026-08-17T13:05:32.327Z","stage":"waiting","operation":"wait","account":"5bf3***2ad7","processed":13,"waitSeconds":9,"message":"platform API pacing wait"}
{"ts":"2026-08-17T13:05:42.143Z","stage":"detail","operation":"detail","outcome":"success","type":"like","account":"5bf3***2ad7","item":"6873***6400","processed":13,"durationMs":19205,"message":"item detail completed"}
{"ts":"2026-08-17T13:05:42.143Z","stage":"comments","operation":"comments","outcome":"success","type":"like","account":"5bf3***2ad7","item":"6873***6400","processed":13,"durationMs":19205,"attempted":1,"succeeded":1,"failed":0,"message":"comment attachment summary"}
{"ts":"2026-08-17T13:05:42.146Z","stage":"waiting","operation":"wait","account":"5bf3***2ad7","processed":14,"waitSeconds":14,"message":"platform API pacing wait"}
{"ts":"2026-08-17T13:05:56.806Z","stage":"waiting","operation":"wait","account":"5bf3***2ad7","processed":14,"waitSeconds":9,"message":"platform API pacing wait"}
{"ts":"2026-08-17T13:06:06.233Z","stage":"detail","operation":"detail","outcome":"success","type":"like","account":"5bf3***2ad7","item":"6874***53a0","processed":14,"durationMs":24088,"message":"item detail completed"}
{"ts":"2026-08-17T13:06:06.234Z","stage":"comments","operation":"comments","outcome":"success","type":"like","account":"5bf3***2ad7","item":"6874***53a0","processed":14,"durationMs":24088,"attempted":1,"succeeded":1,"failed":0,"message":"comment attachment summary"}
{"ts":"2026-08-17T13:06:06.237Z","stage":"listing","operation":"target","outcome":"yielded","target":"like","type":"like","account":"5bf3***2ad7","processed":15,"attempted":5,"message":"fair sync target completed"}
{"ts":"2026-08-17T13:06:06.260Z","stage":"cooldown","operation":"run","outcome":"paused","pages":3,"processed":15,"stopReason":"run_limit","message":"本轮同步完成：新增 4 篇，已存在 0 篇，更新 0 篇，跳过 11 篇，本轮分配：点赞 10、收藏 5，本轮已达到 15 篇安全上限，将自动继续补齐。"}
{"ts":"2026-08-17T13:06:06.261Z","stage":"done","operation":"run","outcome":"paused","pages":3,"attempted":3,"succeeded":3,"message":"run diagnostics; listingRequests=3; indexBuilds=0; indexHits=5; indexMisses=13"}
{"ts":"2026-08-17T13:09:26.078Z","stage":"preparing","engine":"fair-sync-v3","os":"darwin","operation":"run","outcome":"start","processed":0,"message":"sync started; safety=safe-task-v2; limit=15; batch=5; wait=5-15s; cooldown=5-10m"}
{"ts":"2026-08-17T13:09:26.793Z","stage":"listing","target":"bookmark","type":"bookmark","account":"5bf3***2ad7","processed":0,"message":"fair sync target selected"}
{"ts":"2026-08-17T13:09:26.796Z","stage":"waiting","operation":"wait","account":"5bf3***2ad7","processed":0,"waitSeconds":13,"message":"platform API pacing wait"}
{"ts":"2026-08-17T13:09:40.809Z","stage":"listing","operation":"listing","outcome":"success","target":"bookmark","type":"bookmark","account":"5bf3***2ad7","pages":1,"processed":0,"items":5,"requestedCursorPresent":true,"cursorPresent":true,"hasMore":true,"httpStatus":200,"responseCode":0,"responseSuccess":true,"responseDataKeys":["cursor","has_more","notes"],"responseListKey":"notes","message":"listed bookmark page"}
{"ts":"2026-08-17T13:09:40.817Z","stage":"waiting","operation":"wait","account":"5bf3***2ad7","processed":0,"waitSeconds":8,"message":"platform API pacing wait"}
{"ts":"2026-08-17T13:09:49.243Z","stage":"waiting","operation":"wait","account":"5bf3***2ad7","processed":0,"waitSeconds":11,"message":"platform API pacing wait"}
{"ts":"2026-08-17T13:10:01.027Z","stage":"detail","operation":"detail","outcome":"success","type":"bookmark","account":"5bf3***2ad7","item":"687f***3d74","processed":0,"durationMs":20210,"message":"item detail completed"}
{"ts":"2026-08-17T13:10:01.027Z","stage":"comments","operation":"comments","outcome":"success","type":"bookmark","account":"5bf3***2ad7","item":"687f***3d74","processed":0,"durationMs":20210,"attempted":1,"succeeded":1,"failed":0,"message":"comment attachment summary"}
{"ts":"2026-08-17T13:10:01.031Z","stage":"waiting","operation":"wait","account":"5bf3***2ad7","processed":1,"waitSeconds":10,"message":"platform API pacing wait"}
{"ts":"2026-08-17T13:10:12.434Z","stage":"waiting","operation":"wait","account":"5bf3***2ad7","processed":1,"waitSeconds":12,"message":"platform API pacing wait"}
{"ts":"2026-08-17T13:10:25.275Z","stage":"detail","operation":"detail","outcome":"success","type":"bookmark","account":"5bf3***2ad7","item":"6912***3a45","processed":1,"durationMs":24244,"message":"item detail completed"}
{"ts":"2026-08-17T13:10:25.276Z","stage":"comments","operation":"comments","outcome":"success","type":"bookmark","account":"5bf3***2ad7","item":"6912***3a45","processed":1,"durationMs":24244,"attempted":1,"succeeded":1,"failed":0,"message":"comment attachment summary"}
{"ts":"2026-08-17T13:10:26.944Z","stage":"media","operation":"media","outcome":"success","type":"bookmark","account":"5bf3***2ad7","item":"6912***3a45","processed":1,"durationMs":1666,"attempted":6,"succeeded":6,"failed":0,"expectedVideo":false,"videoDownloadEnabled":false,"imageCandidates":6,"videoCandidates":0,"message":"media localization summary"}
{"ts":"2026-08-17T13:10:26.944Z","stage":"writing","operation":"vault_write","outcome":"success","type":"bookmark","account":"5bf3***2ad7","item":"6912***3a45","processed":1,"durationMs":1666,"message":"vault write completed"}
{"ts":"2026-08-17T13:10:26.946Z","stage":"waiting","operation":"wait","account":"5bf3***2ad7","processed":2,"waitSeconds":4,"message":"platform API pacing wait"}
{"ts":"2026-08-17T13:10:31.526Z","stage":"waiting","operation":"wait","account":"5bf3***2ad7","processed":2,"waitSeconds":6,"message":"platform API pacing wait"}
{"ts":"2026-08-17T13:10:37.938Z","stage":"detail","operation":"detail","outcome":"success","type":"bookmark","account":"5bf3***2ad7","item":"6944***eaaa","processed":2,"durationMs":10993,"message":"item detail completed"}
{"ts":"2026-08-17T13:10:37.939Z","stage":"comments","operation":"comments","outcome":"success","type":"bookmark","account":"5bf3***2ad7","item":"6944***eaaa","processed":2,"durationMs":10993,"attempted":1,"succeeded":1,"failed":0,"message":"comment attachment summary"}
{"ts":"2026-08-17T13:10:38.229Z","stage":"media","operation":"media","outcome":"success","type":"bookmark","account":"5bf3***2ad7","item":"6944***eaaa","processed":2,"durationMs":289,"attempted":1,"succeeded":1,"failed":0,"expectedVideo":false,"videoDownloadEnabled":false,"imageCandidates":1,"videoCandidates":0,"message":"media localization summary"}
{"ts":"2026-08-17T13:10:38.229Z","stage":"writing","operation":"vault_write","outcome":"success","type":"bookmark","account":"5bf3***2ad7","item":"6944***eaaa","processed":2,"durationMs":289,"message":"vault write completed"}
{"ts":"2026-08-17T13:10:38.230Z","stage":"waiting","operation":"wait","account":"5bf3***2ad7","processed":3,"waitSeconds":13,"message":"platform API pacing wait"}
{"ts":"2026-08-17T13:10:51.602Z","stage":"waiting","operation":"wait","account":"5bf3***2ad7","processed":3,"waitSeconds":14,"message":"platform API pacing wait"}
{"ts":"2026-08-17T13:11:06.470Z","stage":"detail","operation":"detail","outcome":"success","type":"bookmark","account":"5bf3***2ad7","item":"688c***7b40","processed":3,"durationMs":28240,"message":"item detail completed"}
{"ts":"2026-08-17T13:11:06.471Z","stage":"comments","operation":"comments","outcome":"success","type":"bookmark","account":"5bf3***2ad7","item":"688c***7b40","processed":3,"durationMs":28240,"attempted":1,"succeeded":1,"failed":0,"message":"comment attachment summary"}
{"ts":"2026-08-17T13:11:06.474Z","stage":"waiting","operation":"wait","account":"5bf3***2ad7","processed":4,"waitSeconds":14,"message":"platform API pacing wait"}
{"ts":"2026-08-17T13:11:20.628Z","stage":"waiting","operation":"wait","account":"5bf3***2ad7","processed":4,"waitSeconds":15,"message":"platform API pacing wait"}
{"ts":"2026-08-17T13:11:36.014Z","stage":"detail","operation":"detail","outcome":"success","type":"bookmark","account":"5bf3***2ad7","item":"6947***4064","processed":4,"durationMs":29539,"message":"item detail completed"}
{"ts":"2026-08-17T13:11:36.014Z","stage":"comments","operation":"comments","outcome":"success","type":"bookmark","account":"5bf3***2ad7","item":"6947***4064","processed":4,"durationMs":29539,"attempted":1,"succeeded":1,"failed":0,"message":"comment attachment summary"}
{"ts":"2026-08-17T13:11:36.979Z","stage":"media","operation":"media","outcome":"success","type":"bookmark","account":"5bf3***2ad7","item":"6947***4064","processed":4,"durationMs":963,"attempted":1,"succeeded":1,"failed":0,"expectedVideo":false,"videoDownloadEnabled":false,"imageCandidates":1,"videoCandidates":0,"message":"media localization summary"}
{"ts":"2026-08-17T13:11:36.979Z","stage":"writing","operation":"vault_write","outcome":"success","type":"bookmark","account":"5bf3***2ad7","item":"6947***4064","processed":4,"durationMs":963,"message":"vault write completed"}
{"ts":"2026-08-17T13:11:36.979Z","stage":"waiting","account":"5bf3***2ad7","processed":5,"waitSeconds":13,"message":"batch wait after 5 notes"}
{"ts":"2026-08-17T13:11:49.933Z","stage":"listing","operation":"target","outcome":"yielded","target":"bookmark","type":"bookmark","account":"5bf3***2ad7","processed":5,"attempted":5,"message":"fair sync target completed"}
{"ts":"2026-08-17T13:11:49.949Z","stage":"listing","target":"like","type":"like","account":"5bf3***2ad7","processed":5,"message":"fair sync target selected"}
{"ts":"2026-08-17T13:11:51.570Z","stage":"listing","operation":"listing","outcome":"success","target":"like","type":"like","account":"5bf3***2ad7","pages":1,"processed":5,"items":5,"requestedCursorPresent":true,"cursorPresent":true,"hasMore":true,"httpStatus":200,"responseCode":0,"responseSuccess":true,"responseDataKeys":["cursor","has_more","notes"],"responseListKey":"notes","message":"listed like page"}
{"ts":"2026-08-17T13:11:51.574Z","stage":"waiting","operation":"wait","account":"5bf3***2ad7","processed":5,"waitSeconds":9,"message":"platform API pacing wait"}
{"ts":"2026-08-17T13:12:01.790Z","stage":"waiting","operation":"wait","account":"5bf3***2ad7","processed":5,"waitSeconds":12,"message":"platform API pacing wait"}
{"ts":"2026-08-17T13:12:14.518Z","stage":"detail","operation":"detail","outcome":"success","type":"like","account":"5bf3***2ad7","item":"685c***6347","processed":5,"durationMs":22945,"message":"item detail completed"}
{"ts":"2026-08-17T13:12:14.519Z","stage":"comments","operation":"comments","outcome":"success","type":"like","account":"5bf3***2ad7","item":"685c***6347","processed":5,"durationMs":22945,"attempted":1,"succeeded":1,"failed":0,"message":"comment attachment summary"}
{"ts":"2026-08-17T13:12:14.522Z","stage":"waiting","operation":"wait","account":"5bf3***2ad7","processed":6,"waitSeconds":11,"message":"platform API pacing wait"}
{"ts":"2026-08-17T13:12:26.051Z","stage":"waiting","operation":"wait","account":"5bf3***2ad7","processed":6,"waitSeconds":11,"message":"platform API pacing wait"}
{"ts":"2026-08-17T13:12:37.752Z","stage":"detail","operation":"detail","outcome":"success","type":"like","account":"5bf3***2ad7","item":"6870***39e5","processed":6,"durationMs":23230,"message":"item detail completed"}
{"ts":"2026-08-17T13:12:37.753Z","stage":"comments","operation":"comments","outcome":"success","type":"like","account":"5bf3***2ad7","item":"6870***39e5","processed":6,"durationMs":23230,"attempted":1,"succeeded":1,"failed":0,"message":"comment attachment summary"}
{"ts":"2026-08-17T13:12:37.756Z","stage":"waiting","operation":"wait","account":"5bf3***2ad7","processed":7,"waitSeconds":12,"message":"platform API pacing wait"}
{"ts":"2026-08-17T13:12:50.517Z","stage":"waiting","operation":"wait","account":"5bf3***2ad7","processed":7,"waitSeconds":13,"message":"platform API pacing wait"}
{"ts":"2026-08-17T13:13:04.226Z","stage":"detail","operation":"detail","outcome":"success","type":"like","account":"5bf3***2ad7","item":"680d***2824","processed":7,"durationMs":26469,"message":"item detail completed"}
{"ts":"2026-08-17T13:13:04.229Z","stage":"comments","operation":"comments","outcome":"success","type":"like","account":"5bf3***2ad7","item":"680d***2824","processed":7,"durationMs":26469,"attempted":1,"succeeded":1,"failed":0,"message":"comment attachment summary"}
{"ts":"2026-08-17T13:13:04.232Z","stage":"waiting","operation":"wait","account":"5bf3***2ad7","processed":8,"waitSeconds":14,"message":"platform API pacing wait"}
{"ts":"2026-08-17T13:13:18.338Z","stage":"waiting","operation":"wait","account":"5bf3***2ad7","processed":8,"waitSeconds":14,"message":"platform API pacing wait"}
{"ts":"2026-08-17T13:13:33.398Z","stage":"detail","operation":"detail","outcome":"success","type":"like","account":"5bf3***2ad7","item":"6870***6f7f","processed":8,"durationMs":29166,"message":"item detail completed"}
{"ts":"2026-08-17T13:13:33.399Z","stage":"comments","operation":"comments","outcome":"success","type":"like","account":"5bf3***2ad7","item":"6870***6f7f","processed":8,"durationMs":29166,"attempted":1,"succeeded":1,"failed":0,"message":"comment attachment summary"}
{"ts":"2026-08-17T13:13:33.404Z","stage":"waiting","operation":"wait","account":"5bf3***2ad7","processed":9,"waitSeconds":6,"message":"platform API pacing wait"}
{"ts":"2026-08-17T13:13:40.101Z","stage":"waiting","operation":"wait","account":"5bf3***2ad7","processed":9,"waitSeconds":6,"message":"platform API pacing wait"}
{"ts":"2026-08-17T13:13:46.372Z","stage":"detail","operation":"detail","outcome":"success","type":"like","account":"5bf3***2ad7","item":"6870***c9cc","processed":9,"durationMs":12969,"message":"item detail completed"}
{"ts":"2026-08-17T13:13:46.373Z","stage":"comments","operation":"comments","outcome":"success","type":"like","account":"5bf3***2ad7","item":"6870***c9cc","processed":9,"durationMs":12969,"attempted":1,"succeeded":1,"failed":0,"message":"comment attachment summary"}
{"ts":"2026-08-17T13:13:46.374Z","stage":"waiting","account":"5bf3***2ad7","processed":10,"waitSeconds":6,"message":"batch wait after 10 notes"}
{"ts":"2026-08-17T13:13:51.509Z","stage":"listing","operation":"target","outcome":"yielded","target":"like","type":"like","account":"5bf3***2ad7","processed":10,"attempted":5,"message":"fair sync target completed"}
{"ts":"2026-08-17T13:13:51.532Z","stage":"listing","target":"bookmark","type":"bookmark","account":"5bf3***2ad7","processed":10,"message":"fair sync target selected"}
{"ts":"2026-08-17T13:13:51.538Z","stage":"waiting","operation":"wait","account":"5bf3***2ad7","processed":10,"waitSeconds":9,"message":"platform API pacing wait"}
{"ts":"2026-08-17T13:14:01.666Z","stage":"listing","operation":"listing","outcome":"success","target":"bookmark","type":"bookmark","account":"5bf3***2ad7","pages":1,"processed":10,"items":5,"requestedCursorPresent":true,"cursorPresent":true,"hasMore":true,"httpStatus":200,"responseCode":0,"responseSuccess":true,"responseDataKeys":["has_more","notes","cursor"],"responseListKey":"notes","message":"listed bookmark page"}
{"ts":"2026-08-17T13:14:01.670Z","stage":"waiting","operation":"wait","account":"5bf3***2ad7","processed":10,"waitSeconds":15,"message":"platform API pacing wait"}
{"ts":"2026-08-17T13:14:17.236Z","stage":"waiting","operation":"wait","account":"5bf3***2ad7","processed":10,"waitSeconds":8,"message":"platform API pacing wait"}
{"ts":"2026-08-17T13:14:25.675Z","stage":"detail","operation":"detail","outcome":"success","type":"bookmark","account":"5bf3***2ad7","item":"6946***01d6","processed":10,"durationMs":24005,"message":"item detail completed"}
{"ts":"2026-08-17T13:14:25.676Z","stage":"comments","operation":"comments","outcome":"success","type":"bookmark","account":"5bf3***2ad7","item":"6946***01d6","processed":10,"durationMs":24005,"attempted":1,"succeeded":1,"failed":0,"message":"comment attachment summary"}
{"ts":"2026-08-17T13:14:27.679Z","stage":"media","operation":"media","outcome":"success","type":"bookmark","account":"5bf3***2ad7","item":"6946***01d6","processed":10,"durationMs":2001,"attempted":9,"succeeded":9,"failed":0,"expectedVideo":false,"videoDownloadEnabled":false,"imageCandidates":9,"videoCandidates":0,"message":"media localization summary"}
{"ts":"2026-08-17T13:14:27.679Z","stage":"writing","operation":"vault_write","outcome":"success","type":"bookmark","account":"5bf3***2ad7","item":"6946***01d6","processed":10,"durationMs":2001,"message":"vault write completed"}
{"ts":"2026-08-17T13:14:27.680Z","stage":"waiting","operation":"wait","account":"5bf3***2ad7","processed":11,"waitSeconds":12,"message":"platform API pacing wait"}
{"ts":"2026-08-17T13:14:53.564Z","stage":"waiting","operation":"wait","account":"5bf3***2ad7","processed":11,"waitSeconds":13,"message":"platform API pacing wait"}
{"ts":"2026-08-17T13:15:08.757Z","stage":"waiting","operation":"wait","account":"5bf3***2ad7","processed":11,"waitSeconds":7,"message":"platform API pacing wait"}
{"ts":"2026-08-17T13:15:29.121Z","stage":"detail","operation":"detail","outcome":"success","type":"bookmark","account":"5bf3***2ad7","item":"689f***63e5","processed":11,"durationMs":61439,"message":"item detail completed"}
{"ts":"2026-08-17T13:15:29.122Z","stage":"comments","operation":"comments","outcome":"failed","type":"bookmark","account":"5bf3***2ad7","item":"689f***63e5","processed":11,"errorCode":"COMMENT_FAILED","durationMs":61439,"attempted":1,"succeeded":0,"failed":1,"message":"comment attachment summary"}
{"ts":"2026-08-17T13:15:29.141Z","stage":"waiting","operation":"wait","account":"5bf3***2ad7","processed":12,"waitSeconds":8,"message":"platform API pacing wait"}
{"ts":"2026-08-17T13:16:02.656Z","stage":"waiting","operation":"wait","account":"5bf3***2ad7","processed":12,"waitSeconds":8,"message":"platform API pacing wait"}
{"ts":"2026-08-17T13:16:13.001Z","stage":"waiting","operation":"wait","account":"5bf3***2ad7","processed":12,"waitSeconds":9,"message":"platform API pacing wait"}
{"ts":"2026-08-17T13:16:34.949Z","stage":"detail","operation":"detail","outcome":"success","type":"bookmark","account":"5bf3***2ad7","item":"6937***795e","processed":12,"durationMs":65823,"message":"item detail completed"}
{"ts":"2026-08-17T13:16:34.953Z","stage":"comments","operation":"comments","outcome":"failed","type":"bookmark","account":"5bf3***2ad7","item":"6937***795e","processed":12,"errorCode":"COMMENT_FAILED","durationMs":65823,"attempted":1,"succeeded":0,"failed":1,"message":"comment attachment summary"}
{"ts":"2026-08-17T13:16:34.976Z","stage":"waiting","operation":"wait","account":"5bf3***2ad7","processed":13,"waitSeconds":14,"message":"platform API pacing wait"}
{"ts":"2026-08-17T13:18:01.193Z","stage":"waiting","operation":"wait","account":"5bf3***2ad7","processed":13,"waitSeconds":9,"message":"platform API pacing wait"}
{"ts":"2026-08-17T13:18:11.664Z","stage":"waiting","operation":"wait","account":"5bf3***2ad7","processed":13,"waitSeconds":7,"message":"platform API pacing wait"}
{"ts":"2026-08-17T13:18:32.439Z","stage":"detail","operation":"detail","outcome":"success","type":"bookmark","account":"5bf3***2ad7","item":"67e2***4b55","processed":13,"durationMs":117472,"message":"item detail completed"}
{"ts":"2026-08-17T13:18:32.441Z","stage":"comments","operation":"comments","outcome":"failed","type":"bookmark","account":"5bf3***2ad7","item":"67e2***4b55","processed":13,"errorCode":"COMMENT_FAILED","durationMs":117472,"attempted":1,"succeeded":0,"failed":1,"message":"comment attachment summary"}
{"ts":"2026-08-17T13:18:32.469Z","stage":"waiting","operation":"wait","account":"5bf3***2ad7","processed":14,"waitSeconds":6,"message":"platform API pacing wait"}
{"ts":"2026-08-17T13:19:02.397Z","stage":"waiting","operation":"wait","account":"5bf3***2ad7","processed":14,"waitSeconds":14,"message":"platform API pacing wait"}
{"ts":"2026-08-17T13:19:49.138Z","stage":"waiting","operation":"wait","account":"5bf3***2ad7","processed":14,"waitSeconds":11,"message":"platform API pacing wait"}
{"ts":"2026-08-17T13:20:13.285Z","stage":"detail","operation":"detail","outcome":"success","type":"bookmark","account":"5bf3***2ad7","item":"68ef***04d9","processed":14,"durationMs":100837,"message":"item detail completed"}
{"ts":"2026-08-17T13:20:13.288Z","stage":"comments","operation":"comments","outcome":"failed","type":"bookmark","account":"5bf3***2ad7","item":"68ef***04d9","processed":14,"errorCode":"COMMENT_FAILED","durationMs":100837,"attempted":1,"succeeded":0,"failed":1,"message":"comment attachment summary"}
{"ts":"2026-08-17T13:20:13.290Z","stage":"listing","operation":"target","outcome":"yielded","target":"bookmark","type":"bookmark","account":"5bf3***2ad7","processed":15,"attempted":5,"message":"fair sync target completed"}
{"ts":"2026-08-17T13:20:13.332Z","stage":"cooldown","operation":"run","outcome":"paused","pages":3,"processed":15,"stopReason":"run_limit","message":"本轮同步完成：新增 4 篇，已存在 0 篇，更新 0 篇，跳过 11 篇，本轮分配：收藏 10、点赞 5，本轮已达到 15 篇安全上限，将自动继续补齐。"}
{"ts":"2026-08-17T13:20:13.333Z","stage":"done","operation":"run","outcome":"paused","pages":3,"attempted":3,"succeeded":3,"message":"run diagnostics; listingRequests=3; indexBuilds=0; indexHits=10; indexMisses=14"}
{"ts":"2026-08-17T13:29:47.582Z","stage":"preparing","engine":"fair-sync-v3","os":"darwin","operation":"run","outcome":"start","processed":0,"message":"sync started; safety=safe-task-v2; limit=15; batch=5; wait=5-15s; cooldown=5-10m"}
{"ts":"2026-08-17T13:29:48.137Z","stage":"listing","target":"like","type":"like","account":"5bf3***2ad7","processed":0,"message":"fair sync target selected"}
{"ts":"2026-08-17T13:29:48.170Z","stage":"waiting","operation":"wait","account":"5bf3***2ad7","processed":0,"waitSeconds":6,"message":"platform API pacing wait"}
{"ts":"2026-08-17T13:29:55.310Z","stage":"listing","operation":"listing","outcome":"success","target":"like","type":"like","account":"5bf3***2ad7","pages":1,"processed":0,"items":5,"requestedCursorPresent":true,"cursorPresent":true,"hasMore":true,"httpStatus":200,"responseCode":0,"responseSuccess":true,"responseDataKeys":["cursor","has_more","notes"],"responseListKey":"notes","message":"listed like page"}
{"ts":"2026-08-17T13:29:55.370Z","stage":"waiting","operation":"wait","account":"5bf3***2ad7","processed":0,"waitSeconds":13,"message":"platform API pacing wait"}
{"ts":"2026-08-17T13:30:31.631Z","stage":"waiting","operation":"wait","account":"5bf3***2ad7","processed":0,"waitSeconds":13,"message":"platform API pacing wait"}
{"ts":"2026-08-17T13:30:46.357Z","stage":"detail","operation":"detail","outcome":"success","type":"like","account":"5bf3***2ad7","item":"686f***5c7d","processed":0,"durationMs":50978,"message":"item detail completed"}
{"ts":"2026-08-17T13:30:46.396Z","stage":"comments","operation":"comments","outcome":"success","type":"like","account":"5bf3***2ad7","item":"686f***5c7d","processed":0,"durationMs":50978,"attempted":1,"succeeded":1,"failed":0,"message":"comment attachment summary"}
{"ts":"2026-08-17T13:30:46.491Z","stage":"waiting","operation":"wait","account":"5bf3***2ad7","processed":1,"waitSeconds":8,"message":"platform API pacing wait"}
{"ts":"2026-08-17T13:30:55.303Z","stage":"waiting","operation":"wait","account":"5bf3***2ad7","processed":1,"waitSeconds":6,"message":"platform API pacing wait"}
{"ts":"2026-08-17T13:31:05.470Z","stage":"detail","operation":"detail","outcome":"success","type":"like","account":"5bf3***2ad7","item":"67f3***bfe7","processed":1,"durationMs":18990,"message":"item detail completed"}
{"ts":"2026-08-17T13:31:05.471Z","stage":"comments","operation":"comments","outcome":"success","type":"like","account":"5bf3***2ad7","item":"67f3***bfe7","processed":1,"durationMs":18990,"attempted":1,"succeeded":1,"failed":0,"message":"comment attachment summary"}
{"ts":"2026-08-17T13:31:05.479Z","stage":"waiting","operation":"wait","account":"5bf3***2ad7","processed":2,"waitSeconds":10,"message":"platform API pacing wait"}
{"ts":"2026-08-17T13:31:16.355Z","stage":"waiting","operation":"wait","account":"5bf3***2ad7","processed":2,"waitSeconds":6,"message":"platform API pacing wait"}
{"ts":"2026-08-17T13:31:22.376Z","stage":"detail","operation":"detail","outcome":"success","type":"like","account":"5bf3***2ad7","item":"67d8***45f7","processed":2,"durationMs":16897,"message":"item detail completed"}
{"ts":"2026-08-17T13:31:22.380Z","stage":"waiting","operation":"wait","account":"5bf3***2ad7","processed":3,"waitSeconds":13,"message":"platform API pacing wait"}
{"ts":"2026-08-17T13:31:48.188Z","stage":"waiting","operation":"wait","account":"5bf3***2ad7","processed":3,"waitSeconds":13,"message":"platform API pacing wait"}
{"ts":"2026-08-17T13:32:10.780Z","stage":"detail","operation":"detail","outcome":"success","type":"like","account":"5bf3***2ad7","item":"686d***ec34","processed":3,"durationMs":48400,"message":"item detail completed"}
{"ts":"2026-08-17T13:32:10.782Z","stage":"comments","operation":"comments","outcome":"success","type":"like","account":"5bf3***2ad7","item":"686d***ec34","processed":3,"durationMs":48400,"attempted":1,"succeeded":1,"failed":0,"message":"comment attachment summary"}
{"ts":"2026-08-17T13:32:10.790Z","stage":"waiting","operation":"wait","account":"5bf3***2ad7","processed":4,"waitSeconds":12,"message":"platform API pacing wait"}
{"ts":"2026-08-17T13:32:24.234Z","stage":"waiting","operation":"wait","account":"5bf3***2ad7","processed":4,"waitSeconds":8,"message":"platform API pacing wait"}
{"ts":"2026-08-17T13:32:33.652Z","stage":"detail","operation":"detail","outcome":"success","type":"like","account":"5bf3***2ad7","item":"684b***c040","processed":4,"durationMs":22861,"message":"item detail completed"}
{"ts":"2026-08-17T13:32:33.654Z","stage":"comments","operation":"comments","outcome":"success","type":"like","account":"5bf3***2ad7","item":"684b***c040","processed":4,"durationMs":22861,"attempted":1,"succeeded":1,"failed":0,"message":"comment attachment summary"}
{"ts":"2026-08-17T13:32:33.655Z","stage":"waiting","account":"5bf3***2ad7","processed":5,"waitSeconds":11,"message":"batch wait after 5 notes"}
{"ts":"2026-08-17T13:32:44.559Z","stage":"listing","operation":"target","outcome":"yielded","target":"like","type":"like","account":"5bf3***2ad7","processed":5,"attempted":5,"message":"fair sync target completed"}
{"ts":"2026-08-17T13:32:44.617Z","stage":"listing","target":"bookmark","type":"bookmark","account":"5bf3***2ad7","processed":5,"message":"fair sync target selected"}
{"ts":"2026-08-17T13:32:45.649Z","stage":"listing","operation":"listing","outcome":"success","target":"bookmark","type":"bookmark","account":"5bf3***2ad7","pages":1,"processed":5,"items":5,"requestedCursorPresent":true,"cursorPresent":true,"hasMore":true,"httpStatus":200,"responseCode":0,"responseSuccess":true,"responseDataKeys":["has_more","notes","cursor"],"responseListKey":"notes","message":"listed bookmark page"}
{"ts":"2026-08-17T13:32:45.656Z","stage":"waiting","operation":"wait","account":"5bf3***2ad7","processed":5,"waitSeconds":6,"message":"platform API pacing wait"}
{"ts":"2026-08-17T13:32:52.145Z","stage":"waiting","operation":"wait","account":"5bf3***2ad7","processed":5,"waitSeconds":11,"message":"platform API pacing wait"}
{"ts":"2026-08-17T13:33:07.876Z","stage":"detail","operation":"detail","outcome":"success","type":"bookmark","account":"5bf3***2ad7","item":"6456***c4e9","processed":5,"durationMs":22216,"message":"item detail completed"}
{"ts":"2026-08-17T13:33:07.881Z","stage":"comments","operation":"comments","outcome":"success","type":"bookmark","account":"5bf3***2ad7","item":"6456***c4e9","processed":5,"durationMs":22216,"attempted":1,"succeeded":1,"failed":0,"message":"comment attachment summary"}
{"ts":"2026-08-17T13:33:07.899Z","stage":"waiting","operation":"wait","account":"5bf3***2ad7","processed":6,"waitSeconds":8,"message":"platform API pacing wait"}
{"ts":"2026-08-17T13:33:16.260Z","stage":"waiting","operation":"wait","account":"5bf3***2ad7","processed":6,"waitSeconds":12,"message":"platform API pacing wait"}
{"ts":"2026-08-17T13:33:28.314Z","stage":"detail","operation":"detail","outcome":"success","type":"bookmark","account":"5bf3***2ad7","item":"6872***3f9f","processed":6,"durationMs":20415,"message":"item detail completed"}
{"ts":"2026-08-17T13:33:28.317Z","stage":"comments","operation":"comments","outcome":"success","type":"bookmark","account":"5bf3***2ad7","item":"6872***3f9f","processed":6,"durationMs":20415,"attempted":1,"succeeded":1,"failed":0,"message":"comment attachment summary"}
{"ts":"2026-08-17T13:33:28.322Z","stage":"waiting","operation":"wait","account":"5bf3***2ad7","processed":7,"waitSeconds":6,"message":"platform API pacing wait"}
{"ts":"2026-08-17T13:33:34.438Z","stage":"waiting","operation":"wait","account":"5bf3***2ad7","processed":7,"waitSeconds":8,"message":"platform API pacing wait"}
{"ts":"2026-08-17T13:33:43.645Z","stage":"detail","operation":"detail","outcome":"success","type":"bookmark","account":"5bf3***2ad7","item":"693e***38da","processed":7,"durationMs":15323,"message":"item detail completed"}
{"ts":"2026-08-17T13:33:43.646Z","stage":"comments","operation":"comments","outcome":"success","type":"bookmark","account":"5bf3***2ad7","item":"693e***38da","processed":7,"durationMs":15323,"attempted":1,"succeeded":1,"failed":0,"message":"comment attachment summary"}
{"ts":"2026-08-17T13:33:44.234Z","stage":"media","operation":"media","outcome":"success","type":"bookmark","account":"5bf3***2ad7","item":"693e***38da","processed":7,"durationMs":586,"attempted":1,"succeeded":1,"failed":0,"expectedVideo":true,"videoDownloadEnabled":false,"imageCandidates":1,"videoCandidates":1,"message":"media localization summary"}
{"ts":"2026-08-17T13:33:44.234Z","stage":"writing","operation":"vault_write","outcome":"success","type":"bookmark","account":"5bf3***2ad7","item":"693e***38da","processed":7,"durationMs":586,"message":"vault write completed"}
{"ts":"2026-08-17T13:33:44.236Z","stage":"waiting","operation":"wait","account":"5bf3***2ad7","processed":8,"waitSeconds":12,"message":"platform API pacing wait"}
{"ts":"2026-08-17T13:33:57.234Z","stage":"waiting","operation":"wait","account":"5bf3***2ad7","processed":8,"waitSeconds":13,"message":"platform API pacing wait"}
{"ts":"2026-08-17T13:34:11.694Z","stage":"detail","operation":"detail","outcome":"success","type":"bookmark","account":"5bf3***2ad7","item":"6930***982d","processed":8,"durationMs":27459,"message":"item detail completed"}
{"ts":"2026-08-17T13:34:11.695Z","stage":"comments","operation":"comments","outcome":"success","type":"bookmark","account":"5bf3***2ad7","item":"6930***982d","processed":8,"durationMs":27459,"attempted":1,"succeeded":1,"failed":0,"message":"comment attachment summary"}
{"ts":"2026-08-17T13:34:12.075Z","stage":"media","operation":"media","outcome":"success","type":"bookmark","account":"5bf3***2ad7","item":"6930***982d","processed":8,"durationMs":378,"attempted":1,"succeeded":1,"failed":0,"expectedVideo":false,"videoDownloadEnabled":false,"imageCandidates":1,"videoCandidates":0,"message":"media localization summary"}
{"ts":"2026-08-17T13:34:12.075Z","stage":"writing","operation":"vault_write","outcome":"success","type":"bookmark","account":"5bf3***2ad7","item":"6930***982d","processed":8,"durationMs":378,"message":"vault write completed"}
{"ts":"2026-08-17T13:34:12.077Z","stage":"waiting","operation":"wait","account":"5bf3***2ad7","processed":9,"waitSeconds":14,"message":"platform API pacing wait"}
{"ts":"2026-08-17T13:34:27.359Z","stage":"waiting","operation":"wait","account":"5bf3***2ad7","processed":9,"waitSeconds":12,"message":"platform API pacing wait"}
{"ts":"2026-08-17T13:34:48.615Z","stage":"detail","operation":"detail","outcome":"success","type":"bookmark","account":"5bf3***2ad7","item":"659f***59c4","processed":9,"durationMs":36538,"message":"item detail completed"}
{"ts":"2026-08-17T13:34:48.615Z","stage":"comments","operation":"comments","outcome":"success","type":"bookmark","account":"5bf3***2ad7","item":"659f***59c4","processed":9,"durationMs":36538,"attempted":1,"succeeded":1,"failed":0,"message":"comment attachment summary"}
{"ts":"2026-08-17T13:34:48.616Z","stage":"waiting","account":"5bf3***2ad7","processed":10,"waitSeconds":6,"message":"batch wait after 10 notes"}
{"ts":"2026-08-17T13:34:54.601Z","stage":"listing","operation":"target","outcome":"yielded","target":"bookmark","type":"bookmark","account":"5bf3***2ad7","processed":10,"attempted":5,"message":"fair sync target completed"}
{"ts":"2026-08-17T13:34:54.718Z","stage":"listing","target":"like","type":"like","account":"5bf3***2ad7","processed":10,"message":"fair sync target selected"}
{"ts":"2026-08-17T13:34:54.747Z","stage":"waiting","operation":"wait","account":"5bf3***2ad7","processed":10,"waitSeconds":3,"message":"platform API pacing wait"}
{"ts":"2026-08-17T13:34:59.918Z","stage":"listing","operation":"listing","outcome":"success","target":"like","type":"like","account":"5bf3***2ad7","pages":1,"processed":10,"items":5,"requestedCursorPresent":true,"cursorPresent":true,"hasMore":true,"httpStatus":200,"responseCode":0,"responseSuccess":true,"responseDataKeys":["cursor","has_more","notes"],"responseListKey":"notes","message":"listed like page"}
{"ts":"2026-08-17T13:34:59.955Z","stage":"waiting","operation":"wait","account":"5bf3***2ad7","processed":10,"waitSeconds":12,"message":"platform API pacing wait"}
{"ts":"2026-08-17T13:35:12.544Z","stage":"waiting","operation":"wait","account":"5bf3***2ad7","processed":10,"waitSeconds":12,"message":"platform API pacing wait"}
{"ts":"2026-08-17T13:35:49.633Z","stage":"detail","operation":"detail","outcome":"success","type":"like","account":"5bf3***2ad7","item":"686c***0925","processed":10,"durationMs":49682,"message":"item detail completed"}
{"ts":"2026-08-17T13:35:49.635Z","stage":"comments","operation":"comments","outcome":"success","type":"like","account":"5bf3***2ad7","item":"686c***0925","processed":10,"durationMs":49682,"attempted":1,"succeeded":1,"failed":0,"message":"comment attachment summary"}
{"ts":"2026-08-17T13:35:49.645Z","stage":"waiting","operation":"wait","account":"5bf3***2ad7","processed":11,"waitSeconds":15,"message":"platform API pacing wait"}
{"ts":"2026-08-17T13:36:48.693Z","stage":"waiting","operation":"wait","account":"5bf3***2ad7","processed":11,"waitSeconds":7,"message":"platform API pacing wait"}
{"ts":"2026-08-17T13:36:59.064Z","stage":"detail","operation":"detail","outcome":"success","type":"like","account":"5bf3***2ad7","item":"67fd***21ed","processed":11,"durationMs":69420,"message":"item detail completed"}
{"ts":"2026-08-17T13:36:59.065Z","stage":"comments","operation":"comments","outcome":"success","type":"like","account":"5bf3***2ad7","item":"67fd***21ed","processed":11,"durationMs":69420,"attempted":1,"succeeded":1,"failed":0,"message":"comment attachment summary"}
{"ts":"2026-08-17T13:36:59.079Z","stage":"waiting","operation":"wait","account":"5bf3***2ad7","processed":12,"waitSeconds":8,"message":"platform API pacing wait"}
{"ts":"2026-08-17T13:37:08.173Z","stage":"waiting","operation":"wait","account":"5bf3***2ad7","processed":12,"waitSeconds":10,"message":"platform API pacing wait"}
{"ts":"2026-08-17T13:37:20.560Z","stage":"detail","operation":"detail","outcome":"success","type":"like","account":"5bf3***2ad7","item":"686b***6011","processed":12,"durationMs":21480,"message":"item detail completed"}
{"ts":"2026-08-17T13:37:20.560Z","stage":"comments","operation":"comments","outcome":"success","type":"like","account":"5bf3***2ad7","item":"686b***6011","processed":12,"durationMs":21480,"attempted":1,"succeeded":1,"failed":0,"message":"comment attachment summary"}
{"ts":"2026-08-17T13:37:20.564Z","stage":"waiting","operation":"wait","account":"5bf3***2ad7","processed":13,"waitSeconds":13,"message":"platform API pacing wait"}
{"ts":"2026-08-17T13:37:54.410Z","stage":"waiting","operation":"wait","account":"5bf3***2ad7","processed":13,"waitSeconds":15,"message":"platform API pacing wait"}
{"ts":"2026-08-17T13:38:53.643Z","stage":"detail","operation":"detail","outcome":"success","type":"like","account":"5bf3***2ad7","item":"686b***2897","processed":13,"durationMs":93079,"message":"item detail completed"}
{"ts":"2026-08-17T13:38:53.663Z","stage":"waiting","operation":"wait","account":"5bf3***2ad7","processed":14,"waitSeconds":7,"message":"platform API pacing wait"}
{"ts":"2026-08-17T13:39:06.047Z","stage":"waiting","operation":"wait","account":"5bf3***2ad7","processed":14,"waitSeconds":10,"message":"platform API pacing wait"}
{"ts":"2026-08-17T13:39:17.143Z","stage":"detail","operation":"detail","outcome":"success","type":"like","account":"5bf3***2ad7","item":"686a***b57a","processed":14,"durationMs":23482,"message":"item detail completed"}
{"ts":"2026-08-17T13:39:17.144Z","stage":"comments","operation":"comments","outcome":"success","type":"like","account":"5bf3***2ad7","item":"686a***b57a","processed":14,"durationMs":23482,"attempted":1,"succeeded":1,"failed":0,"message":"comment attachment summary"}
{"ts":"2026-08-17T13:39:17.158Z","stage":"listing","operation":"target","outcome":"yielded","target":"like","type":"like","account":"5bf3***2ad7","processed":15,"attempted":5,"message":"fair sync target completed"}
{"ts":"2026-08-17T13:39:17.257Z","stage":"cooldown","operation":"run","outcome":"paused","pages":3,"processed":15,"stopReason":"run_limit","message":"本轮同步完成：新增 2 篇，已存在 0 篇，更新 0 篇，跳过 13 篇，本轮分配：点赞 10、收藏 5，本轮已达到 15 篇安全上限，将自动继续补齐。"}
{"ts":"2026-08-17T13:39:17.260Z","stage":"done","operation":"run","outcome":"paused","pages":3,"attempted":3,"succeeded":3,"message":"run diagnostics; listingRequests=3; indexBuilds=0; indexHits=0; indexMisses=15"}
{"ts":"2026-08-17T13:39:47.743Z","stage":"preparing","engine":"fair-sync-v3","os":"darwin","operation":"run","outcome":"start","processed":0,"message":"sync started; safety=safe-task-v2; limit=15; batch=5; wait=5-15s; cooldown=5-10m"}
{"ts":"2026-08-17T13:39:48.801Z","stage":"listing","target":"bookmark","type":"bookmark","account":"5bf3***2ad7","processed":0,"message":"fair sync target selected"}
{"ts":"2026-08-17T13:39:48.819Z","stage":"waiting","operation":"wait","account":"5bf3***2ad7","processed":0,"waitSeconds":15,"message":"platform API pacing wait"}
{"ts":"2026-08-17T13:40:48.722Z","stage":"listing","operation":"listing","outcome":"success","target":"bookmark","type":"bookmark","account":"5bf3***2ad7","pages":1,"processed":0,"items":5,"requestedCursorPresent":true,"cursorPresent":true,"hasMore":true,"httpStatus":200,"responseCode":0,"responseSuccess":true,"responseDataKeys":["cursor","has_more","notes"],"responseListKey":"notes","message":"listed bookmark page"}
{"ts":"2026-08-17T13:40:48.772Z","stage":"waiting","operation":"wait","account":"5bf3***2ad7","processed":0,"waitSeconds":6,"message":"platform API pacing wait"}
{"ts":"2026-08-17T13:40:55.821Z","stage":"waiting","operation":"wait","account":"5bf3***2ad7","processed":0,"waitSeconds":8,"message":"platform API pacing wait"}
{"ts":"2026-08-17T13:41:06.278Z","stage":"detail","operation":"detail","outcome":"success","type":"bookmark","account":"5bf3***2ad7","item":"664c***5361","processed":0,"durationMs":17508,"message":"item detail completed"}
{"ts":"2026-08-17T13:41:06.279Z","stage":"comments","operation":"comments","outcome":"success","type":"bookmark","account":"5bf3***2ad7","item":"664c***5361","processed":0,"durationMs":17508,"attempted":1,"succeeded":1,"failed":0,"message":"comment attachment summary"}
{"ts":"2026-08-17T13:41:06.283Z","stage":"waiting","operation":"wait","account":"5bf3***2ad7","processed":1,"waitSeconds":13,"message":"platform API pacing wait"}
{"ts":"2026-08-17T13:41:48.076Z","stage":"waiting","operation":"wait","account":"5bf3***2ad7","processed":1,"waitSeconds":11,"message":"platform API pacing wait"}
{"ts":"2026-08-17T13:42:01.109Z","stage":"detail","operation":"detail","outcome":"success","type":"bookmark","account":"5bf3***2ad7","item":"63ff***56ec","processed":1,"durationMs":54827,"message":"item detail completed"}
{"ts":"2026-08-17T13:42:01.109Z","stage":"comments","operation":"comments","outcome":"success","type":"bookmark","account":"5bf3***2ad7","item":"63ff***56ec","processed":1,"durationMs":54827,"attempted":1,"succeeded":1,"failed":0,"message":"comment attachment summary"}
{"ts":"2026-08-17T13:42:01.112Z","stage":"waiting","operation":"wait","account":"5bf3***2ad7","processed":2,"waitSeconds":15,"message":"platform API pacing wait"}
{"ts":"2026-08-17T13:42:48.792Z","stage":"waiting","operation":"wait","account":"5bf3***2ad7","processed":2,"waitSeconds":8,"message":"platform API pacing wait"}
{"ts":"2026-08-17T13:42:57.860Z","stage":"detail","operation":"detail","outcome":"success","type":"bookmark","account":"5bf3***2ad7","item":"68ef***583d","processed":2,"durationMs":56748,"message":"item detail completed"}
{"ts":"2026-08-17T13:42:57.860Z","stage":"comments","operation":"comments","outcome":"success","type":"bookmark","account":"5bf3***2ad7","item":"68ef***583d","processed":2,"durationMs":56748,"attempted":1,"succeeded":1,"failed":0,"message":"comment attachment summary"}
{"ts":"2026-08-17T13:43:04.139Z","stage":"media","operation":"media","outcome":"success","type":"bookmark","account":"5bf3***2ad7","item":"68ef***583d","processed":2,"durationMs":6269,"attempted":8,"succeeded":8,"failed":0,"expectedVideo":false,"videoDownloadEnabled":false,"imageCandidates":8,"videoCandidates":0,"message":"media localization summary"}
{"ts":"2026-08-17T13:43:04.140Z","stage":"writing","operation":"vault_write","outcome":"success","type":"bookmark","account":"5bf3***2ad7","item":"68ef***583d","processed":2,"durationMs":6270,"message":"vault write completed"}
{"ts":"2026-08-17T13:43:04.142Z","stage":"waiting","operation":"wait","account":"5bf3***2ad7","processed":3,"waitSeconds":6,"message":"platform API pacing wait"}
{"ts":"2026-08-17T13:43:11.531Z","stage":"waiting","operation":"wait","account":"5bf3***2ad7","processed":3,"waitSeconds":13,"message":"platform API pacing wait"}
{"ts":"2026-08-17T13:43:48.893Z","stage":"detail","operation":"detail","outcome":"success","type":"bookmark","account":"5bf3***2ad7","item":"6936***308a","processed":3,"durationMs":44751,"message":"item detail completed"}
{"ts":"2026-08-17T13:43:48.894Z","stage":"comments","operation":"comments","outcome":"success","type":"bookmark","account":"5bf3***2ad7","item":"6936***308a","processed":3,"durationMs":44751,"attempted":1,"succeeded":1,"failed":0,"message":"comment attachment summary"}
{"ts":"2026-08-17T13:43:49.423Z","stage":"media","operation":"media","outcome":"success","type":"bookmark","account":"5bf3***2ad7","item":"6936***308a","processed":3,"durationMs":526,"attempted":1,"succeeded":1,"failed":0,"expectedVideo":false,"videoDownloadEnabled":false,"imageCandidates":1,"videoCandidates":0,"message":"media localization summary"}
{"ts":"2026-08-17T13:43:49.423Z","stage":"writing","operation":"vault_write","outcome":"success","type":"bookmark","account":"5bf3***2ad7","item":"6936***308a","processed":3,"durationMs":526,"message":"vault write completed"}
{"ts":"2026-08-17T13:43:49.424Z","stage":"waiting","operation":"wait","account":"5bf3***2ad7","processed":4,"waitSeconds":9,"message":"platform API pacing wait"}
{"ts":"2026-08-17T13:43:59.435Z","stage":"waiting","operation":"wait","account":"5bf3***2ad7","processed":4,"waitSeconds":12,"message":"platform API pacing wait"}
{"ts":"2026-08-17T13:44:49.076Z","stage":"detail","operation":"detail","outcome":"success","type":"bookmark","account":"5bf3***2ad7","item":"6935***7481","processed":4,"durationMs":59651,"message":"item detail completed"}
{"ts":"2026-08-17T13:44:49.076Z","stage":"comments","operation":"comments","outcome":"success","type":"bookmark","account":"5bf3***2ad7","item":"6935***7481","processed":4,"durationMs":59651,"attempted":1,"succeeded":1,"failed":0,"message":"comment attachment summary"}
{"ts":"2026-08-17T13:44:49.495Z","stage":"media","operation":"media","outcome":"success","type":"bookmark","account":"5bf3***2ad7","item":"6935***7481","processed":4,"durationMs":416,"attempted":1,"succeeded":1,"failed":0,"expectedVideo":false,"videoDownloadEnabled":false,"imageCandidates":1,"videoCandidates":0,"message":"media localization summary"}
{"ts":"2026-08-17T13:44:49.495Z","stage":"writing","operation":"vault_write","outcome":"success","type":"bookmark","account":"5bf3***2ad7","item":"6935***7481","processed":4,"durationMs":416,"message":"vault write completed"}
{"ts":"2026-08-17T13:44:49.496Z","stage":"waiting","account":"5bf3***2ad7","processed":5,"waitSeconds":11,"message":"batch wait after 5 notes"}
{"ts":"2026-08-17T13:45:00.562Z","stage":"listing","operation":"target","outcome":"yielded","target":"bookmark","type":"bookmark","account":"5bf3***2ad7","processed":5,"attempted":5,"message":"fair sync target completed"}
{"ts":"2026-08-17T13:45:00.580Z","stage":"listing","target":"like","type":"like","account":"5bf3***2ad7","processed":5,"message":"fair sync target selected"}
{"ts":"2026-08-17T13:45:02.124Z","stage":"listing","operation":"listing","outcome":"success","target":"like","type":"like","account":"5bf3***2ad7","pages":1,"processed":5,"items":5,"requestedCursorPresent":true,"cursorPresent":true,"hasMore":true,"httpStatus":200,"responseCode":0,"responseSuccess":true,"responseDataKeys":["cursor","has_more","notes"],"responseListKey":"notes","message":"listed like page"}
{"ts":"2026-08-17T13:45:02.133Z","stage":"waiting","operation":"wait","account":"5bf3***2ad7","processed":5,"waitSeconds":8,"message":"platform API pacing wait"}
{"ts":"2026-08-17T13:45:10.334Z","stage":"waiting","operation":"wait","account":"5bf3***2ad7","processed":5,"waitSeconds":14,"message":"platform API pacing wait"}
{"ts":"2026-08-17T13:45:49.171Z","stage":"detail","operation":"detail","outcome":"success","type":"like","account":"5bf3***2ad7","item":"6762***da27","processed":5,"durationMs":47038,"message":"item detail completed"}
{"ts":"2026-08-17T13:45:49.175Z","stage":"comments","operation":"comments","outcome":"success","type":"like","account":"5bf3***2ad7","item":"6762***da27","processed":5,"durationMs":47038,"attempted":1,"succeeded":1,"failed":0,"message":"comment attachment summary"}
{"ts":"2026-08-17T13:45:49.177Z","stage":"waiting","operation":"wait","account":"5bf3***2ad7","processed":6,"waitSeconds":13,"message":"platform API pacing wait"}
{"ts":"2026-08-17T13:46:48.515Z","stage":"waiting","operation":"wait","account":"5bf3***2ad7","processed":6,"waitSeconds":7,"message":"platform API pacing wait"}
{"ts":"2026-08-17T13:46:56.902Z","stage":"detail","operation":"detail","outcome":"success","type":"like","account":"5bf3***2ad7","item":"6477***9ce5","processed":6,"durationMs":67725,"message":"item detail completed"}
{"ts":"2026-08-17T13:46:56.903Z","stage":"comments","operation":"comments","outcome":"success","type":"like","account":"5bf3***2ad7","item":"6477***9ce5","processed":6,"durationMs":67725,"attempted":1,"succeeded":1,"failed":0,"message":"comment attachment summary"}
{"ts":"2026-08-17T13:46:56.907Z","stage":"waiting","operation":"wait","account":"5bf3***2ad7","processed":7,"waitSeconds":9,"message":"platform API pacing wait"}
{"ts":"2026-08-17T13:47:06.279Z","stage":"waiting","operation":"wait","account":"5bf3***2ad7","processed":7,"waitSeconds":7,"message":"platform API pacing wait"}
{"ts":"2026-08-17T13:47:13.735Z","stage":"detail","operation":"detail","outcome":"success","type":"like","account":"5bf3***2ad7","item":"67c7***e486","processed":7,"durationMs":16828,"message":"item detail completed"}
{"ts":"2026-08-17T13:47:13.735Z","stage":"comments","operation":"comments","outcome":"success","type":"like","account":"5bf3***2ad7","item":"67c7***e486","processed":7,"durationMs":16828,"attempted":1,"succeeded":1,"failed":0,"message":"comment attachment summary"}
{"ts":"2026-08-17T13:47:13.738Z","stage":"waiting","operation":"wait","account":"5bf3***2ad7","processed":8,"waitSeconds":14,"message":"platform API pacing wait"}
{"ts":"2026-08-17T13:47:48.687Z","stage":"waiting","operation":"wait","account":"5bf3***2ad7","processed":8,"waitSeconds":6,"message":"platform API pacing wait"}
{"ts":"2026-08-17T13:47:55.495Z","stage":"detail","operation":"detail","outcome":"success","type":"like","account":"5bf3***2ad7","item":"6865***f97b","processed":8,"durationMs":41758,"message":"item detail completed"}
{"ts":"2026-08-17T13:47:55.496Z","stage":"comments","operation":"comments","outcome":"success","type":"like","account":"5bf3***2ad7","item":"6865***f97b","processed":8,"durationMs":41758,"attempted":1,"succeeded":1,"failed":0,"message":"comment attachment summary"}
{"ts":"2026-08-17T13:47:55.501Z","stage":"waiting","operation":"wait","account":"5bf3***2ad7","processed":9,"waitSeconds":10,"message":"platform API pacing wait"}
{"ts":"2026-08-17T13:48:06.316Z","stage":"waiting","operation":"wait","account":"5bf3***2ad7","processed":9,"waitSeconds":7,"message":"platform API pacing wait"}
{"ts":"2026-08-17T13:48:14.814Z","stage":"detail","operation":"detail","outcome":"success","type":"like","account":"5bf3***2ad7","item":"685b***031a","processed":9,"durationMs":19314,"message":"item detail completed"}
{"ts":"2026-08-17T13:48:14.815Z","stage":"comments","operation":"comments","outcome":"success","type":"like","account":"5bf3***2ad7","item":"685b***031a","processed":9,"durationMs":19314,"attempted":1,"succeeded":1,"failed":0,"message":"comment attachment summary"}
{"ts":"2026-08-17T13:48:14.816Z","stage":"waiting","account":"5bf3***2ad7","processed":10,"waitSeconds":6,"message":"batch wait after 10 notes"}
{"ts":"2026-08-17T13:48:20.557Z","stage":"listing","operation":"target","outcome":"yielded","target":"like","type":"like","account":"5bf3***2ad7","processed":10,"attempted":5,"message":"fair sync target completed"}
{"ts":"2026-08-17T13:48:20.575Z","stage":"listing","target":"bookmark","type":"bookmark","account":"5bf3***2ad7","processed":10,"message":"fair sync target selected"}
{"ts":"2026-08-17T13:48:20.577Z","stage":"waiting","operation":"wait","account":"5bf3***2ad7","processed":10,"waitSeconds":7,"message":"platform API pacing wait"}
{"ts":"2026-08-17T13:48:28.638Z","stage":"listing","operation":"listing","outcome":"success","target":"bookmark","type":"bookmark","account":"5bf3***2ad7","pages":1,"processed":10,"items":5,"requestedCursorPresent":true,"cursorPresent":true,"hasMore":true,"httpStatus":200,"responseCode":0,"responseSuccess":true,"responseDataKeys":["has_more","notes","cursor"],"responseListKey":"notes","message":"listed bookmark page"}
{"ts":"2026-08-17T13:48:28.645Z","stage":"waiting","operation":"wait","account":"5bf3***2ad7","processed":10,"waitSeconds":13,"message":"platform API pacing wait"}
{"ts":"2026-08-17T13:48:49.250Z","stage":"waiting","operation":"wait","account":"5bf3***2ad7","processed":10,"waitSeconds":11,"message":"platform API pacing wait"}
{"ts":"2026-08-17T13:49:02.315Z","stage":"detail","operation":"detail","outcome":"success","type":"bookmark","account":"5bf3***2ad7","item":"6932***0ed6","processed":10,"durationMs":33672,"message":"item detail completed"}
{"ts":"2026-08-17T13:49:02.316Z","stage":"comments","operation":"comments","outcome":"success","type":"bookmark","account":"5bf3***2ad7","item":"6932***0ed6","processed":10,"durationMs":33672,"attempted":1,"succeeded":1,"failed":0,"message":"comment attachment summary"}
{"ts":"2026-08-17T13:49:02.790Z","stage":"media","operation":"media","outcome":"success","type":"bookmark","account":"5bf3***2ad7","item":"6932***0ed6","processed":10,"durationMs":472,"attempted":1,"succeeded":1,"failed":0,"expectedVideo":false,"videoDownloadEnabled":false,"imageCandidates":1,"videoCandidates":0,"message":"media localization summary"}
{"ts":"2026-08-17T13:49:02.790Z","stage":"writing","operation":"vault_write","outcome":"success","type":"bookmark","account":"5bf3***2ad7","item":"6932***0ed6","processed":10,"durationMs":473,"message":"vault write completed"}
{"ts":"2026-08-17T13:49:02.791Z","stage":"waiting","operation":"wait","account":"5bf3***2ad7","processed":11,"waitSeconds":7,"message":"platform API pacing wait"}
{"ts":"2026-08-17T13:49:10.273Z","stage":"waiting","operation":"wait","account":"5bf3***2ad7","processed":11,"waitSeconds":13,"message":"platform API pacing wait"}
{"ts":"2026-08-17T13:49:48.738Z","stage":"detail","operation":"detail","outcome":"success","type":"bookmark","account":"5bf3***2ad7","item":"68cf***3a1c","processed":11,"durationMs":45946,"message":"item detail completed"}
{"ts":"2026-08-17T13:49:48.739Z","stage":"comments","operation":"comments","outcome":"success","type":"bookmark","account":"5bf3***2ad7","item":"68cf***3a1c","processed":11,"durationMs":45946,"attempted":1,"succeeded":1,"failed":0,"message":"comment attachment summary"}
{"ts":"2026-08-17T13:49:49.219Z","stage":"media","operation":"media","outcome":"success","type":"bookmark","account":"5bf3***2ad7","item":"68cf***3a1c","processed":11,"durationMs":477,"attempted":5,"succeeded":5,"failed":0,"expectedVideo":false,"videoDownloadEnabled":false,"imageCandidates":5,"videoCandidates":0,"message":"media localization summary"}
{"ts":"2026-08-17T13:49:49.220Z","stage":"writing","operation":"vault_write","outcome":"success","type":"bookmark","account":"5bf3***2ad7","item":"68cf***3a1c","processed":11,"durationMs":478,"message":"vault write completed"}
{"ts":"2026-08-17T13:49:49.226Z","stage":"waiting","operation":"wait","account":"5bf3***2ad7","processed":12,"waitSeconds":11,"message":"platform API pacing wait"}
{"ts":"2026-08-17T13:50:01.384Z","stage":"waiting","operation":"wait","account":"5bf3***2ad7","processed":12,"waitSeconds":9,"message":"platform API pacing wait"}
{"ts":"2026-08-17T13:50:11.861Z","stage":"detail","operation":"detail","outcome":"success","type":"bookmark","account":"5bf3***2ad7","item":"6933***2997","processed":12,"durationMs":22637,"message":"item detail completed"}
{"ts":"2026-08-17T13:50:11.862Z","stage":"comments","operation":"comments","outcome":"success","type":"bookmark","account":"5bf3***2ad7","item":"6933***2997","processed":12,"durationMs":22637,"attempted":1,"succeeded":1,"failed":0,"message":"comment attachment summary"}
{"ts":"2026-08-17T13:50:12.706Z","stage":"media","operation":"media","outcome":"success","type":"bookmark","account":"5bf3***2ad7","item":"6933***2997","processed":12,"durationMs":843,"attempted":4,"succeeded":4,"failed":0,"expectedVideo":false,"videoDownloadEnabled":false,"imageCandidates":4,"videoCandidates":0,"message":"media localization summary"}
{"ts":"2026-08-17T13:50:12.707Z","stage":"writing","operation":"vault_write","outcome":"success","type":"bookmark","account":"5bf3***2ad7","item":"6933***2997","processed":12,"durationMs":843,"message":"vault write completed"}
{"ts":"2026-08-17T13:50:12.708Z","stage":"waiting","operation":"wait","account":"5bf3***2ad7","processed":13,"waitSeconds":6,"message":"platform API pacing wait"}
{"ts":"2026-08-17T13:50:19.214Z","stage":"waiting","operation":"wait","account":"5bf3***2ad7","processed":13,"waitSeconds":13,"message":"platform API pacing wait"}
{"ts":"2026-08-17T13:50:48.950Z","stage":"detail","operation":"detail","outcome":"success","type":"bookmark","account":"5bf3***2ad7","item":"68a5***8c99","processed":13,"durationMs":36242,"message":"item detail completed"}
{"ts":"2026-08-17T13:50:48.951Z","stage":"comments","operation":"comments","outcome":"success","type":"bookmark","account":"5bf3***2ad7","item":"68a5***8c99","processed":13,"durationMs":36242,"attempted":1,"succeeded":1,"failed":0,"message":"comment attachment summary"}
{"ts":"2026-08-17T13:50:51.516Z","stage":"media","operation":"media","outcome":"success","type":"bookmark","account":"5bf3***2ad7","item":"68a5***8c99","processed":13,"durationMs":2559,"attempted":9,"succeeded":9,"failed":0,"expectedVideo":false,"videoDownloadEnabled":false,"imageCandidates":9,"videoCandidates":0,"message":"media localization summary"}
{"ts":"2026-08-17T13:50:51.517Z","stage":"writing","operation":"vault_write","outcome":"success","type":"bookmark","account":"5bf3***2ad7","item":"68a5***8c99","processed":13,"durationMs":2560,"message":"vault write completed"}
{"ts":"2026-08-17T13:50:51.517Z","stage":"waiting","operation":"wait","account":"5bf3***2ad7","processed":14,"waitSeconds":9,"message":"platform API pacing wait"}
{"ts":"2026-08-17T13:51:01.418Z","stage":"waiting","operation":"wait","account":"5bf3***2ad7","processed":14,"waitSeconds":7,"message":"platform API pacing wait"}
{"ts":"2026-08-17T13:51:10.131Z","stage":"detail","operation":"detail","outcome":"success","type":"bookmark","account":"5bf3***2ad7","item":"68ff***f378","processed":14,"durationMs":18614,"message":"item detail completed"}
{"ts":"2026-08-17T13:51:10.132Z","stage":"comments","operation":"comments","outcome":"success","type":"bookmark","account":"5bf3***2ad7","item":"68ff***f378","processed":14,"durationMs":18614,"attempted":1,"succeeded":1,"failed":0,"message":"comment attachment summary"}
{"ts":"2026-08-17T13:51:10.819Z","stage":"media","operation":"media","outcome":"success","type":"bookmark","account":"5bf3***2ad7","item":"68ff***f378","processed":14,"durationMs":685,"attempted":3,"succeeded":3,"failed":0,"expectedVideo":false,"videoDownloadEnabled":false,"imageCandidates":3,"videoCandidates":0,"message":"media localization summary"}
{"ts":"2026-08-17T13:51:10.819Z","stage":"writing","operation":"vault_write","outcome":"success","type":"bookmark","account":"5bf3***2ad7","item":"68ff***f378","processed":14,"durationMs":685,"message":"vault write completed"}
{"ts":"2026-08-17T13:51:10.820Z","stage":"listing","operation":"target","outcome":"yielded","target":"bookmark","type":"bookmark","account":"5bf3***2ad7","processed":15,"attempted":5,"message":"fair sync target completed"}
{"ts":"2026-08-17T13:51:10.878Z","stage":"cooldown","operation":"run","outcome":"paused","pages":3,"processed":15,"stopReason":"run_limit","message":"本轮同步完成：新增 8 篇，已存在 0 篇，更新 0 篇，跳过 7 篇，本轮分配：收藏 10、点赞 5，本轮已达到 15 篇安全上限，将自动继续补齐。"}
{"ts":"2026-08-17T13:51:10.878Z","stage":"done","operation":"run","outcome":"paused","pages":3,"attempted":3,"succeeded":3,"message":"run diagnostics; listingRequests=3; indexBuilds=0; indexHits=11; indexMisses=13"}
{"ts":"2026-08-17T13:59:26.555Z","stage":"preparing","engine":"fair-sync-v3","os":"darwin","operation":"run","outcome":"start","processed":0,"message":"sync started; safety=safe-task-v2; limit=15; batch=5; wait=5-15s; cooldown=5-10m"}
{"ts":"2026-08-17T13:59:37.541Z","stage":"retrying","outcome":"failed","account":"5bf3***2ad7","processed":0,"waitSeconds":15,"retryAttempt":1,"retryMax":2,"error":"RedNote request failed: Failed to fetch"}
{"ts":"2026-08-17T14:00:05.899Z","stage":"retrying","outcome":"failed","account":"5bf3***2ad7","processed":0,"waitSeconds":6,"retryAttempt":2,"retryMax":2,"error":"RedNote request failed: Failed to fetch"}
{"ts":"2026-08-17T14:00:26.335Z","stage":"done","operation":"run","outcome":"failed","processed":0,"stopReason":"error","error":"RedNote request failed: Failed to fetch"}
