group	sha256	file_count	domain_count	domain	class	path
D0001	21659038c19d0fcd4aa0d0edf2ccc19794e674c13fcad4a6532224168dd09e8f	19	1	linux-vision	attachment-evidence	projects/linux视觉感知项目/源码/上位机程序/Lane_Detection/LSTR/result/13.jpg
D0001	21659038c19d0fcd4aa0d0edf2ccc19794e674c13fcad4a6532224168dd09e8f	19	1	linux-vision	attachment-evidence	projects/linux视觉感知项目/源码/上位机程序/Lane_Detection/LSTR/result/14.jpg
D0001	21659038c19d0fcd4aa0d0edf2ccc19794e674c13fcad4a6532224168dd09e8f	19	1	linux-vision	attachment-evidence	projects/linux视觉感知项目/源码/上位机程序/Lane_Detection/LSTR/result/15.jpg
D0001	21659038c19d0fcd4aa0d0edf2ccc19794e674c13fcad4a6532224168dd09e8f	19	1	linux-vision	attachment-evidence	projects/linux视觉感知项目/源码/上位机程序/Lane_Detection/LSTR/result/16.jpg
D0001	21659038c19d0fcd4aa0d0edf2ccc19794e674c13fcad4a6532224168dd09e8f	19	1	linux-vision	attachment-evidence	projects/linux视觉感知项目/源码/上位机程序/Lane_Detection/LSTR/result/17.jpg
D0001	21659038c19d0fcd4aa0d0edf2ccc19794e674c13fcad4a6532224168dd09e8f	19	1	linux-vision	attachment-evidence	projects/linux视觉感知项目/源码/上位机程序/Lane_Detection/LSTR/result/18.jpg
D0001	21659038c19d0fcd4aa0d0edf2ccc19794e674c13fcad4a6532224168dd09e8f	19	1	linux-vision	attachment-evidence	projects/linux视觉感知项目/源码/上位机程序/Lane_Detection/LSTR/result/19.jpg
D0001	21659038c19d0fcd4aa0d0edf2ccc19794e674c13fcad4a6532224168dd09e8f	19	1	linux-vision	attachment-evidence	projects/linux视觉感知项目/源码/上位机程序/Lane_Detection/LSTR/result/20.jpg
D0001	21659038c19d0fcd4aa0d0edf2ccc19794e674c13fcad4a6532224168dd09e8f	19	1	linux-vision	attachment-evidence	projects/linux视觉感知项目/源码/上位机程序/Lane_Detection/LSTR/result/21.jpg
D0001	21659038c19d0fcd4aa0d0edf2ccc19794e674c13fcad4a6532224168dd09e8f	19	1	linux-vision	attachment-evidence	projects/linux视觉感知项目/源码/上位机程序/Lane_Detection/LSTR/result/22.jpg
D0001	21659038c19d0fcd4aa0d0edf2ccc19794e674c13fcad4a6532224168dd09e8f	19	1	linux-vision	attachment-evidence	projects/linux视觉感知项目/源码/上位机程序/Lane_Detection/LSTR/result/23.jpg
D0001	21659038c19d0fcd4aa0d0edf2ccc19794e674c13fcad4a6532224168dd09e8f	19	1	linux-vision	attachment-evidence	projects/linux视觉感知项目/源码/上位机程序/Lane_Detection/LSTR/result/24.jpg
D0001	21659038c19d0fcd4aa0d0edf2ccc19794e674c13fcad4a6532224168dd09e8f	19	1	linux-vision	attachment-evidence	projects/linux视觉感知项目/源码/上位机程序/Lane_Detection/LSTR/result/25.jpg
D0001	21659038c19d0fcd4aa0d0edf2ccc19794e674c13fcad4a6532224168dd09e8f	19	1	linux-vision	attachment-evidence	projects/linux视觉感知项目/源码/上位机程序/Lane_Detection/LSTR/result/26.jpg
D0001	21659038c19d0fcd4aa0d0edf2ccc19794e674c13fcad4a6532224168dd09e8f	19	1	linux-vision	attachment-evidence	projects/linux视觉感知项目/源码/上位机程序/Lane_Detection/LSTR/result/27.jpg
D0001	21659038c19d0fcd4aa0d0edf2ccc19794e674c13fcad4a6532224168dd09e8f	19	1	linux-vision	attachment-evidence	projects/linux视觉感知项目/源码/上位机程序/Lane_Detection/LSTR/result/28.jpg
D0001	21659038c19d0fcd4aa0d0edf2ccc19794e674c13fcad4a6532224168dd09e8f	19	1	linux-vision	attachment-evidence	projects/linux视觉感知项目/源码/上位机程序/Lane_Detection/LSTR/result/29.jpg
D0001	21659038c19d0fcd4aa0d0edf2ccc19794e674c13fcad4a6532224168dd09e8f	19	1	linux-vision	attachment-evidence	projects/linux视觉感知项目/源码/上位机程序/Lane_Detection/LSTR/result/30.jpg
D0001	21659038c19d0fcd4aa0d0edf2ccc19794e674c13fcad4a6532224168dd09e8f	19	1	linux-vision	attachment-evidence	projects/linux视觉感知项目/源码/上位机程序/Lane_Detection/LSTR/result/31.jpg
D0002	79d03e725550bbdd3003a899c31aaa6951d9e795783839940bb6efc83563e858	19	1	linux-vision	attachment-evidence	projects/linux视觉感知项目/源码/上位机程序/Lane_Detection/LSTR/videos/frames/13.jpg
D0002	79d03e725550bbdd3003a899c31aaa6951d9e795783839940bb6efc83563e858	19	1	linux-vision	attachment-evidence	projects/linux视觉感知项目/源码/上位机程序/Lane_Detection/LSTR/videos/frames/14.jpg
D0002	79d03e725550bbdd3003a899c31aaa6951d9e795783839940bb6efc83563e858	19	1	linux-vision	attachment-evidence	projects/linux视觉感知项目/源码/上位机程序/Lane_Detection/LSTR/videos/frames/15.jpg
D0002	79d03e725550bbdd3003a899c31aaa6951d9e795783839940bb6efc83563e858	19	1	linux-vision	attachment-evidence	projects/linux视觉感知项目/源码/上位机程序/Lane_Detection/LSTR/videos/frames/16.jpg
D0002	79d03e725550bbdd3003a899c31aaa6951d9e795783839940bb6efc83563e858	19	1	linux-vision	attachment-evidence	projects/linux视觉感知项目/源码/上位机程序/Lane_Detection/LSTR/videos/frames/17.jpg
D0002	79d03e725550bbdd3003a899c31aaa6951d9e795783839940bb6efc83563e858	19	1	linux-vision	attachment-evidence	projects/linux视觉感知项目/源码/上位机程序/Lane_Detection/LSTR/videos/frames/18.jpg
D0002	79d03e725550bbdd3003a899c31aaa6951d9e795783839940bb6efc83563e858	19	1	linux-vision	attachment-evidence	projects/linux视觉感知项目/源码/上位机程序/Lane_Detection/LSTR/videos/frames/19.jpg
D0002	79d03e725550bbdd3003a899c31aaa6951d9e795783839940bb6efc83563e858	19	1	linux-vision	attachment-evidence	projects/linux视觉感知项目/源码/上位机程序/Lane_Detection/LSTR/videos/frames/20.jpg
D0002	79d03e725550bbdd3003a899c31aaa6951d9e795783839940bb6efc83563e858	19	1	linux-vision	attachment-evidence	projects/linux视觉感知项目/源码/上位机程序/Lane_Detection/LSTR/videos/frames/21.jpg
D0002	79d03e725550bbdd3003a899c31aaa6951d9e795783839940bb6efc83563e858	19	1	linux-vision	attachment-evidence	projects/linux视觉感知项目/源码/上位机程序/Lane_Detection/LSTR/videos/frames/22.jpg
D0002	79d03e725550bbdd3003a899c31aaa6951d9e795783839940bb6efc83563e858	19	1	linux-vision	attachment-evidence	projects/linux视觉感知项目/源码/上位机程序/Lane_Detection/LSTR/videos/frames/23.jpg
D0002	79d03e725550bbdd3003a899c31aaa6951d9e795783839940bb6efc83563e858	19	1	linux-vision	attachment-evidence	projects/linux视觉感知项目/源码/上位机程序/Lane_Detection/LSTR/videos/frames/24.jpg
D0002	79d03e725550bbdd3003a899c31aaa6951d9e795783839940bb6efc83563e858	19	1	linux-vision	attachment-evidence	projects/linux视觉感知项目/源码/上位机程序/Lane_Detection/LSTR/videos/frames/25.jpg
D0002	79d03e725550bbdd3003a899c31aaa6951d9e795783839940bb6efc83563e858	19	1	linux-vision	attachment-evidence	projects/linux视觉感知项目/源码/上位机程序/Lane_Detection/LSTR/videos/frames/26.jpg
D0002	79d03e725550bbdd3003a899c31aaa6951d9e795783839940bb6efc83563e858	19	1	linux-vision	attachment-evidence	projects/linux视觉感知项目/源码/上位机程序/Lane_Detection/LSTR/videos/frames/27.jpg
D0002	79d03e725550bbdd3003a899c31aaa6951d9e795783839940bb6efc83563e858	19	1	linux-vision	attachment-evidence	projects/linux视觉感知项目/源码/上位机程序/Lane_Detection/LSTR/videos/frames/28.jpg
D0002	79d03e725550bbdd3003a899c31aaa6951d9e795783839940bb6efc83563e858	19	1	linux-vision	attachment-evidence	projects/linux视觉感知项目/源码/上位机程序/Lane_Detection/LSTR/videos/frames/29.jpg
D0002	79d03e725550bbdd3003a899c31aaa6951d9e795783839940bb6efc83563e858	19	1	linux-vision	attachment-evidence	projects/linux视觉感知项目/源码/上位机程序/Lane_Detection/LSTR/videos/frames/30.jpg
D0002	79d03e725550bbdd3003a899c31aaa6951d9e795783839940bb6efc83563e858	19	1	linux-vision	attachment-evidence	projects/linux视觉感知项目/源码/上位机程序/Lane_Detection/LSTR/videos/frames/31.jpg
D0003	09ffcaa303a845b0d2b2c65c3b9bb5eb6892d4a5998767159588c3f67354af09	8	1	attachments-evidence	attachment-evidence	assets/xiaolincoding/图解系统/02｜硬件结构篇-2.2 磁盘比内存慢几万倍？/img-004 2.png
D0003	09ffcaa303a845b0d2b2c65c3b9bb5eb6892d4a5998767159588c3f67354af09	8	1	attachments-evidence	attachment-evidence	assets/xiaolincoding/图解系统/02｜硬件结构篇-2.2 磁盘比内存慢几万倍？/img-004.png
D0003	09ffcaa303a845b0d2b2c65c3b9bb5eb6892d4a5998767159588c3f67354af09	8	1	attachments-evidence	attachment-evidence	assets/xiaolincoding/图解系统/02｜硬件结构篇-2.3 如何写出让 CPU 跑得更快的代码？/img-003 2.png
D0003	09ffcaa303a845b0d2b2c65c3b9bb5eb6892d4a5998767159588c3f67354af09	8	1	attachments-evidence	attachment-evidence	assets/xiaolincoding/图解系统/02｜硬件结构篇-2.3 如何写出让 CPU 跑得更快的代码？/img-003.png
D0003	09ffcaa303a845b0d2b2c65c3b9bb5eb6892d4a5998767159588c3f67354af09	8	1	attachments-evidence	attachment-evidence	assets/xiaolincoding/图解系统/02｜硬件结构篇-2.4 CPU 缓存一致性/img-002 2.png
D0003	09ffcaa303a845b0d2b2c65c3b9bb5eb6892d4a5998767159588c3f67354af09	8	1	attachments-evidence	attachment-evidence	assets/xiaolincoding/图解系统/02｜硬件结构篇-2.4 CPU 缓存一致性/img-002.png
D0003	09ffcaa303a845b0d2b2c65c3b9bb5eb6892d4a5998767159588c3f67354af09	8	1	attachments-evidence	attachment-evidence	assets/xiaolincoding/图解系统/11｜学习心得-11.2 画图经验分享/img-007 3.png
D0003	09ffcaa303a845b0d2b2c65c3b9bb5eb6892d4a5998767159588c3f67354af09	8	1	attachments-evidence	attachment-evidence	assets/xiaolincoding/图解系统/11｜学习心得-11.2 画图经验分享/img-007.png
D0004	086a02d925e1f5d8d7f1e600ce8f9c51aee414f6ed3bb1fcda38cb80cb86cdef	6	1	attachments-evidence	attachment-evidence	assets/xiaolincoding/图解系统/02｜硬件结构篇-2.3 如何写出让 CPU 跑得更快的代码？/img-006 2.png
D0004	086a02d925e1f5d8d7f1e600ce8f9c51aee414f6ed3bb1fcda38cb80cb86cdef	6	1	attachments-evidence	attachment-evidence	assets/xiaolincoding/图解系统/02｜硬件结构篇-2.3 如何写出让 CPU 跑得更快的代码？/img-006.png
D0004	086a02d925e1f5d8d7f1e600ce8f9c51aee414f6ed3bb1fcda38cb80cb86cdef	6	1	attachments-evidence	attachment-evidence	assets/xiaolincoding/图解系统/02｜硬件结构篇-2.3 如何写出让 CPU 跑得更快的代码？/img-013 2.png
D0004	086a02d925e1f5d8d7f1e600ce8f9c51aee414f6ed3bb1fcda38cb80cb86cdef	6	1	attachments-evidence	attachment-evidence	assets/xiaolincoding/图解系统/02｜硬件结构篇-2.3 如何写出让 CPU 跑得更快的代码？/img-013.png
D0004	086a02d925e1f5d8d7f1e600ce8f9c51aee414f6ed3bb1fcda38cb80cb86cdef	6	1	attachments-evidence	attachment-evidence	assets/xiaolincoding/图解系统/02｜硬件结构篇-2.5 CPU 是如何执行任务的？/img-005 2.png
D0004	086a02d925e1f5d8d7f1e600ce8f9c51aee414f6ed3bb1fcda38cb80cb86cdef	6	1	attachments-evidence	attachment-evidence	assets/xiaolincoding/图解系统/02｜硬件结构篇-2.5 CPU 是如何执行任务的？/img-005.png
D0005	076d5445c2d45ad894c53df56fb0948855a52301f31fe153b5b7ea305d483523	5	1	linux-vision	build-artifact	projects/linux视觉感知项目/源码/上位机程序/Lane_Detection/LSTR/build/CMakeFiles/3.26.0/CMakeDetermineCompilerABI_C.bin
D0005	076d5445c2d45ad894c53df56fb0948855a52301f31fe153b5b7ea305d483523	5	1	linux-vision	build-artifact	projects/linux视觉感知项目/源码/卷积神经网络/卷积神经网络/LSTR_ONNX/build/CMakeFiles/3.26.0/CMakeDetermineCompilerABI_C.bin
D0005	076d5445c2d45ad894c53df56fb0948855a52301f31fe153b5b7ea305d483523	5	1	linux-vision	build-artifact	projects/linux视觉感知项目/源码/卷积神经网络/卷积神经网络/Unet_NCNN/build/CMakeFiles/3.26.0/CMakeDetermineCompilerABI_C.bin
D0005	076d5445c2d45ad894c53df56fb0948855a52301f31fe153b5b7ea305d483523	5	1	linux-vision	build-artifact	projects/linux视觉感知项目/源码/图像预处理（加速前+加速后）/Lime/build/CMakeFiles/3.26.0/CMakeDetermineCompilerABI_C.bin
D0005	076d5445c2d45ad894c53df56fb0948855a52301f31fe153b5b7ea305d483523	5	1	linux-vision	build-artifact	projects/linux视觉感知项目/源码/图像预处理（加速前+加速后）/Lime_NEON+OpenMP/build/CMakeFiles/3.26.0/CMakeDetermineCompilerABI_C.bin
D0006	3aefeb492e6cc193cac26999808c8b9c2262ed2f4a79b96a310bee7ce734243b	5	1	linux-vision	build-artifact	projects/linux视觉感知项目/源码/上位机程序/Lane_Detection/LSTR/build/CMakeFiles/3.26.0/CMakeCCompiler.cmake
D0006	3aefeb492e6cc193cac26999808c8b9c2262ed2f4a79b96a310bee7ce734243b	5	1	linux-vision	build-artifact	projects/linux视觉感知项目/源码/卷积神经网络/卷积神经网络/LSTR_ONNX/build/CMakeFiles/3.26.0/CMakeCCompiler.cmake
D0006	3aefeb492e6cc193cac26999808c8b9c2262ed2f4a79b96a310bee7ce734243b	5	1	linux-vision	build-artifact	projects/linux视觉感知项目/源码/卷积神经网络/卷积神经网络/Unet_NCNN/build/CMakeFiles/3.26.0/CMakeCCompiler.cmake
D0006	3aefeb492e6cc193cac26999808c8b9c2262ed2f4a79b96a310bee7ce734243b	5	1	linux-vision	build-artifact	projects/linux视觉感知项目/源码/图像预处理（加速前+加速后）/Lime/build/CMakeFiles/3.26.0/CMakeCCompiler.cmake
D0006	3aefeb492e6cc193cac26999808c8b9c2262ed2f4a79b96a310bee7ce734243b	5	1	linux-vision	build-artifact	projects/linux视觉感知项目/源码/图像预处理（加速前+加速后）/Lime_NEON+OpenMP/build/CMakeFiles/3.26.0/CMakeCCompiler.cmake
D0007	4c10eb1905bf94fcec45a35c3170ea46dc31c5f7c8e487c45bc95021366d6616	5	1	linux-vision	attachment-evidence	projects/linux视觉感知项目/源码/上位机程序/Lane_Detection/LSTR/images/test6.jpg
D0007	4c10eb1905bf94fcec45a35c3170ea46dc31c5f7c8e487c45bc95021366d6616	5	1	linux-vision	attachment-evidence	projects/linux视觉感知项目/源码/卷积神经网络/卷积神经网络/LSTR_ONNX/images/test6.jpg
D0007	4c10eb1905bf94fcec45a35c3170ea46dc31c5f7c8e487c45bc95021366d6616	5	1	linux-vision	attachment-evidence	projects/linux视觉感知项目/源码/卷积神经网络/卷积神经网络/Unet_NCNN/images/test6.jpg
D0007	4c10eb1905bf94fcec45a35c3170ea46dc31c5f7c8e487c45bc95021366d6616	5	1	linux-vision	attachment-evidence	projects/linux视觉感知项目/源码/图像预处理（加速前+加速后）/Lime/data/test6.jpg
D0007	4c10eb1905bf94fcec45a35c3170ea46dc31c5f7c8e487c45bc95021366d6616	5	1	linux-vision	attachment-evidence	projects/linux视觉感知项目/源码/图像预处理（加速前+加速后）/Lime_NEON+OpenMP/data/test6.jpg
D0008	53c234e5e8472b6ac51c1ae1cab3fe06fad053beb8ebfd8977b010655bfdd3c3	5	1	linux-vision	build-artifact	projects/linux视觉感知项目/源码/上位机程序/Lane_Detection/LSTR/build/CMakeFiles/progress.marks
D0008	53c234e5e8472b6ac51c1ae1cab3fe06fad053beb8ebfd8977b010655bfdd3c3	5	1	linux-vision	build-artifact	projects/linux视觉感知项目/源码/卷积神经网络/卷积神经网络/LSTR_ONNX/build/CMakeFiles/progress.marks
D0008	53c234e5e8472b6ac51c1ae1cab3fe06fad053beb8ebfd8977b010655bfdd3c3	5	1	linux-vision	build-artifact	projects/linux视觉感知项目/源码/卷积神经网络/卷积神经网络/Unet_NCNN/build/CMakeFiles/progress.marks
D0008	53c234e5e8472b6ac51c1ae1cab3fe06fad053beb8ebfd8977b010655bfdd3c3	5	1	linux-vision	build-artifact	projects/linux视觉感知项目/源码/图像预处理（加速前+加速后）/Lime/build/CMakeFiles/progress.marks
D0008	53c234e5e8472b6ac51c1ae1cab3fe06fad053beb8ebfd8977b010655bfdd3c3	5	1	linux-vision	build-artifact	projects/linux视觉感知项目/源码/图像预处理（加速前+加速后）/Lime_NEON+OpenMP/build/CMakeFiles/progress.marks
D0009	5534dc604b4d2329cd34f2cb3235db8fdf98c9ce9d664c36dcd01f196c503162	5	1	linux-vision	build-artifact	projects/linux视觉感知项目/源码/上位机程序/Lane_Detection/LSTR/build/CMakeFiles/3.26.0/CompilerIdCXX/a.out
D0009	5534dc604b4d2329cd34f2cb3235db8fdf98c9ce9d664c36dcd01f196c503162	5	1	linux-vision	build-artifact	projects/linux视觉感知项目/源码/卷积神经网络/卷积神经网络/LSTR_ONNX/build/CMakeFiles/3.26.0/CompilerIdCXX/a.out
D0009	5534dc604b4d2329cd34f2cb3235db8fdf98c9ce9d664c36dcd01f196c503162	5	1	linux-vision	build-artifact	projects/linux视觉感知项目/源码/卷积神经网络/卷积神经网络/Unet_NCNN/build/CMakeFiles/3.26.0/CompilerIdCXX/a.out
D0009	5534dc604b4d2329cd34f2cb3235db8fdf98c9ce9d664c36dcd01f196c503162	5	1	linux-vision	build-artifact	projects/linux视觉感知项目/源码/图像预处理（加速前+加速后）/Lime/build/CMakeFiles/3.26.0/CompilerIdCXX/a.out
D0009	5534dc604b4d2329cd34f2cb3235db8fdf98c9ce9d664c36dcd01f196c503162	5	1	linux-vision	build-artifact	projects/linux视觉感知项目/源码/图像预处理（加速前+加速后）/Lime_NEON+OpenMP/build/CMakeFiles/3.26.0/CompilerIdCXX/a.out
D0010	7449218e0d5d1a2e41b32840aa3c7f84752b6bfc0f14671992ae3d7dd9028faf	5	1	linux-vision	build-artifact	projects/linux视觉感知项目/源码/上位机程序/Lane_Detection/LSTR/build/CMakeFiles/3.26.0/CMakeSystem.cmake
D0010	7449218e0d5d1a2e41b32840aa3c7f84752b6bfc0f14671992ae3d7dd9028faf	5	1	linux-vision	build-artifact	projects/linux视觉感知项目/源码/卷积神经网络/卷积神经网络/LSTR_ONNX/build/CMakeFiles/3.26.0/CMakeSystem.cmake
D0010	7449218e0d5d1a2e41b32840aa3c7f84752b6bfc0f14671992ae3d7dd9028faf	5	1	linux-vision	build-artifact	projects/linux视觉感知项目/源码/卷积神经网络/卷积神经网络/Unet_NCNN/build/CMakeFiles/3.26.0/CMakeSystem.cmake
D0010	7449218e0d5d1a2e41b32840aa3c7f84752b6bfc0f14671992ae3d7dd9028faf	5	1	linux-vision	build-artifact	projects/linux视觉感知项目/源码/图像预处理（加速前+加速后）/Lime/build/CMakeFiles/3.26.0/CMakeSystem.cmake
D0010	7449218e0d5d1a2e41b32840aa3c7f84752b6bfc0f14671992ae3d7dd9028faf	5	1	linux-vision	build-artifact	projects/linux视觉感知项目/源码/图像预处理（加速前+加速后）/Lime_NEON+OpenMP/build/CMakeFiles/3.26.0/CMakeSystem.cmake
D0011	79388f76e6703c26e8bdb9a0bec444820824ab040d0f4e36d00fba35b920b785	5	1	linux-vision	attachment-evidence	projects/linux视觉感知项目/源码/上位机程序/Lane_Detection/LSTR/images/test4.jpg
D0011	79388f76e6703c26e8bdb9a0bec444820824ab040d0f4e36d00fba35b920b785	5	1	linux-vision	attachment-evidence	projects/linux视觉感知项目/源码/卷积神经网络/卷积神经网络/LSTR_ONNX/images/test4.jpg
D0011	79388f76e6703c26e8bdb9a0bec444820824ab040d0f4e36d00fba35b920b785	5	1	linux-vision	attachment-evidence	projects/linux视觉感知项目/源码/卷积神经网络/卷积神经网络/Unet_NCNN/images/test4.jpg
D0011	79388f76e6703c26e8bdb9a0bec444820824ab040d0f4e36d00fba35b920b785	5	1	linux-vision	attachment-evidence	projects/linux视觉感知项目/源码/图像预处理（加速前+加速后）/Lime/data/test4.jpg
D0011	79388f76e6703c26e8bdb9a0bec444820824ab040d0f4e36d00fba35b920b785	5	1	linux-vision	attachment-evidence	projects/linux视觉感知项目/源码/图像预处理（加速前+加速后）/Lime_NEON+OpenMP/data/test4.jpg
D0012	88c2107eec2cc5e09fa151c03740d12fbd86ed45f6597a1ec8e9116ec7525a43	5	1	linux-vision	build-artifact	projects/linux视觉感知项目/源码/上位机程序/Lane_Detection/LSTR/build/CMakeFiles/3.26.0/CMakeDetermineCompilerABI_CXX.bin
D0012	88c2107eec2cc5e09fa151c03740d12fbd86ed45f6597a1ec8e9116ec7525a43	5	1	linux-vision	build-artifact	projects/linux视觉感知项目/源码/卷积神经网络/卷积神经网络/LSTR_ONNX/build/CMakeFiles/3.26.0/CMakeDetermineCompilerABI_CXX.bin
D0012	88c2107eec2cc5e09fa151c03740d12fbd86ed45f6597a1ec8e9116ec7525a43	5	1	linux-vision	build-artifact	projects/linux视觉感知项目/源码/卷积神经网络/卷积神经网络/Unet_NCNN/build/CMakeFiles/3.26.0/CMakeDetermineCompilerABI_CXX.bin
D0012	88c2107eec2cc5e09fa151c03740d12fbd86ed45f6597a1ec8e9116ec7525a43	5	1	linux-vision	build-artifact	projects/linux视觉感知项目/源码/图像预处理（加速前+加速后）/Lime/build/CMakeFiles/3.26.0/CMakeDetermineCompilerABI_CXX.bin
D0012	88c2107eec2cc5e09fa151c03740d12fbd86ed45f6597a1ec8e9116ec7525a43	5	1	linux-vision	build-artifact	projects/linux视觉感知项目/源码/图像预处理（加速前+加速后）/Lime_NEON+OpenMP/build/CMakeFiles/3.26.0/CMakeDetermineCompilerABI_CXX.bin
D0013	925f3820381676c6dc6272a826b98dc93d42ae59e9191ce1836d4779b8d1b1eb	5	1	linux-vision	attachment-evidence	projects/linux视觉感知项目/源码/上位机程序/Lane_Detection/LSTR/images/test3.jpg
D0013	925f3820381676c6dc6272a826b98dc93d42ae59e9191ce1836d4779b8d1b1eb	5	1	linux-vision	attachment-evidence	projects/linux视觉感知项目/源码/卷积神经网络/卷积神经网络/LSTR_ONNX/images/test3.jpg
D0013	925f3820381676c6dc6272a826b98dc93d42ae59e9191ce1836d4779b8d1b1eb	5	1	linux-vision	attachment-evidence	projects/linux视觉感知项目/源码/卷积神经网络/卷积神经网络/Unet_NCNN/images/test3.jpg
D0013	925f3820381676c6dc6272a826b98dc93d42ae59e9191ce1836d4779b8d1b1eb	5	1	linux-vision	attachment-evidence	projects/linux视觉感知项目/源码/图像预处理（加速前+加速后）/Lime/data/test3.jpg
D0013	925f3820381676c6dc6272a826b98dc93d42ae59e9191ce1836d4779b8d1b1eb	5	1	linux-vision	attachment-evidence	projects/linux视觉感知项目/源码/图像预处理（加速前+加速后）/Lime_NEON+OpenMP/data/test3.jpg
D0014	92a4554a99021342b11bf4779d6d1751870a2770995ba5ebbe947d5993876c91	5	1	linux-vision	build-artifact	projects/linux视觉感知项目/源码/上位机程序/Lane_Detection/LSTR/build/CMakeFiles/3.26.0/CMakeCXXCompiler.cmake
D0014	92a4554a99021342b11bf4779d6d1751870a2770995ba5ebbe947d5993876c91	5	1	linux-vision	build-artifact	projects/linux视觉感知项目/源码/卷积神经网络/卷积神经网络/LSTR_ONNX/build/CMakeFiles/3.26.0/CMakeCXXCompiler.cmake
D0014	92a4554a99021342b11bf4779d6d1751870a2770995ba5ebbe947d5993876c91	5	1	linux-vision	build-artifact	projects/linux视觉感知项目/源码/卷积神经网络/卷积神经网络/Unet_NCNN/build/CMakeFiles/3.26.0/CMakeCXXCompiler.cmake
D0014	92a4554a99021342b11bf4779d6d1751870a2770995ba5ebbe947d5993876c91	5	1	linux-vision	build-artifact	projects/linux视觉感知项目/源码/图像预处理（加速前+加速后）/Lime/build/CMakeFiles/3.26.0/CMakeCXXCompiler.cmake
D0014	92a4554a99021342b11bf4779d6d1751870a2770995ba5ebbe947d5993876c91	5	1	linux-vision	build-artifact	projects/linux视觉感知项目/源码/图像预处理（加速前+加速后）/Lime_NEON+OpenMP/build/CMakeFiles/3.26.0/CMakeCXXCompiler.cmake
D0015	9388c5cdafe7dd7b677729ecdc5ae684fb774fd9b47cb1282effe13064f32e04	5	1	linux-vision	build-artifact	projects/linux视觉感知项目/源码/上位机程序/Lane_Detection/LSTR/build/CMakeFiles/3.26.0/CompilerIdC/CMakeCCompilerId.c
D0015	9388c5cdafe7dd7b677729ecdc5ae684fb774fd9b47cb1282effe13064f32e04	5	1	linux-vision	build-artifact	projects/linux视觉感知项目/源码/卷积神经网络/卷积神经网络/LSTR_ONNX/build/CMakeFiles/3.26.0/CompilerIdC/CMakeCCompilerId.c
D0015	9388c5cdafe7dd7b677729ecdc5ae684fb774fd9b47cb1282effe13064f32e04	5	1	linux-vision	build-artifact	projects/linux视觉感知项目/源码/卷积神经网络/卷积神经网络/Unet_NCNN/build/CMakeFiles/3.26.0/CompilerIdC/CMakeCCompilerId.c
D0015	9388c5cdafe7dd7b677729ecdc5ae684fb774fd9b47cb1282effe13064f32e04	5	1	linux-vision	build-artifact	projects/linux视觉感知项目/源码/图像预处理（加速前+加速后）/Lime/build/CMakeFiles/3.26.0/CompilerIdC/CMakeCCompilerId.c
D0015	9388c5cdafe7dd7b677729ecdc5ae684fb774fd9b47cb1282effe13064f32e04	5	1	linux-vision	build-artifact	projects/linux视觉感知项目/源码/图像预处理（加速前+加速后）/Lime_NEON+OpenMP/build/CMakeFiles/3.26.0/CompilerIdC/CMakeCCompilerId.c
D0016	a26189e394421da57f45706a07713c5720acd200a41711b0c0c590c3c63371c4	5	1	linux-vision	build-artifact	projects/linux视觉感知项目/源码/上位机程序/Lane_Detection/LSTR/build/CMakeFiles/cmake.check_cache
D0016	a26189e394421da57f45706a07713c5720acd200a41711b0c0c590c3c63371c4	5	1	linux-vision	build-artifact	projects/linux视觉感知项目/源码/卷积神经网络/卷积神经网络/LSTR_ONNX/build/CMakeFiles/cmake.check_cache
D0016	a26189e394421da57f45706a07713c5720acd200a41711b0c0c590c3c63371c4	5	1	linux-vision	build-artifact	projects/linux视觉感知项目/源码/卷积神经网络/卷积神经网络/Unet_NCNN/build/CMakeFiles/cmake.check_cache
D0016	a26189e394421da57f45706a07713c5720acd200a41711b0c0c590c3c63371c4	5	1	linux-vision	build-artifact	projects/linux视觉感知项目/源码/图像预处理（加速前+加速后）/Lime/build/CMakeFiles/cmake.check_cache
D0016	a26189e394421da57f45706a07713c5720acd200a41711b0c0c590c3c63371c4	5	1	linux-vision	build-artifact	projects/linux视觉感知项目/源码/图像预处理（加速前+加速后）/Lime_NEON+OpenMP/build/CMakeFiles/cmake.check_cache
D0017	aead473e1a9bb2ab9c87a06c3bc4ef9830d65dfe38d825293203ac7a7a5ddd12	5	1	linux-vision	build-artifact	projects/linux视觉感知项目/源码/上位机程序/Lane_Detection/LSTR/build/CMakeFiles/3.26.0/CompilerIdC/a.out
D0017	aead473e1a9bb2ab9c87a06c3bc4ef9830d65dfe38d825293203ac7a7a5ddd12	5	1	linux-vision	build-artifact	projects/linux视觉感知项目/源码/卷积神经网络/卷积神经网络/LSTR_ONNX/build/CMakeFiles/3.26.0/CompilerIdC/a.out
D0017	aead473e1a9bb2ab9c87a06c3bc4ef9830d65dfe38d825293203ac7a7a5ddd12	5	1	linux-vision	build-artifact	projects/linux视觉感知项目/源码/卷积神经网络/卷积神经网络/Unet_NCNN/build/CMakeFiles/3.26.0/CompilerIdC/a.out
D0017	aead473e1a9bb2ab9c87a06c3bc4ef9830d65dfe38d825293203ac7a7a5ddd12	5	1	linux-vision	build-artifact	projects/linux视觉感知项目/源码/图像预处理（加速前+加速后）/Lime/build/CMakeFiles/3.26.0/CompilerIdC/a.out
D0017	aead473e1a9bb2ab9c87a06c3bc4ef9830d65dfe38d825293203ac7a7a5ddd12	5	1	linux-vision	build-artifact	projects/linux视觉感知项目/源码/图像预处理（加速前+加速后）/Lime_NEON+OpenMP/build/CMakeFiles/3.26.0/CompilerIdC/a.out
D0018	b180c8fef16ea1ae4210992b8f61aa86a879d549cc78bdba1e14e50844c06794	5	1	linux-vision	attachment-evidence	projects/linux视觉感知项目/源码/上位机程序/Lane_Detection/LSTR/images/test1.jpg
D0018	b180c8fef16ea1ae4210992b8f61aa86a879d549cc78bdba1e14e50844c06794	5	1	linux-vision	attachment-evidence	projects/linux视觉感知项目/源码/卷积神经网络/卷积神经网络/LSTR_ONNX/images/test1.jpg
D0018	b180c8fef16ea1ae4210992b8f61aa86a879d549cc78bdba1e14e50844c06794	5	1	linux-vision	attachment-evidence	projects/linux视觉感知项目/源码/卷积神经网络/卷积神经网络/Unet_NCNN/images/test1.jpg
D0018	b180c8fef16ea1ae4210992b8f61aa86a879d549cc78bdba1e14e50844c06794	5	1	linux-vision	attachment-evidence	projects/linux视觉感知项目/源码/图像预处理（加速前+加速后）/Lime/data/test1.jpg
D0018	b180c8fef16ea1ae4210992b8f61aa86a879d549cc78bdba1e14e50844c06794	5	1	linux-vision	attachment-evidence	projects/linux视觉感知项目/源码/图像预处理（加速前+加速后）/Lime_NEON+OpenMP/data/test1.jpg
D0019	c06e644090b09d41eaddf59d10bcf03c6db6499eb51fa0d03e5128e5a165cc3c	5	1	linux-vision	build-artifact	projects/linux视觉感知项目/源码/上位机程序/Lane_Detection/LSTR/build/CMakeFiles/LSTR.dir/progress.make
D0019	c06e644090b09d41eaddf59d10bcf03c6db6499eb51fa0d03e5128e5a165cc3c	5	1	linux-vision	build-artifact	projects/linux视觉感知项目/源码/卷积神经网络/卷积神经网络/LSTR_ONNX/build/CMakeFiles/LSTR.dir/progress.make
D0019	c06e644090b09d41eaddf59d10bcf03c6db6499eb51fa0d03e5128e5a165cc3c	5	1	linux-vision	build-artifact	projects/linux视觉感知项目/源码/卷积神经网络/卷积神经网络/Unet_NCNN/build/CMakeFiles/unet_ncnn.dir/progress.make
D0019	c06e644090b09d41eaddf59d10bcf03c6db6499eb51fa0d03e5128e5a165cc3c	5	1	linux-vision	build-artifact	projects/linux视觉感知项目/源码/图像预处理（加速前+加速后）/Lime/build/CMakeFiles/lime.dir/progress.make
D0019	c06e644090b09d41eaddf59d10bcf03c6db6499eb51fa0d03e5128e5a165cc3c	5	1	linux-vision	build-artifact	projects/linux视觉感知项目/源码/图像预处理（加速前+加速后）/Lime_NEON+OpenMP/build/CMakeFiles/lime.dir/progress.make
D0020	d63c4474ec9775d4e6384f11cb93b0483a5ce35c5090a30f03b572db0975b971	5	1	linux-vision	attachment-evidence	projects/linux视觉感知项目/源码/上位机程序/Lane_Detection/LSTR/images/test2.jpg
D0020	d63c4474ec9775d4e6384f11cb93b0483a5ce35c5090a30f03b572db0975b971	5	1	linux-vision	attachment-evidence	projects/linux视觉感知项目/源码/卷积神经网络/卷积神经网络/LSTR_ONNX/images/test2.jpg
D0020	d63c4474ec9775d4e6384f11cb93b0483a5ce35c5090a30f03b572db0975b971	5	1	linux-vision	attachment-evidence	projects/linux视觉感知项目/源码/卷积神经网络/卷积神经网络/Unet_NCNN/images/test2.jpg
D0020	d63c4474ec9775d4e6384f11cb93b0483a5ce35c5090a30f03b572db0975b971	5	1	linux-vision	attachment-evidence	projects/linux视觉感知项目/源码/图像预处理（加速前+加速后）/Lime/data/test2.jpg
D0020	d63c4474ec9775d4e6384f11cb93b0483a5ce35c5090a30f03b572db0975b971	5	1	linux-vision	attachment-evidence	projects/linux视觉感知项目/源码/图像预处理（加速前+加速后）/Lime_NEON+OpenMP/data/test2.jpg
D0021	d9e778870f2f29e29f700b81597ba27125cd67a8d5e01d4b404c75968c23bfc8	5	1	linux-vision	attachment-evidence	projects/linux视觉感知项目/源码/上位机程序/Lane_Detection/LSTR/images/test5.jpg
D0021	d9e778870f2f29e29f700b81597ba27125cd67a8d5e01d4b404c75968c23bfc8	5	1	linux-vision	attachment-evidence	projects/linux视觉感知项目/源码/卷积神经网络/卷积神经网络/LSTR_ONNX/images/test5.jpg
D0021	d9e778870f2f29e29f700b81597ba27125cd67a8d5e01d4b404c75968c23bfc8	5	1	linux-vision	attachment-evidence	projects/linux视觉感知项目/源码/卷积神经网络/卷积神经网络/Unet_NCNN/images/test5.jpg
D0021	d9e778870f2f29e29f700b81597ba27125cd67a8d5e01d4b404c75968c23bfc8	5	1	linux-vision	attachment-evidence	projects/linux视觉感知项目/源码/图像预处理（加速前+加速后）/Lime/data/test5.jpg
D0021	d9e778870f2f29e29f700b81597ba27125cd67a8d5e01d4b404c75968c23bfc8	5	1	linux-vision	attachment-evidence	projects/linux视觉感知项目/源码/图像预处理（加速前+加速后）/Lime_NEON+OpenMP/data/test5.jpg
D0022	ddefd1fad81e054279f666e0b8815accc491e80babb18d631168b624158d709e	5	1	linux-vision	build-artifact	projects/linux视觉感知项目/源码/上位机程序/Lane_Detection/LSTR/build/CMakeFiles/3.26.0/CompilerIdCXX/CMakeCXXCompilerId.cpp
D0022	ddefd1fad81e054279f666e0b8815accc491e80babb18d631168b624158d709e	5	1	linux-vision	build-artifact	projects/linux视觉感知项目/源码/卷积神经网络/卷积神经网络/LSTR_ONNX/build/CMakeFiles/3.26.0/CompilerIdCXX/CMakeCXXCompilerId.cpp
D0022	ddefd1fad81e054279f666e0b8815accc491e80babb18d631168b624158d709e	5	1	linux-vision	build-artifact	projects/linux视觉感知项目/源码/卷积神经网络/卷积神经网络/Unet_NCNN/build/CMakeFiles/3.26.0/CompilerIdCXX/CMakeCXXCompilerId.cpp
D0022	ddefd1fad81e054279f666e0b8815accc491e80babb18d631168b624158d709e	5	1	linux-vision	build-artifact	projects/linux视觉感知项目/源码/图像预处理（加速前+加速后）/Lime/build/CMakeFiles/3.26.0/CompilerIdCXX/CMakeCXXCompilerId.cpp
D0022	ddefd1fad81e054279f666e0b8815accc491e80babb18d631168b624158d709e	5	1	linux-vision	build-artifact	projects/linux视觉感知项目/源码/图像预处理（加速前+加速后）/Lime_NEON+OpenMP/build/CMakeFiles/3.26.0/CompilerIdCXX/CMakeCXXCompilerId.cpp
D0023	0095085bdecc4164b829929f4ce1719b865bd35bc6a8264eee89aaad7dd9893e	4	1	linux-vision	code-or-config	projects/linux视觉感知项目/源码/上位机程序/Lane_Detection/LSTR/include/environment.h
D0023	0095085bdecc4164b829929f4ce1719b865bd35bc6a8264eee89aaad7dd9893e	4	1	linux-vision	code-or-config	projects/linux视觉感知项目/源码/上位机程序/Lane_Detection/LSTR/include/onnxruntime/core/session/environment.h
D0023	0095085bdecc4164b829929f4ce1719b865bd35bc6a8264eee89aaad7dd9893e	4	1	linux-vision	code-or-config	projects/linux视觉感知项目/源码/卷积神经网络/卷积神经网络/LSTR_ONNX/include/environment.h
D0023	0095085bdecc4164b829929f4ce1719b865bd35bc6a8264eee89aaad7dd9893e	4	1	linux-vision	code-or-config	projects/linux视觉感知项目/源码/卷积神经网络/卷积神经网络/LSTR_ONNX/include/onnxruntime/core/session/environment.h
D0024	02b0ea83bf1b7c7f678fa5e46f579ced066895650c55e51adbdc9bac4824f932	4	1	attachments-evidence	attachment-evidence	assets/xiaolincoding/图解系统/02｜硬件结构篇-2.3 如何写出让 CPU 跑得更快的代码？/img-005 2.png
D0024	02b0ea83bf1b7c7f678fa5e46f579ced066895650c55e51adbdc9bac4824f932	4	1	attachments-evidence	attachment-evidence	assets/xiaolincoding/图解系统/02｜硬件结构篇-2.3 如何写出让 CPU 跑得更快的代码？/img-005.png
D0024	02b0ea83bf1b7c7f678fa5e46f579ced066895650c55e51adbdc9bac4824f932	4	1	attachments-evidence	attachment-evidence	assets/xiaolincoding/图解系统/02｜硬件结构篇-2.4 CPU 缓存一致性/img-003 2.png
D0024	02b0ea83bf1b7c7f678fa5e46f579ced066895650c55e51adbdc9bac4824f932	4	1	attachments-evidence	attachment-evidence	assets/xiaolincoding/图解系统/02｜硬件结构篇-2.4 CPU 缓存一致性/img-003.png
D0025	040cec19abebbe1a81f123b1cd9fb699c0b28e377e5c5dd0417d30a19d1078b1	4	1	attachments-evidence	attachment-evidence	assets/xiaolincoding/图解系统/02｜硬件结构篇-2.2 磁盘比内存慢几万倍？/img-005 2.png
D0025	040cec19abebbe1a81f123b1cd9fb699c0b28e377e5c5dd0417d30a19d1078b1	4	1	attachments-evidence	attachment-evidence	assets/xiaolincoding/图解系统/02｜硬件结构篇-2.2 磁盘比内存慢几万倍？/img-005.png
D0025	040cec19abebbe1a81f123b1cd9fb699c0b28e377e5c5dd0417d30a19d1078b1	4	1	attachments-evidence	attachment-evidence	assets/xiaolincoding/图解系统/02｜硬件结构篇-2.5 CPU 是如何执行任务的？/img-003 2.png
D0025	040cec19abebbe1a81f123b1cd9fb699c0b28e377e5c5dd0417d30a19d1078b1	4	1	attachments-evidence	attachment-evidence	assets/xiaolincoding/图解系统/02｜硬件结构篇-2.5 CPU 是如何执行任务的？/img-003.png
D0026	0ba296b3419fb532de7380f12cc4e6754dfeef362d7a49775627fd7fba14638f	4	1	attachments-evidence	attachment-evidence	assets/xiaolincoding/图解系统/02｜硬件结构篇-2.2 磁盘比内存慢几万倍？/img-007 2.png
D0026	0ba296b3419fb532de7380f12cc4e6754dfeef362d7a49775627fd7fba14638f	4	1	attachments-evidence	attachment-evidence	assets/xiaolincoding/图解系统/02｜硬件结构篇-2.2 磁盘比内存慢几万倍？/img-007.png
D0026	0ba296b3419fb532de7380f12cc4e6754dfeef362d7a49775627fd7fba14638f	4	1	attachments-evidence	attachment-evidence	assets/xiaolincoding/图解系统/02｜硬件结构篇-2.5 CPU 是如何执行任务的？/img-004 2.png
D0026	0ba296b3419fb532de7380f12cc4e6754dfeef362d7a49775627fd7fba14638f	4	1	attachments-evidence	attachment-evidence	assets/xiaolincoding/图解系统/02｜硬件结构篇-2.5 CPU 是如何执行任务的？/img-004.png
D0027	16135d6368ad7540760e6fec6fad91b95648068377413edf1609efdeaacaab31	4	1	linux-vision	attachment-evidence	projects/linux视觉感知项目/源码/上位机程序/Lane_Detection/LSTR/images/2.jpg
D0027	16135d6368ad7540760e6fec6fad91b95648068377413edf1609efdeaacaab31	4	1	linux-vision	attachment-evidence	projects/linux视觉感知项目/源码/上位机程序/Lane_Detection/LSTR/test/2.jpg
D0027	16135d6368ad7540760e6fec6fad91b95648068377413edf1609efdeaacaab31	4	1	linux-vision	attachment-evidence	projects/linux视觉感知项目/源码/卷积神经网络/卷积神经网络/LSTR_ONNX/images/2.jpg
D0027	16135d6368ad7540760e6fec6fad91b95648068377413edf1609efdeaacaab31	4	1	linux-vision	attachment-evidence	projects/linux视觉感知项目/源码/卷积神经网络/卷积神经网络/Unet_NCNN/images/2.jpg
D0028	25b0d8e767fc72d560532541537ac07d404a8bf94dffaf78f3069fc20240b76e	4	1	linux-vision	code-or-config	projects/linux视觉感知项目/源码/上位机程序/Lane_Detection/LSTR/include/onnxruntime/core/session/onnxruntime_run_options_config_keys.h
D0028	25b0d8e767fc72d560532541537ac07d404a8bf94dffaf78f3069fc20240b76e	4	1	linux-vision	code-or-config	projects/linux视觉感知项目/源码/上位机程序/Lane_Detection/LSTR/include/onnxruntime_run_options_config_keys.h
D0028	25b0d8e767fc72d560532541537ac07d404a8bf94dffaf78f3069fc20240b76e	4	1	linux-vision	code-or-config	projects/linux视觉感知项目/源码/卷积神经网络/卷积神经网络/LSTR_ONNX/include/onnxruntime/core/session/onnxruntime_run_options_config_keys.h
D0028	25b0d8e767fc72d560532541537ac07d404a8bf94dffaf78f3069fc20240b76e	4	1	linux-vision	code-or-config	projects/linux视觉感知项目/源码/卷积神经网络/卷积神经网络/LSTR_ONNX/include/onnxruntime_run_options_config_keys.h
D0029	37a7c9ae2dd6001ec289684ed1fbcd983b64af6197850fccc9eb398771607c02	4	1	linux-vision	code-or-config	projects/linux视觉感知项目/源码/上位机程序/Lane_Detection/LSTR/include/experimental_onnxruntime_cxx_api.h
D0029	37a7c9ae2dd6001ec289684ed1fbcd983b64af6197850fccc9eb398771607c02	4	1	linux-vision	code-or-config	projects/linux视觉感知项目/源码/上位机程序/Lane_Detection/LSTR/include/onnxruntime/core/session/experimental_onnxruntime_cxx_api.h
D0029	37a7c9ae2dd6001ec289684ed1fbcd983b64af6197850fccc9eb398771607c02	4	1	linux-vision	code-or-config	projects/linux视觉感知项目/源码/卷积神经网络/卷积神经网络/LSTR_ONNX/include/experimental_onnxruntime_cxx_api.h
D0029	37a7c9ae2dd6001ec289684ed1fbcd983b64af6197850fccc9eb398771607c02	4	1	linux-vision	code-or-config	projects/linux视觉感知项目/源码/卷积神经网络/卷积神经网络/LSTR_ONNX/include/onnxruntime/core/session/experimental_onnxruntime_cxx_api.h
D0030	46d4934a591380fa6dacff9c826ee25e80cc7977400774de5637b144ef38b9f9	4	1	linux-vision	code-or-config	projects/linux视觉感知项目/源码/上位机程序/Lane_Detection/LSTR/include/onnxruntime/core/session/onnxruntime_lite_custom_op.h
D0030	46d4934a591380fa6dacff9c826ee25e80cc7977400774de5637b144ef38b9f9	4	1	linux-vision	code-or-config	projects/linux视觉感知项目/源码/上位机程序/Lane_Detection/LSTR/include/onnxruntime_lite_custom_op.h
D0030	46d4934a591380fa6dacff9c826ee25e80cc7977400774de5637b144ef38b9f9	4	1	linux-vision	code-or-config	projects/linux视觉感知项目/源码/卷积神经网络/卷积神经网络/LSTR_ONNX/include/onnxruntime/core/session/onnxruntime_lite_custom_op.h
D0030	46d4934a591380fa6dacff9c826ee25e80cc7977400774de5637b144ef38b9f9	4	1	linux-vision	code-or-config	projects/linux视觉感知项目/源码/卷积神经网络/卷积神经网络/LSTR_ONNX/include/onnxruntime_lite_custom_op.h
D0031	6915568b16f613713162322e7b5390ef8c661ebe03697e3dfb1a8818b69d4c85	4	1	linux-vision	code-or-config	projects/linux视觉感知项目/源码/上位机程序/Lane_Detection/LSTR/include/onnxruntime/core/session/onnxruntime_c_api.h
D0031	6915568b16f613713162322e7b5390ef8c661ebe03697e3dfb1a8818b69d4c85	4	1	linux-vision	code-or-config	projects/linux视觉感知项目/源码/上位机程序/Lane_Detection/LSTR/include/onnxruntime_c_api.h
D0031	6915568b16f613713162322e7b5390ef8c661ebe03697e3dfb1a8818b69d4c85	4	1	linux-vision	code-or-config	projects/linux视觉感知项目/源码/卷积神经网络/卷积神经网络/LSTR_ONNX/include/onnxruntime/core/session/onnxruntime_c_api.h
D0031	6915568b16f613713162322e7b5390ef8c661ebe03697e3dfb1a8818b69d4c85	4	1	linux-vision	code-or-config	projects/linux视觉感知项目/源码/卷积神经网络/卷积神经网络/LSTR_ONNX/include/onnxruntime_c_api.h
D0032	76dd635818609a31e8ff75b8878330c1c83b6e9903686953617511037552668b	4	1	attachments-evidence	attachment-evidence	assets/xiaolincoding/图解系统/10｜Linux 命令篇-10.1 如何查看网络的性能指标？/img-005 3.png
D0032	76dd635818609a31e8ff75b8878330c1c83b6e9903686953617511037552668b	4	1	attachments-evidence	attachment-evidence	assets/xiaolincoding/图解系统/10｜Linux 命令篇-10.1 如何查看网络的性能指标？/img-005.png
D0032	76dd635818609a31e8ff75b8878330c1c83b6e9903686953617511037552668b	4	1	attachments-evidence	attachment-evidence	assets/图解网络-小林coding/13-tcp_interview/img-051.png
D0032	76dd635818609a31e8ff75b8878330c1c83b6e9903686953617511037552668b	4	1	attachments-evidence	attachment-evidence	assets/图解网络-小林coding/16-tcp_queue/img-002.png
D0033	79ec48c6cf63c7d702dcab408091d20ad110f59b1011b1d700e3cc30d9cdbf1a	4	1	linux-vision	attachment-evidence	projects/linux视觉感知项目/源码/上位机程序/Lane_Detection/LSTR/images/0.jpg
D0033	79ec48c6cf63c7d702dcab408091d20ad110f59b1011b1d700e3cc30d9cdbf1a	4	1	linux-vision	attachment-evidence	projects/linux视觉感知项目/源码/上位机程序/Lane_Detection/LSTR/test/0.jpg
D0033	79ec48c6cf63c7d702dcab408091d20ad110f59b1011b1d700e3cc30d9cdbf1a	4	1	linux-vision	attachment-evidence	projects/linux视觉感知项目/源码/卷积神经网络/卷积神经网络/LSTR_ONNX/images/0.jpg
D0033	79ec48c6cf63c7d702dcab408091d20ad110f59b1011b1d700e3cc30d9cdbf1a	4	1	linux-vision	attachment-evidence	projects/linux视觉感知项目/源码/卷积神经网络/卷积神经网络/Unet_NCNN/images/0.jpg
D0034	7dd699a07474aa7042ab642218572049f1a2830b03367066cfbe731a92147d7c	4	1	linux-vision	code-or-config	projects/linux视觉感知项目/源码/上位机程序/Lane_Detection/LSTR/include/onnxruntime/core/session/onnxruntime_cxx_inline.h
D0034	7dd699a07474aa7042ab642218572049f1a2830b03367066cfbe731a92147d7c	4	1	linux-vision	code-or-config	projects/linux视觉感知项目/源码/上位机程序/Lane_Detection/LSTR/include/onnxruntime_cxx_inline.h
D0034	7dd699a07474aa7042ab642218572049f1a2830b03367066cfbe731a92147d7c	4	1	linux-vision	code-or-config	projects/linux视觉感知项目/源码/卷积神经网络/卷积神经网络/LSTR_ONNX/include/onnxruntime/core/session/onnxruntime_cxx_inline.h
D0034	7dd699a07474aa7042ab642218572049f1a2830b03367066cfbe731a92147d7c	4	1	linux-vision	code-or-config	projects/linux视觉感知项目/源码/卷积神经网络/卷积神经网络/LSTR_ONNX/include/onnxruntime_cxx_inline.h
D0035	7f5cf1653e7379f7107ce0148d28499240ac89cf728aa6ac47ffd33a1a888600	4	1	linux-vision	code-or-config	projects/linux视觉感知项目/源码/上位机程序/Lane_Detection/LSTR/include/experimental_onnxruntime_cxx_inline.h
D0035	7f5cf1653e7379f7107ce0148d28499240ac89cf728aa6ac47ffd33a1a888600	4	1	linux-vision	code-or-config	projects/linux视觉感知项目/源码/上位机程序/Lane_Detection/LSTR/include/onnxruntime/core/session/experimental_onnxruntime_cxx_inline.h
D0035	7f5cf1653e7379f7107ce0148d28499240ac89cf728aa6ac47ffd33a1a888600	4	1	linux-vision	code-or-config	projects/linux视觉感知项目/源码/卷积神经网络/卷积神经网络/LSTR_ONNX/include/experimental_onnxruntime_cxx_inline.h
D0035	7f5cf1653e7379f7107ce0148d28499240ac89cf728aa6ac47ffd33a1a888600	4	1	linux-vision	code-or-config	projects/linux视觉感知项目/源码/卷积神经网络/卷积神经网络/LSTR_ONNX/include/onnxruntime/core/session/experimental_onnxruntime_cxx_inline.h
D0036	8497303f81818cc7e789d0c80ad882332bcb485a27a6083aff565dc43b70c7cb	4	1	attachments-evidence	attachment-evidence	assets/xiaolincoding/图解系统/10｜Linux 命令篇-10.1 如何查看网络的性能指标？/img-001 3.png
D0036	8497303f81818cc7e789d0c80ad882332bcb485a27a6083aff565dc43b70c7cb	4	1	attachments-evidence	attachment-evidence	assets/xiaolincoding/图解系统/10｜Linux 命令篇-10.1 如何查看网络的性能指标？/img-001.png
D0036	8497303f81818cc7e789d0c80ad882332bcb485a27a6083aff565dc43b70c7cb	4	1	attachments-evidence	attachment-evidence	assets/图解网络-小林coding/01-tcp_ip_model/img-010.png
D0036	8497303f81818cc7e789d0c80ad882332bcb485a27a6083aff565dc43b70c7cb	4	1	attachments-evidence	attachment-evidence	assets/图解网络-小林coding/03-how_os_deal_network_package/img-002.png
D0037	99eecb86969046f6f98d0a48815f0870655355930344b0a4c6570ca36af73aaf	4	1	linux-vision	attachment-evidence	projects/linux视觉感知项目/源码/上位机程序/Lane_Detection/LSTR/images/3.jpg
D0037	99eecb86969046f6f98d0a48815f0870655355930344b0a4c6570ca36af73aaf	4	1	linux-vision	attachment-evidence	projects/linux视觉感知项目/源码/上位机程序/Lane_Detection/LSTR/test/3.jpg
D0037	99eecb86969046f6f98d0a48815f0870655355930344b0a4c6570ca36af73aaf	4	1	linux-vision	attachment-evidence	projects/linux视觉感知项目/源码/卷积神经网络/卷积神经网络/LSTR_ONNX/images/3.jpg
D0037	99eecb86969046f6f98d0a48815f0870655355930344b0a4c6570ca36af73aaf	4	1	linux-vision	attachment-evidence	projects/linux视觉感知项目/源码/卷积神经网络/卷积神经网络/Unet_NCNN/images/3.jpg
D0038	9d729d385566fd7c1762d3c467bcf7b801b6d717bd57b1e33da5462360074296	4	1	linux-vision	code-or-config	projects/linux视觉感知项目/源码/上位机程序/Lane_Detection/LSTR/include/onnxruntime/core/session/onnxruntime_session_options_config_keys.h
D0038	9d729d385566fd7c1762d3c467bcf7b801b6d717bd57b1e33da5462360074296	4	1	linux-vision	code-or-config	projects/linux视觉感知项目/源码/上位机程序/Lane_Detection/LSTR/include/onnxruntime_session_options_config_keys.h
D0038	9d729d385566fd7c1762d3c467bcf7b801b6d717bd57b1e33da5462360074296	4	1	linux-vision	code-or-config	projects/linux视觉感知项目/源码/卷积神经网络/卷积神经网络/LSTR_ONNX/include/onnxruntime/core/session/onnxruntime_session_options_config_keys.h
D0038	9d729d385566fd7c1762d3c467bcf7b801b6d717bd57b1e33da5462360074296	4	1	linux-vision	code-or-config	projects/linux视觉感知项目/源码/卷积神经网络/卷积神经网络/LSTR_ONNX/include/onnxruntime_session_options_config_keys.h
D0039	bb31151653c7d6d2a727f1e38b3cc9b40bb74fabbb97f0e3e7925fcf5af4f584	4	1	attachments-evidence	attachment-evidence	assets/图解网络-小林coding/04-http_interview/img-047.jpg
D0039	bb31151653c7d6d2a727f1e38b3cc9b40bb74fabbb97f0e3e7925fcf5af4f584	4	1	attachments-evidence	attachment-evidence	assets/图解网络-小林coding/10-http3/img-002.jpg
D0039	bb31151653c7d6d2a727f1e38b3cc9b40bb74fabbb97f0e3e7925fcf5af4f584	4	1	attachments-evidence	attachment-evidence	assets/图解网络-小林coding/29-tcp_problem/img-005.jpg
D0039	bb31151653c7d6d2a727f1e38b3cc9b40bb74fabbb97f0e3e7925fcf5af4f584	4	1	attachments-evidence	attachment-evidence	assets/图解网络-小林coding/30-quic/img-013.jpg
D0040	c3fe4cbb9b458dcc5e59089d989ce6363391976b5b2430e66c71fc9935c386ee	4	1	attachments-evidence	attachment-evidence	assets/xiaolincoding/图解系统/09｜网络系统篇-9.1 什么是零拷贝？/img-007 3.png
D0040	c3fe4cbb9b458dcc5e59089d989ce6363391976b5b2430e66c71fc9935c386ee	4	1	attachments-evidence	attachment-evidence	assets/xiaolincoding/图解系统/09｜网络系统篇-9.1 什么是零拷贝？/img-007.png
D0040	c3fe4cbb9b458dcc5e59089d989ce6363391976b5b2430e66c71fc9935c386ee	4	1	attachments-evidence	attachment-evidence	assets/xiaolincoding/图解系统/11｜学习心得-11.2 画图经验分享/img-011 3.png
D0040	c3fe4cbb9b458dcc5e59089d989ce6363391976b5b2430e66c71fc9935c386ee	4	1	attachments-evidence	attachment-evidence	assets/xiaolincoding/图解系统/11｜学习心得-11.2 画图经验分享/img-011.png
D0041	c46bae7875cbd6b1a83364615934ef612cd473f18b0d3d658e04f5e4cc18c0a1	4	1	linux-vision	build-artifact	projects/linux视觉感知项目/源码/上位机程序/Lane_Detection/LSTR/lib/libonnxruntime.so
D0041	c46bae7875cbd6b1a83364615934ef612cd473f18b0d3d658e04f5e4cc18c0a1	4	1	linux-vision	other-binary-or-config	projects/linux视觉感知项目/源码/上位机程序/Lane_Detection/LSTR/lib/libonnxruntime.so.1.16.0
D0041	c46bae7875cbd6b1a83364615934ef612cd473f18b0d3d658e04f5e4cc18c0a1	4	1	linux-vision	build-artifact	projects/linux视觉感知项目/源码/卷积神经网络/卷积神经网络/LSTR_ONNX/lib/libonnxruntime.so
D0041	c46bae7875cbd6b1a83364615934ef612cd473f18b0d3d658e04f5e4cc18c0a1	4	1	linux-vision	other-binary-or-config	projects/linux视觉感知项目/源码/卷积神经网络/卷积神经网络/LSTR_ONNX/lib/libonnxruntime.so.1.16.0
D0042	d171fcfcc1df205ef57da06625bd3f8c08cae6f632e412226f69837538f2c76f	4	1	linux-vision	attachment-evidence	projects/linux视觉感知项目/源码/上位机程序/Lane_Detection/LSTR/images/1.jpg
D0042	d171fcfcc1df205ef57da06625bd3f8c08cae6f632e412226f69837538f2c76f	4	1	linux-vision	attachment-evidence	projects/linux视觉感知项目/源码/上位机程序/Lane_Detection/LSTR/test/1.jpg
D0042	d171fcfcc1df205ef57da06625bd3f8c08cae6f632e412226f69837538f2c76f	4	1	linux-vision	attachment-evidence	projects/linux视觉感知项目/源码/卷积神经网络/卷积神经网络/LSTR_ONNX/images/1.jpg
D0042	d171fcfcc1df205ef57da06625bd3f8c08cae6f632e412226f69837538f2c76f	4	1	linux-vision	attachment-evidence	projects/linux视觉感知项目/源码/卷积神经网络/卷积神经网络/Unet_NCNN/images/1.jpg
D0043	d958144c46362d6a4ea16fc1d06b6e1da0494fdd90c10d421379af058eeb193f	4	1	attachments-evidence	attachment-evidence	assets/xiaolincoding/图解系统/09｜网络系统篇-9.2 I-O 多路复用：select-poll-epoll/img-006 3.png
D0043	d958144c46362d6a4ea16fc1d06b6e1da0494fdd90c10d421379af058eeb193f	4	1	attachments-evidence	attachment-evidence	assets/xiaolincoding/图解系统/09｜网络系统篇-9.2 I-O 多路复用：select-poll-epoll/img-006.png
D0043	d958144c46362d6a4ea16fc1d06b6e1da0494fdd90c10d421379af058eeb193f	4	1	attachments-evidence	attachment-evidence	assets/xiaolincoding/图解系统/09｜网络系统篇-9.3 高性能网络模式：Reactor 和 Proactor/img-002 3.png
D0043	d958144c46362d6a4ea16fc1d06b6e1da0494fdd90c10d421379af058eeb193f	4	1	attachments-evidence	attachment-evidence	assets/xiaolincoding/图解系统/09｜网络系统篇-9.3 高性能网络模式：Reactor 和 Proactor/img-002.png
D0044	fdaa82f5910706d0f50ea70c8e5b5ddad003225f4117910194619cc33d3e38f6	4	1	attachments-evidence	attachment-evidence	assets/xiaolincoding/图解系统/04｜内存管理篇-4.1 为什么要有虚拟内存？/img-021 2.png
D0044	fdaa82f5910706d0f50ea70c8e5b5ddad003225f4117910194619cc33d3e38f6	4	1	attachments-evidence	attachment-evidence	assets/xiaolincoding/图解系统/04｜内存管理篇-4.1 为什么要有虚拟内存？/img-021.png
D0044	fdaa82f5910706d0f50ea70c8e5b5ddad003225f4117910194619cc33d3e38f6	4	1	attachments-evidence	attachment-evidence	assets/xiaolincoding/图解系统/04｜内存管理篇-4.2 malloc 是如何分配内存的？/img-003 2.png
D0044	fdaa82f5910706d0f50ea70c8e5b5ddad003225f4117910194619cc33d3e38f6	4	1	attachments-evidence	attachment-evidence	assets/xiaolincoding/图解系统/04｜内存管理篇-4.2 malloc 是如何分配内存的？/img-003.png
D0045	19d8c9921b99c82d78c985136a5e28f6382011641fb6160c0c1a7573a402ea66	3	1	linux-memory-ebpf	knowledge-document	projects/Linux物理内存检测项目/源码/vmware_main_repair_status.txt
D0045	19d8c9921b99c82d78c985136a5e28f6382011641fb6160c0c1a7573a402ea66	3	1	linux-memory-ebpf	knowledge-document	projects/Linux物理内存检测项目/源码/vmware_repair_status.txt
D0045	19d8c9921b99c82d78c985136a5e28f6382011641fb6160c0c1a7573a402ea66	3	1	linux-memory-ebpf	knowledge-document	projects/Linux物理内存检测项目/源码/vmware_service_status.txt
D0046	21d0514cd8826bc31563a2cf45d7dcf92589e5c1b9e4d3f79d644e384d73bbaa	3	1	attachments-evidence	attachment-evidence	assets/xiaolincoding/图解系统/07｜文件系统篇-7.1 文件系统全家桶/img-021.png
D0046	21d0514cd8826bc31563a2cf45d7dcf92589e5c1b9e4d3f79d644e384d73bbaa	3	1	attachments-evidence	attachment-evidence	assets/xiaolincoding/图解系统/09｜网络系统篇-9.3 高性能网络模式：Reactor 和 Proactor/img-006 3.png
D0046	21d0514cd8826bc31563a2cf45d7dcf92589e5c1b9e4d3f79d644e384d73bbaa	3	1	attachments-evidence	attachment-evidence	assets/xiaolincoding/图解系统/09｜网络系统篇-9.3 高性能网络模式：Reactor 和 Proactor/img-006.png
D0047	33bb057bba09900607c232ce8c9c9c7f5f2520c5f4f285dec8dfef1579d08323	3	1	attachments-evidence	attachment-evidence	assets/xiaolincoding/图解系统/09｜网络系统篇-9.2 I-O 多路复用：select-poll-epoll/img-003 3.jpg
D0047	33bb057bba09900607c232ce8c9c9c7f5f2520c5f4f285dec8dfef1579d08323	3	1	attachments-evidence	attachment-evidence	assets/xiaolincoding/图解系统/09｜网络系统篇-9.2 I-O 多路复用：select-poll-epoll/img-003.jpg
D0047	33bb057bba09900607c232ce8c9c9c7f5f2520c5f4f285dec8dfef1579d08323	3	1	attachments-evidence	attachment-evidence	assets/图解网络-小林coding/03-how_os_deal_network_package/img-005.jpg
D0048	5d1353ce240240293836e1d22dd6dfe1d019ae4697b75514c10c8c0174bd24da	3	1	attachments-evidence	attachment-evidence	assets/图解网络-小林coding/13-tcp_interview/img-041.png
D0048	5d1353ce240240293836e1d22dd6dfe1d019ae4697b75514c10c8c0174bd24da	3	1	attachments-evidence	attachment-evidence	assets/图解网络-小林coding/17-tcp_optimize/img-033.png
D0048	5d1353ce240240293836e1d22dd6dfe1d019ae4697b75514c10c8c0174bd24da	3	1	attachments-evidence	attachment-evidence	assets/图解网络-小林coding/26-tcp_tw_reuse_close/img-007.png
D0049	5dabfbcefb032dec78aefb1102913c805597a2aa11acaf485ca4f73e05d19229	3	1	attachments-evidence	attachment-evidence	assets/xiaolincoding/图解系统/11｜学习心得-11.2 画图经验分享/img-012 3.png
D0049	5dabfbcefb032dec78aefb1102913c805597a2aa11acaf485ca4f73e05d19229	3	1	attachments-evidence	attachment-evidence	assets/xiaolincoding/图解系统/11｜学习心得-11.2 画图经验分享/img-012.png
D0049	5dabfbcefb032dec78aefb1102913c805597a2aa11acaf485ca4f73e05d19229	3	1	attachments-evidence	attachment-evidence	assets/图解网络-小林coding/37-ip_base/img-013.png
D0050	6c330a19fbc693ac03dffe9999201f6ce78bc4c3522459e2070fdf96951802a6	3	1	attachments-evidence	attachment-evidence	assets/图解网络-小林coding/04-http_interview/img-009.png
D0050	6c330a19fbc693ac03dffe9999201f6ce78bc4c3522459e2070fdf96951802a6	3	1	attachments-evidence	attachment-evidence	assets/图解网络-小林coding/13-tcp_interview/img-043.png
D0050	6c330a19fbc693ac03dffe9999201f6ce78bc4c3522459e2070fdf96951802a6	3	1	attachments-evidence	attachment-evidence	assets/图解网络-小林coding/28-tcp_http_keepalive/img-005.png
D0051	7248aa0418bc1a77803d7be200f173fc262e277050ee9af74dbee42f306a52b2	3	1	attachments-evidence	attachment-evidence	assets/xiaolincoding/图解系统/07｜文件系统篇-7.1 文件系统全家桶/img-022.png
D0051	7248aa0418bc1a77803d7be200f173fc262e277050ee9af74dbee42f306a52b2	3	1	attachments-evidence	attachment-evidence	assets/xiaolincoding/图解系统/09｜网络系统篇-9.3 高性能网络模式：Reactor 和 Proactor/img-007 3.png
D0051	7248aa0418bc1a77803d7be200f173fc262e277050ee9af74dbee42f306a52b2	3	1	attachments-evidence	attachment-evidence	assets/xiaolincoding/图解系统/09｜网络系统篇-9.3 高性能网络模式：Reactor 和 Proactor/img-007.png
D0052	c9d467273fa009a7ff23db74d9aa9c6926956224573f061fe606ca86b8ba8107	3	1	linux-vision	build-artifact	projects/linux视觉感知项目/源码/上位机程序/Lane_Detection/LSTR/build/CMakeFiles/FindOpenMP/ompver_C.bin
D0052	c9d467273fa009a7ff23db74d9aa9c6926956224573f061fe606ca86b8ba8107	3	1	linux-vision	build-artifact	projects/linux视觉感知项目/源码/卷积神经网络/卷积神经网络/Unet_NCNN/build/CMakeFiles/FindOpenMP/ompver_C.bin
D0052	c9d467273fa009a7ff23db74d9aa9c6926956224573f061fe606ca86b8ba8107	3	1	linux-vision	build-artifact	projects/linux视觉感知项目/源码/图像预处理（加速前+加速后）/Lime_NEON+OpenMP/build/CMakeFiles/FindOpenMP/ompver_C.bin
D0053	cb12c62ff5c7958bfc1f31b84e1894cf26ef4c1f2abf092c7a9f5a3716405d79	3	2	attachments-evidence	attachment-evidence	assets/rtos/dht11-timing.svg
D0053	cb12c62ff5c7958bfc1f31b84e1894cf26ef4c1f2abf092c7a9f5a3716405d79	3	2	rtos-project	attachment-evidence	projects/RTOS项目/源码/assets/dht11-timing.svg
D0053	cb12c62ff5c7958bfc1f31b84e1894cf26ef4c1f2abf092c7a9f5a3716405d79	3	2	rtos-project	attachment-evidence	projects/RTOS项目/源码/dht11-timing.svg
D0054	eb4bc1f83cbf1ff892e384e036aee1b844494a70f14bd63bfe0f0e4a1358c4c9	3	1	attachments-evidence	attachment-evidence	assets/xiaolincoding/图解系统/07｜文件系统篇-7.1 文件系统全家桶/img-024.png
D0054	eb4bc1f83cbf1ff892e384e036aee1b844494a70f14bd63bfe0f0e4a1358c4c9	3	1	attachments-evidence	attachment-evidence	assets/xiaolincoding/图解系统/09｜网络系统篇-9.3 高性能网络模式：Reactor 和 Proactor/img-008 3.png
D0054	eb4bc1f83cbf1ff892e384e036aee1b844494a70f14bd63bfe0f0e4a1358c4c9	3	1	attachments-evidence	attachment-evidence	assets/xiaolincoding/图解系统/09｜网络系统篇-9.3 高性能网络模式：Reactor 和 Proactor/img-008.png
D0055	f2102d7f2bb3031dfd7a244e52cfed3e697c78a154e0cae7636b17b470d8ef91	3	1	attachments-evidence	attachment-evidence	assets/xiaolincoding/图解系统/05｜进程管理篇-5.5 什么是悲观锁、乐观锁？/img-003.png
D0055	f2102d7f2bb3031dfd7a244e52cfed3e697c78a154e0cae7636b17b470d8ef91	3	1	attachments-evidence	attachment-evidence	assets/xiaolincoding/图解系统/11｜学习心得-11.2 画图经验分享/img-010 3.png
D0055	f2102d7f2bb3031dfd7a244e52cfed3e697c78a154e0cae7636b17b470d8ef91	3	1	attachments-evidence	attachment-evidence	assets/xiaolincoding/图解系统/11｜学习心得-11.2 画图经验分享/img-010.png
D0056	f56237892b928d6da5c2c860781b43f96ce6cc891621dd3fd4e7d5a06391090c	3	1	attachments-evidence	attachment-evidence	assets/xiaolincoding/图解系统/04｜内存管理篇-4.4 在 4GB 物理内存的机器上，申请 8G 内存会怎么样？/img-003 2.png
D0056	f56237892b928d6da5c2c860781b43f96ce6cc891621dd3fd4e7d5a06391090c	3	1	attachments-evidence	attachment-evidence	assets/xiaolincoding/图解系统/04｜内存管理篇-4.4 在 4GB 物理内存的机器上，申请 8G 内存会怎么样？/img-003.png
D0056	f56237892b928d6da5c2c860781b43f96ce6cc891621dd3fd4e7d5a06391090c	3	1	attachments-evidence	attachment-evidence	assets/xiaolincoding/图解系统/04｜内存管理篇-4.4 在 4GB 物理内存的机器上，申请 8G 内存会怎么样？/img-019.png
D0057	f74b78eed66d2c7099eca686a96069da682bfcf17cc5068912ebb657fb3d5839	3	1	attachments-evidence	attachment-evidence	assets/embedded-interview/Linux 内核 eBPF 图解：理解内核扩展的核心机制/img-001.gif
D0057	f74b78eed66d2c7099eca686a96069da682bfcf17cc5068912ebb657fb3d5839	3	1	attachments-evidence	attachment-evidence	assets/embedded-interview/一文吃透Linux Socket网络编程：TCP-IP、API详解与高并发架构/img-001.gif
D0057	f74b78eed66d2c7099eca686a96069da682bfcf17cc5068912ebb657fb3d5839	3	1	attachments-evidence	attachment-evidence	assets/embedded-interview/图解 TCP-IP协议，看图秒懂/img-001.gif
D0058	000016aee9df6a8fcbb10240642525548c84bcda7619f032effc11ead5fe52b9	2	1	linux-vision	attachment-evidence	projects/linux视觉感知项目/源码/上位机程序/Lane_Detection/test/3.jpg
D0058	000016aee9df6a8fcbb10240642525548c84bcda7619f032effc11ead5fe52b9	2	1	linux-vision	attachment-evidence	projects/linux视觉感知项目/源码/卷积神经网络/卷积神经网络/Unet_NCNN/test/3.jpg
D0059	00012f9be0b68ae58528b89de267364f47515f5274351b19b36b7a76c4028de4	2	1	rednote-bookmarks	attachment-evidence	小红书（RedNote）/。。。。。。。/媒体（Media）/6a6071c90000000009034e22/image-3 (Multi Source Sync).jpg
D0059	00012f9be0b68ae58528b89de267364f47515f5274351b19b36b7a76c4028de4	2	1	rednote-bookmarks	attachment-evidence	小红书（RedNote）/。。。。。。。/媒体（Media）/6a6071c90000000009034e22/image-3.jpg
D0060	0029a35cd80af7d38be60bfc3593559b5648923e8776e5e683df45efca7e9969	2	1	linux-vision	code-or-config	projects/linux视觉感知项目/源码/上位机程序/Lane_Detection/LSTR/include/onnxruntime/core/common/status.h
D0060	0029a35cd80af7d38be60bfc3593559b5648923e8776e5e683df45efca7e9969	2	1	linux-vision	code-or-config	projects/linux视觉感知项目/源码/卷积神经网络/卷积神经网络/LSTR_ONNX/include/onnxruntime/core/common/status.h
D0061	0141e3fffe1f75c822a4be642d0dd3631d012c6466669e33fff587144b26c106	2	1	linux-vision	code-or-config	projects/linux视觉感知项目/源码/上位机程序/Lane_Detection/LSTR/include/onnxruntime/core/providers/acl/acl_provider_factory.h
D0061	0141e3fffe1f75c822a4be642d0dd3631d012c6466669e33fff587144b26c106	2	1	linux-vision	code-or-config	projects/linux视觉感知项目/源码/卷积神经网络/卷积神经网络/LSTR_ONNX/include/onnxruntime/core/providers/acl/acl_provider_factory.h
D0062	0200bd1303f0d0bab52815aa04acda7d9e970e4164e9735dd016c70b459aa307	2	1	attachments-evidence	attachment-evidence	assets/xiaolincoding/图解系统/02｜硬件结构篇-2.3 如何写出让 CPU 跑得更快的代码？/img-009 2.png
D0062	0200bd1303f0d0bab52815aa04acda7d9e970e4164e9735dd016c70b459aa307	2	1	attachments-evidence	attachment-evidence	assets/xiaolincoding/图解系统/02｜硬件结构篇-2.3 如何写出让 CPU 跑得更快的代码？/img-009.png
D0063	024ba486f394fe9ee4c95508cde6ee238f74ab846d0af6e60b65182f4c76cd8f	2	1	attachments-evidence	attachment-evidence	assets/xiaolincoding/图解系统/04｜内存管理篇-4.4 在 4GB 物理内存的机器上，申请 8G 内存会怎么样？/img-012 2.png
D0063	024ba486f394fe9ee4c95508cde6ee238f74ab846d0af6e60b65182f4c76cd8f	2	1	attachments-evidence	attachment-evidence	assets/xiaolincoding/图解系统/04｜内存管理篇-4.4 在 4GB 物理内存的机器上，申请 8G 内存会怎么样？/img-012.png
D0064	0281af8afdd37ad4f697f54db09485b58fc0ff0e562c99c6225482a92acb006f	2	1	attachments-evidence	attachment-evidence	assets/图解网络-小林coding/04-http_interview/img-029.png
D0064	0281af8afdd37ad4f697f54db09485b58fc0ff0e562c99c6225482a92acb006f	2	1	attachments-evidence	attachment-evidence	assets/图解网络-小林coding/06-https_rsa/img-011.png
D0065	028956800001ef09a7f7bacaf6642ab929ea374c1c877db8c5ca212cb854f4ce	2	1	attachments-evidence	attachment-evidence	assets/xiaolincoding/图解系统/02｜硬件结构篇-2.3 如何写出让 CPU 跑得更快的代码？/img-015 2.png
D0065	028956800001ef09a7f7bacaf6642ab929ea374c1c877db8c5ca212cb854f4ce	2	1	attachments-evidence	attachment-evidence	assets/xiaolincoding/图解系统/02｜硬件结构篇-2.3 如何写出让 CPU 跑得更快的代码？/img-015.png
D0066	0325237679fde8e8f72e3235a6a85092beaadebe748a2a68b6d627e8c464eef2	2	1	attachments-evidence	attachment-evidence	assets/xiaolincoding/图解系统/10｜Linux 命令篇-10.2 如何从日志分析 PV、UV？/img-001 3.png
D0066	0325237679fde8e8f72e3235a6a85092beaadebe748a2a68b6d627e8c464eef2	2	1	attachments-evidence	attachment-evidence	assets/xiaolincoding/图解系统/10｜Linux 命令篇-10.2 如何从日志分析 PV、UV？/img-001.png
D0067	0354f6b35fdad307711d3a8512dd75ef0f9777110beaa7c4558e0b9d9a548061	2	1	rednote-bookmarks	attachment-evidence	小红书（RedNote）/。。。。。。。/媒体（Media）/6a6aed5c000000000f033ed4/image-1 (Multi Source Sync).jpg
D0067	0354f6b35fdad307711d3a8512dd75ef0f9777110beaa7c4558e0b9d9a548061	2	1	rednote-bookmarks	attachment-evidence	小红书（RedNote）/。。。。。。。/媒体（Media）/6a6aed5c000000000f033ed4/image-1.jpg
D0068	03b331bbb321411dda4dc170a47714ad140af0bd47f59fae059b3a176983912a	2	1	attachments-evidence	attachment-evidence	assets/xiaolincoding/图解系统/09｜网络系统篇-9.1 什么是零拷贝？/img-009 3.png
D0068	03b331bbb321411dda4dc170a47714ad140af0bd47f59fae059b3a176983912a	2	1	attachments-evidence	attachment-evidence	assets/xiaolincoding/图解系统/09｜网络系统篇-9.1 什么是零拷贝？/img-009.png
D0069	03e072a14b336d9c77f75bf8500019601f406db4c6edae217bdd2cbead24b2e2	2	1	attachments-evidence	attachment-evidence	assets/xiaolincoding/图解系统/02｜硬件结构篇-2.3 如何写出让 CPU 跑得更快的代码？/img-012 2.png
D0069	03e072a14b336d9c77f75bf8500019601f406db4c6edae217bdd2cbead24b2e2	2	1	attachments-evidence	attachment-evidence	assets/xiaolincoding/图解系统/02｜硬件结构篇-2.3 如何写出让 CPU 跑得更快的代码？/img-012.png
D0070	03fe1115c762d7551dbfd018d1efab72825b5c936b11216aa4a3d6af5e8600a3	2	2	attachments-evidence	attachment-evidence	assets/rtos/state-sharing_animated.svg
D0070	03fe1115c762d7551dbfd018d1efab72825b5c936b11216aa4a3d6af5e8600a3	2	2	rtos-project	attachment-evidence	projects/RTOS项目/源码/assets/state-sharing_animated.svg
D0071	05f8a13d7c7b923453b270d0899cc9ad19b75f83bab87bb81093259d53b75d09	2	1	linux-vision	code-or-config	projects/linux视觉感知项目/源码/上位机程序/Lane_Detection/LSTR/include/onnxruntime/core/common/profiler_common.h
D0071	05f8a13d7c7b923453b270d0899cc9ad19b75f83bab87bb81093259d53b75d09	2	1	linux-vision	code-or-config	projects/linux视觉感知项目/源码/卷积神经网络/卷积神经网络/LSTR_ONNX/include/onnxruntime/core/common/profiler_common.h
D0072	062880596a16cf5c0a06be28a5c5161f57524c27af8aa7741862e986caaae8fb	2	1	attachments-evidence	attachment-evidence	assets/xiaolincoding/图解系统/09｜网络系统篇-9.4 什么是一致性哈希？/img-008 3.png
D0072	062880596a16cf5c0a06be28a5c5161f57524c27af8aa7741862e986caaae8fb	2	1	attachments-evidence	attachment-evidence	assets/xiaolincoding/图解系统/09｜网络系统篇-9.4 什么是一致性哈希？/img-008.png
D0073	069a08bcd3ea0c5374e5f056375e78c4773835f8cb9afd33a038ebf1558b605c	2	1	linux-vision	code-or-config	projects/linux视觉感知项目/源码/上位机程序/Lane_Detection/LSTR/include/onnxruntime/core/providers/coreml/coreml_provider_factory.h
D0073	069a08bcd3ea0c5374e5f056375e78c4773835f8cb9afd33a038ebf1558b605c	2	1	linux-vision	code-or-config	projects/linux视觉感知项目/源码/卷积神经网络/卷积神经网络/LSTR_ONNX/include/onnxruntime/core/providers/coreml/coreml_provider_factory.h
D0074	069b8fb3070d5360cba407f0e3f4700af73b1058c948e0d5b522010e0539bcda	2	1	attachments-evidence	attachment-evidence	assets/xiaolincoding/图解系统/09｜网络系统篇-9.4 什么是一致性哈希？/img-011 3.png
D0074	069b8fb3070d5360cba407f0e3f4700af73b1058c948e0d5b522010e0539bcda	2	1	attachments-evidence	attachment-evidence	assets/xiaolincoding/图解系统/09｜网络系统篇-9.4 什么是一致性哈希？/img-011.png
D0075	07b5246765a35fdc3ac6b88af2058f9403b1aa02ad64c82f1b69d2e4cbfa8f02	2	1	attachments-evidence	attachment-evidence	assets/xiaolincoding/图解系统/02｜硬件结构篇-2.1 CPU 是如何执行程序的？/img-015 2.png
D0075	07b5246765a35fdc3ac6b88af2058f9403b1aa02ad64c82f1b69d2e4cbfa8f02	2	1	attachments-evidence	attachment-evidence	assets/xiaolincoding/图解系统/02｜硬件结构篇-2.1 CPU 是如何执行程序的？/img-015.png
D0076	07dd07d20d40a3c733269a81e6781c6dd5eb7ced2d509db86032bc12862ef075	2	1	attachments-evidence	attachment-evidence	assets/xiaolincoding/图解系统/02｜硬件结构篇-2.7 为什么 0.1 + 0.2 不等于 0.3 ？/img-008 2.png
D0076	07dd07d20d40a3c733269a81e6781c6dd5eb7ced2d509db86032bc12862ef075	2	1	attachments-evidence	attachment-evidence	assets/xiaolincoding/图解系统/02｜硬件结构篇-2.7 为什么 0.1 + 0.2 不等于 0.3 ？/img-008.png
D0077	07f839643972f96af6d46a5307c5b0eb995e6ae3e5625241bc7231256fddb405	2	1	attachments-evidence	attachment-evidence	assets/xiaolincoding/图解系统/04｜内存管理篇-4.1 为什么要有虚拟内存？/img-012 2.png
D0077	07f839643972f96af6d46a5307c5b0eb995e6ae3e5625241bc7231256fddb405	2	1	attachments-evidence	attachment-evidence	assets/xiaolincoding/图解系统/04｜内存管理篇-4.1 为什么要有虚拟内存？/img-012.png
D0078	0813c323935e3391686096d61f66b7a1e23553cf1c963f36fa7da089f4674288	2	1	attachments-evidence	attachment-evidence	assets/xiaolincoding/图解系统/02｜硬件结构篇-2.5 CPU 是如何执行任务的？/img-007 2.png
D0078	0813c323935e3391686096d61f66b7a1e23553cf1c963f36fa7da089f4674288	2	1	attachments-evidence	attachment-evidence	assets/xiaolincoding/图解系统/02｜硬件结构篇-2.5 CPU 是如何执行任务的？/img-007.png
D0079	08f9633476ea54016ef5d4fd507d039cd845f60e53a60bda55f5a8c6e78dbdce	2	1	attachments-evidence	attachment-evidence	assets/embedded-interview/图解 ADC：工作原理、架构分类与核心性能指标/img-074.jpg
D0079	08f9633476ea54016ef5d4fd507d039cd845f60e53a60bda55f5a8c6e78dbdce	2	1	attachments-evidence	attachment-evidence	assets/embedded-interview/图解 ADC：工作原理、架构分类与核心性能指标/img-075.jpg
D0080	0917d9e7f2b8697b19802913561921a447a773258d1fb32c147c16b608ca57b7	2	1	rednote-bookmarks	attachment-evidence	小红书（RedNote）/。。。。。。。/媒体（Media）/6a76d28f0000000026036444/image-1 (Multi Source Sync).jpg
D0080	0917d9e7f2b8697b19802913561921a447a773258d1fb32c147c16b608ca57b7	2	1	rednote-bookmarks	attachment-evidence	小红书（RedNote）/。。。。。。。/媒体（Media）/6a76d28f0000000026036444/image-1.jpg
D0081	0a50c91519a1df0c3a80ca19125a94954f1c899594c134adb390b6de78830863	2	1	linux-vision	code-or-config	projects/linux视觉感知项目/源码/上位机程序/Lane_Detection/LSTR/include/onnxruntime/core/framework/float16.h
D0081	0a50c91519a1df0c3a80ca19125a94954f1c899594c134adb390b6de78830863	2	1	linux-vision	code-or-config	projects/linux视觉感知项目/源码/卷积神经网络/卷积神经网络/LSTR_ONNX/include/onnxruntime/core/framework/float16.h
D0082	0a551eaae0062887748096a07adc1f1e6bd556c6ef72d0aabbfd2bcef937ab4e	2	1	attachments-evidence	attachment-evidence	assets/xiaolincoding/图解系统/02｜硬件结构篇-2.4 CPU 缓存一致性/img-004 2.png
D0082	0a551eaae0062887748096a07adc1f1e6bd556c6ef72d0aabbfd2bcef937ab4e	2	1	attachments-evidence	attachment-evidence	assets/xiaolincoding/图解系统/02｜硬件结构篇-2.4 CPU 缓存一致性/img-004.png
D0083	0b7ffc151e07eaee1a44166480db8486ac7a254d91c653ba5090b15deb711413	2	1	rednote-bookmarks	attachment-evidence	小红书（RedNote）/。。。。。。。/媒体（Media）/6a687827000000001302edcc/image-6 (Multi Source Sync).jpg
D0083	0b7ffc151e07eaee1a44166480db8486ac7a254d91c653ba5090b15deb711413	2	1	rednote-bookmarks	attachment-evidence	小红书（RedNote）/。。。。。。。/媒体（Media）/6a687827000000001302edcc/image-6.jpg
D0084	0c30d8ced503cc1ed8b88b2b7dd249cc140a5d0a766881cbceaf9927e5ec112c	2	2	attachments-evidence	attachment-evidence	assets/linux-memory/Linux物理内存碎片高频面试题/buddy-allocation-path_animated.svg
D0084	0c30d8ced503cc1ed8b88b2b7dd249cc140a5d0a766881cbceaf9927e5ec112c	2	2	linux-memory-ebpf	attachment-evidence	projects/Linux物理内存检测项目/源码/assets/interview-svg/buddy-allocation-path_animated.svg
D0085	0c539cdab2ab5caf6c3662ba174289b774b22c228589b930b1976c9d3e6ddb25	2	1	attachments-evidence	attachment-evidence	assets/xiaolincoding/图解系统/09｜网络系统篇-9.4 什么是一致性哈希？/img-001 3.png
D0085	0c539cdab2ab5caf6c3662ba174289b774b22c228589b930b1976c9d3e6ddb25	2	1	attachments-evidence	attachment-evidence	assets/xiaolincoding/图解系统/09｜网络系统篇-9.4 什么是一致性哈希？/img-001.png
D0086	0caecf4e91bf0fe1f9bb5210f505339af830346c56cdec47a1d01681c87e2238	2	1	attachments-evidence	attachment-evidence	assets/xiaolincoding/图解系统/02｜硬件结构篇-2.5 CPU 是如何执行任务的？/img-017 2.png
D0086	0caecf4e91bf0fe1f9bb5210f505339af830346c56cdec47a1d01681c87e2238	2	1	attachments-evidence	attachment-evidence	assets/xiaolincoding/图解系统/02｜硬件结构篇-2.5 CPU 是如何执行任务的？/img-017.png
D0087	0d3fe8d48c18dcbb6e2c347e5dd4fbd837e3786764b514f74ae3fac60df95aac	2	1	rednote-bookmarks	attachment-evidence	小红书（RedNote）/。。。。。。。/媒体（Media）/6a7b4c7d00000000280332c1/image-2 (Multi Source Sync).jpg
D0087	0d3fe8d48c18dcbb6e2c347e5dd4fbd837e3786764b514f74ae3fac60df95aac	2	1	rednote-bookmarks	attachment-evidence	小红书（RedNote）/。。。。。。。/媒体（Media）/6a7b4c7d00000000280332c1/image-2.jpg
D0088	0d40c799b0791a24cba81587a93c102a6846620d50239b0e5b4b4ea457cb2590	2	1	linux-vision	build-artifact	projects/linux视觉感知项目/源码/上位机程序/Lane_Detection/LSTR/build/CMakeFiles/LSTR.dir/depend.make
D0088	0d40c799b0791a24cba81587a93c102a6846620d50239b0e5b4b4ea457cb2590	2	1	linux-vision	build-artifact	projects/linux视觉感知项目/源码/卷积神经网络/卷积神经网络/LSTR_ONNX/build/CMakeFiles/LSTR.dir/depend.make
D0089	0d9d9b5f6aff676c229505a3194e68e7324ab741f62c964070d4d6b9941a0a98	2	1	attachments-evidence	attachment-evidence	assets/xiaolincoding/图解系统/02｜硬件结构篇-2.7 为什么 0.1 + 0.2 不等于 0.3 ？/img-016 2.png
D0089	0d9d9b5f6aff676c229505a3194e68e7324ab741f62c964070d4d6b9941a0a98	2	1	attachments-evidence	attachment-evidence	assets/xiaolincoding/图解系统/02｜硬件结构篇-2.7 为什么 0.1 + 0.2 不等于 0.3 ？/img-016.png
D0090	0dca1571aac4ebd2635546921545d88f85c50dd9ba2c385aa750d7ce1f713add	2	1	attachments-evidence	attachment-evidence	assets/xiaolincoding/图解系统/02｜硬件结构篇-2.7 为什么 0.1 + 0.2 不等于 0.3 ？/img-019 2.png
D0090	0dca1571aac4ebd2635546921545d88f85c50dd9ba2c385aa750d7ce1f713add	2	1	attachments-evidence	attachment-evidence	assets/xiaolincoding/图解系统/02｜硬件结构篇-2.7 为什么 0.1 + 0.2 不等于 0.3 ？/img-019.png
D0091	0de52d129c718c07ee71a16b4953d8d483df019746a11caad77a0650a2f4ed47	2	1	linux-vision	code-or-config	projects/linux视觉感知项目/源码/上位机程序/Lane_Detection/LSTR/include/onnxruntime/core/providers/cpu/cpu_provider_factory.h
D0091	0de52d129c718c07ee71a16b4953d8d483df019746a11caad77a0650a2f4ed47	2	1	linux-vision	code-or-config	projects/linux视觉感知项目/源码/卷积神经网络/卷积神经网络/LSTR_ONNX/include/onnxruntime/core/providers/cpu/cpu_provider_factory.h
D0092	0ed17bd37c4c486a13f6ebd26a351c41b9c35cdee9603c42e1095773f552151d	2	1	attachments-evidence	attachment-evidence	assets/xiaolincoding/图解系统/09｜网络系统篇-9.4 什么是一致性哈希？/img-004 3.png
D0092	0ed17bd37c4c486a13f6ebd26a351c41b9c35cdee9603c42e1095773f552151d	2	1	attachments-evidence	attachment-evidence	assets/xiaolincoding/图解系统/09｜网络系统篇-9.4 什么是一致性哈希？/img-004.png
D0093	0ef7de79613eb5e6da36e244f7e7e342e25e3375ed0444165a5ed459253059f3	2	1	linux-vision	attachment-evidence	projects/linux视觉感知项目/源码/上位机程序/Lane_Detection/test/1.jpg
D0093	0ef7de79613eb5e6da36e244f7e7e342e25e3375ed0444165a5ed459253059f3	2	1	linux-vision	attachment-evidence	projects/linux视觉感知项目/源码/卷积神经网络/卷积神经网络/Unet_NCNN/test/1.jpg
D0094	0efd0a1a45f4256dac481d544a92ebc01b023a5c509d61de658b63750bd8b921	2	1	attachments-evidence	attachment-evidence	assets/xiaolincoding/图解系统/02｜硬件结构篇-2.5 CPU 是如何执行任务的？/img-022 2.png
D0094	0efd0a1a45f4256dac481d544a92ebc01b023a5c509d61de658b63750bd8b921	2	1	attachments-evidence	attachment-evidence	assets/xiaolincoding/图解系统/02｜硬件结构篇-2.5 CPU 是如何执行任务的？/img-022.png
D0095	10546277066057d2ed7ab9dcae30881cbcd10a46551a20bde266c5e049b02b8e	2	1	linux-vision	code-or-config	projects/linux视觉感知项目/源码/上位机程序/Lane_Detection/LSTR/include/onnxruntime/core/providers/armnn/armnn_provider_factory.h
D0095	10546277066057d2ed7ab9dcae30881cbcd10a46551a20bde266c5e049b02b8e	2	1	linux-vision	code-or-config	projects/linux视觉感知项目/源码/卷积神经网络/卷积神经网络/LSTR_ONNX/include/onnxruntime/core/providers/armnn/armnn_provider_factory.h
D0096	10849c2571a656d5e47ac23204eb4ef7bdf78200049e0d51381d53b0b41ed6d8	2	1	attachments-evidence	attachment-evidence	assets/xiaolincoding/图解系统/02｜硬件结构篇-2.7 为什么 0.1 + 0.2 不等于 0.3 ？/img-017 2.png
D0096	10849c2571a656d5e47ac23204eb4ef7bdf78200049e0d51381d53b0b41ed6d8	2	1	attachments-evidence	attachment-evidence	assets/xiaolincoding/图解系统/02｜硬件结构篇-2.7 为什么 0.1 + 0.2 不等于 0.3 ？/img-017.png
D0097	10b551e0e131afb8559434a9dac461d2e021e759bc3c3068549a83712f044d93	2	1	attachments-evidence	attachment-evidence	assets/xiaolincoding/图解系统/02｜硬件结构篇-2.7 为什么 0.1 + 0.2 不等于 0.3 ？/img-005 2.png
D0097	10b551e0e131afb8559434a9dac461d2e021e759bc3c3068549a83712f044d93	2	1	attachments-evidence	attachment-evidence	assets/xiaolincoding/图解系统/02｜硬件结构篇-2.7 为什么 0.1 + 0.2 不等于 0.3 ？/img-005.png
D0098	124c43863d2d0521013f1e508b6d337579597df5e72e27f318615f2ad6398cf2	2	1	attachments-evidence	attachment-evidence	assets/xiaolincoding/图解系统/04｜内存管理篇-4.3 内存满了，会发生什么？/img-005 2.png
D0098	124c43863d2d0521013f1e508b6d337579597df5e72e27f318615f2ad6398cf2	2	1	attachments-evidence	attachment-evidence	assets/xiaolincoding/图解系统/04｜内存管理篇-4.3 内存满了，会发生什么？/img-005.png
D0099	12b6fc0d929cb8d7481816e420f1597db9af163b239746b4872fd32d3e9206fb	2	1	linux-vision	code-or-config	projects/linux视觉感知项目/源码/上位机程序/Lane_Detection/LSTR/include/onnxruntime/core/framework/provider_shutdown.h
D0099	12b6fc0d929cb8d7481816e420f1597db9af163b239746b4872fd32d3e9206fb	2	1	linux-vision	code-or-config	projects/linux视觉感知项目/源码/卷积神经网络/卷积神经网络/LSTR_ONNX/include/onnxruntime/core/framework/provider_shutdown.h
D0100	12f633e371bcbb705fe62f2e0a23b992146cd8f90887eb1584e0f27c8077b768	2	1	attachments-evidence	attachment-evidence	assets/xiaolincoding/图解系统/02｜硬件结构篇-2.1 CPU 是如何执行程序的？/img-013 2.png
D0100	12f633e371bcbb705fe62f2e0a23b992146cd8f90887eb1584e0f27c8077b768	2	1	attachments-evidence	attachment-evidence	assets/xiaolincoding/图解系统/02｜硬件结构篇-2.1 CPU 是如何执行程序的？/img-013.png
D0101	149b452932ffe55c07340b4efeeee9b52474b08a9d3b10229b3b4458af9bc0fb	2	1	rednote-bookmarks	attachment-evidence	小红书（RedNote）/。。。。。。。/媒体（Media）/6a68ad1e000000001f01cf47/image-3 (Multi Source Sync).jpg
D0101	149b452932ffe55c07340b4efeeee9b52474b08a9d3b10229b3b4458af9bc0fb	2	1	rednote-bookmarks	attachment-evidence	小红书（RedNote）/。。。。。。。/媒体（Media）/6a68ad1e000000001f01cf47/image-3.jpg
D0102	1514696fe9ba7fe2a503f508df01b2fa7334b90a89f51a14f03c44d57733e965	2	1	attachments-evidence	attachment-evidence	assets/xiaolincoding/图解系统/09｜网络系统篇-9.4 什么是一致性哈希？/img-002 3.png
D0102	1514696fe9ba7fe2a503f508df01b2fa7334b90a89f51a14f03c44d57733e965	2	1	attachments-evidence	attachment-evidence	assets/xiaolincoding/图解系统/09｜网络系统篇-9.4 什么是一致性哈希？/img-002.png
D0103	1649006c93c426d30d8c1e5abde3c95294a35b3bec2e29d67626313babc191e5	2	1	attachments-evidence	attachment-evidence	assets/xiaolincoding/图解系统/08｜设备管理篇-8.1 键盘敲入 A 字母时，操作系统期间发生了什么？/img-001 3.png
D0103	1649006c93c426d30d8c1e5abde3c95294a35b3bec2e29d67626313babc191e5	2	1	attachments-evidence	attachment-evidence	assets/xiaolincoding/图解系统/08｜设备管理篇-8.1 键盘敲入 A 字母时，操作系统期间发生了什么？/img-001.png
D0104	16938775449aa44edfb11582cc53093a6b413f1dcfdb7f225b3d96980cec1ade	2	1	linux-vision	code-or-config	projects/linux视觉感知项目/源码/上位机程序/Lane_Detection/LSTR/include/onnxruntime/core/platform/ort_mutex.h
D0104	16938775449aa44edfb11582cc53093a6b413f1dcfdb7f225b3d96980cec1ade	2	1	linux-vision	code-or-config	projects/linux视觉感知项目/源码/卷积神经网络/卷积神经网络/LSTR_ONNX/include/onnxruntime/core/platform/ort_mutex.h
D0105	16e71d3c2a1e1a1d95c8433d5fa9fd9e2c3eff72ca4a8a00acbcca00bab78020	2	1	attachments-evidence	attachment-evidence	assets/xiaolincoding/图解系统/09｜网络系统篇-9.4 什么是一致性哈希？/img-003 3.png
D0105	16e71d3c2a1e1a1d95c8433d5fa9fd9e2c3eff72ca4a8a00acbcca00bab78020	2	1	attachments-evidence	attachment-evidence	assets/xiaolincoding/图解系统/09｜网络系统篇-9.4 什么是一致性哈希？/img-003.png
D0106	174573afa59b86952015dd38225665b1ceaf318e8a8aa9ab0c6d8a539610c40e	2	1	attachments-evidence	attachment-evidence	assets/xiaolincoding/图解系统/10｜Linux 命令篇-10.1 如何查看网络的性能指标？/img-003 3.png
D0106	174573afa59b86952015dd38225665b1ceaf318e8a8aa9ab0c6d8a539610c40e	2	1	attachments-evidence	attachment-evidence	assets/xiaolincoding/图解系统/10｜Linux 命令篇-10.1 如何查看网络的性能指标？/img-003.png
D0107	1776151353f4f4839c082105cbc9a7b3ac0fb1c7102dd4c82d60fc42c6810b72	2	2	attachments-evidence	attachment-evidence	assets/linux-memory/Linux物理内存碎片高频面试题/event-state-correlation_animated.svg
D0107	1776151353f4f4839c082105cbc9a7b3ac0fb1c7102dd4c82d60fc42c6810b72	2	2	linux-memory-ebpf	attachment-evidence	projects/Linux物理内存检测项目/源码/assets/interview-svg/event-state-correlation_animated.svg
D0108	1848bfafc20855384a9870c3bdf35e6c03b0c5b719d0dba0ba591a1056e48b90	2	1	rednote-bookmarks	attachment-evidence	小红书（RedNote）/。。。。。。。/媒体（Media）/6a7c3ed1000000002c003c80/image-5 (Multi Source Sync).jpg
D0108	1848bfafc20855384a9870c3bdf35e6c03b0c5b719d0dba0ba591a1056e48b90	2	1	rednote-bookmarks	attachment-evidence	小红书（RedNote）/。。。。。。。/媒体（Media）/6a7c3ed1000000002c003c80/image-5.jpg
D0109	186629e68be11cff72e96820d6b2dbebb39623751410fc3b2b9b9059b6838f2f	2	1	attachments-evidence	attachment-evidence	assets/xiaolincoding/图解系统/02｜硬件结构篇-2.1 CPU 是如何执行程序的？/img-004 2.png
D0109	186629e68be11cff72e96820d6b2dbebb39623751410fc3b2b9b9059b6838f2f	2	1	attachments-evidence	attachment-evidence	assets/xiaolincoding/图解系统/02｜硬件结构篇-2.1 CPU 是如何执行程序的？/img-004.png
D0110	186c8f9910505d1a3072d9f6bdffdd8f475b747e5d4620aaf937b1bf605d0fb3	2	1	rednote-bookmarks	attachment-evidence	小红书（RedNote）/。。。。。。。/媒体（Media）/6a7b4c7d00000000280332c1/image-5 (Multi Source Sync).jpg
D0110	186c8f9910505d1a3072d9f6bdffdd8f475b747e5d4620aaf937b1bf605d0fb3	2	1	rednote-bookmarks	attachment-evidence	小红书（RedNote）/。。。。。。。/媒体（Media）/6a7b4c7d00000000280332c1/image-5.jpg
D0111	18d1d0a5286023139662ec4667041775b7cf22bb2e4083aa397ad9eb196a12e2	2	1	rednote-bookmarks	attachment-evidence	小红书（RedNote）/。。。。。。。/媒体（Media）/69a5548e0000000026030618/image-5 (Multi Source Sync).jpg
D0111	18d1d0a5286023139662ec4667041775b7cf22bb2e4083aa397ad9eb196a12e2	2	1	rednote-bookmarks	attachment-evidence	小红书（RedNote）/。。。。。。。/媒体（Media）/69a5548e0000000026030618/image-5.jpg
D0112	1906597ff257a85484bb2dd22962ec33f5c2af02f1b2db096d3a81ab816e7e9a	2	1	attachments-evidence	attachment-evidence	assets/xiaolincoding/图解系统/02｜硬件结构篇-2.6 什么是软中断？/img-004 2.png
D0112	1906597ff257a85484bb2dd22962ec33f5c2af02f1b2db096d3a81ab816e7e9a	2	1	attachments-evidence	attachment-evidence	assets/xiaolincoding/图解系统/02｜硬件结构篇-2.6 什么是软中断？/img-004.png
D0113	198ae5647e3a727e16ba4d0e4120a1e702578d6bfddc0b8bb836074fef0e745e	2	1	attachments-evidence	attachment-evidence	assets/xiaolincoding/图解系统/02｜硬件结构篇-2.3 如何写出让 CPU 跑得更快的代码？/img-014 2.png
D0113	198ae5647e3a727e16ba4d0e4120a1e702578d6bfddc0b8bb836074fef0e745e	2	1	attachments-evidence	attachment-evidence	assets/xiaolincoding/图解系统/02｜硬件结构篇-2.3 如何写出让 CPU 跑得更快的代码？/img-014.png
D0114	198ed2348987ffcd4f29a88a28393ddb0f26730264b89b29a34ea58a39110898	2	1	linux-vision	code-or-config	projects/linux视觉感知项目/源码/上位机程序/Lane_Detection/LSTR/include/onnxruntime/core/framework/customregistry.h
D0114	198ed2348987ffcd4f29a88a28393ddb0f26730264b89b29a34ea58a39110898	2	1	linux-vision	code-or-config	projects/linux视觉感知项目/源码/卷积神经网络/卷积神经网络/LSTR_ONNX/include/onnxruntime/core/framework/customregistry.h
D0115	19c9394dd365a36dfe01aba7daad4f1ea93122979f9e9cf7dd44bbb3c0d4b514	2	1	linux-vision	build-artifact	projects/linux视觉感知项目/源码/上位机程序/Lane_Detection/LSTR/build/CMakeFiles/FindOpenMP/ompver_CXX.bin
D0115	19c9394dd365a36dfe01aba7daad4f1ea93122979f9e9cf7dd44bbb3c0d4b514	2	1	linux-vision	build-artifact	projects/linux视觉感知项目/源码/卷积神经网络/卷积神经网络/Unet_NCNN/build/CMakeFiles/FindOpenMP/ompver_CXX.bin
D0116	1a3933e56d748eb8a2f8d3defa0133f94d0a5935907d81152d95835a953990dc	2	1	attachments-evidence	attachment-evidence	assets/xiaolincoding/图解系统/02｜硬件结构篇-2.4 CPU 缓存一致性/img-007 2.png
D0116	1a3933e56d748eb8a2f8d3defa0133f94d0a5935907d81152d95835a953990dc	2	1	attachments-evidence	attachment-evidence	assets/xiaolincoding/图解系统/02｜硬件结构篇-2.4 CPU 缓存一致性/img-007.png
D0117	1bdb835daaf7196c66612b4ac250eb0fed74d9e57a2f039e4dc430b896048aac	2	1	attachments-evidence	attachment-evidence	assets/xiaolincoding/图解系统/04｜内存管理篇-4.2 malloc 是如何分配内存的？/img-001 2.jpg
D0117	1bdb835daaf7196c66612b4ac250eb0fed74d9e57a2f039e4dc430b896048aac	2	1	attachments-evidence	attachment-evidence	assets/xiaolincoding/图解系统/04｜内存管理篇-4.2 malloc 是如何分配内存的？/img-001.jpg
D0118	1c4db155574ffab18400f35a9498c0f89124a728fc2157b7917ff34f444de3c5	2	1	linux-vision	code-or-config	projects/linux视觉感知项目/源码/上位机程序/Lane_Detection/LSTR/include/onnxruntime/core/framework/data_types.h
D0118	1c4db155574ffab18400f35a9498c0f89124a728fc2157b7917ff34f444de3c5	2	1	linux-vision	code-or-config	projects/linux视觉感知项目/源码/卷积神经网络/卷积神经网络/LSTR_ONNX/include/onnxruntime/core/framework/data_types.h
D0119	1c89fb90116a0f465b8de276b233e651c2589e508ee4b8662f6748021b8055e9	2	1	attachments-evidence	attachment-evidence	assets/xiaolincoding/图解系统/02｜硬件结构篇-2.3 如何写出让 CPU 跑得更快的代码？/img-008 2.png
D0119	1c89fb90116a0f465b8de276b233e651c2589e508ee4b8662f6748021b8055e9	2	1	attachments-evidence	attachment-evidence	assets/xiaolincoding/图解系统/02｜硬件结构篇-2.3 如何写出让 CPU 跑得更快的代码？/img-008.png
D0120	1ca5b80fec050b200cc7cbd4fa44364bdf8744ee9a28184543264137381fb573	2	1	linux-vision	code-or-config	projects/linux视觉感知项目/源码/上位机程序/Lane_Detection/LSTR/include/onnxruntime/core/common/denormal.h
D0120	1ca5b80fec050b200cc7cbd4fa44364bdf8744ee9a28184543264137381fb573	2	1	linux-vision	code-or-config	projects/linux视觉感知项目/源码/卷积神经网络/卷积神经网络/LSTR_ONNX/include/onnxruntime/core/common/denormal.h
D0121	1d666715f25355707ec02091aa4ecb0f3dfda85ed78841aa079588bf9d4d6bdd	2	1	rednote-bookmarks	attachment-evidence	小红书（RedNote）/。。。。。。。/媒体（Media）/69a5548e0000000026030618/image-8 (Multi Source Sync).jpg
D0121	1d666715f25355707ec02091aa4ecb0f3dfda85ed78841aa079588bf9d4d6bdd	2	1	rednote-bookmarks	attachment-evidence	小红书（RedNote）/。。。。。。。/媒体（Media）/69a5548e0000000026030618/image-8.jpg
D0122	1d69f4a1a00d5a36211caf079c13e842669e765bead2b2b07a73d7a60a6a768c	2	1	attachments-evidence	attachment-evidence	assets/xiaolincoding/图解系统/07｜文件系统篇-7.2 进程写文件时，进程发生了崩溃，已写入的数据会丢失吗？/img-004 3.jpg
D0122	1d69f4a1a00d5a36211caf079c13e842669e765bead2b2b07a73d7a60a6a768c	2	1	attachments-evidence	attachment-evidence	assets/xiaolincoding/图解系统/07｜文件系统篇-7.2 进程写文件时，进程发生了崩溃，已写入的数据会丢失吗？/img-004.jpg
D0123	1d79a3a51a3cf8325b34a6fd6eb32e43dd6e13e2691d5e54c4a851515dad6b6b	2	1	attachments-evidence	attachment-evidence	assets/xiaolincoding/图解系统/04｜内存管理篇-4.1 为什么要有虚拟内存？/img-013 2.png
D0123	1d79a3a51a3cf8325b34a6fd6eb32e43dd6e13e2691d5e54c4a851515dad6b6b	2	1	attachments-evidence	attachment-evidence	assets/xiaolincoding/图解系统/04｜内存管理篇-4.1 为什么要有虚拟内存？/img-013.png
D0124	1e595eb71f8c6741545553d5dc37ffc371f9dcdef0280b821f6462bd3826eddc	2	1	linux-vision	attachment-evidence	projects/linux视觉感知项目/源码/图像预处理（加速前+加速后）/Lime/data/4.bmp
D0124	1e595eb71f8c6741545553d5dc37ffc371f9dcdef0280b821f6462bd3826eddc	2	1	linux-vision	attachment-evidence	projects/linux视觉感知项目/源码/图像预处理（加速前+加速后）/Lime_NEON+OpenMP/data/4.bmp
D0125	1e630e50d3b610ea2c4fde4e9f180a46a878bf2cbf50f5bc53d01f78f761a1da	2	1	linux-vision	code-or-config	projects/linux视觉感知项目/源码/上位机程序/Lane_Detection/LSTR/include/onnxruntime/core/framework/tensor_shape.h
D0125	1e630e50d3b610ea2c4fde4e9f180a46a878bf2cbf50f5bc53d01f78f761a1da	2	1	linux-vision	code-or-config	projects/linux视觉感知项目/源码/卷积神经网络/卷积神经网络/LSTR_ONNX/include/onnxruntime/core/framework/tensor_shape.h
D0126	1e77dae53d0e77c4c72699f3396eef7c55bf505bb9bc0cdac3913eab3538a014	2	1	attachments-evidence	attachment-evidence	assets/xiaolincoding/图解系统/02｜硬件结构篇-2.1 CPU 是如何执行程序的？/img-014 2.png
D0126	1e77dae53d0e77c4c72699f3396eef7c55bf505bb9bc0cdac3913eab3538a014	2	1	attachments-evidence	attachment-evidence	assets/xiaolincoding/图解系统/02｜硬件结构篇-2.1 CPU 是如何执行程序的？/img-014.png
D0127	1eb659a1ac2dddfc07d1ce0264a81169f2cf87e4013d1a7617dc7f98ed92d31b	2	1	rednote-bookmarks	attachment-evidence	小红书（RedNote）/。。。。。。。/媒体（Media）/69d2649600000000220268ff/image-2 (Multi Source Sync).jpg
D0127	1eb659a1ac2dddfc07d1ce0264a81169f2cf87e4013d1a7617dc7f98ed92d31b	2	1	rednote-bookmarks	attachment-evidence	小红书（RedNote）/。。。。。。。/媒体（Media）/69d2649600000000220268ff/image-2.jpg
D0128	1fa0260ead4fd92ec3a8f6b2b88cac926d35a2531382c8d71673fd514e7b1057	2	1	linux-vision	code-or-config	projects/linux视觉感知项目/源码/上位机程序/Lane_Detection/LSTR/include/onnxruntime/core/framework/ort_value.h
D0128	1fa0260ead4fd92ec3a8f6b2b88cac926d35a2531382c8d71673fd514e7b1057	2	1	linux-vision	code-or-config	projects/linux视觉感知项目/源码/卷积神经网络/卷积神经网络/LSTR_ONNX/include/onnxruntime/core/framework/ort_value.h
D0129	1fedefac5058bf5db275276c928f8ccde847cd23ff111c90d12b9af689a7aeca	2	1	linux-vision	code-or-config	projects/linux视觉感知项目/源码/上位机程序/Lane_Detection/LSTR/include/onnxruntime/core/common/make_string.h
D0129	1fedefac5058bf5db275276c928f8ccde847cd23ff111c90d12b9af689a7aeca	2	1	linux-vision	code-or-config	projects/linux视觉感知项目/源码/卷积神经网络/卷积神经网络/LSTR_ONNX/include/onnxruntime/core/common/make_string.h
D0130	204cf805f7b0b3eac067ac17a0bf0b644fef6d12a57804fab66c9e708aa7041a	2	1	rednote-bookmarks	attachment-evidence	小红书（RedNote）/。。。。。。。/媒体（Media）/6a647106000000000101e9cf/image-3 (Multi Source Sync).jpg
D0130	204cf805f7b0b3eac067ac17a0bf0b644fef6d12a57804fab66c9e708aa7041a	2	1	rednote-bookmarks	attachment-evidence	小红书（RedNote）/。。。。。。。/媒体（Media）/6a647106000000000101e9cf/image-3.jpg
D0131	209d0998df65c9718f09bf4d096496bf49ea97bbcc88bf0aa71ecd0bf2fb53d4	2	1	attachments-evidence	attachment-evidence	assets/xiaolincoding/图解系统/04｜内存管理篇-4.3 内存满了，会发生什么？/img-006 2.png
D0131	209d0998df65c9718f09bf4d096496bf49ea97bbcc88bf0aa71ecd0bf2fb53d4	2	1	attachments-evidence	attachment-evidence	assets/xiaolincoding/图解系统/04｜内存管理篇-4.3 内存满了，会发生什么？/img-006.png
D0132	230ef825fa3faabbc3f2258d4711a53aa24699ce9ed3f6da41a89e2812c9144f	2	1	rednote-bookmarks	attachment-evidence	小红书（RedNote）/。。。。。。。/媒体（Media）/6a7b4c7d00000000280332c1/image-3 (Multi Source Sync).jpg
D0132	230ef825fa3faabbc3f2258d4711a53aa24699ce9ed3f6da41a89e2812c9144f	2	1	rednote-bookmarks	attachment-evidence	小红书（RedNote）/。。。。。。。/媒体（Media）/6a7b4c7d00000000280332c1/image-3.jpg
D0133	231bce3112c7a7ea8bb7f886307cb8ec9885676e1bd3272a499acad9cdecf94a	2	1	attachments-evidence	attachment-evidence	assets/xiaolincoding/图解系统/02｜硬件结构篇-2.1 CPU 是如何执行程序的？/img-017 2.png
D0133	231bce3112c7a7ea8bb7f886307cb8ec9885676e1bd3272a499acad9cdecf94a	2	1	attachments-evidence	attachment-evidence	assets/xiaolincoding/图解系统/02｜硬件结构篇-2.1 CPU 是如何执行程序的？/img-017.png
D0134	23a062cd70bf17df70c8db93f0ede2f44c1471f6eb6299b35c896f525fc6bfec	2	1	linux-vision	code-or-config	projects/linux视觉感知项目/源码/上位机程序/Lane_Detection/LSTR/include/onnxruntime/core/framework/allocator.h
D0134	23a062cd70bf17df70c8db93f0ede2f44c1471f6eb6299b35c896f525fc6bfec	2	1	linux-vision	code-or-config	projects/linux视觉感知项目/源码/卷积神经网络/卷积神经网络/LSTR_ONNX/include/onnxruntime/core/framework/allocator.h
D0135	23ad08e55822036758754e69225f66b25f860ad05054c0c788dccf5ea4cd409c	2	1	attachments-evidence	attachment-evidence	assets/xiaolincoding/图解系统/04｜内存管理篇-4.1 为什么要有虚拟内存？/img-001 2.png
D0135	23ad08e55822036758754e69225f66b25f860ad05054c0c788dccf5ea4cd409c	2	1	attachments-evidence	attachment-evidence	assets/xiaolincoding/图解系统/04｜内存管理篇-4.1 为什么要有虚拟内存？/img-001.png
D0136	2454903e8395cf994dd84328afc31989a47b65abcf6329ca8995fc0c4a7ef306	2	1	attachments-evidence	attachment-evidence	assets/xiaolincoding/图解系统/11｜学习心得-11.2 画图经验分享/img-008 3.png
D0136	2454903e8395cf994dd84328afc31989a47b65abcf6329ca8995fc0c4a7ef306	2	1	attachments-evidence	attachment-evidence	assets/xiaolincoding/图解系统/11｜学习心得-11.2 画图经验分享/img-008.png
D0137	2468a61a6c1d980f9849ad366a3bc9f56c5e6c8e19f8ac08e48099a809f1b7d7	2	1	attachments-evidence	attachment-evidence	assets/xiaolincoding/图解系统/04｜内存管理篇-4.6 深入理解 Linux 虚拟内存管理/img-054.png
D0137	2468a61a6c1d980f9849ad366a3bc9f56c5e6c8e19f8ac08e48099a809f1b7d7	2	1	attachments-evidence	attachment-evidence	assets/xiaolincoding/图解系统/04｜内存管理篇-4.6 深入理解 Linux 虚拟内存管理/img-060.png
D0138	2495ac62ee6c66900463af4d2eb34be39546357775a39a5bf3f74ed33da3915c	2	1	attachments-evidence	attachment-evidence	assets/xiaolincoding/图解系统/11｜学习心得-11.2 画图经验分享/img-013 3.png
D0138	2495ac62ee6c66900463af4d2eb34be39546357775a39a5bf3f74ed33da3915c	2	1	attachments-evidence	attachment-evidence	assets/xiaolincoding/图解系统/11｜学习心得-11.2 画图经验分享/img-013.png
D0139	253f16efdb27eaef8b1e8cecb94d4f3dd066ca631d4925de11b2c23fda4a0d55	2	1	linux-vision	code-or-config	projects/linux视觉感知项目/源码/上位机程序/Lane_Detection/LSTR/include/onnxruntime/core/framework/op_kernel.h
D0139	253f16efdb27eaef8b1e8cecb94d4f3dd066ca631d4925de11b2c23fda4a0d55	2	1	linux-vision	code-or-config	projects/linux视觉感知项目/源码/卷积神经网络/卷积神经网络/LSTR_ONNX/include/onnxruntime/core/framework/op_kernel.h
D0140	2541a17892f27acb01b4c4b966ae231c595616c93bca3d82a31eb2e27d24b079	2	1	rednote-bookmarks	attachment-evidence	小红书（RedNote）/。。。。。。。/媒体（Media）/6a647106000000000101e9cf/image-4 (Multi Source Sync).jpg
D0140	2541a17892f27acb01b4c4b966ae231c595616c93bca3d82a31eb2e27d24b079	2	1	rednote-bookmarks	attachment-evidence	小红书（RedNote）/。。。。。。。/媒体（Media）/6a647106000000000101e9cf/image-4.jpg
D0141	25746d9ca2a7a8d9067f84dfb3fe30c6ce1fe2055a279027013b5208d078dfb4	2	1	rednote-bookmarks	attachment-evidence	小红书（RedNote）/。。。。。。。/媒体（Media）/6a6aed5c000000000f033ed4/image-4 (Multi Source Sync).jpg
D0141	25746d9ca2a7a8d9067f84dfb3fe30c6ce1fe2055a279027013b5208d078dfb4	2	1	rednote-bookmarks	attachment-evidence	小红书（RedNote）/。。。。。。。/媒体（Media）/6a6aed5c000000000f033ed4/image-4.jpg
D0142	26ac78eb38a71012eb7bb9e7dddb30cf2e11289bf4f569079338abb8d1722a88	2	1	attachments-evidence	attachment-evidence	assets/xiaolincoding/图解系统/02｜硬件结构篇-2.7 为什么 0.1 + 0.2 不等于 0.3 ？/img-002 2.png
D0142	26ac78eb38a71012eb7bb9e7dddb30cf2e11289bf4f569079338abb8d1722a88	2	1	attachments-evidence	attachment-evidence	assets/xiaolincoding/图解系统/02｜硬件结构篇-2.7 为什么 0.1 + 0.2 不等于 0.3 ？/img-002.png
D0143	26f267a78d9fba67592071d69a66ce844434c6d9b9ca0548d40cbd16788f3f76	2	1	attachments-evidence	attachment-evidence	assets/xiaolincoding/图解系统/10｜Linux 命令篇-10.2 如何从日志分析 PV、UV？/img-013 3.png
D0143	26f267a78d9fba67592071d69a66ce844434c6d9b9ca0548d40cbd16788f3f76	2	1	attachments-evidence	attachment-evidence	assets/xiaolincoding/图解系统/10｜Linux 命令篇-10.2 如何从日志分析 PV、UV？/img-013.png
D0144	2734f28b839dff9a74fa0e37972623f155e371d13a50d0c57a1c8fcb313088d4	2	1	rednote-bookmarks	attachment-evidence	小红书（RedNote）/。。。。。。。/媒体（Media）/69a5548e0000000026030618/image-1 (Multi Source Sync).jpg
D0144	2734f28b839dff9a74fa0e37972623f155e371d13a50d0c57a1c8fcb313088d4	2	1	rednote-bookmarks	attachment-evidence	小红书（RedNote）/。。。。。。。/媒体（Media）/69a5548e0000000026030618/image-1.jpg
D0145	2769b04d7134d465ffb54e06c5e5641454895d27730cd8491ba1577ebcf70b67	2	1	attachments-evidence	attachment-evidence	assets/xiaolincoding/图解系统/04｜内存管理篇-4.1 为什么要有虚拟内存？/img-016 2.png
D0145	2769b04d7134d465ffb54e06c5e5641454895d27730cd8491ba1577ebcf70b67	2	1	attachments-evidence	attachment-evidence	assets/xiaolincoding/图解系统/04｜内存管理篇-4.1 为什么要有虚拟内存？/img-016.png
D0146	277bec6781d235589f33eb3eacd3a26a1822bc73147db633c99b6fcce6d7f916	2	1	attachments-evidence	attachment-evidence	assets/xiaolincoding/图解系统/10｜Linux 命令篇-10.2 如何从日志分析 PV、UV？/img-010 3.png
D0146	277bec6781d235589f33eb3eacd3a26a1822bc73147db633c99b6fcce6d7f916	2	1	attachments-evidence	attachment-evidence	assets/xiaolincoding/图解系统/10｜Linux 命令篇-10.2 如何从日志分析 PV、UV？/img-010.png
D0147	286571eb1a70126d92ec2ceb400cc4c22ce4ef9d6e699c78b95966b5608d896e	2	1	rednote-bookmarks	attachment-evidence	小红书（RedNote）/。。。。。。。/媒体（Media）/6a68ad1e000000001f01cf47/image-1 (Multi Source Sync).jpg
D0147	286571eb1a70126d92ec2ceb400cc4c22ce4ef9d6e699c78b95966b5608d896e	2	1	rednote-bookmarks	attachment-evidence	小红书（RedNote）/。。。。。。。/媒体（Media）/6a68ad1e000000001f01cf47/image-1.jpg
D0148	2883401a7065230960c97e88966ccd6be5d933b5d0c326cbf65f0d36a324083d	2	1	attachments-evidence	attachment-evidence	assets/xiaolincoding/图解系统/09｜网络系统篇-9.2 I-O 多路复用：select-poll-epoll/img-001 3.png
D0148	2883401a7065230960c97e88966ccd6be5d933b5d0c326cbf65f0d36a324083d	2	1	attachments-evidence	attachment-evidence	assets/xiaolincoding/图解系统/09｜网络系统篇-9.2 I-O 多路复用：select-poll-epoll/img-001.png
D0149	28bad23fc348090f039b821258e49f44bf5474a6a2847fab8cc6d70895485c9d	2	1	attachments-evidence	attachment-evidence	assets/xiaolincoding/图解系统/04｜内存管理篇-4.4 在 4GB 物理内存的机器上，申请 8G 内存会怎么样？/img-010 2.png
D0149	28bad23fc348090f039b821258e49f44bf5474a6a2847fab8cc6d70895485c9d	2	1	attachments-evidence	attachment-evidence	assets/xiaolincoding/图解系统/04｜内存管理篇-4.4 在 4GB 物理内存的机器上，申请 8G 内存会怎么样？/img-010.png
D0150	28cde81552a9b1cdcf4457503fba3b3f55db379d55f41c77231035c4e9cab2dd	2	1	linux-vision	code-or-config	projects/linux视觉感知项目/源码/上位机程序/Lane_Detection/LSTR/include/onnxruntime/core/framework/stream_handles.h
D0150	28cde81552a9b1cdcf4457503fba3b3f55db379d55f41c77231035c4e9cab2dd	2	1	linux-vision	code-or-config	projects/linux视觉感知项目/源码/卷积神经网络/卷积神经网络/LSTR_ONNX/include/onnxruntime/core/framework/stream_handles.h
D0151	297b07f30155487c3b852e86060fba2ec92482a9b013391b20c783f3ea95c970	2	1	rednote-bookmarks	attachment-evidence	小红书（RedNote）/。。。。。。。/媒体（Media）/68edc98f0000000007033e13/image-4 (Multi Source Sync).jpg
D0151	297b07f30155487c3b852e86060fba2ec92482a9b013391b20c783f3ea95c970	2	1	rednote-bookmarks	attachment-evidence	小红书（RedNote）/。。。。。。。/媒体（Media）/68edc98f0000000007033e13/image-4.jpg
D0152	2a3a593a5b536c04086143d81fb3b683503587383800382602940227b2cdb59d	2	1	attachments-evidence	attachment-evidence	assets/xiaolincoding/图解系统/09｜网络系统篇-9.4 什么是一致性哈希？/img-012 3.png
D0152	2a3a593a5b536c04086143d81fb3b683503587383800382602940227b2cdb59d	2	1	attachments-evidence	attachment-evidence	assets/xiaolincoding/图解系统/09｜网络系统篇-9.4 什么是一致性哈希？/img-012.png
D0153	2a5146c5e62e03f9fc4dd125dee76f217dc637cfb9afed65268d3080a9e2fa4d	2	1	linux-vision	attachment-evidence	projects/linux视觉感知项目/源码/图像预处理（加速前+加速后）/Lime/data/2.jpeg
D0153	2a5146c5e62e03f9fc4dd125dee76f217dc637cfb9afed65268d3080a9e2fa4d	2	1	linux-vision	attachment-evidence	projects/linux视觉感知项目/源码/图像预处理（加速前+加速后）/Lime_NEON+OpenMP/data/2.jpeg
D0154	2b5b413624eec77c2bd1e7320d6f5756dd5947d5a964968f5b04e05490bff009	2	1	attachments-evidence	attachment-evidence	assets/xiaolincoding/图解系统/02｜硬件结构篇-2.7 为什么 0.1 + 0.2 不等于 0.3 ？/img-001 2.png
D0154	2b5b413624eec77c2bd1e7320d6f5756dd5947d5a964968f5b04e05490bff009	2	1	attachments-evidence	attachment-evidence	assets/xiaolincoding/图解系统/02｜硬件结构篇-2.7 为什么 0.1 + 0.2 不等于 0.3 ？/img-001.png
D0155	2cbf6f75b1765adc610ae42cff72c1912291881c8dc2cec9e4f4fb9109693012	2	1	rednote-bookmarks	attachment-evidence	小红书（RedNote）/。。。。。。。/媒体（Media）/6a4e09ee00000000220161cd/image-4 (Multi Source Sync).jpg
D0155	2cbf6f75b1765adc610ae42cff72c1912291881c8dc2cec9e4f4fb9109693012	2	1	rednote-bookmarks	attachment-evidence	小红书（RedNote）/。。。。。。。/媒体（Media）/6a4e09ee00000000220161cd/image-4.jpg
D0156	2cc1841c8707a884fe42efc65e54ee6c5e50e9bcc1caf6f64fd437e40739969b	2	1	attachments-evidence	attachment-evidence	assets/xiaolincoding/图解系统/09｜网络系统篇-9.1 什么是零拷贝？/img-004 3.png
D0156	2cc1841c8707a884fe42efc65e54ee6c5e50e9bcc1caf6f64fd437e40739969b	2	1	attachments-evidence	attachment-evidence	assets/xiaolincoding/图解系统/09｜网络系统篇-9.1 什么是零拷贝？/img-004.png
D0157	2d4a0c4779b666f177c1d4479c89b4cf97ed06693da327289c431daba75a4078	2	1	attachments-evidence	attachment-evidence	assets/xiaolincoding/图解系统/11｜学习心得-11.2 画图经验分享/img-003 3.png
D0157	2d4a0c4779b666f177c1d4479c89b4cf97ed06693da327289c431daba75a4078	2	1	attachments-evidence	attachment-evidence	assets/xiaolincoding/图解系统/11｜学习心得-11.2 画图经验分享/img-003.png
D0158	2def158e5a1b177c8956f809a64d1965f457efcb76d13c1a7511a65edb880644	2	1	attachments-evidence	attachment-evidence	assets/xiaolincoding/图解系统/02｜硬件结构篇-2.2 磁盘比内存慢几万倍？/img-003 2.png
D0158	2def158e5a1b177c8956f809a64d1965f457efcb76d13c1a7511a65edb880644	2	1	attachments-evidence	attachment-evidence	assets/xiaolincoding/图解系统/02｜硬件结构篇-2.2 磁盘比内存慢几万倍？/img-003.png
D0159	2e0ae7d9124680fbb81743d91a261dfd1a20ffb6139f1b66586d1d5506d9c903	2	1	attachments-evidence	attachment-evidence	assets/xiaolincoding/图解系统/02｜硬件结构篇-2.2 磁盘比内存慢几万倍？/img-006 2.png
D0159	2e0ae7d9124680fbb81743d91a261dfd1a20ffb6139f1b66586d1d5506d9c903	2	1	attachments-evidence	attachment-evidence	assets/xiaolincoding/图解系统/02｜硬件结构篇-2.2 磁盘比内存慢几万倍？/img-006.png
D0160	2e6aae36711bf68801fd290fe007f496945c7c9599562634a2f90660cd035f67	2	1	rednote-bookmarks	attachment-evidence	小红书（RedNote）/。。。。。。。/媒体（Media）/69d2649600000000220268ff/image-3 (Multi Source Sync).jpg
D0160	2e6aae36711bf68801fd290fe007f496945c7c9599562634a2f90660cd035f67	2	1	rednote-bookmarks	attachment-evidence	小红书（RedNote）/。。。。。。。/媒体（Media）/69d2649600000000220268ff/image-3.jpg
D0161	2e8794ba595025910a77e88ee3eba5b54bc0b79306fbdafb4b9ca9a4e1916200	2	1	attachments-evidence	attachment-evidence	assets/xiaolincoding/图解系统/02｜硬件结构篇-2.1 CPU 是如何执行程序的？/img-009 2.png
D0161	2e8794ba595025910a77e88ee3eba5b54bc0b79306fbdafb4b9ca9a4e1916200	2	1	attachments-evidence	attachment-evidence	assets/xiaolincoding/图解系统/02｜硬件结构篇-2.1 CPU 是如何执行程序的？/img-009.png
D0162	2e972009d0fcdf005591503d491a4cbdbe2aa01e89708e6b6026fe20f7fd9998	2	1	linux-vision	code-or-config	projects/linux视觉感知项目/源码/上位机程序/Lane_Detection/LSTR/include/onnxruntime/core/framework/endian.h
D0162	2e972009d0fcdf005591503d491a4cbdbe2aa01e89708e6b6026fe20f7fd9998	2	1	linux-vision	code-or-config	projects/linux视觉感知项目/源码/卷积神经网络/卷积神经网络/LSTR_ONNX/include/onnxruntime/core/framework/endian.h
D0163	2ea46fe05464b77259fb959cc230c4776b933a3fc74754fa5d313a24f1f0c5b2	2	1	linux-vision	code-or-config	projects/linux视觉感知项目/源码/上位机程序/Lane_Detection/LSTR/include/onnxruntime/core/common/code_location.h
D0163	2ea46fe05464b77259fb959cc230c4776b933a3fc74754fa5d313a24f1f0c5b2	2	1	linux-vision	code-or-config	projects/linux视觉感知项目/源码/卷积神经网络/卷积神经网络/LSTR_ONNX/include/onnxruntime/core/common/code_location.h
D0164	2efd032b3e600db83b3ba6ecf41a7bf1d68c03e64da023da12acb3835641d348	2	1	attachments-evidence	attachment-evidence	assets/xiaolincoding/图解系统/02｜硬件结构篇-2.5 CPU 是如何执行任务的？/img-008 2.png
D0164	2efd032b3e600db83b3ba6ecf41a7bf1d68c03e64da023da12acb3835641d348	2	1	attachments-evidence	attachment-evidence	assets/xiaolincoding/图解系统/02｜硬件结构篇-2.5 CPU 是如何执行任务的？/img-008.png
D0165	2f95197d322d6371b362cfdf6851f6ecceebf40caf23abfe5be1832e00014897	2	1	linux-vision	code-or-config	projects/linux视觉感知项目/源码/上位机程序/Lane_Detection/LSTR/include/onnxruntime/core/common/common.h
D0165	2f95197d322d6371b362cfdf6851f6ecceebf40caf23abfe5be1832e00014897	2	1	linux-vision	code-or-config	projects/linux视觉感知项目/源码/卷积神经网络/卷积神经网络/LSTR_ONNX/include/onnxruntime/core/common/common.h
D0166	30cc008898b9c236edba7eaa6ca9027e04ba96557a6a1eb374b9f7a854d97eb9	2	1	linux-vision	code-or-config	projects/linux视觉感知项目/源码/上位机程序/Lane_Detection/LSTR/include/onnxruntime/core/framework/ortdevice.h
D0166	30cc008898b9c236edba7eaa6ca9027e04ba96557a6a1eb374b9f7a854d97eb9	2	1	linux-vision	code-or-config	projects/linux视觉感知项目/源码/卷积神经网络/卷积神经网络/LSTR_ONNX/include/onnxruntime/core/framework/ortdevice.h
D0167	30cd60f54ca53012f79c14745c79bddc6e863a8e03577437b9422784d80021e3	2	1	attachments-evidence	attachment-evidence	assets/xiaolincoding/图解系统/04｜内存管理篇-4.4 在 4GB 物理内存的机器上，申请 8G 内存会怎么样？/img-018 2.png
D0167	30cd60f54ca53012f79c14745c79bddc6e863a8e03577437b9422784d80021e3	2	1	attachments-evidence	attachment-evidence	assets/xiaolincoding/图解系统/04｜内存管理篇-4.4 在 4GB 物理内存的机器上，申请 8G 内存会怎么样？/img-018.png
D0168	30dc6071e281940345ca5d9f5b47fda73b072467be5a50059f801c8535f1866f	2	1	attachments-evidence	attachment-evidence	assets/xiaolincoding/图解系统/03｜系统结构篇-3.1 Linux 内核 vs Windows 内核/img-003 2.png
D0168	30dc6071e281940345ca5d9f5b47fda73b072467be5a50059f801c8535f1866f	2	1	attachments-evidence	attachment-evidence	assets/xiaolincoding/图解系统/03｜系统结构篇-3.1 Linux 内核 vs Windows 内核/img-003.png
D0169	3163c29af7414afbc69ba020eacbcd30351ac3f6f31d55d4223207200bb89038	2	1	rednote-bookmarks	attachment-evidence	小红书（RedNote）/。。。。。。。/媒体（Media）/69a5548e0000000026030618/image-2 (Multi Source Sync).jpg
D0169	3163c29af7414afbc69ba020eacbcd30351ac3f6f31d55d4223207200bb89038	2	1	rednote-bookmarks	attachment-evidence	小红书（RedNote）/。。。。。。。/媒体（Media）/69a5548e0000000026030618/image-2.jpg
D0170	31949bd6f2a32e3dc811b16dc8ffcbdd55aa59ac930834ed25ca7c29ed256937	2	1	attachments-evidence	attachment-evidence	assets/xiaolincoding/图解系统/09｜网络系统篇-9.2 I-O 多路复用：select-poll-epoll/img-002 3.png
D0170	31949bd6f2a32e3dc811b16dc8ffcbdd55aa59ac930834ed25ca7c29ed256937	2	1	attachments-evidence	attachment-evidence	assets/xiaolincoding/图解系统/09｜网络系统篇-9.2 I-O 多路复用：select-poll-epoll/img-002.png
D0171	3194b8762aeb628b6be7e25a69ad3c9c3da46903dfe10c695aad0002f83e1b3a	2	1	linux-vision	build-artifact	projects/linux视觉感知项目/源码/上位机程序/Lane_Detection/LSTR/log_space.bin
D0171	3194b8762aeb628b6be7e25a69ad3c9c3da46903dfe10c695aad0002f83e1b3a	2	1	linux-vision	build-artifact	projects/linux视觉感知项目/源码/卷积神经网络/卷积神经网络/LSTR_ONNX/log_space.bin
D0172	31d6defae07bc35193e1d9fed1159cb89f063aad6ac1e0436d5d1aa01a1938f9	2	1	attachments-evidence	attachment-evidence	assets/xiaolincoding/图解系统/04｜内存管理篇-4.1 为什么要有虚拟内存？/img-018 2.png
D0172	31d6defae07bc35193e1d9fed1159cb89f063aad6ac1e0436d5d1aa01a1938f9	2	1	attachments-evidence	attachment-evidence	assets/xiaolincoding/图解系统/04｜内存管理篇-4.1 为什么要有虚拟内存？/img-018.png
D0173	3266fc6c4b0aae9f1f19a47e558a342ff5d9795b603e6e4f67ff9b9bc5d146d1	2	1	attachments-evidence	attachment-evidence	assets/xiaolincoding/图解系统/02｜硬件结构篇-2.7 为什么 0.1 + 0.2 不等于 0.3 ？/img-003 2.png
D0173	3266fc6c4b0aae9f1f19a47e558a342ff5d9795b603e6e4f67ff9b9bc5d146d1	2	1	attachments-evidence	attachment-evidence	assets/xiaolincoding/图解系统/02｜硬件结构篇-2.7 为什么 0.1 + 0.2 不等于 0.3 ？/img-003.png
D0174	3306a80d877bef14731ac7e6c3483b74ca0d59e979e8b189bb2805cb2e446b2b	2	1	attachments-evidence	attachment-evidence	assets/xiaolincoding/图解系统/03｜系统结构篇-3.1 Linux 内核 vs Windows 内核/img-002 2.png
D0174	3306a80d877bef14731ac7e6c3483b74ca0d59e979e8b189bb2805cb2e446b2b	2	1	attachments-evidence	attachment-evidence	assets/xiaolincoding/图解系统/03｜系统结构篇-3.1 Linux 内核 vs Windows 内核/img-002.png
D0175	33a48f8f1e9249222fb4e0b11f36a9e1162916ffe79cb0f6092d23649caaee38	2	1	linux-vision	code-or-config	projects/linux视觉感知项目/源码/上位机程序/Lane_Detection/LSTR/include/onnxruntime/core/common/eigen_common_wrapper.h
D0175	33a48f8f1e9249222fb4e0b11f36a9e1162916ffe79cb0f6092d23649caaee38	2	1	linux-vision	code-or-config	projects/linux视觉感知项目/源码/卷积神经网络/卷积神经网络/LSTR_ONNX/include/onnxruntime/core/common/eigen_common_wrapper.h
D0176	3553edad6c2ddc63ec17986b5574e56d04194b88dd2246c309bbc533c670ac76	2	1	rednote-bookmarks	attachment-evidence	小红书（RedNote）/。。。。。。。/媒体（Media）/6a6aed5c000000000f033ed4/image-3 (Multi Source Sync).jpg
D0176	3553edad6c2ddc63ec17986b5574e56d04194b88dd2246c309bbc533c670ac76	2	1	rednote-bookmarks	attachment-evidence	小红书（RedNote）/。。。。。。。/媒体（Media）/6a6aed5c000000000f033ed4/image-3.jpg
D0177	35920c5730d31594bb9eda95e0555296626ddcdc25c82f9d2521a51998658bef	2	1	linux-vision	code-or-config	projects/linux视觉感知项目/源码/上位机程序/Lane_Detection/LSTR/include/onnxruntime/core/graph/function.h
D0177	35920c5730d31594bb9eda95e0555296626ddcdc25c82f9d2521a51998658bef	2	1	linux-vision	code-or-config	projects/linux视觉感知项目/源码/卷积神经网络/卷积神经网络/LSTR_ONNX/include/onnxruntime/core/graph/function.h
D0178	36953e069849339228c11002034a8a356fa042a8a7891be53f051fa19927d6f7	2	1	linux-vision	code-or-config	projects/linux视觉感知项目/源码/上位机程序/Lane_Detection/LSTR/include/onnxruntime/core/optimizer/rewrite_rule.h
D0178	36953e069849339228c11002034a8a356fa042a8a7891be53f051fa19927d6f7	2	1	linux-vision	code-or-config	projects/linux视觉感知项目/源码/卷积神经网络/卷积神经网络/LSTR_ONNX/include/onnxruntime/core/optimizer/rewrite_rule.h
D0179	36e04b7dd870cee33e600fd05750bf0e5d637e411194b5ce267fe911a7d99050	2	1	linux-vision	code-or-config	projects/linux视觉感知项目/源码/上位机程序/Lane_Detection/LSTR/include/onnxruntime/core/framework/execution_provider.h
D0179	36e04b7dd870cee33e600fd05750bf0e5d637e411194b5ce267fe911a7d99050	2	1	linux-vision	code-or-config	projects/linux视觉感知项目/源码/卷积神经网络/卷积神经网络/LSTR_ONNX/include/onnxruntime/core/framework/execution_provider.h
D0180	3764d333b3a97e912ba30a58545b2e5354bfb35909cde457ba195acf5225e253	2	1	attachments-evidence	attachment-evidence	assets/xiaolincoding/图解系统/07｜文件系统篇-7.2 进程写文件时，进程发生了崩溃，已写入的数据会丢失吗？/img-003 3.jpg
D0180	3764d333b3a97e912ba30a58545b2e5354bfb35909cde457ba195acf5225e253	2	1	attachments-evidence	attachment-evidence	assets/xiaolincoding/图解系统/07｜文件系统篇-7.2 进程写文件时，进程发生了崩溃，已写入的数据会丢失吗？/img-003.jpg
D0181	383deb6aa920eaf249a0c81a6f885a062fc921d2121d16724aeee31926771a1d	2	1	rednote-bookmarks	attachment-evidence	小红书（RedNote）/。。。。。。。/媒体（Media）/6a4e09ee00000000220161cd/image-7 (Multi Source Sync).jpg
D0181	383deb6aa920eaf249a0c81a6f885a062fc921d2121d16724aeee31926771a1d	2	1	rednote-bookmarks	attachment-evidence	小红书（RedNote）/。。。。。。。/媒体（Media）/6a4e09ee00000000220161cd/image-7.jpg
D0182	387539ae12599ebdeffb518000e61b41f153e08d6d07cb5cae3199747d23988b	2	1	attachments-evidence	attachment-evidence	assets/xiaolincoding/图解系统/10｜Linux 命令篇-10.2 如何从日志分析 PV、UV？/img-003 3.png
D0182	387539ae12599ebdeffb518000e61b41f153e08d6d07cb5cae3199747d23988b	2	1	attachments-evidence	attachment-evidence	assets/xiaolincoding/图解系统/10｜Linux 命令篇-10.2 如何从日志分析 PV、UV？/img-003.png
D0183	38b7505b70400677627254d0b15443186d2eb3b2f04b404dbc885f93ce31cc8d	2	1	rednote-bookmarks	attachment-evidence	小红书（RedNote）/。。。。。。。/媒体（Media）/6a40f67b000000000f02873d/image-1 (Multi Source Sync).jpg
D0183	38b7505b70400677627254d0b15443186d2eb3b2f04b404dbc885f93ce31cc8d	2	1	rednote-bookmarks	attachment-evidence	小红书（RedNote）/。。。。。。。/媒体（Media）/6a40f67b000000000f02873d/image-1.jpg
D0184	38ca643eb4124dea8995f13e534f78d4c4d0a4c75119a9115854b81b0c7a8281	2	1	attachments-evidence	attachment-evidence	assets/xiaolincoding/图解系统/04｜内存管理篇-4.4 在 4GB 物理内存的机器上，申请 8G 内存会怎么样？/img-026 2.png
D0184	38ca643eb4124dea8995f13e534f78d4c4d0a4c75119a9115854b81b0c7a8281	2	1	attachments-evidence	attachment-evidence	assets/xiaolincoding/图解系统/04｜内存管理篇-4.4 在 4GB 物理内存的机器上，申请 8G 内存会怎么样？/img-026.png
D0185	38e95ee092f444ab744bb03493a21c07c897ba6cb3fde6fdad907e9835511811	2	1	attachments-evidence	attachment-evidence	assets/图解网络-小林coding/04-http_interview/img-030.png
D0185	38e95ee092f444ab744bb03493a21c07c897ba6cb3fde6fdad907e9835511811	2	1	attachments-evidence	attachment-evidence	assets/图解网络-小林coding/06-https_rsa/img-012.png
D0186	3956e270f6de8d241ab81a30aaa94d5c82d44ca22fdc79ce85d341f19c5e7150	2	1	attachments-evidence	attachment-evidence	assets/xiaolincoding/图解系统/02｜硬件结构篇-2.2 磁盘比内存慢几万倍？/img-001 2.png
D0186	3956e270f6de8d241ab81a30aaa94d5c82d44ca22fdc79ce85d341f19c5e7150	2	1	attachments-evidence	attachment-evidence	assets/xiaolincoding/图解系统/02｜硬件结构篇-2.2 磁盘比内存慢几万倍？/img-001.png
D0187	3ab4560cdc46097685d9d3ece570a2a00b207f05fc1e02eb9008a189f1dd6a91	2	1	rednote-bookmarks	attachment-evidence	小红书（RedNote）/。。。。。。。/媒体（Media）/6a52dab8000000000f007864/image-6 (Multi Source Sync).jpg
D0187	3ab4560cdc46097685d9d3ece570a2a00b207f05fc1e02eb9008a189f1dd6a91	2	1	rednote-bookmarks	attachment-evidence	小红书（RedNote）/。。。。。。。/媒体（Media）/6a52dab8000000000f007864/image-6.jpg
D0188	3ad8ef48a00b775b63c9bbf6fdf6096da11910cc690acac0d2bea3aa298a01f2	2	2	attachments-evidence	attachment-evidence	assets/linux-memory/Linux物理内存碎片高频面试题/project-data-flow_animated.svg
D0188	3ad8ef48a00b775b63c9bbf6fdf6096da11910cc690acac0d2bea3aa298a01f2	2	2	linux-memory-ebpf	attachment-evidence	projects/Linux物理内存检测项目/源码/assets/interview-svg/project-data-flow_animated.svg
D0189	3b46d7859c02bb43876835cdedbab501b3c5bfe3e1e2393ef8f694d6f653afda	2	1	attachments-evidence	attachment-evidence	assets/xiaolincoding/图解系统/02｜硬件结构篇-2.6 什么是软中断？/img-005 2.png
D0189	3b46d7859c02bb43876835cdedbab501b3c5bfe3e1e2393ef8f694d6f653afda	2	1	attachments-evidence	attachment-evidence	assets/xiaolincoding/图解系统/02｜硬件结构篇-2.6 什么是软中断？/img-005.png
D0190	3bef70226f0de34628bac33390540727168e9ab5531ff00bdd12c126294e6503	2	1	attachments-evidence	attachment-evidence	assets/xiaolincoding/图解系统/10｜Linux 命令篇-10.2 如何从日志分析 PV、UV？/img-009 3.png
D0190	3bef70226f0de34628bac33390540727168e9ab5531ff00bdd12c126294e6503	2	1	attachments-evidence	attachment-evidence	assets/xiaolincoding/图解系统/10｜Linux 命令篇-10.2 如何从日志分析 PV、UV？/img-009.png
D0191	3cc38617ce000d6955d99f687de177bd7a6ad350bfce6082c7675382d4668391	2	1	linux-vision	attachment-evidence	projects/linux视觉感知项目/源码/上位机程序/Lane_Detection/test/2.jpg
D0191	3cc38617ce000d6955d99f687de177bd7a6ad350bfce6082c7675382d4668391	2	1	linux-vision	attachment-evidence	projects/linux视觉感知项目/源码/卷积神经网络/卷积神经网络/Unet_NCNN/test/2.jpg
D0192	3d9134314cae66d07804672701d77e266f5a1cb378521e808f97bc50ede88047	2	1	attachments-evidence	attachment-evidence	assets/xiaolincoding/图解系统/02｜硬件结构篇-2.7 为什么 0.1 + 0.2 不等于 0.3 ？/img-012 2.png
D0192	3d9134314cae66d07804672701d77e266f5a1cb378521e808f97bc50ede88047	2	1	attachments-evidence	attachment-evidence	assets/xiaolincoding/图解系统/02｜硬件结构篇-2.7 为什么 0.1 + 0.2 不等于 0.3 ？/img-012.png
D0193	3f1df33eb4f2d026061a63431b63df53a0e37acd6456e32bcd0cbe961a40e26e	2	2	attachments-evidence	attachment-evidence	assets/linux-memory/Linux物理内存碎片高频面试题/tracepoint-kprobe_animated.svg
D0193	3f1df33eb4f2d026061a63431b63df53a0e37acd6456e32bcd0cbe961a40e26e	2	2	linux-memory-ebpf	attachment-evidence	projects/Linux物理内存检测项目/源码/assets/interview-svg/tracepoint-kprobe_animated.svg
D0194	3f3465d39eb8e5a783e6fe9167c45f584246cf7483e8ebb0eafca796cd729047	2	1	attachments-evidence	attachment-evidence	assets/xiaolincoding/图解系统/04｜内存管理篇-4.3 内存满了，会发生什么？/img-004 2.png
D0194	3f3465d39eb8e5a783e6fe9167c45f584246cf7483e8ebb0eafca796cd729047	2	1	attachments-evidence	attachment-evidence	assets/xiaolincoding/图解系统/04｜内存管理篇-4.3 内存满了，会发生什么？/img-004.png
D0195	3f65654ef7c72a8fe910533294297d42ba6e045c5c89b4dcc47b8fa029351110	2	1	attachments-evidence	attachment-evidence	assets/xiaolincoding/图解系统/09｜网络系统篇-9.4 什么是一致性哈希？/img-014 3.png
D0195	3f65654ef7c72a8fe910533294297d42ba6e045c5c89b4dcc47b8fa029351110	2	1	attachments-evidence	attachment-evidence	assets/xiaolincoding/图解系统/09｜网络系统篇-9.4 什么是一致性哈希？/img-014.png
D0196	40f03fe0372de72af6461c8da72f85647b068e00e99d0176b1e8779be963d125	2	1	linux-vision	code-or-config	projects/linux视觉感知项目/源码/上位机程序/Lane_Detection/LSTR/include/onnxruntime_cxx_api.h
D0196	40f03fe0372de72af6461c8da72f85647b068e00e99d0176b1e8779be963d125	2	1	linux-vision	code-or-config	projects/linux视觉感知项目/源码/卷积神经网络/卷积神经网络/LSTR_ONNX/include/onnxruntime_cxx_api.h
D0197	4343ed748ef74e60b02e9431504f33472a250f5cab8eacd0960f44e286573018	2	1	linux-vision	build-artifact	projects/linux视觉感知项目/源码/图像预处理（加速前+加速后）/Lime/build/CMakeFiles/lime.dir/depend.make
D0197	4343ed748ef74e60b02e9431504f33472a250f5cab8eacd0960f44e286573018	2	1	linux-vision	build-artifact	projects/linux视觉感知项目/源码/图像预处理（加速前+加速后）/Lime_NEON+OpenMP/build/CMakeFiles/lime.dir/depend.make
D0198	44bc81e40a4b7b615f96bdfbe816fa79b68fd80741fbf4031a81c7d00cce7758	2	1	linux-vision	code-or-config	projects/linux视觉感知项目/源码/上位机程序/Lane_Detection/LSTR/include/onnxruntime/core/providers/providers.h
D0198	44bc81e40a4b7b615f96bdfbe816fa79b68fd80741fbf4031a81c7d00cce7758	2	1	linux-vision	code-or-config	projects/linux视觉感知项目/源码/卷积神经网络/卷积神经网络/LSTR_ONNX/include/onnxruntime/core/providers/providers.h
D0199	44c095b2bcd43c249e7eb8c5a8c64f12eccc4c19fd775793e3c3d152e8111eda	2	1	attachments-evidence	attachment-evidence	assets/xiaolincoding/图解系统/11｜学习心得-11.1 操作系统怎么学？/img-003 3.png
D0199	44c095b2bcd43c249e7eb8c5a8c64f12eccc4c19fd775793e3c3d152e8111eda	2	1	attachments-evidence	attachment-evidence	assets/xiaolincoding/图解系统/11｜学习心得-11.1 操作系统怎么学？/img-003.png
D0200	459da62781dcb323eb9a36ec7d09a11418c51890624b1afd8c70f20d4eb3bd53	2	1	attachments-evidence	attachment-evidence	assets/xiaolincoding/图解系统/09｜网络系统篇-9.4 什么是一致性哈希？/img-006 3.png
D0200	459da62781dcb323eb9a36ec7d09a11418c51890624b1afd8c70f20d4eb3bd53	2	1	attachments-evidence	attachment-evidence	assets/xiaolincoding/图解系统/09｜网络系统篇-9.4 什么是一致性哈希？/img-006.png
D0201	46752dd63c078760a4befab34da12d2ecc27e5c4c8b76f5b8b93ebf6d7b63251	2	1	attachments-evidence	attachment-evidence	assets/图解网络-小林coding/13-tcp_interview/img-021.png
D0201	46752dd63c078760a4befab34da12d2ecc27e5c4c8b76f5b8b93ebf6d7b63251	2	1	attachments-evidence	attachment-evidence	assets/图解网络-小林coding/19-isn_deff/img-001.png
D0202	46bfa21686b3005419043d1a2cbe1237ba1876218845603eb1c2e451ce1d4efb	2	1	rednote-bookmarks	attachment-evidence	小红书（RedNote）/。。。。。。。/媒体（Media）/6a6071c90000000009034e22/image-2 (Multi Source Sync).jpg
D0202	46bfa21686b3005419043d1a2cbe1237ba1876218845603eb1c2e451ce1d4efb	2	1	rednote-bookmarks	attachment-evidence	小红书（RedNote）/。。。。。。。/媒体（Media）/6a6071c90000000009034e22/image-2.jpg
D0203	46d2b66e292efbf419311ac8d0e6ddfad739b40063f30a4cba5a26da6108f4e1	2	1	linux-vision	knowledge-document	projects/linux视觉感知项目/源码/上位机程序/Lane_Detection/LSTR/include/onnxruntime/core/platform/windows/readme.txt
D0203	46d2b66e292efbf419311ac8d0e6ddfad739b40063f30a4cba5a26da6108f4e1	2	1	linux-vision	knowledge-document	projects/linux视觉感知项目/源码/卷积神经网络/卷积神经网络/LSTR_ONNX/include/onnxruntime/core/platform/windows/readme.txt
D0204	46ebd078509f7954929edbd52a63f53013f874e005dfcdfc4a8349afd6bc334b	2	1	linux-vision	attachment-evidence	projects/linux视觉感知项目/源码/图像预处理（加速前+加速后）/Lime/data/R1.bmp
D0204	46ebd078509f7954929edbd52a63f53013f874e005dfcdfc4a8349afd6bc334b	2	1	linux-vision	attachment-evidence	projects/linux视觉感知项目/源码/图像预处理（加速前+加速后）/Lime_NEON+OpenMP/data/R1.bmp
D0205	47c5375fce3d7789bb766a6c245314c2bfae3a13a48fd11c7e4dbcfafb9e5a26	2	1	attachments-evidence	attachment-evidence	assets/xiaolincoding/图解系统/10｜Linux 命令篇-10.1 如何查看网络的性能指标？/img-008 3.png
D0205	47c5375fce3d7789bb766a6c245314c2bfae3a13a48fd11c7e4dbcfafb9e5a26	2	1	attachments-evidence	attachment-evidence	assets/xiaolincoding/图解系统/10｜Linux 命令篇-10.1 如何查看网络的性能指标？/img-008.png
D0206	47da8f96d75abb8597b7d1d77cb1461ac616726048512236e22dee86fdef2c37	2	1	attachments-evidence	attachment-evidence	assets/xiaolincoding/图解系统/04｜内存管理篇-4.2 malloc 是如何分配内存的？/img-010 2.png
D0206	47da8f96d75abb8597b7d1d77cb1461ac616726048512236e22dee86fdef2c37	2	1	attachments-evidence	attachment-evidence	assets/xiaolincoding/图解系统/04｜内存管理篇-4.2 malloc 是如何分配内存的？/img-010.png
D0207	48cc5aed3a17432bf23168374ddc86dabfa04dfcf517439ca409c828984fc41c	2	1	rednote-bookmarks	attachment-evidence	小红书（RedNote）/。。。。。。。/媒体（Media）/6a54698b000000001003ec19/image-1 (Multi Source Sync).jpg
D0207	48cc5aed3a17432bf23168374ddc86dabfa04dfcf517439ca409c828984fc41c	2	1	rednote-bookmarks	attachment-evidence	小红书（RedNote）/。。。。。。。/媒体（Media）/6a54698b000000001003ec19/image-1.jpg
D0208	48e4300ed090202a8046c0f0371255bf0f78aa1621176a9fbc5543285f349b63	2	1	linux-vision	attachment-evidence	projects/linux视觉感知项目/源码/上位机程序/Lane_Detection/LSTR/result/3.jpg
D0208	48e4300ed090202a8046c0f0371255bf0f78aa1621176a9fbc5543285f349b63	2	1	linux-vision	attachment-evidence	projects/linux视觉感知项目/源码/上位机程序/Lane_Detection/LSTR/result/4.jpg
D0209	48ef9e9ad8bf28c308a347ac120083898d0aa9461e2b1bb4b6d297affd22f374	2	1	attachments-evidence	attachment-evidence	assets/xiaolincoding/图解系统/02｜硬件结构篇-2.3 如何写出让 CPU 跑得更快的代码？/img-004 2.png
D0209	48ef9e9ad8bf28c308a347ac120083898d0aa9461e2b1bb4b6d297affd22f374	2	1	attachments-evidence	attachment-evidence	assets/xiaolincoding/图解系统/02｜硬件结构篇-2.3 如何写出让 CPU 跑得更快的代码？/img-004.png
D0210	49866287d001aacb9fcade3e3ce07518304c16d5120beefac28f22f790ebbff4	2	1	attachments-evidence	attachment-evidence	assets/xiaolincoding/图解系统/02｜硬件结构篇-2.5 CPU 是如何执行任务的？/img-010 2.png
D0210	49866287d001aacb9fcade3e3ce07518304c16d5120beefac28f22f790ebbff4	2	1	attachments-evidence	attachment-evidence	assets/xiaolincoding/图解系统/02｜硬件结构篇-2.5 CPU 是如何执行任务的？/img-010.png
D0211	498fa37746825644c8d31d93e4d4ae053dc53c860ee22499e70f23a09c03c13f	2	1	rednote-bookmarks	attachment-evidence	小红书（RedNote）/。。。。。。。/媒体（Media）/6a687827000000001302edcc/image-1 (Multi Source Sync).jpg
D0211	498fa37746825644c8d31d93e4d4ae053dc53c860ee22499e70f23a09c03c13f	2	1	rednote-bookmarks	attachment-evidence	小红书（RedNote）/。。。。。。。/媒体（Media）/6a687827000000001302edcc/image-1.jpg
D0212	49bdd49d6e8b1bcec798bd60f44b840cb36e10e5073a9322fcc276397e1f0075	2	1	attachments-evidence	attachment-evidence	assets/xiaolincoding/图解系统/02｜硬件结构篇-2.1 CPU 是如何执行程序的？/img-001 2.png
D0212	49bdd49d6e8b1bcec798bd60f44b840cb36e10e5073a9322fcc276397e1f0075	2	1	attachments-evidence	attachment-evidence	assets/xiaolincoding/图解系统/02｜硬件结构篇-2.1 CPU 是如何执行程序的？/img-001.png
D0213	49f7e0952e57b7e2942f69d8df61a9d99836f05b49a89700e1f5a16278c945e2	2	1	linux-vision	code-or-config	projects/linux视觉感知项目/源码/上位机程序/Lane_Detection/LSTR/include/onnxruntime/core/providers/nnapi/nnapi_provider_factory.h
D0213	49f7e0952e57b7e2942f69d8df61a9d99836f05b49a89700e1f5a16278c945e2	2	1	linux-vision	code-or-config	projects/linux视觉感知项目/源码/卷积神经网络/卷积神经网络/LSTR_ONNX/include/onnxruntime/core/providers/nnapi/nnapi_provider_factory.h
D0214	4a1eb61dd920aa171c7b92c9e4e27a5dc2c464f1c16e6a63d86e9920fcdf4dbd	2	1	attachments-evidence	attachment-evidence	assets/图解网络-小林coding/10-http3/img-004.gif
D0214	4a1eb61dd920aa171c7b92c9e4e27a5dc2c464f1c16e6a63d86e9920fcdf4dbd	2	1	attachments-evidence	attachment-evidence	assets/图解网络-小林coding/29-tcp_problem/img-001.gif
D0215	4b25b664fa5f4b4c26d087e0cf70dd94be0df31a232a1302e936c35e40f8fe48	2	1	linux-vision	build-artifact	projects/linux视觉感知项目/源码/上位机程序/Lane_Detection/LSTR/build/CMakeFiles/LSTR.dir/cmake_clean.cmake
D0215	4b25b664fa5f4b4c26d087e0cf70dd94be0df31a232a1302e936c35e40f8fe48	2	1	linux-vision	build-artifact	projects/linux视觉感知项目/源码/卷积神经网络/卷积神经网络/LSTR_ONNX/build/CMakeFiles/LSTR.dir/cmake_clean.cmake
D0216	4b72ee16e8e7751f0530f2aa811f9634553238b10989af216fa6d1db7236bad2	2	1	rednote-bookmarks	attachment-evidence	小红书（RedNote）/。。。。。。。/媒体（Media）/69d7c0c50000000023016adb/image-1 (Multi Source Sync).jpg
D0216	4b72ee16e8e7751f0530f2aa811f9634553238b10989af216fa6d1db7236bad2	2	1	rednote-bookmarks	attachment-evidence	小红书（RedNote）/。。。。。。。/媒体（Media）/69d7c0c50000000023016adb/image-1.jpg
D0217	4ba20cb264ac179494336b131c06210a64672216ebd23e1e23bc668e72865a5a	2	1	rednote-bookmarks	attachment-evidence	小红书（RedNote）/。。。。。。。/媒体（Media）/6a6aed5c000000000f033ed4/image-6 (Multi Source Sync).jpg
D0217	4ba20cb264ac179494336b131c06210a64672216ebd23e1e23bc668e72865a5a	2	1	rednote-bookmarks	attachment-evidence	小红书（RedNote）/。。。。。。。/媒体（Media）/6a6aed5c000000000f033ed4/image-6.jpg
D0218	4baa690d35e491dcab943e1af24cfc04ad13da6c7cac0a78b125c5d176f4a28b	2	1	attachments-evidence	attachment-evidence	assets/xiaolincoding/图解系统/04｜内存管理篇-4.4 在 4GB 物理内存的机器上，申请 8G 内存会怎么样？/img-015 2.png
D0218	4baa690d35e491dcab943e1af24cfc04ad13da6c7cac0a78b125c5d176f4a28b	2	1	attachments-evidence	attachment-evidence	assets/xiaolincoding/图解系统/04｜内存管理篇-4.4 在 4GB 物理内存的机器上，申请 8G 内存会怎么样？/img-015.png
D0219	4c5a71d24dad4d0c964da4ca4c3b7df3ab0a27e3c35cc95eb1c203a9b3d36abb	2	1	linux-vision	attachment-evidence	projects/linux视觉感知项目/源码/图像预处理（加速前+加速后）/Lime/data/1.png
D0219	4c5a71d24dad4d0c964da4ca4c3b7df3ab0a27e3c35cc95eb1c203a9b3d36abb	2	1	linux-vision	attachment-evidence	projects/linux视觉感知项目/源码/图像预处理（加速前+加速后）/Lime_NEON+OpenMP/data/1.png
D0220	4c919064f8f64f44a687e376996b723e92f0971584d502706b4503372e8583fa	2	1	linux-vision	code-or-config	projects/linux视觉感知项目/源码/上位机程序/Lane_Detection/LSTR/include/onnxruntime/core/platform/Barrier.h
D0220	4c919064f8f64f44a687e376996b723e92f0971584d502706b4503372e8583fa	2	1	linux-vision	code-or-config	projects/linux视觉感知项目/源码/卷积神经网络/卷积神经网络/LSTR_ONNX/include/onnxruntime/core/platform/Barrier.h
D0221	4d86db262ac041449153fba033ca947fb3af68f13c1219633ec2b9e9d3954277	2	1	attachments-evidence	attachment-evidence	assets/xiaolincoding/图解系统/11｜学习心得-11.2 画图经验分享/img-001 3.png
D0221	4d86db262ac041449153fba033ca947fb3af68f13c1219633ec2b9e9d3954277	2	1	attachments-evidence	attachment-evidence	assets/xiaolincoding/图解系统/11｜学习心得-11.2 画图经验分享/img-001.png
D0222	4e2172feb2a67e7bb40b1e9a5aef25caed37a6cf4e3228669b5676b6f52b1b84	2	1	rednote-bookmarks	attachment-evidence	小红书（RedNote）/。。。。。。。/媒体（Media）/6a52dab8000000000f007864/image-5 (Multi Source Sync).jpg
D0222	4e2172feb2a67e7bb40b1e9a5aef25caed37a6cf4e3228669b5676b6f52b1b84	2	1	rednote-bookmarks	attachment-evidence	小红书（RedNote）/。。。。。。。/媒体（Media）/6a52dab8000000000f007864/image-5.jpg
D0223	4ebae9aec70dbe2b846f511734537cb9406fb352f993f052275dd10fa3ab7b36	2	1	attachments-evidence	attachment-evidence	assets/xiaolincoding/图解系统/11｜学习心得-11.2 画图经验分享/img-005 3.png
D0223	4ebae9aec70dbe2b846f511734537cb9406fb352f993f052275dd10fa3ab7b36	2	1	attachments-evidence	attachment-evidence	assets/xiaolincoding/图解系统/11｜学习心得-11.2 画图经验分享/img-005.png
D0224	4f78ab13cc1f4905ab4d9d63997b7a6856e3dab40ec3b3fb49dd03bbc937f295	2	1	linux-vision	attachment-evidence	projects/linux视觉感知项目/源码/图像预处理（加速前+加速后）/Lime/data/1.bmp
D0224	4f78ab13cc1f4905ab4d9d63997b7a6856e3dab40ec3b3fb49dd03bbc937f295	2	1	linux-vision	attachment-evidence	projects/linux视觉感知项目/源码/图像预处理（加速前+加速后）/Lime_NEON+OpenMP/data/1.bmp
D0225	4fb553fd3aa7b914767183a568b16094a9fc02e1c43edec44306a0969a92a638	2	1	rednote-bookmarks	attachment-evidence	小红书（RedNote）/。。。。。。。/媒体（Media）/69d2649600000000220268ff/image-1 (Multi Source Sync).jpg
D0225	4fb553fd3aa7b914767183a568b16094a9fc02e1c43edec44306a0969a92a638	2	1	rednote-bookmarks	attachment-evidence	小红书（RedNote）/。。。。。。。/媒体（Media）/69d2649600000000220268ff/image-1.jpg
D0226	4ff8eb98153bb595fb84aaf926d8d7824c033b09a3e44a3702bbb0e1dec198bc	2	1	attachments-evidence	attachment-evidence	assets/xiaolincoding/图解系统/02｜硬件结构篇-2.5 CPU 是如何执行任务的？/img-015 2.png
D0226	4ff8eb98153bb595fb84aaf926d8d7824c033b09a3e44a3702bbb0e1dec198bc	2	1	attachments-evidence	attachment-evidence	assets/xiaolincoding/图解系统/02｜硬件结构篇-2.5 CPU 是如何执行任务的？/img-015.png
D0227	5016112a6cb5db2e12dc46806d5090a207271ece48b901fd29b419e8c2f5f9fc	2	1	linux-vision	attachment-evidence	projects/linux视觉感知项目/源码/图像预处理（加速前+加速后）/Lime/data/7.bmp
D0227	5016112a6cb5db2e12dc46806d5090a207271ece48b901fd29b419e8c2f5f9fc	2	1	linux-vision	attachment-evidence	projects/linux视觉感知项目/源码/图像预处理（加速前+加速后）/Lime_NEON+OpenMP/data/7.bmp
D0228	501e14bf790d9d262560f09f877e7ec53ebe5b37f2027f75c185bbc78c9008b9	2	1	linux-vision	code-or-config	projects/linux视觉感知项目/源码/上位机程序/Lane_Detection/LSTR/include/onnxruntime/core/providers/dml/dml_provider_factory.h
D0228	501e14bf790d9d262560f09f877e7ec53ebe5b37f2027f75c185bbc78c9008b9	2	1	linux-vision	code-or-config	projects/linux视觉感知项目/源码/卷积神经网络/卷积神经网络/LSTR_ONNX/include/onnxruntime/core/providers/dml/dml_provider_factory.h
D0229	50377be67f442c8550ae5ffd2624e0ee7f266cd728d64d77059aac34791e7bfc	2	1	attachments-evidence	attachment-evidence	assets/图解网络-小林coding/04-http_interview/img-022.jpg
D0229	50377be67f442c8550ae5ffd2624e0ee7f266cd728d64d77059aac34791e7bfc	2	1	attachments-evidence	attachment-evidence	assets/图解网络-小林coding/06-https_rsa/img-002.jpg
D0230	508a327308552b8361cecc4aba9edada35841cb19d827333190ce575f45d5ab7	2	1	linux-vision	code-or-config	projects/linux视觉感知项目/源码/上位机程序/Lane_Detection/LSTR/include/onnxruntime/core/common/logging/severity.h
D0230	508a327308552b8361cecc4aba9edada35841cb19d827333190ce575f45d5ab7	2	1	linux-vision	code-or-config	projects/linux视觉感知项目/源码/卷积神经网络/卷积神经网络/LSTR_ONNX/include/onnxruntime/core/common/logging/severity.h
D0231	50b1bf092394be898b261673218f8237b888d2948794d96c0bcbb2321db3ae51	2	1	linux-vision	code-or-config	projects/linux视觉感知项目/源码/上位机程序/Lane_Detection/LSTR/include/onnxruntime/core/framework/to_tensor_proto_element_type.h
D0231	50b1bf092394be898b261673218f8237b888d2948794d96c0bcbb2321db3ae51	2	1	linux-vision	code-or-config	projects/linux视觉感知项目/源码/卷积神经网络/卷积神经网络/LSTR_ONNX/include/onnxruntime/core/framework/to_tensor_proto_element_type.h
D0232	511652ab3c19d23c518532c07113601ab521ebef45005a6d291db90b929e4c2e	2	1	attachments-evidence	attachment-evidence	assets/embedded-interview/Linux 内核 eBPF 图解：理解内核扩展的核心机制/img-030.png
D0232	511652ab3c19d23c518532c07113601ab521ebef45005a6d291db90b929e4c2e	2	1	attachments-evidence	attachment-evidence	assets/embedded-interview/Linux 内核 eBPF 图解：理解内核扩展的核心机制/img-031.png
D0233	51c77d4cb5fc0979ae04a6692588ffd8f6bb1cda494f7979b9a12a0555bd61e3	2	1	linux-vision	attachment-evidence	projects/linux视觉感知项目/源码/上位机程序/Lane_Detection/test/4.jpg
D0233	51c77d4cb5fc0979ae04a6692588ffd8f6bb1cda494f7979b9a12a0555bd61e3	2	1	linux-vision	attachment-evidence	projects/linux视觉感知项目/源码/卷积神经网络/卷积神经网络/Unet_NCNN/test/4.jpg
D0234	52395203f403650265980070445782691f4edf6fd37777c1027509fe70400e5c	2	2	attachments-evidence	attachment-evidence	assets/rtos/iap-power-recovery_animated.svg
D0234	52395203f403650265980070445782691f4edf6fd37777c1027509fe70400e5c	2	2	rtos-project	attachment-evidence	projects/RTOS项目/源码/assets/iap-power-recovery_animated.svg
D0235	525c6762ebcb5d5b8e8c052372bb14c33dad692a4bd6ff740585137cca2cebf0	2	1	attachments-evidence	attachment-evidence	assets/图解网络-小林coding/04-http_interview/img-041.png
D0235	525c6762ebcb5d5b8e8c052372bb14c33dad692a4bd6ff740585137cca2cebf0	2	1	attachments-evidence	attachment-evidence	assets/图解网络-小林coding/09-http2/img-011.png
D0236	53a5f31f296af7245995aa169d774940277d21bbafd245d80d1d0a077827792e	2	1	rednote-bookmarks	attachment-evidence	小红书（RedNote）/。。。。。。。/媒体（Media）/6a7b4c7d00000000280332c1/image-4 (Multi Source Sync).jpg
D0236	53a5f31f296af7245995aa169d774940277d21bbafd245d80d1d0a077827792e	2	1	rednote-bookmarks	attachment-evidence	小红书（RedNote）/。。。。。。。/媒体（Media）/6a7b4c7d00000000280332c1/image-4.jpg
D0237	546fe3db9119683befb5531b22f11f0c5ff8354fcb8db1749516ccc34888cba3	2	1	attachments-evidence	attachment-evidence	assets/xiaolincoding/图解系统/04｜内存管理篇-4.4 在 4GB 物理内存的机器上，申请 8G 内存会怎么样？/img-009 2.png
D0237	546fe3db9119683befb5531b22f11f0c5ff8354fcb8db1749516ccc34888cba3	2	1	attachments-evidence	attachment-evidence	assets/xiaolincoding/图解系统/04｜内存管理篇-4.4 在 4GB 物理内存的机器上，申请 8G 内存会怎么样？/img-009.png
D0238	54f3d4033c240c734cc6a9866e3824a8dd68c14a0c7fa4b3f5b13a6bde9f6306	2	1	attachments-evidence	attachment-evidence	assets/xiaolincoding/图解系统/02｜硬件结构篇-2.5 CPU 是如何执行任务的？/img-024 2.png
D0238	54f3d4033c240c734cc6a9866e3824a8dd68c14a0c7fa4b3f5b13a6bde9f6306	2	1	attachments-evidence	attachment-evidence	assets/xiaolincoding/图解系统/02｜硬件结构篇-2.5 CPU 是如何执行任务的？/img-024.png
D0239	5521d20c2149f89a6ffe0ec3c51a283c07f2ac652092fd861c5028776be71280	2	1	attachments-evidence	attachment-evidence	assets/图解网络-小林coding/21-challenge_ack/img-010.png
D0239	5521d20c2149f89a6ffe0ec3c51a283c07f2ac652092fd861c5028776be71280	2	1	attachments-evidence	attachment-evidence	assets/图解网络-小林coding/21-challenge_ack/img-012.png
D0240	55b2b606ae47b8b72ec47c30a6a64f50844608daa54e7e302a4735fd3ea171ae	2	1	attachments-evidence	attachment-evidence	assets/xiaolincoding/图解系统/02｜硬件结构篇-2.3 如何写出让 CPU 跑得更快的代码？/img-016 2.png
D0240	55b2b606ae47b8b72ec47c30a6a64f50844608daa54e7e302a4735fd3ea171ae	2	1	attachments-evidence	attachment-evidence	assets/xiaolincoding/图解系统/02｜硬件结构篇-2.3 如何写出让 CPU 跑得更快的代码？/img-016.png
D0241	55b57d593f4c5fee7509904cdbe5379d010d5077179c2de485ed3d9842791481	2	1	rednote-bookmarks	attachment-evidence	小红书（RedNote）/。。。。。。。/媒体（Media）/6a7c3ed1000000002c003c80/image-4 (Multi Source Sync).jpg
D0241	55b57d593f4c5fee7509904cdbe5379d010d5077179c2de485ed3d9842791481	2	1	rednote-bookmarks	attachment-evidence	小红书（RedNote）/。。。。。。。/媒体（Media）/6a7c3ed1000000002c003c80/image-4.jpg
D0242	56cfc13da8baee787a52db24b0b6b839c55ef4fa6fe9d2e7b56db40fa6afdc2b	2	1	attachments-evidence	attachment-evidence	assets/图解网络-小林coding/33-tcp_no_accpet/img-003.png
D0242	56cfc13da8baee787a52db24b0b6b839c55ef4fa6fe9d2e7b56db40fa6afdc2b	2	1	attachments-evidence	attachment-evidence	assets/图解网络-小林coding/34-tcp_drop/img-004.png
D0243	56f6accb79adb9703918bc285acbdaca7b3aec7f2e73e224ae6d81f688f8acb7	2	1	attachments-evidence	attachment-evidence	assets/图解网络-小林coding/01-tcp_ip_model/img-007.png
D0243	56f6accb79adb9703918bc285acbdaca7b3aec7f2e73e224ae6d81f688f8acb7	2	1	attachments-evidence	attachment-evidence	assets/图解网络-小林coding/37-ip_base/img-017.png
D0244	56f8ca9716ee7cc8f3b0666892b6a388d67b2919b6a69a15bd2461506cca723f	2	1	rednote-bookmarks	attachment-evidence	小红书（RedNote）/。。。。。。。/媒体（Media）/6a68ad1e000000001f01cf47/image-4 (Multi Source Sync).jpg
D0244	56f8ca9716ee7cc8f3b0666892b6a388d67b2919b6a69a15bd2461506cca723f	2	1	rednote-bookmarks	attachment-evidence	小红书（RedNote）/。。。。。。。/媒体（Media）/6a68ad1e000000001f01cf47/image-4.jpg
D0245	578e7c1a6ff4ccc51890b643a1a73ba298b008b6b19503e0dc5de18744171c13	2	1	linux-vision	code-or-config	projects/linux视觉感知项目/源码/上位机程序/Lane_Detection/LSTR/include/onnxruntime/core/framework/tensor.h
D0245	578e7c1a6ff4ccc51890b643a1a73ba298b008b6b19503e0dc5de18744171c13	2	1	linux-vision	code-or-config	projects/linux视觉感知项目/源码/卷积神经网络/卷积神经网络/LSTR_ONNX/include/onnxruntime/core/framework/tensor.h
D0246	580041eb4c934bb9453664f170f349d9bda5dd494b70e7569bf700e80b11daaf	2	1	attachments-evidence	attachment-evidence	assets/图解网络-小林coding/04-http_interview/img-048.gif
D0246	580041eb4c934bb9453664f170f349d9bda5dd494b70e7569bf700e80b11daaf	2	1	attachments-evidence	attachment-evidence	assets/图解网络-小林coding/29-tcp_problem/img-004.gif
D0247	580724c82a5b2f0ec26b435ac919960bdda398a5552ba1534d089395555578bd	2	1	rednote-bookmarks	attachment-evidence	小红书（RedNote）/。。。。。。。/媒体（Media）/6a68ad1e000000001f01cf47/image-5 (Multi Source Sync).jpg
D0247	580724c82a5b2f0ec26b435ac919960bdda398a5552ba1534d089395555578bd	2	1	rednote-bookmarks	attachment-evidence	小红书（RedNote）/。。。。。。。/媒体（Media）/6a68ad1e000000001f01cf47/image-5.jpg
D0248	586673aaaacdd2d414a428e0aaf4bba95866ad34d002c0e23f43b590b7067c06	2	1	rednote-bookmarks	attachment-evidence	小红书（RedNote）/。。。。。。。/媒体（Media）/68edc98f0000000007033e13/image-3 (Multi Source Sync).jpg
D0248	586673aaaacdd2d414a428e0aaf4bba95866ad34d002c0e23f43b590b7067c06	2	1	rednote-bookmarks	attachment-evidence	小红书（RedNote）/。。。。。。。/媒体（Media）/68edc98f0000000007033e13/image-3.jpg
D0249	58f44e2db25fcb156b843c032b0b629806f9a032cd093dfbe92f8c35f6d7e7a6	2	1	rednote-bookmarks	attachment-evidence	小红书（RedNote）/。。。。。。。/媒体（Media）/6a647106000000000101e9cf/image-1 (Multi Source Sync).jpg
D0249	58f44e2db25fcb156b843c032b0b629806f9a032cd093dfbe92f8c35f6d7e7a6	2	1	rednote-bookmarks	attachment-evidence	小红书（RedNote）/。。。。。。。/媒体（Media）/6a647106000000000101e9cf/image-1.jpg
D0250	5a1f8cb16be81fd1669fbdd3ce8ffe47a6ab10b7eafddb8515d234781caf6f9a	2	1	attachments-evidence	attachment-evidence	assets/xiaolincoding/图解系统/10｜Linux 命令篇-10.1 如何查看网络的性能指标？/img-004 3.png
D0250	5a1f8cb16be81fd1669fbdd3ce8ffe47a6ab10b7eafddb8515d234781caf6f9a	2	1	attachments-evidence	attachment-evidence	assets/xiaolincoding/图解系统/10｜Linux 命令篇-10.1 如何查看网络的性能指标？/img-004.png
D0251	5b14a499464b0a276ee4ce3fabb2b7229f9c693faf62f8e66a625dbd4f2a578a	2	1	linux-vision	attachment-evidence	projects/linux视觉感知项目/源码/图像预处理（加速前+加速后）/Lime/data/9.jpg
D0251	5b14a499464b0a276ee4ce3fabb2b7229f9c693faf62f8e66a625dbd4f2a578a	2	1	linux-vision	attachment-evidence	projects/linux视觉感知项目/源码/图像预处理（加速前+加速后）/Lime_NEON+OpenMP/data/9.jpg
D0252	5bb98ee0cccb0ca32eea2e599525f26d57f16b643acfad74208db9d64495f97c	2	1	attachments-evidence	attachment-evidence	assets/图解网络-小林coding/02-what_happen_url/img-008.png
D0252	5bb98ee0cccb0ca32eea2e599525f26d57f16b643acfad74208db9d64495f97c	2	1	attachments-evidence	attachment-evidence	assets/图解网络-小林coding/13-tcp_interview/img-011.png
D0253	5c2839097cb434d9b8ec358e2016aad66d9526143a1f270dd9a5a1f38a450e40	2	1	attachments-evidence	attachment-evidence	assets/xiaolincoding/图解系统/09｜网络系统篇-9.4 什么是一致性哈希？/img-009 3.png
D0253	5c2839097cb434d9b8ec358e2016aad66d9526143a1f270dd9a5a1f38a450e40	2	1	attachments-evidence	attachment-evidence	assets/xiaolincoding/图解系统/09｜网络系统篇-9.4 什么是一致性哈希？/img-009.png
D0254	5c2e839f536fb77c45ed8ea616c57113ed98686caa6b3eb869ed0622a966c9da	2	1	rednote-bookmarks	attachment-evidence	小红书（RedNote）/。。。。。。。/媒体（Media）/6a647106000000000101e9cf/image-2 (Multi Source Sync).jpg
D0254	5c2e839f536fb77c45ed8ea616c57113ed98686caa6b3eb869ed0622a966c9da	2	1	rednote-bookmarks	attachment-evidence	小红书（RedNote）/。。。。。。。/媒体（Media）/6a647106000000000101e9cf/image-2.jpg
D0255	5c638f01cc1ff6e15027b269db79bb22a804311f1bc560fbc06bd37778911322	2	1	attachments-evidence	attachment-evidence	assets/xiaolincoding/图解系统/11｜学习心得-11.1 操作系统怎么学？/img-004 3.png
D0255	5c638f01cc1ff6e15027b269db79bb22a804311f1bc560fbc06bd37778911322	2	1	attachments-evidence	attachment-evidence	assets/xiaolincoding/图解系统/11｜学习心得-11.1 操作系统怎么学？/img-004.png
D0256	5c72f6eba426ba2498cff489d2187a743f4150e132716b196a6713ff67fb87ff	2	1	linux-vision	code-or-config	projects/linux视觉感知项目/源码/上位机程序/Lane_Detection/LSTR/include/omp.h
D0256	5c72f6eba426ba2498cff489d2187a743f4150e132716b196a6713ff67fb87ff	2	1	linux-vision	code-or-config	projects/linux视觉感知项目/源码/图像预处理（加速前+加速后）/Lime_NEON+OpenMP/include/omp.h
D0257	5cf2aaafe38666f27e4d7fe33d8788bdbd888f4a66de903104d547cf3ea24098	2	1	attachments-evidence	attachment-evidence	assets/图解网络-小林coding/04-http_interview/img-015.png
D0257	5cf2aaafe38666f27e4d7fe33d8788bdbd888f4a66de903104d547cf3ea24098	2	1	attachments-evidence	attachment-evidence	assets/图解网络-小林coding/05-http_optimize/img-003.png
D0258	5d248bafca3931254aaa1aa7e7baa2f69dc1966940f1d5d283c5ff98c1ef23b2	2	1	rednote-bookmarks	attachment-evidence	小红书（RedNote）/。。。。。。。/媒体（Media）/69c68242000000001a0372e4/image-1 (Multi Source Sync).jpg
D0258	5d248bafca3931254aaa1aa7e7baa2f69dc1966940f1d5d283c5ff98c1ef23b2	2	1	rednote-bookmarks	attachment-evidence	小红书（RedNote）/。。。。。。。/媒体（Media）/69c68242000000001a0372e4/image-1.jpg
D0259	5e4c867eed759c685434923df09ee70cd49d75a0f4dbfff749d6830cec25e2ee	2	1	attachments-evidence	attachment-evidence	assets/xiaolincoding/图解系统/11｜学习心得-11.1 操作系统怎么学？/img-001 3.png
D0259	5e4c867eed759c685434923df09ee70cd49d75a0f4dbfff749d6830cec25e2ee	2	1	attachments-evidence	attachment-evidence	assets/xiaolincoding/图解系统/11｜学习心得-11.1 操作系统怎么学？/img-001.png
D0260	5e54161153586181b67796b4aeee147e8c0ed3f84ca4ff06eb212a43ee9dd69c	2	1	attachments-evidence	attachment-evidence	assets/xiaolincoding/图解系统/02｜硬件结构篇-2.3 如何写出让 CPU 跑得更快的代码？/img-002 2.png
D0260	5e54161153586181b67796b4aeee147e8c0ed3f84ca4ff06eb212a43ee9dd69c	2	1	attachments-evidence	attachment-evidence	assets/xiaolincoding/图解系统/02｜硬件结构篇-2.3 如何写出让 CPU 跑得更快的代码？/img-002.png
D0261	5e72990c4f3075f400a48a590f412c35b7aa073e730cb21ebdfe2230d511c25f	2	1	attachments-evidence	attachment-evidence	assets/图解网络-小林coding/04-http_interview/img-044.jpg
D0261	5e72990c4f3075f400a48a590f412c35b7aa073e730cb21ebdfe2230d511c25f	2	1	attachments-evidence	attachment-evidence	assets/图解网络-小林coding/09-http2/img-017.jpg
D0262	5ed02e4857422d71c3a0dd6b9261c57a4249f6e1884911b8f96db8d8f55bfc8e	2	1	attachments-evidence	attachment-evidence	assets/图解网络-小林coding/13-tcp_interview/img-044.png
D0262	5ed02e4857422d71c3a0dd6b9261c57a4249f6e1884911b8f96db8d8f55bfc8e	2	1	attachments-evidence	attachment-evidence	assets/图解网络-小林coding/28-tcp_http_keepalive/img-007.png
D0263	605e7782ce7d39e091cf07a77da780bdf2db14a12a65989b95a52b61e92179db	2	1	rednote-bookmarks	attachment-evidence	小红书（RedNote）/。。。。。。。/媒体（Media）/6a6071c90000000009034e22/image-6 (Multi Source Sync).jpg
D0263	605e7782ce7d39e091cf07a77da780bdf2db14a12a65989b95a52b61e92179db	2	1	rednote-bookmarks	attachment-evidence	小红书（RedNote）/。。。。。。。/媒体（Media）/6a6071c90000000009034e22/image-6.jpg
D0264	60aaecacb27c6dbeb3ef9878976e3a4921b1e04e60c1b42cd8ab08c0163260f4	2	1	rednote-bookmarks	attachment-evidence	小红书（RedNote）/。。。。。。。/媒体（Media）/6a36a636000000002003b89a/image-2.jpg
D0264	60aaecacb27c6dbeb3ef9878976e3a4921b1e04e60c1b42cd8ab08c0163260f4	2	1	rednote-bookmarks	attachment-evidence	小红书（RedNote）/。。。。。。。/媒体（Media）/6a3dff9d0000000022017512/image-4.jpg
D0265	60c9a41687c9927a2f23049840172a3060e0d78cdb8f568f2e6a42b66c23252c	2	1	linux-vision	code-or-config	projects/linux视觉感知项目/源码/上位机程序/Lane_Detection/LSTR/include/onnxruntime/core/platform/windows/TraceLoggingConfig.h
D0265	60c9a41687c9927a2f23049840172a3060e0d78cdb8f568f2e6a42b66c23252c	2	1	linux-vision	code-or-config	projects/linux视觉感知项目/源码/卷积神经网络/卷积神经网络/LSTR_ONNX/include/onnxruntime/core/platform/windows/TraceLoggingConfig.h
D0266	62604a7ba2a750bec697428a5b5f0813f7f9a1103a2447f2fd4181d1284deda2	2	1	rednote-bookmarks	attachment-evidence	小红书（RedNote）/。。。。。。。/媒体（Media）/69a5548e0000000026030618/image-9 (Multi Source Sync).jpg
D0266	62604a7ba2a750bec697428a5b5f0813f7f9a1103a2447f2fd4181d1284deda2	2	1	rednote-bookmarks	attachment-evidence	小红书（RedNote）/。。。。。。。/媒体（Media）/69a5548e0000000026030618/image-9.jpg
D0267	62aa12c230acfba46ae29dbe3fcd35aeba528db062b37ee1c743f4bd84c10580	2	1	linux-vision	code-or-config	projects/linux视觉感知项目/源码/上位机程序/Lane_Detection/LSTR/include/onnxruntime/core/framework/ortmemoryinfo.h
D0267	62aa12c230acfba46ae29dbe3fcd35aeba528db062b37ee1c743f4bd84c10580	2	1	linux-vision	code-or-config	projects/linux视觉感知项目/源码/卷积神经网络/卷积神经网络/LSTR_ONNX/include/onnxruntime/core/framework/ortmemoryinfo.h
D0268	62b435bb939110cb8ca4c9ee2520f9fd67ef9f18c6c4edbe39438c65162495cc	2	1	rednote-bookmarks	attachment-evidence	小红书（RedNote）/。。。。。。。/媒体（Media）/6a52dab8000000000f007864/image-4 (Multi Source Sync).jpg
D0268	62b435bb939110cb8ca4c9ee2520f9fd67ef9f18c6c4edbe39438c65162495cc	2	1	rednote-bookmarks	attachment-evidence	小红书（RedNote）/。。。。。。。/媒体（Media）/6a52dab8000000000f007864/image-4.jpg
D0269	62ca3872a940126c1f0dc4285c9efe7fc43a592d5819758ce92852574d1ba3b9	2	1	attachments-evidence	attachment-evidence	assets/xiaolincoding/图解系统/04｜内存管理篇-4.3 内存满了，会发生什么？/img-001 2.png
D0269	62ca3872a940126c1f0dc4285c9efe7fc43a592d5819758ce92852574d1ba3b9	2	1	attachments-evidence	attachment-evidence	assets/xiaolincoding/图解系统/04｜内存管理篇-4.3 内存满了，会发生什么？/img-001.png
D0270	62d22a1837838925381928d8d81585e565af62c339af21fdcd5ce8afb1cab638	2	1	rednote-bookmarks	attachment-evidence	小红书（RedNote）/。。。。。。。/媒体（Media）/69c68242000000001a0372e4/image-2 (Multi Source Sync).jpg
D0270	62d22a1837838925381928d8d81585e565af62c339af21fdcd5ce8afb1cab638	2	1	rednote-bookmarks	attachment-evidence	小红书（RedNote）/。。。。。。。/媒体（Media）/69c68242000000001a0372e4/image-2.jpg
D0271	63b0d40cc6c1877320cb22ffd3edce52ff766adc3d6ceecd583c6f74f1ba951f	2	1	attachments-evidence	attachment-evidence	assets/图解网络-小林coding/04-http_interview/img-028.png
D0271	63b0d40cc6c1877320cb22ffd3edce52ff766adc3d6ceecd583c6f74f1ba951f	2	1	attachments-evidence	attachment-evidence	assets/图解网络-小林coding/06-https_rsa/img-010.png
D0272	64fbc6c6bf1db2c787b2dc0590fc7886067b9a873bdb4c55d3170bf889cf7405	2	1	rednote-bookmarks	attachment-evidence	小红书（RedNote）/。。。。。。。/媒体（Media）/6a687827000000001302edcc/image-4 (Multi Source Sync).jpg
D0272	64fbc6c6bf1db2c787b2dc0590fc7886067b9a873bdb4c55d3170bf889cf7405	2	1	rednote-bookmarks	attachment-evidence	小红书（RedNote）/。。。。。。。/媒体（Media）/6a687827000000001302edcc/image-4.jpg
D0273	65a80fb6f1bcd88f0372dd04007c0c239cd2808cde3348448413b3337b7fd280	2	1	attachments-evidence	attachment-evidence	assets/xiaolincoding/图解系统/02｜硬件结构篇-2.7 为什么 0.1 + 0.2 不等于 0.3 ？/img-020 2.png
D0273	65a80fb6f1bcd88f0372dd04007c0c239cd2808cde3348448413b3337b7fd280	2	1	attachments-evidence	attachment-evidence	assets/xiaolincoding/图解系统/02｜硬件结构篇-2.7 为什么 0.1 + 0.2 不等于 0.3 ？/img-020.png
D0274	6662935d9ccf71a0a9e96b5cf6249248879995b4e82d1219ec352fac9938af7e	2	1	linux-vision	code-or-config	projects/linux视觉感知项目/源码/上位机程序/Lane_Detection/LSTR/include/onnxruntime/core/common/exceptions.h
D0274	6662935d9ccf71a0a9e96b5cf6249248879995b4e82d1219ec352fac9938af7e	2	1	linux-vision	code-or-config	projects/linux视觉感知项目/源码/卷积神经网络/卷积神经网络/LSTR_ONNX/include/onnxruntime/core/common/exceptions.h
D0275	66e977a0f13a9010a05fe7fbcb32d601cb283d658e5e95bfa8079769802ca4dd	2	1	rednote-bookmarks	attachment-evidence	小红书（RedNote）/。。。。。。。/媒体（Media）/6a647106000000000101e9cf/image-5 (Multi Source Sync).jpg
D0275	66e977a0f13a9010a05fe7fbcb32d601cb283d658e5e95bfa8079769802ca4dd	2	1	rednote-bookmarks	attachment-evidence	小红书（RedNote）/。。。。。。。/媒体（Media）/6a647106000000000101e9cf/image-5.jpg
D0276	672ba5b73e46a8aa00860c9bd6c453a5b809c933f8e792caced001768fc80dc8	2	1	rednote-bookmarks	attachment-evidence	小红书（RedNote）/。。。。。。。/媒体（Media）/6a68ad1e000000001f01cf47/image-6 (Multi Source Sync).jpg
D0276	672ba5b73e46a8aa00860c9bd6c453a5b809c933f8e792caced001768fc80dc8	2	1	rednote-bookmarks	attachment-evidence	小红书（RedNote）/。。。。。。。/媒体（Media）/6a68ad1e000000001f01cf47/image-6.jpg
D0277	672cb46d0606ba0bd58dd1788a69d30f83e86267ee914f384626cba9f9055b89	2	1	rednote-bookmarks	attachment-evidence	小红书（RedNote）/。。。。。。。/媒体（Media）/6a40f67b000000000f02873d/image-3 (Multi Source Sync).jpg
D0277	672cb46d0606ba0bd58dd1788a69d30f83e86267ee914f384626cba9f9055b89	2	1	rednote-bookmarks	attachment-evidence	小红书（RedNote）/。。。。。。。/媒体（Media）/6a40f67b000000000f02873d/image-3.jpg
D0278	67f9225c6fb99185f60e46af77a222540342890ecb0811a745ab7345db5675ce	2	1	attachments-evidence	attachment-evidence	assets/xiaolincoding/图解系统/02｜硬件结构篇-2.5 CPU 是如何执行任务的？/img-016 2.png
D0278	67f9225c6fb99185f60e46af77a222540342890ecb0811a745ab7345db5675ce	2	1	attachments-evidence	attachment-evidence	assets/xiaolincoding/图解系统/02｜硬件结构篇-2.5 CPU 是如何执行任务的？/img-016.png
D0279	6893238eb27e9a7332a8a44503fb910f847fbb6ab898cebffeb87172f0905fb2	2	1	rednote-bookmarks	attachment-evidence	小红书（RedNote）/。。。。。。。/媒体（Media）/6a52dab8000000000f007864/image-3 (Multi Source Sync).jpg
D0279	6893238eb27e9a7332a8a44503fb910f847fbb6ab898cebffeb87172f0905fb2	2	1	rednote-bookmarks	attachment-evidence	小红书（RedNote）/。。。。。。。/媒体（Media）/6a52dab8000000000f007864/image-3.jpg
D0280	689fa02a0c41f331853c58e3f63d5be9047cf90ed7884b57058f5ffd45f0a04e	2	1	attachments-evidence	attachment-evidence	assets/xiaolincoding/图解系统/02｜硬件结构篇-2.5 CPU 是如何执行任务的？/img-006 2.png
D0280	689fa02a0c41f331853c58e3f63d5be9047cf90ed7884b57058f5ffd45f0a04e	2	1	attachments-evidence	attachment-evidence	assets/xiaolincoding/图解系统/02｜硬件结构篇-2.5 CPU 是如何执行任务的？/img-006.png
D0281	68d2e55d6b17f961eac189c693d812c9a10f38545b7caf5b02a963744444786d	2	1	linux-vision	attachment-evidence	projects/linux视觉感知项目/源码/图像预处理（加速前+加速后）/Lime/data/38.jpg
D0281	68d2e55d6b17f961eac189c693d812c9a10f38545b7caf5b02a963744444786d	2	1	linux-vision	attachment-evidence	projects/linux视觉感知项目/源码/图像预处理（加速前+加速后）/Lime_NEON+OpenMP/data/38.jpg
D0282	68fc027dc31735c9119f26517105c5c0b6bddac59e82e87f50b9d98e7d83a14d	2	1	linux-vision	code-or-config	projects/linux视觉感知项目/源码/上位机程序/Lane_Detection/LSTR/include/onnxruntime/core/common/optional.h
D0282	68fc027dc31735c9119f26517105c5c0b6bddac59e82e87f50b9d98e7d83a14d	2	1	linux-vision	code-or-config	projects/linux视觉感知项目/源码/卷积神经网络/卷积神经网络/LSTR_ONNX/include/onnxruntime/core/common/optional.h
D0283	690931375d4ce0bcc1cb3b51b0526b2041d8944808f3105776312c6bd4995754	2	1	linux-vision	attachment-evidence	projects/linux视觉感知项目/源码/上位机程序/Lane_Detection/test/8.jpg
D0283	690931375d4ce0bcc1cb3b51b0526b2041d8944808f3105776312c6bd4995754	2	1	linux-vision	attachment-evidence	projects/linux视觉感知项目/源码/卷积神经网络/卷积神经网络/Unet_NCNN/test/8.jpg
D0284	6a087ac49c59f18346db65ae6b26413843fda530b144b7ae93108469677974bd	2	1	linux-vision	attachment-evidence	projects/linux视觉感知项目/源码/图像预处理（加速前+加速后）/Lime/data/9.bmp
D0284	6a087ac49c59f18346db65ae6b26413843fda530b144b7ae93108469677974bd	2	1	linux-vision	attachment-evidence	projects/linux视觉感知项目/源码/图像预处理（加速前+加速后）/Lime_NEON+OpenMP/data/9.bmp
D0285	6a0bc7a6b57aed78cfa80d74484070b2c5db1803831514f95ef5d64e553d6afd	2	1	attachments-evidence	attachment-evidence	assets/xiaolincoding/图解系统/09｜网络系统篇-9.3 高性能网络模式：Reactor 和 Proactor/img-009 3.png
D0285	6a0bc7a6b57aed78cfa80d74484070b2c5db1803831514f95ef5d64e553d6afd	2	1	attachments-evidence	attachment-evidence	assets/xiaolincoding/图解系统/09｜网络系统篇-9.3 高性能网络模式：Reactor 和 Proactor/img-009.png
D0286	6b1d7d7e74c8f82e824f14b20e1612c1e15b3443553f702ae046e39188d111c1	2	1	attachments-evidence	attachment-evidence	assets/xiaolincoding/图解系统/02｜硬件结构篇-2.4 CPU 缓存一致性/img-010 2.png
D0286	6b1d7d7e74c8f82e824f14b20e1612c1e15b3443553f702ae046e39188d111c1	2	1	attachments-evidence	attachment-evidence	assets/xiaolincoding/图解系统/02｜硬件结构篇-2.4 CPU 缓存一致性/img-010.png
D0287	6d4c22fb2022e20d234d2fa0f7a3019289d940b0e22f0842f4f2e0c792cedb05	2	1	attachments-evidence	attachment-evidence	assets/xiaolincoding/图解系统/02｜硬件结构篇-2.5 CPU 是如何执行任务的？/img-025 2.png
D0287	6d4c22fb2022e20d234d2fa0f7a3019289d940b0e22f0842f4f2e0c792cedb05	2	1	attachments-evidence	attachment-evidence	assets/xiaolincoding/图解系统/02｜硬件结构篇-2.5 CPU 是如何执行任务的？/img-025.png
D0288	6dca58139677e5b8825accf33eb886565ef307cd99d8af3fe77d3a4693942a2e	2	1	attachments-evidence	attachment-evidence	assets/xiaolincoding/图解系统/02｜硬件结构篇-2.5 CPU 是如何执行任务的？/img-021 2.png
D0288	6dca58139677e5b8825accf33eb886565ef307cd99d8af3fe77d3a4693942a2e	2	1	attachments-evidence	attachment-evidence	assets/xiaolincoding/图解系统/02｜硬件结构篇-2.5 CPU 是如何执行任务的？/img-021.png
D0289	6dcd2e1f228b68ff18dbfcc65155d5c82f5881da5e8c3ff7b3db4772d6973027	2	1	attachments-evidence	attachment-evidence	assets/xiaolincoding/图解系统/09｜网络系统篇-9.4 什么是一致性哈希？/img-010 3.png
D0289	6dcd2e1f228b68ff18dbfcc65155d5c82f5881da5e8c3ff7b3db4772d6973027	2	1	attachments-evidence	attachment-evidence	assets/xiaolincoding/图解系统/09｜网络系统篇-9.4 什么是一致性哈希？/img-010.png
D0290	6de954ef66a849dbb17e5d8aa6d925e2707c0589ec17aa33c3d7a9aa4b0709b0	2	1	rednote-bookmarks	attachment-evidence	小红书（RedNote）/。。。。。。。/媒体（Media）/6a687827000000001302edcc/image-5 (Multi Source Sync).jpg
D0290	6de954ef66a849dbb17e5d8aa6d925e2707c0589ec17aa33c3d7a9aa4b0709b0	2	1	rednote-bookmarks	attachment-evidence	小红书（RedNote）/。。。。。。。/媒体（Media）/6a687827000000001302edcc/image-5.jpg
D0291	6e132032f19bec0c4ae1ac224131fba10fcba2cd2bc1a23432ae5096fd122a07	2	1	linux-vision	code-or-config	projects/linux视觉感知项目/源码/上位机程序/Lane_Detection/LSTR/include/onnxruntime/core/common/inlined_containers.h
D0291	6e132032f19bec0c4ae1ac224131fba10fcba2cd2bc1a23432ae5096fd122a07	2	1	linux-vision	code-or-config	projects/linux视觉感知项目/源码/卷积神经网络/卷积神经网络/LSTR_ONNX/include/onnxruntime/core/common/inlined_containers.h
D0292	6e695f4de15e7e22280354a0412053da14b48ea4a743c2dd2a56d80ffa02b27f	2	1	linux-vision	attachment-evidence	projects/linux视觉感知项目/源码/图像预处理（加速前+加速后）/Lime/data/12.jpeg
D0292	6e695f4de15e7e22280354a0412053da14b48ea4a743c2dd2a56d80ffa02b27f	2	1	linux-vision	attachment-evidence	projects/linux视觉感知项目/源码/图像预处理（加速前+加速后）/Lime_NEON+OpenMP/data/12.jpeg
D0293	6f139e7be8ab71696327400b1c60792b4b00805a0bdd86b0304248507365c9e5	2	1	rednote-bookmarks	attachment-evidence	小红书（RedNote）/。。。。。。。/媒体（Media）/6a6aed5c000000000f033ed4/image-5 (Multi Source Sync).jpg
D0293	6f139e7be8ab71696327400b1c60792b4b00805a0bdd86b0304248507365c9e5	2	1	rednote-bookmarks	attachment-evidence	小红书（RedNote）/。。。。。。。/媒体（Media）/6a6aed5c000000000f033ed4/image-5.jpg
D0294	6fc91667ea5c2fcc4094c56bf235df2e138ffe13cff76234775b77cfe9d7bcc5	2	1	attachments-evidence	attachment-evidence	assets/xiaolincoding/图解系统/02｜硬件结构篇-2.7 为什么 0.1 + 0.2 不等于 0.3 ？/img-014 2.png
D0294	6fc91667ea5c2fcc4094c56bf235df2e138ffe13cff76234775b77cfe9d7bcc5	2	1	attachments-evidence	attachment-evidence	assets/xiaolincoding/图解系统/02｜硬件结构篇-2.7 为什么 0.1 + 0.2 不等于 0.3 ？/img-014.png
D0295	6fd63cb08dca7104ee3e7e42ce3719eb3b51e5b4fa0ada29e1cac24359e65aed	2	1	attachments-evidence	attachment-evidence	assets/xiaolincoding/图解系统/04｜内存管理篇-4.4 在 4GB 物理内存的机器上，申请 8G 内存会怎么样？/img-006 2.png
D0295	6fd63cb08dca7104ee3e7e42ce3719eb3b51e5b4fa0ada29e1cac24359e65aed	2	1	attachments-evidence	attachment-evidence	assets/xiaolincoding/图解系统/04｜内存管理篇-4.4 在 4GB 物理内存的机器上，申请 8G 内存会怎么样？/img-006.png
D0296	7030234b1157db5f4ff8a3913e8535e147393e07510236fe31c6c20f64e05ecf	2	1	attachments-evidence	attachment-evidence	assets/xiaolincoding/图解系统/04｜内存管理篇-4.1 为什么要有虚拟内存？/img-011 2.png
D0296	7030234b1157db5f4ff8a3913e8535e147393e07510236fe31c6c20f64e05ecf	2	1	attachments-evidence	attachment-evidence	assets/xiaolincoding/图解系统/04｜内存管理篇-4.1 为什么要有虚拟内存？/img-011.png
D0297	70a826ce7213fb7e415e734b964307cd04a4d0e3c342e813d07db2220a33badf	2	1	linux-vision	code-or-config	projects/linux视觉感知项目/源码/上位机程序/Lane_Detection/LSTR/include/onnxruntime/core/session/onnxruntime_cxx_api.h
D0297	70a826ce7213fb7e415e734b964307cd04a4d0e3c342e813d07db2220a33badf	2	1	linux-vision	code-or-config	projects/linux视觉感知项目/源码/卷积神经网络/卷积神经网络/LSTR_ONNX/include/onnxruntime/core/session/onnxruntime_cxx_api.h
D0298	70bf6d23c50cb559f32c447128bd086d495503d704e32c9679be7f7f544bd1b8	2	1	linux-vision	attachment-evidence	projects/linux视觉感知项目/源码/图像预处理（加速前+加速后）/Lime/data/10.bmp
D0298	70bf6d23c50cb559f32c447128bd086d495503d704e32c9679be7f7f544bd1b8	2	1	linux-vision	attachment-evidence	projects/linux视觉感知项目/源码/图像预处理（加速前+加速后）/Lime_NEON+OpenMP/data/10.bmp
D0299	721b25bb12f377dd2bab82192008b3ccd81e75dcfc211179758bd8f3180d83be	2	1	rednote-bookmarks	attachment-evidence	小红书（RedNote）/。。。。。。。/媒体（Media）/6a6aed5c000000000f033ed4/image-2 (Multi Source Sync).jpg
D0299	721b25bb12f377dd2bab82192008b3ccd81e75dcfc211179758bd8f3180d83be	2	1	rednote-bookmarks	attachment-evidence	小红书（RedNote）/。。。。。。。/媒体（Media）/6a6aed5c000000000f033ed4/image-2.jpg
D0300	72587d27b1f492c6a752522e4f921bc85f7feda3525e8b7f8d1c44c79a355c72	2	1	attachments-evidence	attachment-evidence	assets/xiaolincoding/图解系统/08｜设备管理篇-8.1 键盘敲入 A 字母时，操作系统期间发生了什么？/img-008 3.png
D0300	72587d27b1f492c6a752522e4f921bc85f7feda3525e8b7f8d1c44c79a355c72	2	1	attachments-evidence	attachment-evidence	assets/xiaolincoding/图解系统/08｜设备管理篇-8.1 键盘敲入 A 字母时，操作系统期间发生了什么？/img-008.png
D0301	73337941c8d051676cf5cffd96ea1322517f9e0c7f4cbcac69807e66bc8ce5a5	2	1	attachments-evidence	attachment-evidence	assets/xiaolincoding/图解系统/09｜网络系统篇-9.2 I-O 多路复用：select-poll-epoll/img-004 3.png
D0301	73337941c8d051676cf5cffd96ea1322517f9e0c7f4cbcac69807e66bc8ce5a5	2	1	attachments-evidence	attachment-evidence	assets/xiaolincoding/图解系统/09｜网络系统篇-9.2 I-O 多路复用：select-poll-epoll/img-004.png
D0302	7396e1c281a5376101af5043c7d7a17d4fab162c065ffb0b0156108f19cabd8e	2	1	linux-vision	code-or-config	projects/linux视觉感知项目/源码/上位机程序/Lane_Detection/LSTR/include/onnxruntime/core/framework/kernel_registry.h
D0302	7396e1c281a5376101af5043c7d7a17d4fab162c065ffb0b0156108f19cabd8e	2	1	linux-vision	code-or-config	projects/linux视觉感知项目/源码/卷积神经网络/卷积神经网络/LSTR_ONNX/include/onnxruntime/core/framework/kernel_registry.h
D0303	743c68f5daf553e738045d1e1391b02b87548111989f9fae223a30058e51b005	2	1	attachments-evidence	attachment-evidence	assets/xiaolincoding/图解系统/02｜硬件结构篇-2.6 什么是软中断？/img-002 2.png
D0303	743c68f5daf553e738045d1e1391b02b87548111989f9fae223a30058e51b005	2	1	attachments-evidence	attachment-evidence	assets/xiaolincoding/图解系统/02｜硬件结构篇-2.6 什么是软中断？/img-002.png
D0304	74d6e99bb936ae92fc191008e3c7bcd836d88f536788ff8ac359792ac579b9f0	2	1	linux-vision	code-or-config	projects/linux视觉感知项目/源码/上位机程序/Lane_Detection/LSTR/include/onnxruntime/core/platform/EigenNonBlockingThreadPool.h
D0304	74d6e99bb936ae92fc191008e3c7bcd836d88f536788ff8ac359792ac579b9f0	2	1	linux-vision	code-or-config	projects/linux视觉感知项目/源码/卷积神经网络/卷积神经网络/LSTR_ONNX/include/onnxruntime/core/platform/EigenNonBlockingThreadPool.h
D0305	74ed8d4872a45a1e90e0d1a6b8e358e722dc4015f41fdc946090aa5c5d1f154c	2	1	rednote-bookmarks	attachment-evidence	小红书（RedNote）/。。。。。。。/媒体（Media）/6a4e09ee00000000220161cd/image-3 (Multi Source Sync).jpg
D0305	74ed8d4872a45a1e90e0d1a6b8e358e722dc4015f41fdc946090aa5c5d1f154c	2	1	rednote-bookmarks	attachment-evidence	小红书（RedNote）/。。。。。。。/媒体（Media）/6a4e09ee00000000220161cd/image-3.jpg
D0306	74fe403b0b59c2ff73c664f50102d539a81beb288d106bd89ab9879047152101	2	1	linux-vision	code-or-config	projects/linux视觉感知项目/源码/上位机程序/Lane_Detection/LSTR/include/onnxruntime/core/graph/basic_types.h
D0306	74fe403b0b59c2ff73c664f50102d539a81beb288d106bd89ab9879047152101	2	1	linux-vision	code-or-config	projects/linux视觉感知项目/源码/卷积神经网络/卷积神经网络/LSTR_ONNX/include/onnxruntime/core/graph/basic_types.h
D0307	7586a82149924bdf6980c1c80dbff111875022b84328106251a563a50b5c8e96	2	1	rednote-bookmarks	attachment-evidence	小红书（RedNote）/。。。。。。。/媒体（Media）/6a771c4e0000000008010193/image-1 (Multi Source Sync).jpg
D0307	7586a82149924bdf6980c1c80dbff111875022b84328106251a563a50b5c8e96	2	1	rednote-bookmarks	attachment-evidence	小红书（RedNote）/。。。。。。。/媒体（Media）/6a771c4e0000000008010193/image-1.jpg
D0308	75e7354a899fe2440a020bc945cbcaf81dfd67bc291d6f0985267944ae3a7dbd	2	1	linux-vision	code-or-config	projects/linux视觉感知项目/源码/上位机程序/Lane_Detection/LSTR/include/onnxruntime/core/framework/provider_options_utils.h
D0308	75e7354a899fe2440a020bc945cbcaf81dfd67bc291d6f0985267944ae3a7dbd	2	1	linux-vision	code-or-config	projects/linux视觉感知项目/源码/卷积神经网络/卷积神经网络/LSTR_ONNX/include/onnxruntime/core/framework/provider_options_utils.h
D0309	75e87603a6252ea35dc12318503dd1c974aff44d1f613b5eb7e6b2714d42c7fe	2	1	attachments-evidence	attachment-evidence	assets/xiaolincoding/图解系统/07｜文件系统篇-7.2 进程写文件时，进程发生了崩溃，已写入的数据会丢失吗？/img-005 3.jpg
D0309	75e87603a6252ea35dc12318503dd1c974aff44d1f613b5eb7e6b2714d42c7fe	2	1	attachments-evidence	attachment-evidence	assets/xiaolincoding/图解系统/07｜文件系统篇-7.2 进程写文件时，进程发生了崩溃，已写入的数据会丢失吗？/img-005.jpg
D0310	7708c1c0983c2cbe1b2934ada475b4dadc13932e1eb1e4cb1567f8fbff027a89	2	1	rednote-bookmarks	attachment-evidence	小红书（RedNote）/。。。。。。。/媒体（Media）/69a5548e0000000026030618/image-7 (Multi Source Sync).jpg
D0310	7708c1c0983c2cbe1b2934ada475b4dadc13932e1eb1e4cb1567f8fbff027a89	2	1	rednote-bookmarks	attachment-evidence	小红书（RedNote）/。。。。。。。/媒体（Media）/69a5548e0000000026030618/image-7.jpg
D0311	77734a06bf70460cf766db6386fea60235e1be486a2b377bbf03271464c97118	2	1	linux-vision	attachment-evidence	projects/linux视觉感知项目/源码/图像预处理（加速前+加速后）/Lime/data/R10.bmp
D0311	77734a06bf70460cf766db6386fea60235e1be486a2b377bbf03271464c97118	2	1	linux-vision	attachment-evidence	projects/linux视觉感知项目/源码/图像预处理（加速前+加速后）/Lime_NEON+OpenMP/data/R10.bmp
D0312	777ed4dbebcde7e840b3047e46411060879ac0364e128a532984b6dcfd70b49c	2	1	attachments-evidence	attachment-evidence	assets/xiaolincoding/图解系统/02｜硬件结构篇-2.1 CPU 是如何执行程序的？/img-016 2.png
D0312	777ed4dbebcde7e840b3047e46411060879ac0364e128a532984b6dcfd70b49c	2	1	attachments-evidence	attachment-evidence	assets/xiaolincoding/图解系统/02｜硬件结构篇-2.1 CPU 是如何执行程序的？/img-016.png
D0313	77d9cbfebf3f075380179eb04cb050e33800bdc59f16b52581f970d82f64e092	2	1	rednote-bookmarks	attachment-evidence	小红书（RedNote）/。。。。。。。/媒体（Media）/6a40f67b000000000f02873d/image-2 (Multi Source Sync).jpg
D0313	77d9cbfebf3f075380179eb04cb050e33800bdc59f16b52581f970d82f64e092	2	1	rednote-bookmarks	attachment-evidence	小红书（RedNote）/。。。。。。。/媒体（Media）/6a40f67b000000000f02873d/image-2.jpg
D0314	78307c031d94ebf7cf380918e8dae2214e87b2f8655d45952e6a11a47693d0ff	2	1	rednote-bookmarks	attachment-evidence	小红书（RedNote）/。。。。。。。/媒体（Media）/6a6071c90000000009034e22/image-9 (Multi Source Sync).jpg
D0314	78307c031d94ebf7cf380918e8dae2214e87b2f8655d45952e6a11a47693d0ff	2	1	rednote-bookmarks	attachment-evidence	小红书（RedNote）/。。。。。。。/媒体（Media）/6a6071c90000000009034e22/image-9.jpg
D0315	783ce144ae1dde267540e2b44a7b7e8186641773adb4fb2e58ecabfc4619b6ac	2	1	rednote-bookmarks	attachment-evidence	小红书（RedNote）/。。。。。。。/媒体（Media）/6a6071c90000000009034e22/image-1 (Multi Source Sync).jpg
D0315	783ce144ae1dde267540e2b44a7b7e8186641773adb4fb2e58ecabfc4619b6ac	2	1	rednote-bookmarks	attachment-evidence	小红书（RedNote）/。。。。。。。/媒体（Media）/6a6071c90000000009034e22/image-1.jpg
D0316	79168a383f363ae2f81bedace547db5072cc3fd23b5eefffe5345722fd65fae0	2	1	attachments-evidence	attachment-evidence	assets/xiaolincoding/图解系统/02｜硬件结构篇-2.1 CPU 是如何执行程序的？/img-005 2.png
D0316	79168a383f363ae2f81bedace547db5072cc3fd23b5eefffe5345722fd65fae0	2	1	attachments-evidence	attachment-evidence	assets/xiaolincoding/图解系统/02｜硬件结构篇-2.1 CPU 是如何执行程序的？/img-005.png
D0317	79e65d6fb6cc09bededa04c2925da817e707e0cab6a6a148d594a3f725c88971	2	1	linux-vision	code-or-config	projects/linux视觉感知项目/源码/上位机程序/Lane_Detection/LSTR/include/onnxruntime/core/common/const_pointer_container.h
D0317	79e65d6fb6cc09bededa04c2925da817e707e0cab6a6a148d594a3f725c88971	2	1	linux-vision	code-or-config	projects/linux视觉感知项目/源码/卷积神经网络/卷积神经网络/LSTR_ONNX/include/onnxruntime/core/common/const_pointer_container.h
D0318	7aa8c61ef402824f31310dd08f18f0705b8f1582bc958921f6dab5b352327c7f	2	1	attachments-evidence	attachment-evidence	assets/xiaolincoding/图解系统/09｜网络系统篇-9.1 什么是零拷贝？/img-010 3.png
D0318	7aa8c61ef402824f31310dd08f18f0705b8f1582bc958921f6dab5b352327c7f	2	1	attachments-evidence	attachment-evidence	assets/xiaolincoding/图解系统/09｜网络系统篇-9.1 什么是零拷贝？/img-010.png
D0319	7b308ce06b9309aacd71d8427b96e52f2128521e90f8d8717925f8cce35e74df	2	1	linux-vision	code-or-config	projects/linux视觉感知项目/源码/上位机程序/Lane_Detection/LSTR/include/onnxruntime/core/framework/framework_provider_common.h
D0319	7b308ce06b9309aacd71d8427b96e52f2128521e90f8d8717925f8cce35e74df	2	1	linux-vision	code-or-config	projects/linux视觉感知项目/源码/卷积神经网络/卷积神经网络/LSTR_ONNX/include/onnxruntime/core/framework/framework_provider_common.h
D0320	7b8d3686a14f73f4532dee3b98feef3d7da541a80103a34db8a9c7cb420186dd	2	1	attachments-evidence	attachment-evidence	assets/xiaolincoding/图解系统/04｜内存管理篇-4.5 如何避免预读失效和缓存污染的问题？/img-003.png
D0320	7b8d3686a14f73f4532dee3b98feef3d7da541a80103a34db8a9c7cb420186dd	2	1	attachments-evidence	attachment-evidence	assets/xiaolincoding/图解系统/07｜文件系统篇-7.1 文件系统全家桶/img-003.png
D0321	7c28d5aca41f923253de23a41661ab1608b198f28ac84a53ce0ffe58e3a219b7	2	1	rednote-bookmarks	attachment-evidence	小红书（RedNote）/。。。。。。。/媒体（Media）/69d2649600000000220268ff/image-4 (Multi Source Sync).jpg
D0321	7c28d5aca41f923253de23a41661ab1608b198f28ac84a53ce0ffe58e3a219b7	2	1	rednote-bookmarks	attachment-evidence	小红书（RedNote）/。。。。。。。/媒体（Media）/69d2649600000000220268ff/image-4.jpg
D0322	7cccea2baf6e3d48218c6fed0e13a1168d2bac8aafcfc0b0227860319e8d3418	2	1	attachments-evidence	attachment-evidence	assets/xiaolincoding/图解系统/04｜内存管理篇-4.1 为什么要有虚拟内存？/img-005 2.png
D0322	7cccea2baf6e3d48218c6fed0e13a1168d2bac8aafcfc0b0227860319e8d3418	2	1	attachments-evidence	attachment-evidence	assets/xiaolincoding/图解系统/04｜内存管理篇-4.1 为什么要有虚拟内存？/img-005.png
D0323	7cd4952f8d45385a6d81b1312fa8b9600dca4eda8db7577a95122fcdb15bf650	2	1	attachments-evidence	attachment-evidence	assets/xiaolincoding/图解系统/03｜系统结构篇-3.1 Linux 内核 vs Windows 内核/img-005 2.png
D0323	7cd4952f8d45385a6d81b1312fa8b9600dca4eda8db7577a95122fcdb15bf650	2	1	attachments-evidence	attachment-evidence	assets/xiaolincoding/图解系统/03｜系统结构篇-3.1 Linux 内核 vs Windows 内核/img-005.png
D0324	7dbd3f62b2800e441399a779d31ece9dbbf5a80e3e9fcbab51a8ee3e6da44610	2	1	rednote-bookmarks	attachment-evidence	小红书（RedNote）/。。。。。。。/媒体（Media）/6a6071c90000000009034e22/image-5 (Multi Source Sync).jpg
D0324	7dbd3f62b2800e441399a779d31ece9dbbf5a80e3e9fcbab51a8ee3e6da44610	2	1	rednote-bookmarks	attachment-evidence	小红书（RedNote）/。。。。。。。/媒体（Media）/6a6071c90000000009034e22/image-5.jpg
D0325	7dbf5a7c76f2210f0fa5e4bb1c06477b266eb5980b00bd94db184f615f1ee7bc	2	1	linux-vision	code-or-config	projects/linux视觉感知项目/源码/上位机程序/Lane_Detection/LSTR/include/onnxruntime/core/common/logging/capture.h
D0325	7dbf5a7c76f2210f0fa5e4bb1c06477b266eb5980b00bd94db184f615f1ee7bc	2	1	linux-vision	code-or-config	projects/linux视觉感知项目/源码/卷积神经网络/卷积神经网络/LSTR_ONNX/include/onnxruntime/core/common/logging/capture.h
D0326	7dc2ea78a731416d8a0d947fa0b6a322fee070c92bdbbcf9a674527b96b8840f	2	1	attachments-evidence	attachment-evidence	assets/图解网络-小林coding/04-http_interview/img-031.png
D0326	7dc2ea78a731416d8a0d947fa0b6a322fee070c92bdbbcf9a674527b96b8840f	2	1	attachments-evidence	attachment-evidence	assets/图解网络-小林coding/06-https_rsa/img-013.png
D0327	7ddedd35eec0abb45857181feae7ac07c33359fbff6877ee3034b5cd4ca12a4b	2	1	attachments-evidence	attachment-evidence	assets/图解网络-小林coding/04-http_interview/img-032.png
D0327	7ddedd35eec0abb45857181feae7ac07c33359fbff6877ee3034b5cd4ca12a4b	2	1	attachments-evidence	attachment-evidence	assets/图解网络-小林coding/06-https_rsa/img-014.png
D0328	7e2798a84a6687854733636aa82c7a149e356a281abd0bcad7596ebcfe166dff	2	1	linux-vision	code-or-config	projects/linux视觉感知项目/源码/上位机程序/Lane_Detection/LSTR/include/onnxruntime/core/framework/op_node_proto_helper.h
D0328	7e2798a84a6687854733636aa82c7a149e356a281abd0bcad7596ebcfe166dff	2	1	linux-vision	code-or-config	projects/linux视觉感知项目/源码/卷积神经网络/卷积神经网络/LSTR_ONNX/include/onnxruntime/core/framework/op_node_proto_helper.h
D0329	7efc2165e2c06f63472b91778e1b869a721bd8bb8e298eba1620ba834dba6134	2	1	attachments-evidence	attachment-evidence	assets/xiaolincoding/图解系统/08｜设备管理篇-8.1 键盘敲入 A 字母时，操作系统期间发生了什么？/img-009 3.png
D0329	7efc2165e2c06f63472b91778e1b869a721bd8bb8e298eba1620ba834dba6134	2	1	attachments-evidence	attachment-evidence	assets/xiaolincoding/图解系统/08｜设备管理篇-8.1 键盘敲入 A 字母时，操作系统期间发生了什么？/img-009.png
D0330	7f5c1219757110fc559ce65dedde970e8102d1b7d24f2f65cb61521212f6a04d	2	1	attachments-evidence	attachment-evidence	assets/xiaolincoding/图解系统/02｜硬件结构篇-2.1 CPU 是如何执行程序的？/img-008 2.svg
D0330	7f5c1219757110fc559ce65dedde970e8102d1b7d24f2f65cb61521212f6a04d	2	1	attachments-evidence	attachment-evidence	assets/xiaolincoding/图解系统/02｜硬件结构篇-2.1 CPU 是如何执行程序的？/img-008.svg
D0331	7f875b8424edffd9ff378cb0197869c1d7e615661480f2e9a3012632bf4c867d	2	1	attachments-evidence	attachment-evidence	assets/xiaolincoding/图解系统/02｜硬件结构篇-2.7 为什么 0.1 + 0.2 不等于 0.3 ？/img-006 2.png
D0331	7f875b8424edffd9ff378cb0197869c1d7e615661480f2e9a3012632bf4c867d	2	1	attachments-evidence	attachment-evidence	assets/xiaolincoding/图解系统/02｜硬件结构篇-2.7 为什么 0.1 + 0.2 不等于 0.3 ？/img-006.png
D0332	812f279e12ea585d6b6cb5b5d6f7d36fe9f30472457c837a78a438e7ccf77757	2	1	attachments-evidence	attachment-evidence	assets/xiaolincoding/图解系统/04｜内存管理篇-4.1 为什么要有虚拟内存？/img-019 2.png
D0332	812f279e12ea585d6b6cb5b5d6f7d36fe9f30472457c837a78a438e7ccf77757	2	1	attachments-evidence	attachment-evidence	assets/xiaolincoding/图解系统/04｜内存管理篇-4.1 为什么要有虚拟内存？/img-019.png
D0333	816daa4a457690b71e2b70523267eaad941e33aa2ef37666fc57216c29556673	2	1	attachments-evidence	attachment-evidence	assets/xiaolincoding/图解系统/11｜学习心得-11.2 画图经验分享/img-006 3.png
D0333	816daa4a457690b71e2b70523267eaad941e33aa2ef37666fc57216c29556673	2	1	attachments-evidence	attachment-evidence	assets/xiaolincoding/图解系统/11｜学习心得-11.2 画图经验分享/img-006.png
D0334	82854cf6b93762cfebfabdfabe2738a46a962eaa0d6a4a0b602ecbd41f5cf04d	2	1	attachments-evidence	attachment-evidence	assets/xiaolincoding/图解系统/09｜网络系统篇-9.4 什么是一致性哈希？/img-013 3.png
D0334	82854cf6b93762cfebfabdfabe2738a46a962eaa0d6a4a0b602ecbd41f5cf04d	2	1	attachments-evidence	attachment-evidence	assets/xiaolincoding/图解系统/09｜网络系统篇-9.4 什么是一致性哈希？/img-013.png
D0335	83973469c921ee40beaf6528514719f122c3de9dba470bbec481b9dec028ec42	2	1	attachments-evidence	attachment-evidence	assets/xiaolincoding/图解系统/09｜网络系统篇-9.1 什么是零拷贝？/img-006 3.png
D0335	83973469c921ee40beaf6528514719f122c3de9dba470bbec481b9dec028ec42	2	1	attachments-evidence	attachment-evidence	assets/xiaolincoding/图解系统/09｜网络系统篇-9.1 什么是零拷贝？/img-006.png
D0336	83d299173f1a1c0e2f0ffee23e6655226a39a948cccf62a6e6e92633406072de	2	1	attachments-evidence	attachment-evidence	assets/xiaolincoding/图解系统/02｜硬件结构篇-2.7 为什么 0.1 + 0.2 不等于 0.3 ？/img-018 2.png
D0336	83d299173f1a1c0e2f0ffee23e6655226a39a948cccf62a6e6e92633406072de	2	1	attachments-evidence	attachment-evidence	assets/xiaolincoding/图解系统/02｜硬件结构篇-2.7 为什么 0.1 + 0.2 不等于 0.3 ？/img-018.png
D0337	840d4bd327429879c87ff7b7c7d05808eeafe266d9cbab6806481162a55ee778	2	1	attachments-evidence	attachment-evidence	assets/xiaolincoding/图解系统/07｜文件系统篇-7.2 进程写文件时，进程发生了崩溃，已写入的数据会丢失吗？/img-007 3.png
D0337	840d4bd327429879c87ff7b7c7d05808eeafe266d9cbab6806481162a55ee778	2	1	attachments-evidence	attachment-evidence	assets/xiaolincoding/图解系统/07｜文件系统篇-7.2 进程写文件时，进程发生了崩溃，已写入的数据会丢失吗？/img-007.png
D0338	8423b70ded03e479eb77c845d6a83412a8202b3c877bf2913310894ed3e2bca8	2	1	attachments-evidence	attachment-evidence	assets/xiaolincoding/图解系统/03｜系统结构篇-3.1 Linux 内核 vs Windows 内核/img-006 2.png
D0338	8423b70ded03e479eb77c845d6a83412a8202b3c877bf2913310894ed3e2bca8	2	1	attachments-evidence	attachment-evidence	assets/xiaolincoding/图解系统/03｜系统结构篇-3.1 Linux 内核 vs Windows 内核/img-006.png
D0339	8430695c16a05be407e004b14482ea509a5307f7af468a0d76c365e064632967	2	1	attachments-evidence	attachment-evidence	assets/xiaolincoding/图解系统/02｜硬件结构篇-2.4 CPU 缓存一致性/img-001 2.png
D0339	8430695c16a05be407e004b14482ea509a5307f7af468a0d76c365e064632967	2	1	attachments-evidence	attachment-evidence	assets/xiaolincoding/图解系统/02｜硬件结构篇-2.4 CPU 缓存一致性/img-001.png
D0340	84e8bc1fc8df1699ebed5bfed1baade7c236a4c1009402d6a79d44fad6e42606	2	1	attachments-evidence	attachment-evidence	assets/xiaolincoding/图解系统/02｜硬件结构篇-2.6 什么是软中断？/img-003 2.png
D0340	84e8bc1fc8df1699ebed5bfed1baade7c236a4c1009402d6a79d44fad6e42606	2	1	attachments-evidence	attachment-evidence	assets/xiaolincoding/图解系统/02｜硬件结构篇-2.6 什么是软中断？/img-003.png
D0341	85b172572b3b643140e64bc2799e52f1166190cbd2b32125871dd1077706151f	2	1	attachments-evidence	attachment-evidence	assets/xiaolincoding/图解系统/04｜内存管理篇-4.4 在 4GB 物理内存的机器上，申请 8G 内存会怎么样？/img-005 2.png
D0341	85b172572b3b643140e64bc2799e52f1166190cbd2b32125871dd1077706151f	2	1	attachments-evidence	attachment-evidence	assets/xiaolincoding/图解系统/04｜内存管理篇-4.4 在 4GB 物理内存的机器上，申请 8G 内存会怎么样？/img-005.png
D0342	85f33c78ee9584aa795033191fae21ced0904ec2841d902d3283d075980fb6cf	2	1	attachments-evidence	attachment-evidence	assets/xiaolincoding/图解系统/09｜网络系统篇-9.3 高性能网络模式：Reactor 和 Proactor/img-001 2.jpeg
D0342	85f33c78ee9584aa795033191fae21ced0904ec2841d902d3283d075980fb6cf	2	1	attachments-evidence	attachment-evidence	assets/xiaolincoding/图解系统/09｜网络系统篇-9.3 高性能网络模式：Reactor 和 Proactor/img-001.jpeg
D0343	86d1b274f8fe4ce03db3153771c88bfa52a8632123e5ef665564742f96309873	2	1	attachments-evidence	attachment-evidence	assets/xiaolincoding/图解系统/10｜Linux 命令篇-10.1 如何查看网络的性能指标？/img-002 3.png
D0343	86d1b274f8fe4ce03db3153771c88bfa52a8632123e5ef665564742f96309873	2	1	attachments-evidence	attachment-evidence	assets/xiaolincoding/图解系统/10｜Linux 命令篇-10.1 如何查看网络的性能指标？/img-002.png
D0344	876a1470d964811b791b839132a135b35409877b2e9c2a07d5bd7319f549e406	2	1	attachments-evidence	attachment-evidence	assets/xiaolincoding/图解系统/10｜Linux 命令篇-10.2 如何从日志分析 PV、UV？/img-012 3.png
D0344	876a1470d964811b791b839132a135b35409877b2e9c2a07d5bd7319f549e406	2	1	attachments-evidence	attachment-evidence	assets/xiaolincoding/图解系统/10｜Linux 命令篇-10.2 如何从日志分析 PV、UV？/img-012.png
D0345	87919e0e2e2f2b45f0b556d88518ac64d7f7ad9134f510d692ce3be4f398dfdc	2	1	rednote-bookmarks	attachment-evidence	小红书（RedNote）/。。。。。。。/媒体（Media）/6a7c3ed1000000002c003c80/image-3 (Multi Source Sync).jpg
D0345	87919e0e2e2f2b45f0b556d88518ac64d7f7ad9134f510d692ce3be4f398dfdc	2	1	rednote-bookmarks	attachment-evidence	小红书（RedNote）/。。。。。。。/媒体（Media）/6a7c3ed1000000002c003c80/image-3.jpg
D0346	880527a380e650700fd6253d19e84ae22718b8738be2f0242ada2f423857ea37	2	1	rednote-bookmarks	attachment-evidence	小红书（RedNote）/。。。。。。。/媒体（Media）/6a4e09ee00000000220161cd/image-1 (Multi Source Sync).jpg
D0346	880527a380e650700fd6253d19e84ae22718b8738be2f0242ada2f423857ea37	2	1	rednote-bookmarks	attachment-evidence	小红书（RedNote）/。。。。。。。/媒体（Media）/6a4e09ee00000000220161cd/image-1.jpg
D0347	881f590d38e017cba2ce3df9afde5683b939d951988c11146ffe96ca355dc06b	2	1	linux-vision	build-artifact	projects/linux视觉感知项目/源码/图像预处理（加速前+加速后）/Lime/build/CMakeFiles/lime.dir/compiler_depend.ts
D0347	881f590d38e017cba2ce3df9afde5683b939d951988c11146ffe96ca355dc06b	2	1	linux-vision	build-artifact	projects/linux视觉感知项目/源码/图像预处理（加速前+加速后）/Lime_NEON+OpenMP/build/CMakeFiles/lime.dir/compiler_depend.ts
D0348	882dfba8b6e8ac12b0ad644cd5fac84ab4975381c2ee53d7f3bfd02abb882d4d	2	1	attachments-evidence	attachment-evidence	assets/xiaolincoding/图解系统/11｜学习心得-11.1 操作系统怎么学？/img-002 3.png
D0348	882dfba8b6e8ac12b0ad644cd5fac84ab4975381c2ee53d7f3bfd02abb882d4d	2	1	attachments-evidence	attachment-evidence	assets/xiaolincoding/图解系统/11｜学习心得-11.1 操作系统怎么学？/img-002.png
D0349	884714a5328feb087cfc35cc69ebfbbd54de9f5b113f926b8d41dd8a835d749e	2	1	attachments-evidence	attachment-evidence	assets/xiaolincoding/图解系统/04｜内存管理篇-4.6 深入理解 Linux 虚拟内存管理/img-028.png
D0349	884714a5328feb087cfc35cc69ebfbbd54de9f5b113f926b8d41dd8a835d749e	2	1	attachments-evidence	attachment-evidence	assets/xiaolincoding/图解系统/04｜内存管理篇-4.6 深入理解 Linux 虚拟内存管理/img-035.png
D0350	88a1ee64c81dacdb08d9bc1c30e317f1a805060dbc49865d0b87a235ab29bf0a	2	1	attachments-evidence	attachment-evidence	assets/xiaolincoding/图解系统/04｜内存管理篇-4.2 malloc 是如何分配内存的？/img-002 2.jpg
D0350	88a1ee64c81dacdb08d9bc1c30e317f1a805060dbc49865d0b87a235ab29bf0a	2	1	attachments-evidence	attachment-evidence	assets/xiaolincoding/图解系统/04｜内存管理篇-4.2 malloc 是如何分配内存的？/img-002.jpg
D0351	88b5303daefe6b5f37dae490f94a55e6d858ccb30b5749fcdd5c9fdce1805586	2	1	attachments-evidence	attachment-evidence	assets/xiaolincoding/图解系统/11｜学习心得-11.2 画图经验分享/img-004 3.png
D0351	88b5303daefe6b5f37dae490f94a55e6d858ccb30b5749fcdd5c9fdce1805586	2	1	attachments-evidence	attachment-evidence	assets/xiaolincoding/图解系统/11｜学习心得-11.2 画图经验分享/img-004.png
D0352	8a82aa6fb49510861a70d5b2b5c0e78cbb6fb8c5a087647b3778b6df9356b378	2	1	linux-vision	code-or-config	projects/linux视觉感知项目/源码/上位机程序/Lane_Detection/LSTR/include/onnxruntime/core/common/inlined_containers_fwd.h
D0352	8a82aa6fb49510861a70d5b2b5c0e78cbb6fb8c5a087647b3778b6df9356b378	2	1	linux-vision	code-or-config	projects/linux视觉感知项目/源码/卷积神经网络/卷积神经网络/LSTR_ONNX/include/onnxruntime/core/common/inlined_containers_fwd.h
D0353	8b81fc3b15b8f7bb103179a1ce80f5e33cec001dedacff3c900ceb10b2eda738	2	1	attachments-evidence	attachment-evidence	assets/xiaolincoding/图解系统/04｜内存管理篇-4.2 malloc 是如何分配内存的？/img-013 2.png
D0353	8b81fc3b15b8f7bb103179a1ce80f5e33cec001dedacff3c900ceb10b2eda738	2	1	attachments-evidence	attachment-evidence	assets/xiaolincoding/图解系统/04｜内存管理篇-4.2 malloc 是如何分配内存的？/img-013.png
D0354	8b97ce6480aee8a7c6720e6a4c0eb33cf8779aee6db113e518aba6db9872f029	2	1	attachments-evidence	attachment-evidence	assets/xiaolincoding/图解系统/11｜学习心得-11.1 操作系统怎么学？/img-005 3.jpg
D0354	8b97ce6480aee8a7c6720e6a4c0eb33cf8779aee6db113e518aba6db9872f029	2	1	attachments-evidence	attachment-evidence	assets/xiaolincoding/图解系统/11｜学习心得-11.1 操作系统怎么学？/img-005.jpg
D0355	8c36253024787ccb83b7e72b87d36a5ec5f107277cb0dbc9755e016015ea2930	2	1	attachments-evidence	attachment-evidence	assets/图解网络-小林coding/21-challenge_ack/img-013.png
D0355	8c36253024787ccb83b7e72b87d36a5ec5f107277cb0dbc9755e016015ea2930	2	1	attachments-evidence	attachment-evidence	assets/图解网络-小林coding/21-challenge_ack/img-015.png
D0356	8d2402f5df33f976854166db7fda922af76a2dfd1125fb491c36141f8466d9d1	2	2	attachments-evidence	attachment-evidence	assets/rtos/isr-task-handoff_animated.svg
D0356	8d2402f5df33f976854166db7fda922af76a2dfd1125fb491c36141f8466d9d1	2	2	rtos-project	attachment-evidence	projects/RTOS项目/源码/assets/isr-task-handoff_animated.svg
D0357	8ddfffdd7c4ef7bcc7f2aade145666596b48cfa3b325227d33cf4adcee735989	2	1	attachments-evidence	attachment-evidence	assets/xiaolincoding/图解系统/02｜硬件结构篇-2.7 为什么 0.1 + 0.2 不等于 0.3 ？/img-010 2.png
D0357	8ddfffdd7c4ef7bcc7f2aade145666596b48cfa3b325227d33cf4adcee735989	2	1	attachments-evidence	attachment-evidence	assets/xiaolincoding/图解系统/02｜硬件结构篇-2.7 为什么 0.1 + 0.2 不等于 0.3 ？/img-010.png
D0358	8e17add715e5be055e7db6018cee8171338a622072ec6f88cff1687481b21019	2	1	attachments-evidence	attachment-evidence	assets/xiaolincoding/图解系统/08｜设备管理篇-8.1 键盘敲入 A 字母时，操作系统期间发生了什么？/img-005 3.png
D0358	8e17add715e5be055e7db6018cee8171338a622072ec6f88cff1687481b21019	2	1	attachments-evidence	attachment-evidence	assets/xiaolincoding/图解系统/08｜设备管理篇-8.1 键盘敲入 A 字母时，操作系统期间发生了什么？/img-005.png
D0359	8e1bd350f821d76e4b2a22f9ec5d9cd142a4499eec805ab5c75b629f939eae55	2	1	attachments-evidence	attachment-evidence	assets/xiaolincoding/图解系统/02｜硬件结构篇-2.5 CPU 是如何执行任务的？/img-026 2.png
D0359	8e1bd350f821d76e4b2a22f9ec5d9cd142a4499eec805ab5c75b629f939eae55	2	1	attachments-evidence	attachment-evidence	assets/xiaolincoding/图解系统/02｜硬件结构篇-2.5 CPU 是如何执行任务的？/img-026.png
D0360	8edb89ae72dd211113b0fe929f44a9932fd413e9a67d4c47a9f9165ddd714154	2	1	attachments-evidence	attachment-evidence	assets/xiaolincoding/图解系统/04｜内存管理篇-4.2 malloc 是如何分配内存的？/img-008 2.png
D0360	8edb89ae72dd211113b0fe929f44a9932fd413e9a67d4c47a9f9165ddd714154	2	1	attachments-evidence	attachment-evidence	assets/xiaolincoding/图解系统/04｜内存管理篇-4.2 malloc 是如何分配内存的？/img-008.png
D0361	8f513c16ca53ca2cf07d07738436268dfc16817ac8ef78cfb5765c87dca59220	2	1	attachments-evidence	attachment-evidence	assets/xiaolincoding/图解系统/02｜硬件结构篇-2.5 CPU 是如何执行任务的？/img-023 2.png
D0361	8f513c16ca53ca2cf07d07738436268dfc16817ac8ef78cfb5765c87dca59220	2	1	attachments-evidence	attachment-evidence	assets/xiaolincoding/图解系统/02｜硬件结构篇-2.5 CPU 是如何执行任务的？/img-023.png
D0362	8ff5c6a48ece89f1b1699e7effa03f066e04242b584d4993b4ca4e87bb37fd99	2	1	attachments-evidence	attachment-evidence	assets/xiaolincoding/图解系统/04｜内存管理篇-4.4 在 4GB 物理内存的机器上，申请 8G 内存会怎么样？/img-013 2.png
D0362	8ff5c6a48ece89f1b1699e7effa03f066e04242b584d4993b4ca4e87bb37fd99	2	1	attachments-evidence	attachment-evidence	assets/xiaolincoding/图解系统/04｜内存管理篇-4.4 在 4GB 物理内存的机器上，申请 8G 内存会怎么样？/img-013.png
D0363	908c9f005f56eefa0be31f98ab35eada19279c84ae714547f0a314cf1ed0b974	2	1	attachments-evidence	attachment-evidence	assets/xiaolincoding/图解系统/04｜内存管理篇-4.1 为什么要有虚拟内存？/img-003 2.png
D0363	908c9f005f56eefa0be31f98ab35eada19279c84ae714547f0a314cf1ed0b974	2	1	attachments-evidence	attachment-evidence	assets/xiaolincoding/图解系统/04｜内存管理篇-4.1 为什么要有虚拟内存？/img-003.png
D0364	90c1156be024a19f6a0c9750303a791ec96e110a7f824db375c70185acfb4996	2	1	attachments-evidence	attachment-evidence	assets/xiaolincoding/图解系统/02｜硬件结构篇-2.1 CPU 是如何执行程序的？/img-011 2.png
D0364	90c1156be024a19f6a0c9750303a791ec96e110a7f824db375c70185acfb4996	2	1	attachments-evidence	attachment-evidence	assets/xiaolincoding/图解系统/02｜硬件结构篇-2.1 CPU 是如何执行程序的？/img-011.png
D0365	9175f7e5fd4074f1bba4a1114fb1919c506746a37e90a702ec82cc4ec7cb14b4	2	1	rednote-bookmarks	attachment-evidence	小红书（RedNote）/。。。。。。。/媒体（Media）/6a75bc5b00000000220331cd/image-1 (Multi Source Sync).jpg
D0365	9175f7e5fd4074f1bba4a1114fb1919c506746a37e90a702ec82cc4ec7cb14b4	2	1	rednote-bookmarks	attachment-evidence	小红书（RedNote）/。。。。。。。/媒体（Media）/6a75bc5b00000000220331cd/image-1.jpg
D0366	91849b613cc5187b848c4a5a5120e3e6995accbd94fa7f872c7362faa93d68f4	2	1	rednote-bookmarks	attachment-evidence	小红书（RedNote）/。。。。。。。/媒体（Media）/6a7b4c7d00000000280332c1/image-6 (Multi Source Sync).jpg
D0366	91849b613cc5187b848c4a5a5120e3e6995accbd94fa7f872c7362faa93d68f4	2	1	rednote-bookmarks	attachment-evidence	小红书（RedNote）/。。。。。。。/媒体（Media）/6a7b4c7d00000000280332c1/image-6.jpg
D0367	91d48135aa8e729034c7af13c2f755c6717b5cc54616bf42db02d630ec7576b9	2	1	rednote-bookmarks	attachment-evidence	小红书（RedNote）/。。。。。。。/媒体（Media）/6a687827000000001302edcc/image-2 (Multi Source Sync).jpg
D0367	91d48135aa8e729034c7af13c2f755c6717b5cc54616bf42db02d630ec7576b9	2	1	rednote-bookmarks	attachment-evidence	小红书（RedNote）/。。。。。。。/媒体（Media）/6a687827000000001302edcc/image-2.jpg
D0368	9258abaacc6b63d4e7ee87b0ccd9a2a86871e5c59d748fe55e6e749f76979361	2	1	attachments-evidence	attachment-evidence	assets/图解网络-小林coding/04-http_interview/img-040.png
D0368	9258abaacc6b63d4e7ee87b0ccd9a2a86871e5c59d748fe55e6e749f76979361	2	1	attachments-evidence	attachment-evidence	assets/图解网络-小林coding/09-http2/img-010.png
D0369	93236b01edfabd84751111b637d9cf4dd9ee54b99413eb350636fae35e19c3a5	2	1	linux-vision	code-or-config	projects/linux视觉感知项目/源码/上位机程序/Lane_Detection/LSTR/include/onnxruntime/core/graph/schema_registry.h
D0369	93236b01edfabd84751111b637d9cf4dd9ee54b99413eb350636fae35e19c3a5	2	1	linux-vision	code-or-config	projects/linux视觉感知项目/源码/卷积神经网络/卷积神经网络/LSTR_ONNX/include/onnxruntime/core/graph/schema_registry.h
D0370	93c3a6a000fbb6b85745f6ba5a6e9280599e59681d92723e270cfcb2d5f375e6	2	1	attachments-evidence	attachment-evidence	assets/xiaolincoding/图解系统/10｜Linux 命令篇-10.1 如何查看网络的性能指标？/img-007 3.png
D0370	93c3a6a000fbb6b85745f6ba5a6e9280599e59681d92723e270cfcb2d5f375e6	2	1	attachments-evidence	attachment-evidence	assets/xiaolincoding/图解系统/10｜Linux 命令篇-10.1 如何查看网络的性能指标？/img-007.png
D0371	93e0cd84afeb0a952f7da86837dfca7b21a7080ed4fa150a2fd6bed509e5a48c	2	1	linux-vision	code-or-config	projects/linux视觉感知项目/源码/上位机程序/Lane_Detection/LSTR/include/onnxruntime/core/eager/ort_kernel_invoker.h
D0371	93e0cd84afeb0a952f7da86837dfca7b21a7080ed4fa150a2fd6bed509e5a48c	2	1	linux-vision	code-or-config	projects/linux视觉感知项目/源码/卷积神经网络/卷积神经网络/LSTR_ONNX/include/onnxruntime/core/eager/ort_kernel_invoker.h
D0372	93ebfc9b36a3dbb52ecc9bf0207a460c9cb81b0987cb40d751be0a2bff70a456	2	1	linux-vision	code-or-config	projects/linux视觉感知项目/源码/上位机程序/Lane_Detection/LSTR/include/onnxruntime/core/common/logging/isink.h
D0372	93ebfc9b36a3dbb52ecc9bf0207a460c9cb81b0987cb40d751be0a2bff70a456	2	1	linux-vision	code-or-config	projects/linux视觉感知项目/源码/卷积神经网络/卷积神经网络/LSTR_ONNX/include/onnxruntime/core/common/logging/isink.h
D0373	94747cda619fdcc650adbb0f5eb0cbbd20b06efae26b7f52f3f6e53a1b0c8263	2	1	linux-vision	attachment-evidence	projects/linux视觉感知项目/源码/图像预处理（加速前+加速后）/Lime/data/R7.bmp
D0373	94747cda619fdcc650adbb0f5eb0cbbd20b06efae26b7f52f3f6e53a1b0c8263	2	1	linux-vision	attachment-evidence	projects/linux视觉感知项目/源码/图像预处理（加速前+加速后）/Lime_NEON+OpenMP/data/R7.bmp
D0374	94b31e8258870a3e7bdaa780c4536445bc8d53199224d452c2bbae164ad5560d	2	1	attachments-evidence	attachment-evidence	assets/xiaolincoding/图解系统/02｜硬件结构篇-2.1 CPU 是如何执行程序的？/img-010 2.png
D0374	94b31e8258870a3e7bdaa780c4536445bc8d53199224d452c2bbae164ad5560d	2	1	attachments-evidence	attachment-evidence	assets/xiaolincoding/图解系统/02｜硬件结构篇-2.1 CPU 是如何执行程序的？/img-010.png
D0375	94d27a16c6316c277024b0efd2c1b8cc7515486121a27f4964f130a80528edf1	2	1	rednote-bookmarks	attachment-evidence	小红书（RedNote）/。。。。。。。/媒体（Media）/6a51082800000000060207a3/image-1 (Multi Source Sync).jpg
D0375	94d27a16c6316c277024b0efd2c1b8cc7515486121a27f4964f130a80528edf1	2	1	rednote-bookmarks	attachment-evidence	小红书（RedNote）/。。。。。。。/媒体（Media）/6a51082800000000060207a3/image-1.jpg
D0376	957a523e41cdaf68326f258a9a21d2c4a9799d421b250eccbaec6153f739f320	2	1	attachments-evidence	attachment-evidence	assets/xiaolincoding/图解系统/10｜Linux 命令篇-10.1 如何查看网络的性能指标？/img-006 3.png
D0376	957a523e41cdaf68326f258a9a21d2c4a9799d421b250eccbaec6153f739f320	2	1	attachments-evidence	attachment-evidence	assets/xiaolincoding/图解系统/10｜Linux 命令篇-10.1 如何查看网络的性能指标？/img-006.png
D0377	958398c9d26b8dd0b1bd5cde0089697f7d428039e465c6b9e8c8d5b83651a037	2	1	attachments-evidence	attachment-evidence	assets/xiaolincoding/图解系统/02｜硬件结构篇-2.4 CPU 缓存一致性/img-009 2.png
D0377	958398c9d26b8dd0b1bd5cde0089697f7d428039e465c6b9e8c8d5b83651a037	2	1	attachments-evidence	attachment-evidence	assets/xiaolincoding/图解系统/02｜硬件结构篇-2.4 CPU 缓存一致性/img-009.png
D0378	960a666c18a017846c3c7e4b0fa38bd71fe92c7b5f7caa6566796ef455da4edb	2	1	linux-vision	code-or-config	projects/linux视觉感知项目/源码/上位机程序/Lane_Detection/LSTR/include/onnxruntime/core/providers/openvino/openvino_provider_factory.h
D0378	960a666c18a017846c3c7e4b0fa38bd71fe92c7b5f7caa6566796ef455da4edb	2	1	linux-vision	code-or-config	projects/linux视觉感知项目/源码/卷积神经网络/卷积神经网络/LSTR_ONNX/include/onnxruntime/core/providers/openvino/openvino_provider_factory.h
D0379	96792c3d84d60ce1caf971269122ff9db25d4cbfcef369e39e84cbc50bc8ac50	2	1	attachments-evidence	attachment-evidence	assets/xiaolincoding/图解系统/04｜内存管理篇-4.1 为什么要有虚拟内存？/img-008 2.png
D0379	96792c3d84d60ce1caf971269122ff9db25d4cbfcef369e39e84cbc50bc8ac50	2	1	attachments-evidence	attachment-evidence	assets/xiaolincoding/图解系统/04｜内存管理篇-4.1 为什么要有虚拟内存？/img-008.png
D0380	97811f717db29879c1a689040d6300571c977b338bdfb1fcd783a3f81eb21222	2	1	linux-vision	attachment-evidence	projects/linux视觉感知项目/源码/图像预处理（加速前+加速后）/Lime/data/13.jpeg
D0380	97811f717db29879c1a689040d6300571c977b338bdfb1fcd783a3f81eb21222	2	1	linux-vision	attachment-evidence	projects/linux视觉感知项目/源码/图像预处理（加速前+加速后）/Lime_NEON+OpenMP/data/13.jpeg
D0381	97e46e8004b4f7eb506d826edf685c251a8e0e269b01c8d5054da4b45d4f170a	2	1	attachments-evidence	attachment-evidence	assets/xiaolincoding/图解系统/08｜设备管理篇-8.1 键盘敲入 A 字母时，操作系统期间发生了什么？/img-007 3.png
D0381	97e46e8004b4f7eb506d826edf685c251a8e0e269b01c8d5054da4b45d4f170a	2	1	attachments-evidence	attachment-evidence	assets/xiaolincoding/图解系统/08｜设备管理篇-8.1 键盘敲入 A 字母时，操作系统期间发生了什么？/img-007.png
D0382	98bd37150e0af1b7592cba8e87baae9cf707ed2f815d5a3a4601ff321eea94af	2	1	rednote-bookmarks	attachment-evidence	小红书（RedNote）/。。。。。。。/媒体（Media）/6a6aed5c000000000f033ed4/image-7 (Multi Source Sync).jpg
D0382	98bd37150e0af1b7592cba8e87baae9cf707ed2f815d5a3a4601ff321eea94af	2	1	rednote-bookmarks	attachment-evidence	小红书（RedNote）/。。。。。。。/媒体（Media）/6a6aed5c000000000f033ed4/image-7.jpg
D0383	98cc10b66af6a98c858af31086fec0fa19dd738e2aba6e160f9ed45b203ab799	2	1	attachments-evidence	attachment-evidence	assets/xiaolincoding/图解系统/02｜硬件结构篇-2.5 CPU 是如何执行任务的？/img-014 2.png
D0383	98cc10b66af6a98c858af31086fec0fa19dd738e2aba6e160f9ed45b203ab799	2	1	attachments-evidence	attachment-evidence	assets/xiaolincoding/图解系统/02｜硬件结构篇-2.5 CPU 是如何执行任务的？/img-014.png
D0384	98e0ce46d552ded85da578d4132ff20f397a862f796119a498abfd23666b4f28	2	1	linux-vision	code-or-config	projects/linux视觉感知项目/源码/上位机程序/Lane_Detection/LSTR/include/onnxruntime/core/optimizer/graph_transformer_level.h
D0384	98e0ce46d552ded85da578d4132ff20f397a862f796119a498abfd23666b4f28	2	1	linux-vision	code-or-config	projects/linux视觉感知项目/源码/卷积神经网络/卷积神经网络/LSTR_ONNX/include/onnxruntime/core/optimizer/graph_transformer_level.h
D0385	98fc6af5ecdd067963795b1f9f1b7b51ef3b7f5a4f415161eb40a795269ae072	2	1	attachments-evidence	attachment-evidence	assets/xiaolincoding/图解系统/02｜硬件结构篇-2.4 CPU 缓存一致性/img-008 2.png
D0385	98fc6af5ecdd067963795b1f9f1b7b51ef3b7f5a4f415161eb40a795269ae072	2	1	attachments-evidence	attachment-evidence	assets/xiaolincoding/图解系统/02｜硬件结构篇-2.4 CPU 缓存一致性/img-008.png
D0386	9936b2eec821fcaaee9816a50e26b1e4379626b75cba135e6209f9aba4ee4379	2	1	attachments-evidence	attachment-evidence	assets/xiaolincoding/图解系统/02｜硬件结构篇-2.4 CPU 缓存一致性/img-011 2.png
D0386	9936b2eec821fcaaee9816a50e26b1e4379626b75cba135e6209f9aba4ee4379	2	1	attachments-evidence	attachment-evidence	assets/xiaolincoding/图解系统/02｜硬件结构篇-2.4 CPU 缓存一致性/img-011.png
D0387	99a496ae4643306618a42b7b55203ac482dc1d7c6823b72345cda2eb67707daf	2	1	attachments-evidence	attachment-evidence	assets/图解网络-小林coding/14-tcp_feature/img-018.jpg
D0387	99a496ae4643306618a42b7b55203ac482dc1d7c6823b72345cda2eb67707daf	2	1	attachments-evidence	attachment-evidence	assets/图解网络-小林coding/30-quic/img-011.jpg
D0388	9ac5a1b4f781f9f87d3c9d07fe5df53aa8a1a17790441e03cec859c6071e093e	2	1	attachments-evidence	attachment-evidence	assets/xiaolincoding/图解系统/09｜网络系统篇-9.3 高性能网络模式：Reactor 和 Proactor/img-003 3.png
D0388	9ac5a1b4f781f9f87d3c9d07fe5df53aa8a1a17790441e03cec859c6071e093e	2	1	attachments-evidence	attachment-evidence	assets/xiaolincoding/图解系统/09｜网络系统篇-9.3 高性能网络模式：Reactor 和 Proactor/img-003.png
D0389	9b349f95ec853c943becadfe964bd26737c98a1ff9cf75e90ef35e74eaa8c633	2	1	rednote-bookmarks	attachment-evidence	小红书（RedNote）/。。。。。。。/媒体（Media）/6a6071c90000000009034e22/image-8 (Multi Source Sync).jpg
D0389	9b349f95ec853c943becadfe964bd26737c98a1ff9cf75e90ef35e74eaa8c633	2	1	rednote-bookmarks	attachment-evidence	小红书（RedNote）/。。。。。。。/媒体（Media）/6a6071c90000000009034e22/image-8.jpg
D0390	9b7b82ce275d8382764e09cd4e70476fd4a83073ed57fe9034c71c95fdfb1c00	2	1	rednote-bookmarks	attachment-evidence	小红书（RedNote）/。。。。。。。/媒体（Media）/68edc98f0000000007033e13/image-2 (Multi Source Sync).jpg
D0390	9b7b82ce275d8382764e09cd4e70476fd4a83073ed57fe9034c71c95fdfb1c00	2	1	rednote-bookmarks	attachment-evidence	小红书（RedNote）/。。。。。。。/媒体（Media）/68edc98f0000000007033e13/image-2.jpg
D0391	9c891cda10de6b567badb9b2a6968492ecccb7db328351c3e73c1d77a6781a77	2	1	linux-vision	code-or-config	projects/linux视觉感知项目/源码/上位机程序/Lane_Detection/LSTR/include/onnxruntime/core/framework/buffer_deleter.h
D0391	9c891cda10de6b567badb9b2a6968492ecccb7db328351c3e73c1d77a6781a77	2	1	linux-vision	code-or-config	projects/linux视觉感知项目/源码/卷积神经网络/卷积神经网络/LSTR_ONNX/include/onnxruntime/core/framework/buffer_deleter.h
D0392	9c895fd01c851c52e6c6812bf9dc3aa22c5b25b5d70af124c976fff1cf392009	2	1	rednote-bookmarks	attachment-evidence	小红书（RedNote）/。。。。。。。/媒体（Media）/68edc98f0000000007033e13/image-1 (Multi Source Sync).jpg
D0392	9c895fd01c851c52e6c6812bf9dc3aa22c5b25b5d70af124c976fff1cf392009	2	1	rednote-bookmarks	attachment-evidence	小红书（RedNote）/。。。。。。。/媒体（Media）/68edc98f0000000007033e13/image-1.jpg
D0393	9ccce4f3886aba82b697f477b02fbd0f91ddc2a29f0b042bad0499be0f29c5d6	2	1	linux-vision	code-or-config	projects/linux视觉感知项目/源码/上位机程序/Lane_Detection/LSTR/include/onnxruntime/core/optimizer/graph_transformer.h
D0393	9ccce4f3886aba82b697f477b02fbd0f91ddc2a29f0b042bad0499be0f29c5d6	2	1	linux-vision	code-or-config	projects/linux视觉感知项目/源码/卷积神经网络/卷积神经网络/LSTR_ONNX/include/onnxruntime/core/optimizer/graph_transformer.h
D0394	9d81a4b299ec562218d85368caace506946703c794171ed98dea12205d7fd269	2	1	linux-vision	code-or-config	projects/linux视觉感知项目/源码/上位机程序/Lane_Detection/LSTR/include/onnxruntime/core/optimizer/rule_based_graph_transformer.h
D0394	9d81a4b299ec562218d85368caace506946703c794171ed98dea12205d7fd269	2	1	linux-vision	code-or-config	projects/linux视觉感知项目/源码/卷积神经网络/卷积神经网络/LSTR_ONNX/include/onnxruntime/core/optimizer/rule_based_graph_transformer.h
D0395	9e471b1b6991d7670d6461a6265f1667413c23e21f349f0f7427bc5f9920f0f6	2	1	rednote-bookmarks	attachment-evidence	小红书（RedNote）/。。。。。。。/媒体（Media）/6a7c3ed1000000002c003c80/image-7 (Multi Source Sync).jpg
D0395	9e471b1b6991d7670d6461a6265f1667413c23e21f349f0f7427bc5f9920f0f6	2	1	rednote-bookmarks	attachment-evidence	小红书（RedNote）/。。。。。。。/媒体（Media）/6a7c3ed1000000002c003c80/image-7.jpg
D0396	9e788216e1f6d8b7f5b96b435b0d4cd19e4a8766b8bb034e1126cacf8e79e2e4	2	1	rednote-bookmarks	attachment-evidence	小红书（RedNote）/。。。。。。。/媒体（Media）/6a6071c90000000009034e22/image-7 (Multi Source Sync).jpg
D0396	9e788216e1f6d8b7f5b96b435b0d4cd19e4a8766b8bb034e1126cacf8e79e2e4	2	1	rednote-bookmarks	attachment-evidence	小红书（RedNote）/。。。。。。。/媒体（Media）/6a6071c90000000009034e22/image-7.jpg
D0397	9f7d0f070a9f8566e0d7218c3428dc04854d917d053cd496093db52d1e9c4434	2	1	attachments-evidence	attachment-evidence	assets/图解网络-小林coding/13-tcp_interview/img-010.jpg
D0397	9f7d0f070a9f8566e0d7218c3428dc04854d917d053cd496093db52d1e9c4434	2	1	attachments-evidence	attachment-evidence	assets/图解网络-小林coding/31-port/img-004.jpg
D0398	9f978fcb359e08483f900b948db653bcb35cc11a85030015aea079f3cf30a38a	2	1	linux-vision	code-or-config	projects/linux视觉感知项目/源码/上位机程序/Lane_Detection/LSTR/include/onnxruntime/core/common/gsl.h
D0398	9f978fcb359e08483f900b948db653bcb35cc11a85030015aea079f3cf30a38a	2	1	linux-vision	code-or-config	projects/linux视觉感知项目/源码/卷积神经网络/卷积神经网络/LSTR_ONNX/include/onnxruntime/core/common/gsl.h
D0399	9fd634d39b9c49bec239a7e66adfa51d8e8490dca179ddba6da2c003220b1728	2	1	rednote-bookmarks	attachment-evidence	小红书（RedNote）/。。。。。。。/媒体（Media）/6a4e09ee00000000220161cd/image-2 (Multi Source Sync).jpg
D0399	9fd634d39b9c49bec239a7e66adfa51d8e8490dca179ddba6da2c003220b1728	2	1	rednote-bookmarks	attachment-evidence	小红书（RedNote）/。。。。。。。/媒体（Media）/6a4e09ee00000000220161cd/image-2.jpg
D0400	a14e2f0adf3eca6cbed206702ab45f9f2da7ecc0bfe83f0d14da9fb9fea3602f	2	1	attachments-evidence	attachment-evidence	assets/xiaolincoding/图解系统/04｜内存管理篇-4.1 为什么要有虚拟内存？/img-007 2.png
D0400	a14e2f0adf3eca6cbed206702ab45f9f2da7ecc0bfe83f0d14da9fb9fea3602f	2	1	attachments-evidence	attachment-evidence	assets/xiaolincoding/图解系统/04｜内存管理篇-4.1 为什么要有虚拟内存？/img-007.png
D0401	a214a32c172a368245aba6c9428f16113130138f0c33f964c23d86e42b2d2e3f	2	1	linux-vision	attachment-evidence	projects/linux视觉感知项目/源码/图像预处理（加速前+加速后）/Lime/data/2.bmp
D0401	a214a32c172a368245aba6c9428f16113130138f0c33f964c23d86e42b2d2e3f	2	1	linux-vision	attachment-evidence	projects/linux视觉感知项目/源码/图像预处理（加速前+加速后）/Lime_NEON+OpenMP/data/2.bmp
D0402	a2a5f10670163b6fb8f294213712b78319459ec295cc4e36f351e6aca7039871	2	1	attachments-evidence	attachment-evidence	assets/xiaolincoding/图解系统/02｜硬件结构篇-2.5 CPU 是如何执行任务的？/img-011 2.png
D0402	a2a5f10670163b6fb8f294213712b78319459ec295cc4e36f351e6aca7039871	2	1	attachments-evidence	attachment-evidence	assets/xiaolincoding/图解系统/02｜硬件结构篇-2.5 CPU 是如何执行任务的？/img-011.png
D0403	a35bc6de47cf50b33e04b910c8e88e2ff94e006884449d9e27c7b57ee65684a7	2	1	linux-vision	code-or-config	projects/linux视觉感知项目/源码/上位机程序/Lane_Detection/LSTR/include/onnxruntime/core/common/narrow.h
D0403	a35bc6de47cf50b33e04b910c8e88e2ff94e006884449d9e27c7b57ee65684a7	2	1	linux-vision	code-or-config	projects/linux视觉感知项目/源码/卷积神经网络/卷积神经网络/LSTR_ONNX/include/onnxruntime/core/common/narrow.h
D0404	a36f5368c53ff01e7e8f3bdcdac4934a8cb96d20d8f0d47a3830c3e53be6cdae	2	1	linux-vision	attachment-evidence	projects/linux视觉感知项目/源码/上位机程序/Lane_Detection/LSTR/lstr_360x640.onnx
D0404	a36f5368c53ff01e7e8f3bdcdac4934a8cb96d20d8f0d47a3830c3e53be6cdae	2	1	linux-vision	attachment-evidence	projects/linux视觉感知项目/源码/卷积神经网络/卷积神经网络/LSTR_ONNX/lstr_360x640.onnx
D0405	a3aa42310d663bd88da73e686e173c1d6c3a30538d54dc3c5ca112dd70816050	2	1	linux-vision	code-or-config	projects/linux视觉感知项目/源码/上位机程序/Lane_Detection/LSTR/include/onnxruntime/core/framework/kernel_def_builder.h
D0405	a3aa42310d663bd88da73e686e173c1d6c3a30538d54dc3c5ca112dd70816050	2	1	linux-vision	code-or-config	projects/linux视觉感知项目/源码/卷积神经网络/卷积神经网络/LSTR_ONNX/include/onnxruntime/core/framework/kernel_def_builder.h
D0406	a3db7d880eec1a0b5430c6c501ca8f172c48aad6fa50459176f5689c06390357	2	1	rednote-bookmarks	attachment-evidence	小红书（RedNote）/。。。。。。。/媒体（Media）/6a647106000000000101e9cf/image-6 (Multi Source Sync).jpg
D0406	a3db7d880eec1a0b5430c6c501ca8f172c48aad6fa50459176f5689c06390357	2	1	rednote-bookmarks	attachment-evidence	小红书（RedNote）/。。。。。。。/媒体（Media）/6a647106000000000101e9cf/image-6.jpg
D0407	a468dd2565c8a5cfe54d9061d178feabb19fc5641ab1d164331a278ba25f6fd3	2	1	linux-vision	code-or-config	projects/linux视觉感知项目/源码/上位机程序/Lane_Detection/LSTR/include/onnxruntime/core/common/gpu_profiler_common.h
D0407	a468dd2565c8a5cfe54d9061d178feabb19fc5641ab1d164331a278ba25f6fd3	2	1	linux-vision	code-or-config	projects/linux视觉感知项目/源码/卷积神经网络/卷积神经网络/LSTR_ONNX/include/onnxruntime/core/common/gpu_profiler_common.h
D0408	a47bda97c0ed1de32117080c58d218c538a8169fb6589909bdbd5f44322cc5bf	2	1	attachments-evidence	attachment-evidence	assets/xiaolincoding/图解系统/11｜学习心得-11.2 画图经验分享/img-014 3.png
D0408	a47bda97c0ed1de32117080c58d218c538a8169fb6589909bdbd5f44322cc5bf	2	1	attachments-evidence	attachment-evidence	assets/xiaolincoding/图解系统/11｜学习心得-11.2 画图经验分享/img-014.png
D0409	a4e62520e51ad86767e85fe2714bac8299e773af018da771996dcf65caea7f25	2	1	rednote-bookmarks	attachment-evidence	小红书（RedNote）/。。。。。。。/媒体（Media）/6a7b4c7d00000000280332c1/image-8 (Multi Source Sync).jpg
D0409	a4e62520e51ad86767e85fe2714bac8299e773af018da771996dcf65caea7f25	2	1	rednote-bookmarks	attachment-evidence	小红书（RedNote）/。。。。。。。/媒体（Media）/6a7b4c7d00000000280332c1/image-8.jpg
D0410	a55690103d02d8179059c2a5977c00d1a441baa13aa3ea625843f5df00136303	2	1	linux-vision	code-or-config	projects/linux视觉感知项目/源码/上位机程序/Lane_Detection/LSTR/include/onnxruntime/core/common/hash_combine.h
D0410	a55690103d02d8179059c2a5977c00d1a441baa13aa3ea625843f5df00136303	2	1	linux-vision	code-or-config	projects/linux视觉感知项目/源码/卷积神经网络/卷积神经网络/LSTR_ONNX/include/onnxruntime/core/common/hash_combine.h
D0411	a645cbf825aced8382e7e8029985c2a56fdcbdeff0fd623d7b7b3c6bbfffbf24	2	1	linux-vision	attachment-evidence	projects/linux视觉感知项目/源码/上位机程序/Lane_Detection/test/5.jpg
D0411	a645cbf825aced8382e7e8029985c2a56fdcbdeff0fd623d7b7b3c6bbfffbf24	2	1	linux-vision	attachment-evidence	projects/linux视觉感知项目/源码/卷积神经网络/卷积神经网络/Unet_NCNN/test/5.jpg
D0412	a698745dd82d4a0a1936f2b9f3eada970ed3cc4cf04900660159ba41a1d7b190	2	1	attachments-evidence	attachment-evidence	assets/xiaolincoding/图解系统/02｜硬件结构篇-2.6 什么是软中断？/img-001 2.png
D0412	a698745dd82d4a0a1936f2b9f3eada970ed3cc4cf04900660159ba41a1d7b190	2	1	attachments-evidence	attachment-evidence	assets/xiaolincoding/图解系统/02｜硬件结构篇-2.6 什么是软中断？/img-001.png
D0413	a6b515303feae03b92ff69f5f9beb8979f36edefc60296330b7230f0f478d389	2	1	attachments-evidence	attachment-evidence	assets/xiaolincoding/图解系统/09｜网络系统篇-9.1 什么是零拷贝？/img-005 3.png
D0413	a6b515303feae03b92ff69f5f9beb8979f36edefc60296330b7230f0f478d389	2	1	attachments-evidence	attachment-evidence	assets/xiaolincoding/图解系统/09｜网络系统篇-9.1 什么是零拷贝？/img-005.png
D0414	a6c8a0cb71b794ef08cfcf3463b204f87e46879fad802b5acac6552ca3e94e72	2	1	linux-vision	code-or-config	projects/linux视觉感知项目/源码/上位机程序/Lane_Detection/LSTR/include/onnxruntime/core/framework/framework_common.h
D0414	a6c8a0cb71b794ef08cfcf3463b204f87e46879fad802b5acac6552ca3e94e72	2	1	linux-vision	code-or-config	projects/linux视觉感知项目/源码/卷积神经网络/卷积神经网络/LSTR_ONNX/include/onnxruntime/core/framework/framework_common.h
D0415	a75c54888926c1a6cb9af575ca9fe3f21d6b725091c5ed8b5f79f9144a13d5f7	2	1	attachments-evidence	attachment-evidence	assets/xiaolincoding/图解系统/04｜内存管理篇-4.1 为什么要有虚拟内存？/img-014 2.png
D0415	a75c54888926c1a6cb9af575ca9fe3f21d6b725091c5ed8b5f79f9144a13d5f7	2	1	attachments-evidence	attachment-evidence	assets/xiaolincoding/图解系统/04｜内存管理篇-4.1 为什么要有虚拟内存？/img-014.png
D0416	a77d4accdabf23e2efc50a987b5c13e189fa3fa6fa728b4d41896646268edcec	2	1	rednote-bookmarks	attachment-evidence	小红书（RedNote）/。。。。。。。/媒体（Media）/6a6071c90000000009034e22/image-4 (Multi Source Sync).jpg
D0416	a77d4accdabf23e2efc50a987b5c13e189fa3fa6fa728b4d41896646268edcec	2	1	rednote-bookmarks	attachment-evidence	小红书（RedNote）/。。。。。。。/媒体（Media）/6a6071c90000000009034e22/image-4.jpg
D0417	a8c85d592447a76eea35df25af2d2befcc51db21b5a81bf8379eee270795af2c	2	1	attachments-evidence	attachment-evidence	assets/xiaolincoding/图解系统/09｜网络系统篇-9.3 高性能网络模式：Reactor 和 Proactor/img-005 3.png
D0417	a8c85d592447a76eea35df25af2d2befcc51db21b5a81bf8379eee270795af2c	2	1	attachments-evidence	attachment-evidence	assets/xiaolincoding/图解系统/09｜网络系统篇-9.3 高性能网络模式：Reactor 和 Proactor/img-005.png
D0418	a8e11ad9fb8bee0243f9bc58d53aeb8123f4e70f959a4aaf51cf14574f2c5c2b	2	1	rednote-bookmarks	attachment-evidence	小红书（RedNote）/。。。。。。。/媒体（Media）/6a687827000000001302edcc/image-3 (Multi Source Sync).jpg
D0418	a8e11ad9fb8bee0243f9bc58d53aeb8123f4e70f959a4aaf51cf14574f2c5c2b	2	1	rednote-bookmarks	attachment-evidence	小红书（RedNote）/。。。。。。。/媒体（Media）/6a687827000000001302edcc/image-3.jpg
D0419	aa2e38c87f83e7b852ff45bd980e7a6e036a8bb625891ec2310abb906eacbee5	2	1	linux-vision	code-or-config	projects/linux视觉感知项目/源码/上位机程序/Lane_Detection/LSTR/include/onnxruntime/core/framework/alloc_kind.h
D0419	aa2e38c87f83e7b852ff45bd980e7a6e036a8bb625891ec2310abb906eacbee5	2	1	linux-vision	code-or-config	projects/linux视觉感知项目/源码/卷积神经网络/卷积神经网络/LSTR_ONNX/include/onnxruntime/core/framework/alloc_kind.h
D0420	ab1e669d8f7989e4ec80db25fc6189e46704dd0b992409a45ae1be14083364da	2	2	attachments-evidence	attachment-evidence	assets/linux-memory/Linux物理内存碎片高频面试题/fragmentation-index-logic_animated.svg
D0420	ab1e669d8f7989e4ec80db25fc6189e46704dd0b992409a45ae1be14083364da	2	2	linux-memory-ebpf	attachment-evidence	projects/Linux物理内存检测项目/源码/assets/interview-svg/fragmentation-index-logic_animated.svg
D0421	aba9d41d84682073a4fdfc90fcc4be8b12345e4cb83eb8ea12f094fb8fe956e2	2	1	attachments-evidence	attachment-evidence	assets/图解网络-小林coding/15-tcp_tcpdump/img-043.png
D0421	aba9d41d84682073a4fdfc90fcc4be8b12345e4cb83eb8ea12f094fb8fe956e2	2	1	attachments-evidence	attachment-evidence	assets/图解网络-小林coding/29-tcp_problem/img-002.png
D0422	abd3d0e649eeff83dab7be9a3ee74b7367aad9173de5f7b76be170a588a0091c	2	1	linux-vision	attachment-evidence	projects/linux视觉感知项目/源码/上位机程序/Lane_Detection/test/7.jpg
D0422	abd3d0e649eeff83dab7be9a3ee74b7367aad9173de5f7b76be170a588a0091c	2	1	linux-vision	attachment-evidence	projects/linux视觉感知项目/源码/卷积神经网络/卷积神经网络/Unet_NCNN/test/7.jpg
D0423	ac5fd17778d3f636f599eafe2cc4047107c975e258a688607a7928a809e9d6fc	2	1	attachments-evidence	attachment-evidence	assets/xiaolincoding/图解系统/02｜硬件结构篇-2.5 CPU 是如何执行任务的？/img-013 2.png
D0423	ac5fd17778d3f636f599eafe2cc4047107c975e258a688607a7928a809e9d6fc	2	1	attachments-evidence	attachment-evidence	assets/xiaolincoding/图解系统/02｜硬件结构篇-2.5 CPU 是如何执行任务的？/img-013.png
D0424	acb14c7ac72781c34dcaedfedbacc9e257517305a48241976f8e0ace1a7db5a8	2	1	attachments-evidence	attachment-evidence	assets/xiaolincoding/图解系统/02｜硬件结构篇-2.2 磁盘比内存慢几万倍？/img-002 2.png
D0424	acb14c7ac72781c34dcaedfedbacc9e257517305a48241976f8e0ace1a7db5a8	2	1	attachments-evidence	attachment-evidence	assets/xiaolincoding/图解系统/02｜硬件结构篇-2.2 磁盘比内存慢几万倍？/img-002.png
D0425	acd940057f293138e9b3d60540761194e71cc62877be8d283e5a795317510057	2	1	linux-vision	code-or-config	projects/linux视觉感知项目/源码/上位机程序/Lane_Detection/LSTR/include/onnxruntime/core/providers/winml/winml_provider_factory.h
D0425	acd940057f293138e9b3d60540761194e71cc62877be8d283e5a795317510057	2	1	linux-vision	code-or-config	projects/linux视觉感知项目/源码/卷积神经网络/卷积神经网络/LSTR_ONNX/include/onnxruntime/core/providers/winml/winml_provider_factory.h
D0426	acdef17b85c032d46e08c8ba3ad5d3064859adeca2a0fa9ee773ddde5721d731	2	1	linux-vision	code-or-config	projects/linux视觉感知项目/源码/上位机程序/Lane_Detection/LSTR/include/onnxruntime/core/common/string_helper.h
D0426	acdef17b85c032d46e08c8ba3ad5d3064859adeca2a0fa9ee773ddde5721d731	2	1	linux-vision	code-or-config	projects/linux视觉感知项目/源码/卷积神经网络/卷积神经网络/LSTR_ONNX/include/onnxruntime/core/common/string_helper.h
D0427	acebde036de1e4d983284edab6ae9e655b8cd3d73f27b7a982dc3646d2f45f14	2	1	linux-vision	code-or-config	projects/linux视觉感知项目/源码/上位机程序/Lane_Detection/LSTR/include/onnxruntime/core/graph/constants.h
D0427	acebde036de1e4d983284edab6ae9e655b8cd3d73f27b7a982dc3646d2f45f14	2	1	linux-vision	code-or-config	projects/linux视觉感知项目/源码/卷积神经网络/卷积神经网络/LSTR_ONNX/include/onnxruntime/core/graph/constants.h
D0428	ade3068dc644fffe8b37cfa040007fe61ae6e5c8ff6b44f7e6db34d7a2b0f246	2	1	linux-vision	attachment-evidence	projects/linux视觉感知项目/源码/图像预处理（加速前+加速后）/Lime/data/6.bmp
D0428	ade3068dc644fffe8b37cfa040007fe61ae6e5c8ff6b44f7e6db34d7a2b0f246	2	1	linux-vision	attachment-evidence	projects/linux视觉感知项目/源码/图像预处理（加速前+加速后）/Lime_NEON+OpenMP/data/6.bmp
D0429	ae04818db4965c799f7949c81f1e8b5b3eb48f015308eecf2013001b20f75463	2	1	attachments-evidence	attachment-evidence	assets/xiaolincoding/图解系统/02｜硬件结构篇-2.3 如何写出让 CPU 跑得更快的代码？/img-011 2.png
D0429	ae04818db4965c799f7949c81f1e8b5b3eb48f015308eecf2013001b20f75463	2	1	attachments-evidence	attachment-evidence	assets/xiaolincoding/图解系统/02｜硬件结构篇-2.3 如何写出让 CPU 跑得更快的代码？/img-011.png
D0430	ae81c7611720f1d01a757a0ca354ba5c2e456838a87a64315d3c5cb4a715cbd4	2	1	attachments-evidence	attachment-evidence	assets/xiaolincoding/图解系统/04｜内存管理篇-4.1 为什么要有虚拟内存？/img-006 2.png
D0430	ae81c7611720f1d01a757a0ca354ba5c2e456838a87a64315d3c5cb4a715cbd4	2	1	attachments-evidence	attachment-evidence	assets/xiaolincoding/图解系统/04｜内存管理篇-4.1 为什么要有虚拟内存？/img-006.png
D0431	aed1cc89e909b27c8e84f6b14677caf6bac933d6ba32e2f45a553e3698907dca	2	1	attachments-evidence	attachment-evidence	assets/图解网络-小林coding/13-tcp_interview/img-040.png
D0431	aed1cc89e909b27c8e84f6b14677caf6bac933d6ba32e2f45a553e3698907dca	2	1	attachments-evidence	attachment-evidence	assets/图解网络-小林coding/17-tcp_optimize/img-032.png
D0432	afe817a9fbfc1a2978259207490462744a80a14f7d21254d6c8aee3ca025ad23	2	1	attachments-evidence	attachment-evidence	assets/embedded-interview/一文吃透Linux Socket网络编程：TCP-IP、API详解与高并发架构/img-019.png
D0432	afe817a9fbfc1a2978259207490462744a80a14f7d21254d6c8aee3ca025ad23	2	1	attachments-evidence	attachment-evidence	assets/embedded-interview/一文吃透Linux Socket网络编程：TCP-IP、API详解与高并发架构/img-020.png
D0433	b0a2565c7fb142e56d5eef3f44291e82b14536e3c48df9f7a8b8df92a2745dd1	2	1	attachments-evidence	attachment-evidence	assets/xiaolincoding/图解系统/02｜硬件结构篇-2.6 什么是软中断？/img-006 2.png
D0433	b0a2565c7fb142e56d5eef3f44291e82b14536e3c48df9f7a8b8df92a2745dd1	2	1	attachments-evidence	attachment-evidence	assets/xiaolincoding/图解系统/02｜硬件结构篇-2.6 什么是软中断？/img-006.png
D0434	b12990cf82029675f4f9923a8177de4d5efb64607cc25f026347b2dc127cd2f8	2	1	attachments-evidence	attachment-evidence	assets/xiaolincoding/图解系统/02｜硬件结构篇-2.5 CPU 是如何执行任务的？/img-012 2.png
D0434	b12990cf82029675f4f9923a8177de4d5efb64607cc25f026347b2dc127cd2f8	2	1	attachments-evidence	attachment-evidence	assets/xiaolincoding/图解系统/02｜硬件结构篇-2.5 CPU 是如何执行任务的？/img-012.png
D0435	b15c34902862667c85e8ea7308d795cf39cd70258347c0ce67e171f6d39a050c	2	1	linux-vision	code-or-config	projects/linux视觉感知项目/源码/上位机程序/Lane_Detection/LSTR/include/onnxruntime/core/graph/node_arg.h
D0435	b15c34902862667c85e8ea7308d795cf39cd70258347c0ce67e171f6d39a050c	2	1	linux-vision	code-or-config	projects/linux视觉感知项目/源码/卷积神经网络/卷积神经网络/LSTR_ONNX/include/onnxruntime/core/graph/node_arg.h
D0436	b25a487d2cf9a6efa0b676660e1f30a00a476d2fd466853060be23676a3cc9d4	2	1	attachments-evidence	attachment-evidence	assets/xiaolincoding/图解系统/04｜内存管理篇-4.4 在 4GB 物理内存的机器上，申请 8G 内存会怎么样？/img-023 2.png
D0436	b25a487d2cf9a6efa0b676660e1f30a00a476d2fd466853060be23676a3cc9d4	2	1	attachments-evidence	attachment-evidence	assets/xiaolincoding/图解系统/04｜内存管理篇-4.4 在 4GB 物理内存的机器上，申请 8G 内存会怎么样？/img-023.png
D0437	b29189ca24585c321db9bf097ea7d47459e853e011234560ae09d00e3ed7e40c	2	2	attachments-evidence	attachment-evidence	assets/linux-memory/Linux物理内存碎片高频面试题/sampling-throttle_animated.svg
D0437	b29189ca24585c321db9bf097ea7d47459e853e011234560ae09d00e3ed7e40c	2	2	linux-memory-ebpf	attachment-evidence	projects/Linux物理内存检测项目/源码/assets/interview-svg/sampling-throttle_animated.svg
D0438	b2a35d88f2c3ffda0baf94d651732b08a896c13a150c00d7ea555050858ebfa6	2	1	attachments-evidence	attachment-evidence	assets/xiaolincoding/图解系统/04｜内存管理篇-4.2 malloc 是如何分配内存的？/img-009 2.png
D0438	b2a35d88f2c3ffda0baf94d651732b08a896c13a150c00d7ea555050858ebfa6	2	1	attachments-evidence	attachment-evidence	assets/xiaolincoding/图解系统/04｜内存管理篇-4.2 malloc 是如何分配内存的？/img-009.png
D0439	b3099d6495b81fc652af2a38164dcfbed54f50c55720cab6ed61024e69e380f5	2	1	attachments-evidence	attachment-evidence	assets/xiaolincoding/图解系统/09｜网络系统篇-9.4 什么是一致性哈希？/img-007 3.png
D0439	b3099d6495b81fc652af2a38164dcfbed54f50c55720cab6ed61024e69e380f5	2	1	attachments-evidence	attachment-evidence	assets/xiaolincoding/图解系统/09｜网络系统篇-9.4 什么是一致性哈希？/img-007.png
D0440	b31fa5eb32b6c4c952a758b9dcffdefa473a65c2dfed1cb619248bd2e72f668d	2	1	attachments-evidence	attachment-evidence	assets/xiaolincoding/图解系统/04｜内存管理篇-4.2 malloc 是如何分配内存的？/img-014 2.png
D0440	b31fa5eb32b6c4c952a758b9dcffdefa473a65c2dfed1cb619248bd2e72f668d	2	1	attachments-evidence	attachment-evidence	assets/xiaolincoding/图解系统/04｜内存管理篇-4.2 malloc 是如何分配内存的？/img-014.png
D0441	b3b6fefe3d81a510ef66d8c85bd3628497739680f69ad9bf1fff3d73f4a6272d	2	1	rednote-bookmarks	attachment-evidence	小红书（RedNote）/。。。。。。。/媒体（Media）/6a7c3ed1000000002c003c80/image-2 (Multi Source Sync).jpg
D0441	b3b6fefe3d81a510ef66d8c85bd3628497739680f69ad9bf1fff3d73f4a6272d	2	1	rednote-bookmarks	attachment-evidence	小红书（RedNote）/。。。。。。。/媒体（Media）/6a7c3ed1000000002c003c80/image-2.jpg
D0442	b40249219d9947b4fce026037287a380c48f83924ede9c0cd660b44199de419a	2	1	attachments-evidence	attachment-evidence	assets/xiaolincoding/图解系统/02｜硬件结构篇-2.3 如何写出让 CPU 跑得更快的代码？/img-007 2.png
D0442	b40249219d9947b4fce026037287a380c48f83924ede9c0cd660b44199de419a	2	1	attachments-evidence	attachment-evidence	assets/xiaolincoding/图解系统/02｜硬件结构篇-2.3 如何写出让 CPU 跑得更快的代码？/img-007.png
D0443	b42d28724165e27cd4796886ccc394edc36983101049c387925fc3ed6810ce3e	2	1	linux-vision	attachment-evidence	projects/linux视觉感知项目/源码/上位机程序/Lane_Detection/test/6.jpg
D0443	b42d28724165e27cd4796886ccc394edc36983101049c387925fc3ed6810ce3e	2	1	linux-vision	attachment-evidence	projects/linux视觉感知项目/源码/卷积神经网络/卷积神经网络/Unet_NCNN/test/6.jpg
D0444	b49b377154b899fbda30a6c19290ce694d2eee6b36cc5682e183eae3cf2cd81b	2	1	attachments-evidence	attachment-evidence	assets/xiaolincoding/图解系统/10｜Linux 命令篇-10.2 如何从日志分析 PV、UV？/img-011 3.png
D0444	b49b377154b899fbda30a6c19290ce694d2eee6b36cc5682e183eae3cf2cd81b	2	1	attachments-evidence	attachment-evidence	assets/xiaolincoding/图解系统/10｜Linux 命令篇-10.2 如何从日志分析 PV、UV？/img-011.png
D0445	b4aecc1500fa59dd7a90be9468b679db9008be6b3fd0abff1818313f11346db4	2	1	linux-vision	attachment-evidence	projects/linux视觉感知项目/源码/图像预处理（加速前+加速后）/Lime/data/5.bmp
D0445	b4aecc1500fa59dd7a90be9468b679db9008be6b3fd0abff1818313f11346db4	2	1	linux-vision	attachment-evidence	projects/linux视觉感知项目/源码/图像预处理（加速前+加速后）/Lime_NEON+OpenMP/data/5.bmp
D0446	b4af4cc92e4554128913cb935e9a1282c2fa0feb6696004da55d0c586b85a8a3	2	1	attachments-evidence	attachment-evidence	assets/xiaolincoding/图解系统/02｜硬件结构篇-2.7 为什么 0.1 + 0.2 不等于 0.3 ？/img-015 2.png
D0446	b4af4cc92e4554128913cb935e9a1282c2fa0feb6696004da55d0c586b85a8a3	2	1	attachments-evidence	attachment-evidence	assets/xiaolincoding/图解系统/02｜硬件结构篇-2.7 为什么 0.1 + 0.2 不等于 0.3 ？/img-015.png
D0447	b4b59d927d599b3788a226c919ea8a1da497d86e2aa20aaa4a67ad6f6b395054	2	1	rednote-bookmarks	attachment-evidence	小红书（RedNote）/。。。。。。。/媒体（Media）/6a4e09ee00000000220161cd/image-5 (Multi Source Sync).jpg
D0447	b4b59d927d599b3788a226c919ea8a1da497d86e2aa20aaa4a67ad6f6b395054	2	1	rednote-bookmarks	attachment-evidence	小红书（RedNote）/。。。。。。。/媒体（Media）/6a4e09ee00000000220161cd/image-5.jpg
D0448	b5bc413fed2dd04e7ba67869c66b5b75e6d8ca7bd29f79584697adae1c255f8e	2	2	attachments-evidence	attachment-evidence	assets/linux-memory/Linux物理内存碎片高频面试题/bpf-map-data-flow_animated.svg
D0448	b5bc413fed2dd04e7ba67869c66b5b75e6d8ca7bd29f79584697adae1c255f8e	2	2	linux-memory-ebpf	attachment-evidence	projects/Linux物理内存检测项目/源码/assets/interview-svg/bpf-map-data-flow_animated.svg
D0449	b5da869681bdb9d4fc279ca8e2e9a4b8ee2f9d608570a499bd944de2637affd8	2	1	attachments-evidence	attachment-evidence	assets/xiaolincoding/图解系统/04｜内存管理篇-4.4 在 4GB 物理内存的机器上，申请 8G 内存会怎么样？/img-025 2.png
D0449	b5da869681bdb9d4fc279ca8e2e9a4b8ee2f9d608570a499bd944de2637affd8	2	1	attachments-evidence	attachment-evidence	assets/xiaolincoding/图解系统/04｜内存管理篇-4.4 在 4GB 物理内存的机器上，申请 8G 内存会怎么样？/img-025.png
D0450	b671aa929d3c29cee4cb284f6b75e4b2cfb35bbb18ac52d885f611e97046aa65	2	1	attachments-evidence	attachment-evidence	assets/xiaolincoding/图解系统/08｜设备管理篇-8.1 键盘敲入 A 字母时，操作系统期间发生了什么？/img-004 3.png
D0450	b671aa929d3c29cee4cb284f6b75e4b2cfb35bbb18ac52d885f611e97046aa65	2	1	attachments-evidence	attachment-evidence	assets/xiaolincoding/图解系统/08｜设备管理篇-8.1 键盘敲入 A 字母时，操作系统期间发生了什么？/img-004.png
D0451	b757c247b4fde71c09991ab76c713c6b1f841e90446539479eaa3eaba692f053	2	1	attachments-evidence	attachment-evidence	assets/xiaolincoding/图解系统/04｜内存管理篇-4.1 为什么要有虚拟内存？/img-002 2.png
D0451	b757c247b4fde71c09991ab76c713c6b1f841e90446539479eaa3eaba692f053	2	1	attachments-evidence	attachment-evidence	assets/xiaolincoding/图解系统/04｜内存管理篇-4.1 为什么要有虚拟内存？/img-002.png
D0452	b81fca7544aba0eef53a3847efdf2b329f7244b7fcc788900777ce0119dd2ca9	2	1	attachments-evidence	attachment-evidence	assets/xiaolincoding/图解系统/09｜网络系统篇-9.3 高性能网络模式：Reactor 和 Proactor/img-004 3.png
D0452	b81fca7544aba0eef53a3847efdf2b329f7244b7fcc788900777ce0119dd2ca9	2	1	attachments-evidence	attachment-evidence	assets/xiaolincoding/图解系统/09｜网络系统篇-9.3 高性能网络模式：Reactor 和 Proactor/img-004.png
D0453	b879f1e3a5fad04e45d3210a71b4505a4bff20b12aca9836ff2ca4551e8ca91b	2	1	attachments-evidence	attachment-evidence	assets/xiaolincoding/图解系统/09｜网络系统篇-9.2 I-O 多路复用：select-poll-epoll/img-008 3.png
D0453	b879f1e3a5fad04e45d3210a71b4505a4bff20b12aca9836ff2ca4551e8ca91b	2	1	attachments-evidence	attachment-evidence	assets/xiaolincoding/图解系统/09｜网络系统篇-9.2 I-O 多路复用：select-poll-epoll/img-008.png
D0454	b9164be8826023699a3b9870230dc9001bd451a16866367a838eb7f0fcd04631	2	1	attachments-evidence	attachment-evidence	assets/xiaolincoding/图解系统/02｜硬件结构篇-2.5 CPU 是如何执行任务的？/img-018 2.png
D0454	b9164be8826023699a3b9870230dc9001bd451a16866367a838eb7f0fcd04631	2	1	attachments-evidence	attachment-evidence	assets/xiaolincoding/图解系统/02｜硬件结构篇-2.5 CPU 是如何执行任务的？/img-018.png
D0455	b9bbad59ae44c51ea1f457ff33921c3d11575c5a6c82940298738ca58626a791	2	1	linux-vision	build-artifact	projects/linux视觉感知项目/源码/图像预处理（加速前+加速后）/Lime/build/CMakeFiles/lime.dir/compiler_depend.make
D0455	b9bbad59ae44c51ea1f457ff33921c3d11575c5a6c82940298738ca58626a791	2	1	linux-vision	build-artifact	projects/linux视觉感知项目/源码/图像预处理（加速前+加速后）/Lime_NEON+OpenMP/build/CMakeFiles/lime.dir/compiler_depend.make
D0456	ba63db34fa868ff4fcdff7be8fe9d75b2afb1e725fffca803ac6cd373012c058	2	1	linux-vision	attachment-evidence	projects/linux视觉感知项目/源码/上位机程序/Lane_Detection/test/0.jpg
D0456	ba63db34fa868ff4fcdff7be8fe9d75b2afb1e725fffca803ac6cd373012c058	2	1	linux-vision	attachment-evidence	projects/linux视觉感知项目/源码/卷积神经网络/卷积神经网络/Unet_NCNN/test/0.jpg
D0457	bad326ff91d775535a7e0a3237911505450e62f24827b56311695928bed1c684	2	1	attachments-evidence	attachment-evidence	assets/xiaolincoding/图解系统/02｜硬件结构篇-2.1 CPU 是如何执行程序的？/img-012 2.png
D0457	bad326ff91d775535a7e0a3237911505450e62f24827b56311695928bed1c684	2	1	attachments-evidence	attachment-evidence	assets/xiaolincoding/图解系统/02｜硬件结构篇-2.1 CPU 是如何执行程序的？/img-012.png
D0458	bc0d0061eb7f858564b1f9abbc312f02dc74415138d105f44d9315a5faa4c714	2	1	linux-vision	code-or-config	projects/linux视觉感知项目/源码/上位机程序/Lane_Detection/LSTR/include/onnxruntime/core/platform/threadpool.h
D0458	bc0d0061eb7f858564b1f9abbc312f02dc74415138d105f44d9315a5faa4c714	2	1	linux-vision	code-or-config	projects/linux视觉感知项目/源码/卷积神经网络/卷积神经网络/LSTR_ONNX/include/onnxruntime/core/platform/threadpool.h
D0459	bc483a9781f73a49ff22e1df6d0796d0da0ede33cf38eb31f37ffbdcc3cbb469	2	1	linux-vision	other-binary-or-config	projects/linux视觉感知项目/源码/上位机程序/Lane_Detection/LSTR/include/onnxruntime/core/session/snippets.dox
D0459	bc483a9781f73a49ff22e1df6d0796d0da0ede33cf38eb31f37ffbdcc3cbb469	2	1	linux-vision	other-binary-or-config	projects/linux视觉感知项目/源码/卷积神经网络/卷积神经网络/LSTR_ONNX/include/onnxruntime/core/session/snippets.dox
D0460	bc74f5b39bc4833b3cddb5254b8eb1d7294274a6b317c88c26aeb46277a2f0c3	2	1	attachments-evidence	attachment-evidence	assets/图解网络-小林coding/04-http_interview/img-042.png
D0460	bc74f5b39bc4833b3cddb5254b8eb1d7294274a6b317c88c26aeb46277a2f0c3	2	1	attachments-evidence	attachment-evidence	assets/图解网络-小林coding/09-http2/img-012.png
D0461	bc8af98d4271309cb1818f26cca73b41edfb5b0826b4ec013c71b0bf0bbe3931	2	1	attachments-evidence	attachment-evidence	assets/xiaolincoding/图解系统/02｜硬件结构篇-2.1 CPU 是如何执行程序的？/img-003 2.png
D0461	bc8af98d4271309cb1818f26cca73b41edfb5b0826b4ec013c71b0bf0bbe3931	2	1	attachments-evidence	attachment-evidence	assets/xiaolincoding/图解系统/02｜硬件结构篇-2.1 CPU 是如何执行程序的？/img-003.png
D0462	bcae340bb1bade4354107c0dc67865c452f364eead31f3d86c0dd8460bca0f79	2	1	linux-vision	code-or-config	projects/linux视觉感知项目/源码/上位机程序/Lane_Detection/LSTR/include/onnxruntime/core/framework/sparse_tensor.h
D0462	bcae340bb1bade4354107c0dc67865c452f364eead31f3d86c0dd8460bca0f79	2	1	linux-vision	code-or-config	projects/linux视觉感知项目/源码/卷积神经网络/卷积神经网络/LSTR_ONNX/include/onnxruntime/core/framework/sparse_tensor.h
D0463	bd2ff47624b7812ba3b0711ca8284ae7177f2d14de4580eb1e9b1adc780963e8	2	1	linux-vision	code-or-config	projects/linux视觉感知项目/源码/上位机程序/Lane_Detection/LSTR/include/onnxruntime/core/framework/op_kernel_info.h
D0463	bd2ff47624b7812ba3b0711ca8284ae7177f2d14de4580eb1e9b1adc780963e8	2	1	linux-vision	code-or-config	projects/linux视觉感知项目/源码/卷积神经网络/卷积神经网络/LSTR_ONNX/include/onnxruntime/core/framework/op_kernel_info.h
D0464	bd7d08464dd2ec209f37b20ab8718585dd7f7367e9659ff4ca5c48bc763e34b7	2	1	linux-vision	code-or-config	projects/linux视觉感知项目/源码/上位机程序/Lane_Detection/omp.h
D0464	bd7d08464dd2ec209f37b20ab8718585dd7f7367e9659ff4ca5c48bc763e34b7	2	1	linux-vision	code-or-config	projects/linux视觉感知项目/源码/图像预处理（加速前+加速后）/Lime/include/omp.h
D0465	bde5343f92f7013da0860c119bac6e9df0877d553c367a10f3224556750e7315	2	1	rednote-bookmarks	attachment-evidence	小红书（RedNote）/。。。。。。。/媒体（Media）/6a7c3ed1000000002c003c80/image-1 (Multi Source Sync).jpg
D0465	bde5343f92f7013da0860c119bac6e9df0877d553c367a10f3224556750e7315	2	1	rednote-bookmarks	attachment-evidence	小红书（RedNote）/。。。。。。。/媒体（Media）/6a7c3ed1000000002c003c80/image-1.jpg
D0466	c02b41dc4e0f4c54aa7c7a7b6860e8372d7a5322a17bef7d757407c45540d083	2	1	linux-vision	code-or-config	projects/linux视觉感知项目/源码/上位机程序/Lane_Detection/LSTR/include/onnxruntime/core/graph/indexed_sub_graph.h
D0466	c02b41dc4e0f4c54aa7c7a7b6860e8372d7a5322a17bef7d757407c45540d083	2	1	linux-vision	code-or-config	projects/linux视觉感知项目/源码/卷积神经网络/卷积神经网络/LSTR_ONNX/include/onnxruntime/core/graph/indexed_sub_graph.h
D0467	c04cf2f04d2970f862b72319b63c1d915a7bc47145af328f9e8d9544d8294ca0	2	1	attachments-evidence	attachment-evidence	assets/xiaolincoding/图解系统/07｜文件系统篇-7.2 进程写文件时，进程发生了崩溃，已写入的数据会丢失吗？/img-008 3.jpg
D0467	c04cf2f04d2970f862b72319b63c1d915a7bc47145af328f9e8d9544d8294ca0	2	1	attachments-evidence	attachment-evidence	assets/xiaolincoding/图解系统/07｜文件系统篇-7.2 进程写文件时，进程发生了崩溃，已写入的数据会丢失吗？/img-008.jpg
D0468	c063b886f9722c427ca1af3e2abd913af647caee5127470b76af33079a8dd67d	2	1	attachments-evidence	attachment-evidence	assets/xiaolincoding/图解系统/02｜硬件结构篇-2.3 如何写出让 CPU 跑得更快的代码？/img-010 2.png
D0468	c063b886f9722c427ca1af3e2abd913af647caee5127470b76af33079a8dd67d	2	1	attachments-evidence	attachment-evidence	assets/xiaolincoding/图解系统/02｜硬件结构篇-2.3 如何写出让 CPU 跑得更快的代码？/img-010.png
D0469	c1a3b2c3ccb87c8749a8ec5a18b6e1941b0d20636a70ff6eef77c4230b9d9450	2	1	linux-vision	code-or-config	projects/linux视觉感知项目/源码/上位机程序/Lane_Detection/LSTR/include/onnxruntime/core/graph/graph_nodes.h
D0469	c1a3b2c3ccb87c8749a8ec5a18b6e1941b0d20636a70ff6eef77c4230b9d9450	2	1	linux-vision	code-or-config	projects/linux视觉感知项目/源码/卷积神经网络/卷积神经网络/LSTR_ONNX/include/onnxruntime/core/graph/graph_nodes.h
D0470	c2baff6766c94a3e7f1f0f0e983359a5f9736b922a96624ad52596e14bfeff08	2	1	rednote-bookmarks	attachment-evidence	小红书（RedNote）/。。。。。。。/媒体（Media）/69a5548e0000000026030618/image-3 (Multi Source Sync).jpg
D0470	c2baff6766c94a3e7f1f0f0e983359a5f9736b922a96624ad52596e14bfeff08	2	1	rednote-bookmarks	attachment-evidence	小红书（RedNote）/。。。。。。。/媒体（Media）/69a5548e0000000026030618/image-3.jpg
D0471	c369bd1bb312734dcf4f28f526ffe0119571a24cf980a47d8d074ac579b22009	2	1	attachments-evidence	attachment-evidence	assets/linux-vision/Linux视觉感知处理原作者文档 15.jpeg
D0471	c369bd1bb312734dcf4f28f526ffe0119571a24cf980a47d8d074ac579b22009	2	1	attachments-evidence	attachment-evidence	assets/linux-vision/Linux视觉感知处理原作者文档 9.jpeg
D0472	c36b3a9150fb97de5a240fea118b96c47311253476e3cf329832578ff89b2af6	2	1	attachments-evidence	attachment-evidence	assets/图解网络-小林coding/01-tcp_ip_model/img-004.png
D0472	c36b3a9150fb97de5a240fea118b96c47311253476e3cf329832578ff89b2af6	2	1	attachments-evidence	attachment-evidence	assets/图解网络-小林coding/02-what_happen_url/img-011.png
D0473	c36e0ef6027970b13c7240189108c40fde4243b33b159f152739e7179bccb866	2	1	attachments-evidence	attachment-evidence	assets/xiaolincoding/图解系统/09｜网络系统篇-9.4 什么是一致性哈希？/img-005 3.png
D0473	c36e0ef6027970b13c7240189108c40fde4243b33b159f152739e7179bccb866	2	1	attachments-evidence	attachment-evidence	assets/xiaolincoding/图解系统/09｜网络系统篇-9.4 什么是一致性哈希？/img-005.png
D0474	c3d7d16c25b810d49b2f5c94fc419a41189f497ad20f803abccce92e28b48991	2	1	rednote-bookmarks	attachment-evidence	小红书（RedNote）/。。。。。。。/媒体（Media）/6a52dab8000000000f007864/image-2 (Multi Source Sync).jpg
D0474	c3d7d16c25b810d49b2f5c94fc419a41189f497ad20f803abccce92e28b48991	2	1	rednote-bookmarks	attachment-evidence	小红书（RedNote）/。。。。。。。/媒体（Media）/6a52dab8000000000f007864/image-2.jpg
D0475	c3e8fe15cbecae3b1fa0af5cddcc209bcece8e190f97733da83564aa1ab303e6	2	1	attachments-evidence	attachment-evidence	assets/xiaolincoding/图解系统/11｜学习心得-11.2 画图经验分享/img-002 3.png
D0475	c3e8fe15cbecae3b1fa0af5cddcc209bcece8e190f97733da83564aa1ab303e6	2	1	attachments-evidence	attachment-evidence	assets/xiaolincoding/图解系统/11｜学习心得-11.2 画图经验分享/img-002.png
D0476	c41466ed4ae3db97f12297b5f02360ea6d9a65febe3b87a2cf3ba0d45ad8a5a1	2	1	rednote-bookmarks	attachment-evidence	小红书（RedNote）/。。。。。。。/媒体（Media）/69a5548e0000000026030618/image-6 (Multi Source Sync).jpg
D0476	c41466ed4ae3db97f12297b5f02360ea6d9a65febe3b87a2cf3ba0d45ad8a5a1	2	1	rednote-bookmarks	attachment-evidence	小红书（RedNote）/。。。。。。。/媒体（Media）/69a5548e0000000026030618/image-6.jpg
D0477	c4d719d192c19edf93733c31176581b55c3f0d765105fd84b6f5d1109916fa97	2	1	attachments-evidence	attachment-evidence	assets/xiaolincoding/图解系统/04｜内存管理篇-4.2 malloc 是如何分配内存的？/img-011 2.png
D0477	c4d719d192c19edf93733c31176581b55c3f0d765105fd84b6f5d1109916fa97	2	1	attachments-evidence	attachment-evidence	assets/xiaolincoding/图解系统/04｜内存管理篇-4.2 malloc 是如何分配内存的？/img-011.png
D0478	c6b57be41ddbfbb8e112160b098bba60ac672345d2076d0a08c1a60c3ad54e5f	2	1	attachments-evidence	attachment-evidence	assets/xiaolincoding/图解系统/02｜硬件结构篇-2.4 CPU 缓存一致性/img-006 2.png
D0478	c6b57be41ddbfbb8e112160b098bba60ac672345d2076d0a08c1a60c3ad54e5f	2	1	attachments-evidence	attachment-evidence	assets/xiaolincoding/图解系统/02｜硬件结构篇-2.4 CPU 缓存一致性/img-006.png
D0479	c6d20603228292eda4b4c227e106404759c022b2e7a30d088fe8caf52b97e4da	2	1	linux-vision	code-or-config	projects/linux视觉感知项目/源码/上位机程序/Lane_Detection/LSTR/include/onnxruntime/core/platform/tracing.h
D0479	c6d20603228292eda4b4c227e106404759c022b2e7a30d088fe8caf52b97e4da	2	1	linux-vision	code-or-config	projects/linux视觉感知项目/源码/卷积神经网络/卷积神经网络/LSTR_ONNX/include/onnxruntime/core/platform/tracing.h
D0480	c7168b071457ade25a9201090775380e17f248864890d3245b7e5ae363bf4c4c	2	1	attachments-evidence	attachment-evidence	assets/xiaolincoding/图解系统/04｜内存管理篇-4.1 为什么要有虚拟内存？/img-010 2.png
D0480	c7168b071457ade25a9201090775380e17f248864890d3245b7e5ae363bf4c4c	2	1	attachments-evidence	attachment-evidence	assets/xiaolincoding/图解系统/04｜内存管理篇-4.1 为什么要有虚拟内存？/img-010.png
D0481	c852355573da03c12310aec54ff547f4d4250e34b0b0e5c7aa272b322c449850	2	1	rednote-bookmarks	attachment-evidence	小红书（RedNote）/。。。。。。。/媒体（Media）/6a4e09ee00000000220161cd/image-6 (Multi Source Sync).jpg
D0481	c852355573da03c12310aec54ff547f4d4250e34b0b0e5c7aa272b322c449850	2	1	rednote-bookmarks	attachment-evidence	小红书（RedNote）/。。。。。。。/媒体（Media）/6a4e09ee00000000220161cd/image-6.jpg
D0482	c86d894c1d93ba5488a18d1165b77c691ff1ccf2f8c315ea029b32584c852c94	2	1	attachments-evidence	attachment-evidence	assets/xiaolincoding/图解系统/10｜Linux 命令篇-10.2 如何从日志分析 PV、UV？/img-014 3.png
D0482	c86d894c1d93ba5488a18d1165b77c691ff1ccf2f8c315ea029b32584c852c94	2	1	attachments-evidence	attachment-evidence	assets/xiaolincoding/图解系统/10｜Linux 命令篇-10.2 如何从日志分析 PV、UV？/img-014.png
D0483	c8f58f0b5d1cbaef8e34195d5b87ed94a4366ce5bbb773b923864a8904889be1	2	1	attachments-evidence	attachment-evidence	assets/xiaolincoding/图解系统/07｜文件系统篇-7.2 进程写文件时，进程发生了崩溃，已写入的数据会丢失吗？/img-001 3.jpg
D0483	c8f58f0b5d1cbaef8e34195d5b87ed94a4366ce5bbb773b923864a8904889be1	2	1	attachments-evidence	attachment-evidence	assets/xiaolincoding/图解系统/07｜文件系统篇-7.2 进程写文件时，进程发生了崩溃，已写入的数据会丢失吗？/img-001.jpg
D0484	c90477d6c2b59664dd04ca3fdb4df7269b8aa42cc27931262df64dbdc7b5f4d6	2	1	linux-vision	code-or-config	projects/linux视觉感知项目/源码/上位机程序/Lane_Detection/LSTR/include/onnxruntime/core/common/parse_string.h
D0484	c90477d6c2b59664dd04ca3fdb4df7269b8aa42cc27931262df64dbdc7b5f4d6	2	1	linux-vision	code-or-config	projects/linux视觉感知项目/源码/卷积神经网络/卷积神经网络/LSTR_ONNX/include/onnxruntime/core/common/parse_string.h
D0485	cafca11f88a532a936429f0ce0bdc06bef5b818fce971ab1d340124d6d5628fd	2	1	linux-vision	code-or-config	projects/linux视觉感知项目/源码/上位机程序/Lane_Detection/LSTR/include/onnxruntime/core/common/logging/macros.h
D0485	cafca11f88a532a936429f0ce0bdc06bef5b818fce971ab1d340124d6d5628fd	2	1	linux-vision	code-or-config	projects/linux视觉感知项目/源码/卷积神经网络/卷积神经网络/LSTR_ONNX/include/onnxruntime/core/common/logging/macros.h
D0486	cb5967400c2e11733e1a0655c9f20a782e655243ae1e11c917114158212e6574	2	1	rednote-bookmarks	attachment-evidence	小红书（RedNote）/。。。。。。。/媒体（Media）/6a7b4c7d00000000280332c1/image-1 (Multi Source Sync).jpg
D0486	cb5967400c2e11733e1a0655c9f20a782e655243ae1e11c917114158212e6574	2	1	rednote-bookmarks	attachment-evidence	小红书（RedNote）/。。。。。。。/媒体（Media）/6a7b4c7d00000000280332c1/image-1.jpg
D0487	cb7206ffd06ba31b9f7e5f6089a6206f0c720c10c3adcc61db7f829c86691cfc	2	1	linux-vision	code-or-config	projects/linux视觉感知项目/源码/上位机程序/Lane_Detection/LSTR/include/onnxruntime/core/framework/provider_options.h
D0487	cb7206ffd06ba31b9f7e5f6089a6206f0c720c10c3adcc61db7f829c86691cfc	2	1	linux-vision	code-or-config	projects/linux视觉感知项目/源码/卷积神经网络/卷积神经网络/LSTR_ONNX/include/onnxruntime/core/framework/provider_options.h
D0488	cbe0a4c59a2109622923fe1f2972f3468c2c60ea66eec4954fb30b33bbd20768	2	1	attachments-evidence	attachment-evidence	assets/xiaolincoding/图解系统/02｜硬件结构篇-2.4 CPU 缓存一致性/img-005 2.png
D0488	cbe0a4c59a2109622923fe1f2972f3468c2c60ea66eec4954fb30b33bbd20768	2	1	attachments-evidence	attachment-evidence	assets/xiaolincoding/图解系统/02｜硬件结构篇-2.4 CPU 缓存一致性/img-005.png
D0489	cd9df6a90705ea11446f2251d67a5b13932f28d84922ee44a56409cf1a261d98	2	1	attachments-evidence	attachment-evidence	assets/xiaolincoding/图解系统/08｜设备管理篇-8.1 键盘敲入 A 字母时，操作系统期间发生了什么？/img-002 3.png
D0489	cd9df6a90705ea11446f2251d67a5b13932f28d84922ee44a56409cf1a261d98	2	1	attachments-evidence	attachment-evidence	assets/xiaolincoding/图解系统/08｜设备管理篇-8.1 键盘敲入 A 字母时，操作系统期间发生了什么？/img-002.png
D0490	cda40999455d77be4537df8a38240534474affe7822af2f88186eddd69bd4d0a	2	1	attachments-evidence	attachment-evidence	assets/xiaolincoding/图解系统/04｜内存管理篇-4.6 深入理解 Linux 虚拟内存管理/img-013.png
D0490	cda40999455d77be4537df8a38240534474affe7822af2f88186eddd69bd4d0a	2	1	attachments-evidence	attachment-evidence	assets/xiaolincoding/图解系统/04｜内存管理篇-4.6 深入理解 Linux 虚拟内存管理/img-018.png
D0491	cda8d9f31cdfeb1a973ad33d6377fcb11c32627cc0f6543d306009daa46e336f	2	1	attachments-evidence	attachment-evidence	assets/图解网络-小林coding/01-tcp_ip_model/img-005.jpg
D0491	cda8d9f31cdfeb1a973ad33d6377fcb11c32627cc0f6543d306009daa46e336f	2	1	attachments-evidence	attachment-evidence	assets/图解网络-小林coding/37-ip_base/img-016.jpg
D0492	cdd17c4afe59e791e58bd393537c15f50ecf2f72032b6f023bbc2b7bd091b334	2	1	linux-vision	code-or-config	projects/linux视觉感知项目/源码/上位机程序/Lane_Detection/LSTR/include/onnxruntime/core/providers/tvm/tvm_provider_factory.h
D0492	cdd17c4afe59e791e58bd393537c15f50ecf2f72032b6f023bbc2b7bd091b334	2	1	linux-vision	code-or-config	projects/linux视觉感知项目/源码/卷积神经网络/卷积神经网络/LSTR_ONNX/include/onnxruntime/core/providers/tvm/tvm_provider_factory.h
D0493	ceb579630e299eb88deb20be08dd5a73aa69b89a637abc67f505b6c782f084d9	2	1	linux-vision	code-or-config	projects/linux视觉感知项目/源码/上位机程序/Lane_Detection/LSTR/include/onnxruntime/core/providers/rknpu/rknpu_provider_factory.h
D0493	ceb579630e299eb88deb20be08dd5a73aa69b89a637abc67f505b6c782f084d9	2	1	linux-vision	code-or-config	projects/linux视觉感知项目/源码/卷积神经网络/卷积神经网络/LSTR_ONNX/include/onnxruntime/core/providers/rknpu/rknpu_provider_factory.h
D0494	cee42487d60d1dc84ce27c52bd24d41d01b69679acad0c39db3855070275e3be	2	1	attachments-evidence	attachment-evidence	assets/xiaolincoding/图解系统/04｜内存管理篇-4.1 为什么要有虚拟内存？/img-004 2.png
D0494	cee42487d60d1dc84ce27c52bd24d41d01b69679acad0c39db3855070275e3be	2	1	attachments-evidence	attachment-evidence	assets/xiaolincoding/图解系统/04｜内存管理篇-4.1 为什么要有虚拟内存？/img-004.png
D0495	cf743f4e9b6018f48d41ad6b4f673f36c441ffc791957cb099c6ca040f046556	2	1	attachments-evidence	attachment-evidence	assets/xiaolincoding/图解系统/04｜内存管理篇-4.2 malloc 是如何分配内存的？/img-005 2.png
D0495	cf743f4e9b6018f48d41ad6b4f673f36c441ffc791957cb099c6ca040f046556	2	1	attachments-evidence	attachment-evidence	assets/xiaolincoding/图解系统/04｜内存管理篇-4.2 malloc 是如何分配内存的？/img-005.png
D0496	cf88d63331153c86b0dee7fbea3178f1566f2beb59048f90308b7cc4835871ea	2	1	rednote-bookmarks	attachment-evidence	小红书（RedNote）/。。。。。。。/媒体（Media）/6a4e09ee00000000220161cd/image-8 (Multi Source Sync).jpg
D0496	cf88d63331153c86b0dee7fbea3178f1566f2beb59048f90308b7cc4835871ea	2	1	rednote-bookmarks	attachment-evidence	小红书（RedNote）/。。。。。。。/媒体（Media）/6a4e09ee00000000220161cd/image-8.jpg
D0497	d00043fc23a91eb7b24ecb66a379447bd4d0aeda7d09cf12d45da06c26141679	2	1	attachments-evidence	attachment-evidence	assets/xiaolincoding/图解系统/02｜硬件结构篇-2.5 CPU 是如何执行任务的？/img-020 2.png
D0497	d00043fc23a91eb7b24ecb66a379447bd4d0aeda7d09cf12d45da06c26141679	2	1	attachments-evidence	attachment-evidence	assets/xiaolincoding/图解系统/02｜硬件结构篇-2.5 CPU 是如何执行任务的？/img-020.png
D0498	d069cf3061a3255938e944120942f445f27437d73c9860ebce8a6f10de1cc846	2	1	attachments-evidence	attachment-evidence	assets/xiaolincoding/图解系统/02｜硬件结构篇-2.5 CPU 是如何执行任务的？/img-009 2.png
D0498	d069cf3061a3255938e944120942f445f27437d73c9860ebce8a6f10de1cc846	2	1	attachments-evidence	attachment-evidence	assets/xiaolincoding/图解系统/02｜硬件结构篇-2.5 CPU 是如何执行任务的？/img-009.png
D0499	d17f344a58cf7d03285ac1b4c0764d5c0fa3c4207d09d808d979147b115c2383	2	1	rednote-bookmarks	attachment-evidence	小红书（RedNote）/。。。。。。。/媒体（Media）/6a52dab8000000000f007864/image-1 (Multi Source Sync).jpg
D0499	d17f344a58cf7d03285ac1b4c0764d5c0fa3c4207d09d808d979147b115c2383	2	1	rednote-bookmarks	attachment-evidence	小红书（RedNote）/。。。。。。。/媒体（Media）/6a52dab8000000000f007864/image-1.jpg
D0500	d1d626a2a93b6c28bf3be8b6f2af73d005c67555deaa07108f4874d41a258bcb	2	1	linux-vision	code-or-config	projects/linux视觉感知项目/源码/上位机程序/Lane_Detection/LSTR/include/onnxruntime/core/framework/run_options.h
D0500	d1d626a2a93b6c28bf3be8b6f2af73d005c67555deaa07108f4874d41a258bcb	2	1	linux-vision	code-or-config	projects/linux视觉感知项目/源码/卷积神经网络/卷积神经网络/LSTR_ONNX/include/onnxruntime/core/framework/run_options.h
D0501	d2452992db3a78f59a3f2875de28e0a9bd8e09b831dd9694a2e608e84237f994	2	1	attachments-evidence	attachment-evidence	assets/xiaolincoding/图解系统/04｜内存管理篇-4.4 在 4GB 物理内存的机器上，申请 8G 内存会怎么样？/img-022 2.png
D0501	d2452992db3a78f59a3f2875de28e0a9bd8e09b831dd9694a2e608e84237f994	2	1	attachments-evidence	attachment-evidence	assets/xiaolincoding/图解系统/04｜内存管理篇-4.4 在 4GB 物理内存的机器上，申请 8G 内存会怎么样？/img-022.png
D0502	d2673c8443ec5063ddb4383cbfbd18f8774938b7a9d5ab218e7abe3225778369	2	1	attachments-evidence	attachment-evidence	assets/xiaolincoding/图解系统/10｜Linux 命令篇-10.2 如何从日志分析 PV、UV？/img-008 3.png
D0502	d2673c8443ec5063ddb4383cbfbd18f8774938b7a9d5ab218e7abe3225778369	2	1	attachments-evidence	attachment-evidence	assets/xiaolincoding/图解系统/10｜Linux 命令篇-10.2 如何从日志分析 PV、UV？/img-008.png
D0503	d31afe64a0fa90c0e13b6826c94d1f9c4d4ae8aa82d3862fcba971a93590ccae	2	1	attachments-evidence	attachment-evidence	assets/xiaolincoding/图解系统/04｜内存管理篇-4.1 为什么要有虚拟内存？/img-009 2.png
D0503	d31afe64a0fa90c0e13b6826c94d1f9c4d4ae8aa82d3862fcba971a93590ccae	2	1	attachments-evidence	attachment-evidence	assets/xiaolincoding/图解系统/04｜内存管理篇-4.1 为什么要有虚拟内存？/img-009.png
D0504	d4c82ff632a7a402ea581b3d09ab6d61a605038633b0ed1729e1d752c90001f9	2	1	linux-vision	code-or-config	projects/linux视觉感知项目/源码/上位机程序/Lane_Detection/LSTR/include/onnxruntime/core/common/basic_types.h
D0504	d4c82ff632a7a402ea581b3d09ab6d61a605038633b0ed1729e1d752c90001f9	2	1	linux-vision	code-or-config	projects/linux视觉感知项目/源码/卷积神经网络/卷积神经网络/LSTR_ONNX/include/onnxruntime/core/common/basic_types.h
D0505	d55fe03ecf7abb0795664db96c0a380c398facdfad8aaf1b8864dc6c2bf87f47	2	1	rednote-bookmarks	attachment-evidence	小红书（RedNote）/。。。。。。。/媒体（Media）/6a7bbdab000000003300e802/image-1 (Multi Source Sync).jpg
D0505	d55fe03ecf7abb0795664db96c0a380c398facdfad8aaf1b8864dc6c2bf87f47	2	1	rednote-bookmarks	attachment-evidence	小红书（RedNote）/。。。。。。。/媒体（Media）/6a7bbdab000000003300e802/image-1.jpg
D0506	d5c62dd96e36a4546d5a9442910fb4ab0fce36f1895fee707be6ce786b6aa915	2	1	linux-vision	code-or-config	projects/linux视觉感知项目/源码/上位机程序/Lane_Detection/LSTR/include/onnxruntime/core/framework/data_types_internal.h
D0506	d5c62dd96e36a4546d5a9442910fb4ab0fce36f1895fee707be6ce786b6aa915	2	1	linux-vision	code-or-config	projects/linux视觉感知项目/源码/卷积神经网络/卷积神经网络/LSTR_ONNX/include/onnxruntime/core/framework/data_types_internal.h
D0507	d75c1a538adc1a708badb350c7ea390c423872ea55d7af18479a3c50ebf15b64	2	1	linux-vision	code-or-config	projects/linux视觉感知项目/源码/上位机程序/Lane_Detection/LSTR/include/onnxruntime/core/providers/dnnl/dnnl_provider_options.h
D0507	d75c1a538adc1a708badb350c7ea390c423872ea55d7af18479a3c50ebf15b64	2	1	linux-vision	code-or-config	projects/linux视觉感知项目/源码/卷积神经网络/卷积神经网络/LSTR_ONNX/include/onnxruntime/core/providers/dnnl/dnnl_provider_options.h
D0508	d882e0af4d6eb246b7f941b477bb2e193cafa90eb6714b22cbeaa06d1b7e076a	2	1	attachments-evidence	attachment-evidence	assets/xiaolincoding/图解系统/03｜系统结构篇-3.1 Linux 内核 vs Windows 内核/img-004 2.png
D0508	d882e0af4d6eb246b7f941b477bb2e193cafa90eb6714b22cbeaa06d1b7e076a	2	1	attachments-evidence	attachment-evidence	assets/xiaolincoding/图解系统/03｜系统结构篇-3.1 Linux 内核 vs Windows 内核/img-004.png
D0509	d8ba04f341c80d0798af0a1aa8f41b7237785b22f094eb369fd166713888dd57	2	1	attachments-evidence	attachment-evidence	assets/xiaolincoding/图解系统/09｜网络系统篇-9.2 I-O 多路复用：select-poll-epoll/img-005 3.png
D0509	d8ba04f341c80d0798af0a1aa8f41b7237785b22f094eb369fd166713888dd57	2	1	attachments-evidence	attachment-evidence	assets/xiaolincoding/图解系统/09｜网络系统篇-9.2 I-O 多路复用：select-poll-epoll/img-005.png
D0510	d8c365a4ab50ea27b35dbf91ebd5ee78fb8ef655ffc65e30e98011d0cda6813b	2	1	attachments-evidence	attachment-evidence	assets/xiaolincoding/图解系统/02｜硬件结构篇-2.3 如何写出让 CPU 跑得更快的代码？/img-001 2.png
D0510	d8c365a4ab50ea27b35dbf91ebd5ee78fb8ef655ffc65e30e98011d0cda6813b	2	1	attachments-evidence	attachment-evidence	assets/xiaolincoding/图解系统/02｜硬件结构篇-2.3 如何写出让 CPU 跑得更快的代码？/img-001.png
D0511	d8df77d1927f8d2fc219c09be0dbd9bb69374316779b42f249658e3423900713	2	1	attachments-evidence	attachment-evidence	assets/xiaolincoding/图解系统/02｜硬件结构篇-2.7 为什么 0.1 + 0.2 不等于 0.3 ？/img-007 2.png
D0511	d8df77d1927f8d2fc219c09be0dbd9bb69374316779b42f249658e3423900713	2	1	attachments-evidence	attachment-evidence	assets/xiaolincoding/图解系统/02｜硬件结构篇-2.7 为什么 0.1 + 0.2 不等于 0.3 ？/img-007.png
D0512	d95e54b232869442885babdcf97a73b9fd2f4006b7f475255519b80a1dff46bb	2	1	linux-vision	attachment-evidence	projects/linux视觉感知项目/源码/上位机程序/Lane_Detection/LSTR/videos/frames/93.jpg
D0512	d95e54b232869442885babdcf97a73b9fd2f4006b7f475255519b80a1dff46bb	2	1	linux-vision	attachment-evidence	projects/linux视觉感知项目/源码/卷积神经网络/卷积神经网络/Unet_NCNN/images/93.jpg
D0513	da101ea67edc35eb95c5eea2b07e1437474699c677a646aed5046d41272cdec6	2	1	linux-vision	code-or-config	projects/linux视觉感知项目/源码/上位机程序/Lane_Detection/LSTR/include/onnxruntime/core/optimizer/graph_transformer_utils.h
D0513	da101ea67edc35eb95c5eea2b07e1437474699c677a646aed5046d41272cdec6	2	1	linux-vision	code-or-config	projects/linux视觉感知项目/源码/卷积神经网络/卷积神经网络/LSTR_ONNX/include/onnxruntime/core/optimizer/graph_transformer_utils.h
D0514	da306b4386554b1463b3f509f6226ab6c91b914b8eac13cb70300d8e11a95482	2	1	attachments-evidence	attachment-evidence	assets/embedded-interview/【图解】5种总线协议：UART、RS232、RS485、I²C、SPI/img-142.png
D0514	da306b4386554b1463b3f509f6226ab6c91b914b8eac13cb70300d8e11a95482	2	1	attachments-evidence	attachment-evidence	assets/embedded-interview/【图解】5种总线协议：UART、RS232、RS485、I²C、SPI/img-162.png
D0515	daaecf5dd687aa5ae5c539e1d1ae25352fae60b003959999a539b86ea60a8d5e	2	1	linux-vision	code-or-config	projects/linux视觉感知项目/源码/上位机程序/Lane_Detection/LSTR/include/onnxruntime/core/common/span_utils.h
D0515	daaecf5dd687aa5ae5c539e1d1ae25352fae60b003959999a539b86ea60a8d5e	2	1	linux-vision	code-or-config	projects/linux视觉感知项目/源码/卷积神经网络/卷积神经网络/LSTR_ONNX/include/onnxruntime/core/common/span_utils.h
D0516	dabd7034c3bb805d17f6b024057f4c0971a624cd3ae3234eb510cbee90022295	2	1	linux-vision	code-or-config	projects/linux视觉感知项目/源码/上位机程序/Lane_Detection/LSTR/include/onnxruntime/core/providers/cann/cann_provider_options.h
D0516	dabd7034c3bb805d17f6b024057f4c0971a624cd3ae3234eb510cbee90022295	2	1	linux-vision	code-or-config	projects/linux视觉感知项目/源码/卷积神经网络/卷积神经网络/LSTR_ONNX/include/onnxruntime/core/providers/cann/cann_provider_options.h
D0517	dc4d9ca35836b3594989f24cc22cae3fc2a3a77954d4fd633e4c46b01cf88526	2	2	attachments-evidence	attachment-evidence	assets/linux-memory/Linux物理内存碎片高频面试题/external-fragmentation_animated.svg
D0517	dc4d9ca35836b3594989f24cc22cae3fc2a3a77954d4fd633e4c46b01cf88526	2	2	linux-memory-ebpf	attachment-evidence	projects/Linux物理内存检测项目/源码/assets/interview-svg/external-fragmentation_animated.svg
D0518	dd1463aa71e9870a9915c8666247fd916cefaaaa73eb4a35b79b3ff87147328e	2	1	attachments-evidence	attachment-evidence	assets/xiaolincoding/图解系统/02｜硬件结构篇-2.5 CPU 是如何执行任务的？/img-001 2.png
D0518	dd1463aa71e9870a9915c8666247fd916cefaaaa73eb4a35b79b3ff87147328e	2	1	attachments-evidence	attachment-evidence	assets/xiaolincoding/图解系统/02｜硬件结构篇-2.5 CPU 是如何执行任务的？/img-001.png
D0519	dd2f03caf5a3017747ba281d30e60ae255f09ce40f3c5e18a21180f1520a90ea	2	1	linux-vision	code-or-config	projects/linux视觉感知项目/源码/上位机程序/Lane_Detection/LSTR/include/onnxruntime/core/optimizer/graph_transformer_config.h
D0519	dd2f03caf5a3017747ba281d30e60ae255f09ce40f3c5e18a21180f1520a90ea	2	1	linux-vision	code-or-config	projects/linux视觉感知项目/源码/卷积神经网络/卷积神经网络/LSTR_ONNX/include/onnxruntime/core/optimizer/graph_transformer_config.h
D0520	e007481cc7d106627619fb48b08df2fa623fc113324e9a35c0c1fcdcc8a51865	2	1	attachments-evidence	attachment-evidence	assets/xiaolincoding/图解系统/02｜硬件结构篇-2.1 CPU 是如何执行程序的？/img-007 2.png
D0520	e007481cc7d106627619fb48b08df2fa623fc113324e9a35c0c1fcdcc8a51865	2	1	attachments-evidence	attachment-evidence	assets/xiaolincoding/图解系统/02｜硬件结构篇-2.1 CPU 是如何执行程序的？/img-007.png
D0521	e099348867dfd5c4be3da6634b594fd3b04808b9f7b313f75b43278a654e4943	2	1	attachments-evidence	attachment-evidence	assets/xiaolincoding/图解系统/02｜硬件结构篇-2.7 为什么 0.1 + 0.2 不等于 0.3 ？/img-013 2.png
D0521	e099348867dfd5c4be3da6634b594fd3b04808b9f7b313f75b43278a654e4943	2	1	attachments-evidence	attachment-evidence	assets/xiaolincoding/图解系统/02｜硬件结构篇-2.7 为什么 0.1 + 0.2 不等于 0.3 ？/img-013.png
D0522	e1482c02d67048fb11e696167b65d0c652c611fbb5fa497b630f10e3946dcb3f	2	1	attachments-evidence	attachment-evidence	assets/xiaolincoding/图解系统/09｜网络系统篇-9.1 什么是零拷贝？/img-008 3.png
D0522	e1482c02d67048fb11e696167b65d0c652c611fbb5fa497b630f10e3946dcb3f	2	1	attachments-evidence	attachment-evidence	assets/xiaolincoding/图解系统/09｜网络系统篇-9.1 什么是零拷贝？/img-008.png
D0523	e2f24181b93a0ee023eda2394f7201b998505c1eaf972b0fc48a8dad96ee5f37	2	1	attachments-evidence	attachment-evidence	assets/xiaolincoding/图解系统/09｜网络系统篇-9.1 什么是零拷贝？/img-001 3.png
D0523	e2f24181b93a0ee023eda2394f7201b998505c1eaf972b0fc48a8dad96ee5f37	2	1	attachments-evidence	attachment-evidence	assets/xiaolincoding/图解系统/09｜网络系统篇-9.1 什么是零拷贝？/img-001.png
D0524	e309b3953ab98cb56fc3114200f1b9ea36b036d6a6b11670736e6cb976c52476	2	1	attachments-evidence	attachment-evidence	assets/xiaolincoding/图解系统/02｜硬件结构篇-2.7 为什么 0.1 + 0.2 不等于 0.3 ？/img-009 2.png
D0524	e309b3953ab98cb56fc3114200f1b9ea36b036d6a6b11670736e6cb976c52476	2	1	attachments-evidence	attachment-evidence	assets/xiaolincoding/图解系统/02｜硬件结构篇-2.7 为什么 0.1 + 0.2 不等于 0.3 ？/img-009.png
D0525	e3159bebb8b7c13e5523695328478da75a3422013228b848a67f25cc6bcbae57	2	1	attachments-evidence	attachment-evidence	assets/xiaolincoding/图解系统/09｜网络系统篇-9.1 什么是零拷贝？/img-003 3.png
D0525	e3159bebb8b7c13e5523695328478da75a3422013228b848a67f25cc6bcbae57	2	1	attachments-evidence	attachment-evidence	assets/xiaolincoding/图解系统/09｜网络系统篇-9.1 什么是零拷贝？/img-003.png
D0526	e36e66ace75eae3bfafcbba77bd327be31ebbd157b558aad672612574020c1f6	2	1	linux-vision	code-or-config	projects/linux视觉感知项目/源码/上位机程序/Lane_Detection/LSTR/include/onnxruntime/core/graph/graph_viewer.h
D0526	e36e66ace75eae3bfafcbba77bd327be31ebbd157b558aad672612574020c1f6	2	1	linux-vision	code-or-config	projects/linux视觉感知项目/源码/卷积神经网络/卷积神经网络/LSTR_ONNX/include/onnxruntime/core/graph/graph_viewer.h
D0527	e37763e86bb58e5cac8162c40992d2aef3da856382d8904ed9975d275f061f03	2	1	attachments-evidence	attachment-evidence	assets/feishu-freertos-source-analysis/img-029.jpg
D0527	e37763e86bb58e5cac8162c40992d2aef3da856382d8904ed9975d275f061f03	2	1	attachments-evidence	attachment-evidence	assets/feishu-freertos-source-analysis/img-119.jpg
D0528	e39e72e2b105a6c7df101b686ca3f8efb047926147345bf1dbc32c166880d020	2	1	linux-vision	attachment-evidence	projects/linux视觉感知项目/源码/图像预处理（加速前+加速后）/Lime/data/3.bmp
D0528	e39e72e2b105a6c7df101b686ca3f8efb047926147345bf1dbc32c166880d020	2	1	linux-vision	attachment-evidence	projects/linux视觉感知项目/源码/图像预处理（加速前+加速后）/Lime_NEON+OpenMP/data/3.bmp
D0529	e5149b9b6182392a130312fa8d80be309ed56b578af35f2e3522b569b1f09197	2	2	attachments-evidence	attachment-evidence	assets/rtos/encoder-pid-loop_animated.svg
D0529	e5149b9b6182392a130312fa8d80be309ed56b578af35f2e3522b569b1f09197	2	2	rtos-project	attachment-evidence	projects/RTOS项目/源码/assets/encoder-pid-loop_animated.svg
D0530	e58510558bf020f37ede6c49c1637cf7be52c3e01092d1eba087acd4a82cafcc	2	1	linux-vision	attachment-evidence	projects/linux视觉感知项目/源码/上位机程序/Lane_Detection/LSTR/images/2.jpeg
D0530	e58510558bf020f37ede6c49c1637cf7be52c3e01092d1eba087acd4a82cafcc	2	1	linux-vision	attachment-evidence	projects/linux视觉感知项目/源码/卷积神经网络/卷积神经网络/LSTR_ONNX/images/2.jpeg
D0531	e5a1011422109a4ad5d8af6834fa6f421f705228557a5636c562b35fa353dfd6	2	1	linux-vision	attachment-evidence	projects/linux视觉感知项目/源码/图像预处理（加速前+加速后）/Lime/data/1.jpg
D0531	e5a1011422109a4ad5d8af6834fa6f421f705228557a5636c562b35fa353dfd6	2	1	linux-vision	attachment-evidence	projects/linux视觉感知项目/源码/图像预处理（加速前+加速后）/Lime_NEON+OpenMP/data/1.jpg
D0532	e6dbe788918855764f58e491cfb8aeccf7d8974361054fd74cfbafd550ace289	2	1	linux-vision	attachment-evidence	projects/linux视觉感知项目/源码/图像预处理（加速前+加速后）/Lime/data/8.bmp
D0532	e6dbe788918855764f58e491cfb8aeccf7d8974361054fd74cfbafd550ace289	2	1	linux-vision	attachment-evidence	projects/linux视觉感知项目/源码/图像预处理（加速前+加速后）/Lime_NEON+OpenMP/data/8.bmp
D0533	e750a44df0a1acf933f566014999d22a1100d3ee788c89d012f5b80a9ec5d360	2	1	linux-vision	build-artifact	projects/linux视觉感知项目/源码/上位机程序/Lane_Detection/LSTR/build/CMakeFiles/LSTR.dir/compiler_depend.ts
D0533	e750a44df0a1acf933f566014999d22a1100d3ee788c89d012f5b80a9ec5d360	2	1	linux-vision	build-artifact	projects/linux视觉感知项目/源码/卷积神经网络/卷积神经网络/LSTR_ONNX/build/CMakeFiles/LSTR.dir/compiler_depend.ts
D0534	e79c6b65c669f78fdabd04648ef518fd588359e0de5bcbf8e30b07e27f123c33	2	1	linux-vision	attachment-evidence	projects/linux视觉感知项目/源码/上位机程序/Lane_Detection/test/9.jpg
D0534	e79c6b65c669f78fdabd04648ef518fd588359e0de5bcbf8e30b07e27f123c33	2	1	linux-vision	attachment-evidence	projects/linux视觉感知项目/源码/卷积神经网络/卷积神经网络/Unet_NCNN/test/9.jpg
D0535	e8990089fca268124fad6d3cda1459924bbfda4463f2c14eebdc49b95dae0789	2	1	rednote-bookmarks	attachment-evidence	小红书（RedNote）/。。。。。。。/媒体（Media）/6a7b4c7d00000000280332c1/image-7 (Multi Source Sync).jpg
D0535	e8990089fca268124fad6d3cda1459924bbfda4463f2c14eebdc49b95dae0789	2	1	rednote-bookmarks	attachment-evidence	小红书（RedNote）/。。。。。。。/媒体（Media）/6a7b4c7d00000000280332c1/image-7.jpg
D0536	e8f12b2fe740356c1d1fa052b7d6ea0465775a007d4c88974a52f448677de508	2	1	attachments-evidence	attachment-evidence	assets/xiaolincoding/图解系统/11｜学习心得-11.2 画图经验分享/img-009 3.png
D0536	e8f12b2fe740356c1d1fa052b7d6ea0465775a007d4c88974a52f448677de508	2	1	attachments-evidence	attachment-evidence	assets/xiaolincoding/图解系统/11｜学习心得-11.2 画图经验分享/img-009.png
D0537	e8f73b0c7dffd9ff7aa29f97502ba7279504ac44a55dc94db2d4fa5f0629f7c7	2	1	attachments-evidence	attachment-evidence	assets/xiaolincoding/图解系统/09｜网络系统篇-9.2 I-O 多路复用：select-poll-epoll/img-007 3.png
D0537	e8f73b0c7dffd9ff7aa29f97502ba7279504ac44a55dc94db2d4fa5f0629f7c7	2	1	attachments-evidence	attachment-evidence	assets/xiaolincoding/图解系统/09｜网络系统篇-9.2 I-O 多路复用：select-poll-epoll/img-007.png
D0538	e9a3f3068cb310c3c2f1ae7e2cbbdb219e60faf3c7e8e2d9ccf833b82788d8b9	2	1	linux-vision	code-or-config	projects/linux视觉感知项目/源码/上位机程序/Lane_Detection/LSTR/include/onnxruntime/core/framework/func_api.h
D0538	e9a3f3068cb310c3c2f1ae7e2cbbdb219e60faf3c7e8e2d9ccf833b82788d8b9	2	1	linux-vision	code-or-config	projects/linux视觉感知项目/源码/卷积神经网络/卷积神经网络/LSTR_ONNX/include/onnxruntime/core/framework/func_api.h
D0539	e9a625a21943d4c08565b23b846a79ab932facf96db44ceb3738eb13548e2aa4	2	1	rednote-bookmarks	attachment-evidence	小红书（RedNote）/。。。。。。。/媒体（Media）/6a68ad1e000000001f01cf47/image-2 (Multi Source Sync).jpg
D0539	e9a625a21943d4c08565b23b846a79ab932facf96db44ceb3738eb13548e2aa4	2	1	rednote-bookmarks	attachment-evidence	小红书（RedNote）/。。。。。。。/媒体（Media）/6a68ad1e000000001f01cf47/image-2.jpg
D0540	eadb3f562da971f01cef4a52dfac42b8cd3c5c275c360425b06f7d1583418ccb	2	1	attachments-evidence	attachment-evidence	assets/xiaolincoding/图解系统/04｜内存管理篇-4.2 malloc 是如何分配内存的？/img-012 2.png
D0540	eadb3f562da971f01cef4a52dfac42b8cd3c5c275c360425b06f7d1583418ccb	2	1	attachments-evidence	attachment-evidence	assets/xiaolincoding/图解系统/04｜内存管理篇-4.2 malloc 是如何分配内存的？/img-012.png
D0541	eb0c05889182dccef94334afef64e84f64f68b91e42935528ff89dc582685f71	2	1	attachments-evidence	attachment-evidence	assets/xiaolincoding/图解系统/04｜内存管理篇-4.3 内存满了，会发生什么？/img-002 2.png
D0541	eb0c05889182dccef94334afef64e84f64f68b91e42935528ff89dc582685f71	2	1	attachments-evidence	attachment-evidence	assets/xiaolincoding/图解系统/04｜内存管理篇-4.3 内存满了，会发生什么？/img-002.png
D0542	ebe1de06ae271089bed0553508b7376dffb9cf80e9a5fec1443bf8e01b690a98	2	1	rednote-bookmarks	attachment-evidence	小红书（RedNote）/。。。。。。。/媒体（Media）/6a7c3ed1000000002c003c80/image-6 (Multi Source Sync).jpg
D0542	ebe1de06ae271089bed0553508b7376dffb9cf80e9a5fec1443bf8e01b690a98	2	1	rednote-bookmarks	attachment-evidence	小红书（RedNote）/。。。。。。。/媒体（Media）/6a7c3ed1000000002c003c80/image-6.jpg
D0543	ed228910b13974d51535fe1c08ad7f6f788b1172163f0d86c61b28573669d123	2	1	linux-vision	code-or-config	projects/linux视觉感知项目/源码/上位机程序/Lane_Detection/LSTR/include/onnxruntime/core/common/logging/logging.h
D0543	ed228910b13974d51535fe1c08ad7f6f788b1172163f0d86c61b28573669d123	2	1	linux-vision	code-or-config	projects/linux视觉感知项目/源码/卷积神经网络/卷积神经网络/LSTR_ONNX/include/onnxruntime/core/common/logging/logging.h
D0544	ee4f60632199455377b27623c5fff9854ed4adc9efe2ee687c94aaa8b22425b7	2	1	attachments-evidence	attachment-evidence	assets/xiaolincoding/图解系统/04｜内存管理篇-4.5 如何避免预读失效和缓存污染的问题？/img-013 2.png
D0544	ee4f60632199455377b27623c5fff9854ed4adc9efe2ee687c94aaa8b22425b7	2	1	attachments-evidence	attachment-evidence	assets/xiaolincoding/图解系统/04｜内存管理篇-4.5 如何避免预读失效和缓存污染的问题？/img-013.png
D0545	eea0948caf94542906131613ab1f49f221f170be72da4a53fc346b7651fef65e	2	1	attachments-evidence	attachment-evidence	assets/图解网络-小林coding/11-http_rpc/img-001.gif
D0545	eea0948caf94542906131613ab1f49f221f170be72da4a53fc346b7651fef65e	2	1	attachments-evidence	attachment-evidence	assets/图解网络-小林coding/33-tcp_no_accpet/img-001.gif
D0546	eeb8fc94e60a733668ee03f4539f70a7b24af979ebf0ba32db3c19f14e3a4a01	2	1	embedded-core	derived-backup	projects/嵌入式八股/糯叽叽八股（完整版）.md.backup-20260813-stl
D0546	eeb8fc94e60a733668ee03f4539f70a7b24af979ebf0ba32db3c19f14e3a4a01	2	1	embedded-core	derived-backup	projects/嵌入式八股/糯叽叽八股（完整版）.md.backup-before-misalignment-20260813
D0547	eedd2f505de08f1896738c19c5b0cb459031008596b41710c8828107d7385717	2	1	rednote-bookmarks	attachment-evidence	小红书（RedNote）/。。。。。。。/媒体（Media）/6a60deff000000000f009ee2/image-10.jpg
D0547	eedd2f505de08f1896738c19c5b0cb459031008596b41710c8828107d7385717	2	1	rednote-bookmarks	attachment-evidence	小红书（RedNote）/。。。。。。。/媒体（Media）/6a60deff000000000f009ee2/image-9.jpg
D0548	eee397d3b0d896c3373dcfb71452bb809ffdd2817f8f5855e51599d981d48bed	2	1	attachments-evidence	attachment-evidence	assets/xiaolincoding/图解系统/03｜系统结构篇-3.1 Linux 内核 vs Windows 内核/img-001 2.png
D0548	eee397d3b0d896c3373dcfb71452bb809ffdd2817f8f5855e51599d981d48bed	2	1	attachments-evidence	attachment-evidence	assets/xiaolincoding/图解系统/03｜系统结构篇-3.1 Linux 内核 vs Windows 内核/img-001.png
D0549	ef223a6a7a614ec6e9331fd417efc594a52b4c337b41ed31b75a57ef0c47b877	2	1	linux-vision	code-or-config	projects/linux视觉感知项目/源码/上位机程序/Lane_Detection/LSTR/include/onnxruntime/core/graph/graph.h
D0549	ef223a6a7a614ec6e9331fd417efc594a52b4c337b41ed31b75a57ef0c47b877	2	1	linux-vision	code-or-config	projects/linux视觉感知项目/源码/卷积神经网络/卷积神经网络/LSTR_ONNX/include/onnxruntime/core/graph/graph.h
D0550	ef6ed10943a9c54dee9ef0ed2baebc5473b30c179d8a06443b664bc6adec1241	2	1	attachments-evidence	attachment-evidence	assets/xiaolincoding/图解系统/02｜硬件结构篇-2.7 为什么 0.1 + 0.2 不等于 0.3 ？/img-011 2.png
D0550	ef6ed10943a9c54dee9ef0ed2baebc5473b30c179d8a06443b664bc6adec1241	2	1	attachments-evidence	attachment-evidence	assets/xiaolincoding/图解系统/02｜硬件结构篇-2.7 为什么 0.1 + 0.2 不等于 0.3 ？/img-011.png
D0551	f06202aee15f5a707043f97db0aa0846601b00fc2d6415c7abb4794464c33404	2	1	rednote-bookmarks	attachment-evidence	小红书（RedNote）/。。。。。。。/媒体（Media）/6a647106000000000101e9cf/image-7 (Multi Source Sync).jpg
D0551	f06202aee15f5a707043f97db0aa0846601b00fc2d6415c7abb4794464c33404	2	1	rednote-bookmarks	attachment-evidence	小红书（RedNote）/。。。。。。。/媒体（Media）/6a647106000000000101e9cf/image-7.jpg
D0552	f094c8c3e6a1e8e1533931b2a0a345a7fe8881328afb99eac0142780d779847e	2	1	attachments-evidence	attachment-evidence	assets/xiaolincoding/图解系统/04｜内存管理篇-4.1 为什么要有虚拟内存？/img-020 2.png
D0552	f094c8c3e6a1e8e1533931b2a0a345a7fe8881328afb99eac0142780d779847e	2	1	attachments-evidence	attachment-evidence	assets/xiaolincoding/图解系统/04｜内存管理篇-4.1 为什么要有虚拟内存？/img-020.png
D0553	f0a920cd4c1e4d3b200bc68a7767036c1962981cd61bcb76da78443c5fbebf6a	2	1	rednote-bookmarks	attachment-evidence	小红书（RedNote）/。。。。。。。/媒体（Media）/6a7b4c7d00000000280332c1/image-9 (Multi Source Sync).jpg
D0553	f0a920cd4c1e4d3b200bc68a7767036c1962981cd61bcb76da78443c5fbebf6a	2	1	rednote-bookmarks	attachment-evidence	小红书（RedNote）/。。。。。。。/媒体（Media）/6a7b4c7d00000000280332c1/image-9.jpg
D0554	f0ee0f667453d784d114f033243433f70becf8c23b27fbd91f91b397d6623af5	2	1	linux-vision	attachment-evidence	projects/linux视觉感知项目/源码/上位机程序/Lane_Detection/LSTR/videos/frames/3.jpg
D0554	f0ee0f667453d784d114f033243433f70becf8c23b27fbd91f91b397d6623af5	2	1	linux-vision	attachment-evidence	projects/linux视觉感知项目/源码/上位机程序/Lane_Detection/LSTR/videos/frames/4.jpg
D0555	f3faa03bf25b2691202c314c5fcaf79df9140db4ce955f6072a0a88d5630111c	2	2	attachments-evidence	attachment-evidence	assets/rtos/freertos-startup_animated.svg
D0555	f3faa03bf25b2691202c314c5fcaf79df9140db4ce955f6072a0a88d5630111c	2	2	rtos-project	attachment-evidence	projects/RTOS项目/源码/assets/freertos-startup_animated.svg
D0556	f405288fffd37bafbe706359ea8a3990c2b01880a9349bbcfb0cc11beb95d822	2	1	attachments-evidence	attachment-evidence	assets/xiaolincoding/图解系统/02｜硬件结构篇-2.7 为什么 0.1 + 0.2 不等于 0.3 ？/img-004 2.png
D0556	f405288fffd37bafbe706359ea8a3990c2b01880a9349bbcfb0cc11beb95d822	2	1	attachments-evidence	attachment-evidence	assets/xiaolincoding/图解系统/02｜硬件结构篇-2.7 为什么 0.1 + 0.2 不等于 0.3 ？/img-004.png
D0557	f46e10dbd588229b0f62873e5650a85b8afdd013d713d1cc842f1605630bf169	2	1	attachments-evidence	attachment-evidence	assets/xiaolincoding/图解系统/04｜内存管理篇-4.1 为什么要有虚拟内存？/img-017 2.png
D0557	f46e10dbd588229b0f62873e5650a85b8afdd013d713d1cc842f1605630bf169	2	1	attachments-evidence	attachment-evidence	assets/xiaolincoding/图解系统/04｜内存管理篇-4.1 为什么要有虚拟内存？/img-017.png
D0558	f514212806b0412593515eb8e285ee3aa05c73435efff2644f52cc8753b7f0dc	2	2	attachments-evidence	attachment-evidence	assets/linux-vision/Linux视觉感知处理原作者文档 3.jpeg
D0558	f514212806b0412593515eb8e285ee3aa05c73435efff2644f52cc8753b7f0dc	2	2	linux-vision	attachment-evidence	projects/linux视觉感知项目/源码/卷积神经网络/卷积神经网络/Unet_NCNN/images/test.jpg
D0559	f5334281e742987a466e844f6a75ede9ca62c02789ae41953f66f06b3b1ee0ea	2	1	attachments-evidence	attachment-evidence	assets/xiaolincoding/图解系统/02｜硬件结构篇-2.1 CPU 是如何执行程序的？/img-006 2.png
D0559	f5334281e742987a466e844f6a75ede9ca62c02789ae41953f66f06b3b1ee0ea	2	1	attachments-evidence	attachment-evidence	assets/xiaolincoding/图解系统/02｜硬件结构篇-2.1 CPU 是如何执行程序的？/img-006.png
D0560	f5acca8dc126ff744bf972cb6c01bb55ad5fa76e283fb4db527aff5cf19bda87	2	1	attachments-evidence	attachment-evidence	assets/xiaolincoding/图解系统/02｜硬件结构篇-2.1 CPU 是如何执行程序的？/img-002 2.jpeg
D0560	f5acca8dc126ff744bf972cb6c01bb55ad5fa76e283fb4db527aff5cf19bda87	2	1	attachments-evidence	attachment-evidence	assets/xiaolincoding/图解系统/02｜硬件结构篇-2.1 CPU 是如何执行程序的？/img-002.jpeg
D0561	f5cb0969e6a2a39fb624e7fde8280db491230e247d3cfb9ce400b1779409e490	2	2	attachments-evidence	attachment-evidence	assets/rtos/context-switch_animated.svg
D0561	f5cb0969e6a2a39fb624e7fde8280db491230e247d3cfb9ce400b1779409e490	2	2	rtos-project	attachment-evidence	projects/RTOS项目/源码/assets/context-switch_animated.svg
D0562	f5d3bc662136d3672c1446c776ecd8eec7feb778baca430b0136c18b5bb37bdb	2	1	attachments-evidence	attachment-evidence	assets/xiaolincoding/图解系统/02｜硬件结构篇-2.5 CPU 是如何执行任务的？/img-002 2.png
D0562	f5d3bc662136d3672c1446c776ecd8eec7feb778baca430b0136c18b5bb37bdb	2	1	attachments-evidence	attachment-evidence	assets/xiaolincoding/图解系统/02｜硬件结构篇-2.5 CPU 是如何执行任务的？/img-002.png
D0563	f63814aae6805f14bcbc6723683b4fb9680dff5fdd618c163fd5a70ce56c13d5	2	1	attachments-evidence	attachment-evidence	assets/xiaolincoding/图解系统/04｜内存管理篇-4.2 malloc 是如何分配内存的？/img-004 2.png
D0563	f63814aae6805f14bcbc6723683b4fb9680dff5fdd618c163fd5a70ce56c13d5	2	1	attachments-evidence	attachment-evidence	assets/xiaolincoding/图解系统/04｜内存管理篇-4.2 malloc 是如何分配内存的？/img-004.png
D0564	f6febb057cf81484cf0fcebe4d8b21e9ba2a96df3ace26ccc139451c66d308c5	2	1	attachments-evidence	attachment-evidence	assets/xiaolincoding/图解系统/04｜内存管理篇-4.3 内存满了，会发生什么？/img-003 2.png
D0564	f6febb057cf81484cf0fcebe4d8b21e9ba2a96df3ace26ccc139451c66d308c5	2	1	attachments-evidence	attachment-evidence	assets/xiaolincoding/图解系统/04｜内存管理篇-4.3 内存满了，会发生什么？/img-003.png
D0565	f6ffcb1e5e4236561ed86c3867c3a35ce1fdeaba441534058dcca55c6990ef7a	2	1	attachments-evidence	attachment-evidence	assets/xiaolincoding/图解系统/02｜硬件结构篇-2.3 如何写出让 CPU 跑得更快的代码？/img-017 2.png
D0565	f6ffcb1e5e4236561ed86c3867c3a35ce1fdeaba441534058dcca55c6990ef7a	2	1	attachments-evidence	attachment-evidence	assets/xiaolincoding/图解系统/02｜硬件结构篇-2.3 如何写出让 CPU 跑得更快的代码？/img-017.png
D0566	f769386762819071036bfde604e650d7a62368e1ed88a81c578a5c6e705b4ee7	2	1	attachments-evidence	attachment-evidence	assets/xiaolincoding/图解系统/04｜内存管理篇-4.4 在 4GB 物理内存的机器上，申请 8G 内存会怎么样？/img-014 2.png
D0566	f769386762819071036bfde604e650d7a62368e1ed88a81c578a5c6e705b4ee7	2	1	attachments-evidence	attachment-evidence	assets/xiaolincoding/图解系统/04｜内存管理篇-4.4 在 4GB 物理内存的机器上，申请 8G 内存会怎么样？/img-014.png
D0567	f785f26653c35a8faad2ee13af47033853d9055adcfaa9e6f4df6781a9d51333	2	1	attachments-evidence	attachment-evidence	assets/xiaolincoding/图解系统/04｜内存管理篇-4.1 为什么要有虚拟内存？/img-015 2.png
D0567	f785f26653c35a8faad2ee13af47033853d9055adcfaa9e6f4df6781a9d51333	2	1	attachments-evidence	attachment-evidence	assets/xiaolincoding/图解系统/04｜内存管理篇-4.1 为什么要有虚拟内存？/img-015.png
D0568	f82bd9d8b2f7abf2bb305271654fac81eb2bbe4b9f84ba1f0d5481a8c70ba6f5	2	1	linux-vision	code-or-config	projects/linux视觉感知项目/源码/上位机程序/Lane_Detection/LSTR/include/onnxruntime/core/providers/cuda/cuda_provider_options.h
D0568	f82bd9d8b2f7abf2bb305271654fac81eb2bbe4b9f84ba1f0d5481a8c70ba6f5	2	1	linux-vision	code-or-config	projects/linux视觉感知项目/源码/卷积神经网络/卷积神经网络/LSTR_ONNX/include/onnxruntime/core/providers/cuda/cuda_provider_options.h
D0569	f85cf20f1805718e5ec989e0023b09def13795154df6efd28f84a7c91f533d32	2	1	attachments-evidence	attachment-evidence	assets/xiaolincoding/图解系统/10｜Linux 命令篇-10.2 如何从日志分析 PV、UV？/img-007 3.png
D0569	f85cf20f1805718e5ec989e0023b09def13795154df6efd28f84a7c91f533d32	2	1	attachments-evidence	attachment-evidence	assets/xiaolincoding/图解系统/10｜Linux 命令篇-10.2 如何从日志分析 PV、UV？/img-007.png
D0570	f8796dadfef7b52d3f871d02026f9781945f38faf1426d27259d10f81dffda1d	2	1	attachments-evidence	attachment-evidence	assets/xiaolincoding/图解系统/09｜网络系统篇-9.1 什么是零拷贝？/img-002 3.png
D0570	f8796dadfef7b52d3f871d02026f9781945f38faf1426d27259d10f81dffda1d	2	1	attachments-evidence	attachment-evidence	assets/xiaolincoding/图解系统/09｜网络系统篇-9.1 什么是零拷贝？/img-002.png
D0571	fa347101f63f8fd7a79b4561efdc723c266316c6da0c758beaafb9ea1ada5626	2	1	attachments-evidence	attachment-evidence	assets/图解网络-小林coding/04-http_interview/img-039.png
D0571	fa347101f63f8fd7a79b4561efdc723c266316c6da0c758beaafb9ea1ada5626	2	1	attachments-evidence	attachment-evidence	assets/图解网络-小林coding/09-http2/img-009.png
D0572	fbc21fc881177f51a549640d8593c47dbc25e31dc4fe27a9ab689d8d7f9f612f	2	1	linux-vision	code-or-config	projects/linux视觉感知项目/源码/上位机程序/Lane_Detection/LSTR/include/onnxruntime/core/common/spin_pause.h
D0572	fbc21fc881177f51a549640d8593c47dbc25e31dc4fe27a9ab689d8d7f9f612f	2	1	linux-vision	code-or-config	projects/linux视觉感知项目/源码/卷积神经网络/卷积神经网络/LSTR_ONNX/include/onnxruntime/core/common/spin_pause.h
D0573	fc6372ae3d973e09963a25d45b805d03befec70b145468bd38c8ec4bc8346d96	2	1	attachments-evidence	attachment-evidence	assets/xiaolincoding/图解系统/02｜硬件结构篇-2.5 CPU 是如何执行任务的？/img-019 2.png
D0573	fc6372ae3d973e09963a25d45b805d03befec70b145468bd38c8ec4bc8346d96	2	1	attachments-evidence	attachment-evidence	assets/xiaolincoding/图解系统/02｜硬件结构篇-2.5 CPU 是如何执行任务的？/img-019.png
D0574	fc837999d260249f6e8ae17baf5fb726d47013269d8c23db82e9c4d265fdffa7	2	1	rednote-bookmarks	attachment-evidence	小红书（RedNote）/。。。。。。。/媒体（Media）/69a5548e0000000026030618/image-4 (Multi Source Sync).jpg
D0574	fc837999d260249f6e8ae17baf5fb726d47013269d8c23db82e9c4d265fdffa7	2	1	rednote-bookmarks	attachment-evidence	小红书（RedNote）/。。。。。。。/媒体（Media）/69a5548e0000000026030618/image-4.jpg
D0575	fcb2dcdeb4dfad730a7fc13dfe987445386d0923d1e4464b2f61e40378365ca7	2	1	attachments-evidence	attachment-evidence	assets/xiaolincoding/图解系统/04｜内存管理篇-4.2 malloc 是如何分配内存的？/img-006 2.png
D0575	fcb2dcdeb4dfad730a7fc13dfe987445386d0923d1e4464b2f61e40378365ca7	2	1	attachments-evidence	attachment-evidence	assets/xiaolincoding/图解系统/04｜内存管理篇-4.2 malloc 是如何分配内存的？/img-006.png
D0576	fd9a3b86dfb567eb4139388215573965af084f67ff4f3d2ce67dcc498ec19e35	2	1	attachments-evidence	attachment-evidence	assets/图解网络-小林coding/04-http_interview/img-050.jpg
D0576	fd9a3b86dfb567eb4139388215573965af084f67ff4f3d2ce67dcc498ec19e35	2	1	attachments-evidence	attachment-evidence	assets/图解网络-小林coding/30-quic/img-014.jpg
D0577	fdba3dcbf90ccfc3e0b83127e508166e14f31bc181a9c86be3b0d1566f09891c	2	1	linux-vision	code-or-config	projects/linux视觉感知项目/源码/上位机程序/Lane_Detection/LSTR/include/onnxruntime/core/providers/tensorrt/tensorrt_provider_options.h
D0577	fdba3dcbf90ccfc3e0b83127e508166e14f31bc181a9c86be3b0d1566f09891c	2	1	linux-vision	code-or-config	projects/linux视觉感知项目/源码/卷积神经网络/卷积神经网络/LSTR_ONNX/include/onnxruntime/core/providers/tensorrt/tensorrt_provider_options.h
D0578	fe12fc2ae894edf2ad38162e20d6bc7f09265cedd4f8ba324ae9924d643d9c8f	2	1	attachments-evidence	attachment-evidence	assets/xiaolincoding/图解系统/04｜内存管理篇-4.3 内存满了，会发生什么？/img-007 2.png
D0578	fe12fc2ae894edf2ad38162e20d6bc7f09265cedd4f8ba324ae9924d643d9c8f	2	1	attachments-evidence	attachment-evidence	assets/xiaolincoding/图解系统/04｜内存管理篇-4.3 内存满了，会发生什么？/img-007.png
D0579	fe36a0c295a51a2d950ca19010c9529bb213a1e4223c62955c4ebcda43d41095	2	1	linux-vision	attachment-evidence	projects/linux视觉感知项目/源码/图像预处理（加速前+加速后）/Lime/data/2.webp
D0579	fe36a0c295a51a2d950ca19010c9529bb213a1e4223c62955c4ebcda43d41095	2	1	linux-vision	attachment-evidence	projects/linux视觉感知项目/源码/图像预处理（加速前+加速后）/Lime_NEON+OpenMP/data/2.webp
D0580	fe83aa4c700c3b2b0c3aa0d68cfc364f05e06c0a890613e35827dd2530321ce5	2	1	attachments-evidence	attachment-evidence	assets/xiaolincoding/图解系统/08｜设备管理篇-8.1 键盘敲入 A 字母时，操作系统期间发生了什么？/img-003 3.png
D0580	fe83aa4c700c3b2b0c3aa0d68cfc364f05e06c0a890613e35827dd2530321ce5	2	1	attachments-evidence	attachment-evidence	assets/xiaolincoding/图解系统/08｜设备管理篇-8.1 键盘敲入 A 字母时，操作系统期间发生了什么？/img-003.png
D0581	feb6ca004afe1153c7482fa3fd8a554a319f566275e194f7990d7bad99875bf3	2	1	linux-vision	code-or-config	projects/linux视觉感知项目/源码/上位机程序/Lane_Detection/LSTR/include/onnxruntime/core/providers/tensorrt/tensorrt_provider_factory.h
D0581	feb6ca004afe1153c7482fa3fd8a554a319f566275e194f7990d7bad99875bf3	2	1	linux-vision	code-or-config	projects/linux视觉感知项目/源码/卷积神经网络/卷积神经网络/LSTR_ONNX/include/onnxruntime/core/providers/tensorrt/tensorrt_provider_factory.h
D0582	fee70dfdb1077a1c00ff81bb7c64868885d4d38517152317aa55aeeb135c5055	2	1	attachments-evidence	attachment-evidence	assets/xiaolincoding/图解系统/04｜内存管理篇-4.2 malloc 是如何分配内存的？/img-007 2.png
D0582	fee70dfdb1077a1c00ff81bb7c64868885d4d38517152317aa55aeeb135c5055	2	1	attachments-evidence	attachment-evidence	assets/xiaolincoding/图解系统/04｜内存管理篇-4.2 malloc 是如何分配内存的？/img-007.png
D0583	ff768cc3617717da3c50530d869667cacab7295862c91e8339b4e9caeeed4911	2	1	linux-vision	code-or-config	projects/linux视觉感知项目/源码/上位机程序/Lane_Detection/LSTR/include/onnxruntime/core/framework/op_kernel_context.h
D0583	ff768cc3617717da3c50530d869667cacab7295862c91e8339b4e9caeeed4911	2	1	linux-vision	code-or-config	projects/linux视觉感知项目/源码/卷积神经网络/卷积神经网络/LSTR_ONNX/include/onnxruntime/core/framework/op_kernel_context.h
D0584	ff8458747e47cecd73845aea8ae1390c4be6fbe0bce89e1fceb383bb1e843d11	2	1	attachments-evidence	attachment-evidence	assets/xiaolincoding/图解系统/08｜设备管理篇-8.1 键盘敲入 A 字母时，操作系统期间发生了什么？/img-006 3.png
D0584	ff8458747e47cecd73845aea8ae1390c4be6fbe0bce89e1fceb383bb1e843d11	2	1	attachments-evidence	attachment-evidence	assets/xiaolincoding/图解系统/08｜设备管理篇-8.1 键盘敲入 A 字母时，操作系统期间发生了什么？/img-006.png
