skill	symbol	status	matched_source_files
algorithm-active-recall-loop	⬜	exact	archive/力扣刷题/00-配置/学习日志.md;archive/力扣刷题/00-配置/进度看板.md;archive/力扣刷题/03-学习笔记/Day01-哈希与双指针.md;archive/力扣刷题/03-学习笔记/Day07-二叉树进阶与周复习.md;archive/力扣刷题/03-学习笔记/Day14-技巧与全局复习.md
algorithm-active-recall-loop	👀	exact	archive/力扣刷题/00-配置/学习日志.md;archive/力扣刷题/00-配置/进度看板.md;archive/力扣刷题/03-学习笔记/Day01-哈希与双指针.md;archive/力扣刷题/03-学习笔记/Day07-二叉树进阶与周复习.md;archive/力扣刷题/03-学习笔记/Day14-技巧与全局复习.md
algorithm-active-recall-loop	🟡	exact	archive/力扣刷题/00-配置/学习日志.md;archive/力扣刷题/00-配置/进度看板.md;archive/力扣刷题/03-学习笔记/Day01-哈希与双指针.md;archive/力扣刷题/03-学习笔记/Day07-二叉树进阶与周复习.md;archive/力扣刷题/03-学习笔记/Day14-技巧与全局复习.md
algorithm-active-recall-loop	🟢	exact	archive/力扣刷题/00-配置/学习日志.md;archive/力扣刷题/00-配置/进度看板.md;archive/力扣刷题/03-学习笔记/Day01-哈希与双指针.md;archive/力扣刷题/03-学习笔记/Day07-二叉树进阶与周复习.md;archive/力扣刷题/03-学习笔记/Day14-技巧与全局复习.md
algorithm-active-recall-loop	🔵	exact	archive/力扣刷题/00-配置/学习日志.md;archive/力扣刷题/00-配置/进度看板.md;archive/力扣刷题/03-学习笔记/Day01-哈希与双指针.md;archive/力扣刷题/03-学习笔记/Day07-二叉树进阶与周复习.md;archive/力扣刷题/03-学习笔记/Day14-技巧与全局复习.md
algorithm-active-recall-loop	学习日志	exact	archive/力扣刷题/00-配置/学习日志.md;archive/力扣刷题/学习中枢.md
algorithm-active-recall-loop	进度看板	exact	archive/力扣刷题/00-配置/进度看板.md;archive/力扣刷题/学习中枢.md
algorithm-problem-framework-selection	sliding_window	review-label	
algorithm-problem-framework-selection	binary_search	review-label	
algorithm-problem-framework-selection	BFS	exact	archive/力扣刷题/01-Raw/01-Hot100刷题体系调研报告.md;archive/力扣刷题/01-Raw/02-Hot100两周速通刷题计划.md;archive/力扣刷题/02-Wiki/专题总结/00-YXC常用模板索引.md;archive/力扣刷题/02-Wiki/专题总结/07-图论.md
algorithm-problem-framework-selection	DFS	exact	archive/力扣刷题/01-Raw/01-Hot100刷题体系调研报告.md;archive/力扣刷题/01-Raw/02-Hot100两周速通刷题计划.md;archive/力扣刷题/02-Wiki/专题总结/00-YXC常用模板索引.md;archive/力扣刷题/02-Wiki/专题总结/07-图论.md
algorithm-problem-framework-selection	backtracking	review-label	
algorithm-problem-framework-selection	DP	exact	archive/力扣刷题/01-Raw/01-Hot100刷题体系调研报告.md;archive/力扣刷题/01-Raw/02-Hot100两周速通刷题计划.md;archive/力扣刷题/02-Wiki/专题总结/10-动态规划.md
algorithm-problem-framework-selection	greedy	review-label	
algorithm-state-and-invariant-derivation	base_case	review-label	
algorithm-state-and-invariant-derivation	transition	review-label	
algorithm-state-and-invariant-derivation	invariant	review-label	
algorithm-state-and-invariant-derivation	check	exact	archive/力扣刷题/02-Wiki/专题总结/09-二分查找.md
algorithm-state-and-invariant-derivation	path	exact	archive/力扣刷题/02-Wiki/专题总结/08-回溯算法.md;archive/力扣刷题/02-Wiki/专题总结/10-动态规划.md
algorithm-state-and-invariant-derivation	choice_list	review-label	
algorithm-state-and-invariant-derivation	pruning	review-label	
cmake-source-discovery-incremental-build-audit	cmake_minimum_required	exact	projects/linux视觉感知项目/文档/01 项目概述/1.3 CMake 构建指南.md;projects/linux视觉感知项目/源码/卷积神经网络/卷积神经网络/LSTR_ONNX/CMakeLists.txt;projects/linux视觉感知项目/源码/卷积神经网络/卷积神经网络/Unet_NCNN/CMakeLists.txt;projects/linux视觉感知项目/源码/图像预处理（加速前+加速后）/Lime/CMakeLists.txt;projects/linux视觉感知项目/源码/图像预处理（加速前+加速后）/Lime_NEON+OpenMP/CMakeLists.txt
cmake-source-discovery-incremental-build-audit	project	exact	projects/linux视觉感知项目/文档/01 项目概述/1.3 CMake 构建指南.md;projects/linux视觉感知项目/文档/05 系统集成与性能/5.1 模型轻量化与参数压缩.md;projects/linux视觉感知项目/源码/卷积神经网络/卷积神经网络/LSTR_ONNX/CMakeLists.txt;projects/linux视觉感知项目/源码/卷积神经网络/卷积神经网络/LSTR_ONNX/build/CMakeCache.txt;projects/linux视觉感知项目/源码/卷积神经网络/卷积神经网络/LSTR_ONNX/build/CMakeFiles/LSTR.dir/DependInfo.cmake;projects/linux视觉感知项目/源码/卷积神经网络/卷积神经网络/Unet_NCNN/CMakeLists.txt;projects/linux视觉感知项目/源码/卷积神经网络/卷积神经网络/Unet_NCNN/build/CMakeCache.txt;projects/linux视觉感知项目/源码/卷积神经网络/卷积神经网络/Unet_NCNN/build/CMakeFiles/unet_ncnn.dir/DependInfo.cmake;projects/linux视觉感知项目/源码/图像预处理（加速前+加速后）/Lime/CMakeLists.txt;projects/linux视觉感知项目/源码/图像预处理（加速前+加速后）/Lime/build/CMakeCache.txt;projects/linux视觉感知项目/源码/图像预处理（加速前+加速后）/Lime/build/CMakeFiles/lime.dir/DependInfo.cmake;projects/linux视觉感知项目/源码/图像预处理（加速前+加速后）/Lime_NEON+OpenMP/CMakeLists.txt;projects/linux视觉感知项目/源码/图像预处理（加速前+加速后）/Lime_NEON+OpenMP/build/CMakeCache.txt;projects/linux视觉感知项目/源码/图像预处理（加速前+加速后）/Lime_NEON+OpenMP/build/CMakeFiles/lime.dir/DependInfo.cmake
cmake-source-discovery-incremental-build-audit	CMAKE_CXX_STANDARD	exact	projects/linux视觉感知项目/文档/01 项目概述/1.3 CMake 构建指南.md;projects/linux视觉感知项目/源码/卷积神经网络/卷积神经网络/LSTR_ONNX/CMakeLists.txt;projects/linux视觉感知项目/源码/图像预处理（加速前+加速后）/Lime/CMakeLists.txt;projects/linux视觉感知项目/源码/图像预处理（加速前+加速后）/Lime_NEON+OpenMP/CMakeLists.txt
cmake-source-discovery-incremental-build-audit	CMAKE_BUILD_TYPE	exact	projects/linux视觉感知项目/文档/01 项目概述/1.3 CMake 构建指南.md;projects/linux视觉感知项目/源码/卷积神经网络/卷积神经网络/LSTR_ONNX/build/CMakeCache.txt;projects/linux视觉感知项目/源码/卷积神经网络/卷积神经网络/Unet_NCNN/CMakeLists.txt;projects/linux视觉感知项目/源码/卷积神经网络/卷积神经网络/Unet_NCNN/build/CMakeCache.txt;projects/linux视觉感知项目/源码/图像预处理（加速前+加速后）/Lime/CMakeLists.txt;projects/linux视觉感知项目/源码/图像预处理（加速前+加速后）/Lime/build/CMakeCache.txt;projects/linux视觉感知项目/源码/图像预处理（加速前+加速后）/Lime_NEON+OpenMP/CMakeLists.txt;projects/linux视觉感知项目/源码/图像预处理（加速前+加速后）/Lime_NEON+OpenMP/build/CMakeCache.txt
cmake-source-discovery-incremental-build-audit	CMAKE_CXX_FLAGS	exact	projects/linux视觉感知项目/文档/01 项目概述/1.3 CMake 构建指南.md;projects/linux视觉感知项目/源码/卷积神经网络/卷积神经网络/LSTR_ONNX/build/CMakeCache.txt;projects/linux视觉感知项目/源码/卷积神经网络/卷积神经网络/Unet_NCNN/CMakeLists.txt;projects/linux视觉感知项目/源码/卷积神经网络/卷积神经网络/Unet_NCNN/build/CMakeCache.txt;projects/linux视觉感知项目/源码/图像预处理（加速前+加速后）/Lime/CMakeLists.txt;projects/linux视觉感知项目/源码/图像预处理（加速前+加速后）/Lime/build/CMakeCache.txt;projects/linux视觉感知项目/源码/图像预处理（加速前+加速后）/Lime_NEON+OpenMP/CMakeLists.txt;projects/linux视觉感知项目/源码/图像预处理（加速前+加速后）/Lime_NEON+OpenMP/build/CMakeCache.txt
cmake-source-discovery-incremental-build-audit	find_package	exact	projects/linux视觉感知项目/文档/01 项目概述/1.3 CMake 构建指南.md;projects/linux视觉感知项目/源码/卷积神经网络/卷积神经网络/LSTR_ONNX/CMakeLists.txt;projects/linux视觉感知项目/源码/卷积神经网络/卷积神经网络/Unet_NCNN/CMakeLists.txt;projects/linux视觉感知项目/源码/图像预处理（加速前+加速后）/Lime/CMakeLists.txt;projects/linux视觉感知项目/源码/图像预处理（加速前+加速后）/Lime_NEON+OpenMP/CMakeLists.txt
cmake-source-discovery-incremental-build-audit	include_directories	exact	projects/linux视觉感知项目/文档/01 项目概述/1.3 CMake 构建指南.md;projects/linux视觉感知项目/源码/卷积神经网络/卷积神经网络/LSTR_ONNX/CMakeLists.txt;projects/linux视觉感知项目/源码/卷积神经网络/卷积神经网络/Unet_NCNN/CMakeLists.txt;projects/linux视觉感知项目/源码/图像预处理（加速前+加速后）/Lime/CMakeLists.txt;projects/linux视觉感知项目/源码/图像预处理（加速前+加速后）/Lime_NEON+OpenMP/CMakeLists.txt
cmake-source-discovery-incremental-build-audit	link_directories	exact	projects/linux视觉感知项目/文档/01 项目概述/1.3 CMake 构建指南.md;projects/linux视觉感知项目/源码/卷积神经网络/卷积神经网络/Unet_NCNN/CMakeLists.txt;projects/linux视觉感知项目/源码/图像预处理（加速前+加速后）/Lime_NEON+OpenMP/CMakeLists.txt
cmake-source-discovery-incremental-build-audit	file(GLOB)	review-label	
cmake-source-discovery-incremental-build-audit	CONFIGURE_DEPENDS	review-label	
cmake-source-discovery-incremental-build-audit	add_subdirectory	review-label	
cmake-source-discovery-incremental-build-audit	add_executable	exact	projects/linux视觉感知项目/源码/卷积神经网络/卷积神经网络/LSTR_ONNX/CMakeLists.txt;projects/linux视觉感知项目/源码/卷积神经网络/卷积神经网络/Unet_NCNN/CMakeLists.txt;projects/linux视觉感知项目/源码/图像预处理（加速前+加速后）/Lime/CMakeLists.txt;projects/linux视觉感知项目/源码/图像预处理（加速前+加速后）/Lime_NEON+OpenMP/CMakeLists.txt
cmake-source-discovery-incremental-build-audit	add_library	review-label	
cmake-source-discovery-incremental-build-audit	target_sources	review-label	
cmake-source-discovery-incremental-build-audit	target_link_libraries	exact	projects/linux视觉感知项目/文档/01 项目概述/1.3 CMake 构建指南.md;projects/linux视觉感知项目/源码/卷积神经网络/卷积神经网络/LSTR_ONNX/CMakeLists.txt;projects/linux视觉感知项目/源码/卷积神经网络/卷积神经网络/Unet_NCNN/CMakeLists.txt;projects/linux视觉感知项目/源码/图像预处理（加速前+加速后）/Lime/CMakeLists.txt;projects/linux视觉感知项目/源码/图像预处理（加速前+加速后）/Lime_NEON+OpenMP/CMakeLists.txt
cmake-source-discovery-incremental-build-audit	CMAKE_HOME_DIRECTORY	exact	projects/linux视觉感知项目/源码/卷积神经网络/卷积神经网络/LSTR_ONNX/build/CMakeCache.txt;projects/linux视觉感知项目/源码/卷积神经网络/卷积神经网络/Unet_NCNN/build/CMakeCache.txt;projects/linux视觉感知项目/源码/图像预处理（加速前+加速后）/Lime/build/CMakeCache.txt;projects/linux视觉感知项目/源码/图像预处理（加速前+加速后）/Lime_NEON+OpenMP/build/CMakeCache.txt
cmake-source-discovery-incremental-build-audit	CMAKE_SOURCE_DIR	exact	projects/linux视觉感知项目/源码/卷积神经网络/卷积神经网络/LSTR_ONNX/build/CMakeFiles/LSTR.dir/build.make;projects/linux视觉感知项目/源码/卷积神经网络/卷积神经网络/Unet_NCNN/build/CMakeFiles/unet_ncnn.dir/build.make;projects/linux视觉感知项目/源码/图像预处理（加速前+加速后）/Lime/build/CMakeFiles/lime.dir/build.make;projects/linux视觉感知项目/源码/图像预处理（加速前+加速后）/Lime_NEON+OpenMP/build/CMakeFiles/lime.dir/build.make
cmake-source-discovery-incremental-build-audit	CMAKE_BINARY_DIR	exact	projects/linux视觉感知项目/源码/卷积神经网络/卷积神经网络/LSTR_ONNX/build/CMakeFiles/LSTR.dir/build.make;projects/linux视觉感知项目/源码/卷积神经网络/卷积神经网络/Unet_NCNN/build/CMakeFiles/unet_ncnn.dir/build.make;projects/linux视觉感知项目/源码/图像预处理（加速前+加速后）/Lime/build/CMakeFiles/lime.dir/build.make;projects/linux视觉感知项目/源码/图像预处理（加速前+加速后）/Lime_NEON+OpenMP/build/CMakeFiles/lime.dir/build.make
cmake-source-discovery-incremental-build-audit	CMAKE_GENERATOR	exact	projects/linux视觉感知项目/源码/卷积神经网络/卷积神经网络/LSTR_ONNX/build/CMakeCache.txt;projects/linux视觉感知项目/源码/卷积神经网络/卷积神经网络/Unet_NCNN/build/CMakeCache.txt;projects/linux视觉感知项目/源码/图像预处理（加速前+加速后）/Lime/build/CMakeCache.txt;projects/linux视觉感知项目/源码/图像预处理（加速前+加速后）/Lime_NEON+OpenMP/build/CMakeCache.txt
cmake-source-discovery-incremental-build-audit	CMakeCache.txt	exact	projects/linux视觉感知项目/源码/卷积神经网络/卷积神经网络/LSTR_ONNX/build/CMakeCache.txt;projects/linux视觉感知项目/源码/卷积神经网络/卷积神经网络/Unet_NCNN/build/CMakeCache.txt;projects/linux视觉感知项目/源码/图像预处理（加速前+加速后）/Lime/build/CMakeCache.txt;projects/linux视觉感知项目/源码/图像预处理（加速前+加速后）/Lime_NEON+OpenMP/build/CMakeCache.txt
cmake-source-discovery-incremental-build-audit	DependInfo.cmake	exact	projects/linux视觉感知项目/源码/卷积神经网络/卷积神经网络/LSTR_ONNX/build/CMakeFiles/LSTR.dir/build.make;projects/linux视觉感知项目/源码/卷积神经网络/卷积神经网络/Unet_NCNN/build/CMakeFiles/unet_ncnn.dir/build.make;projects/linux视觉感知项目/源码/图像预处理（加速前+加速后）/Lime/build/CMakeFiles/lime.dir/build.make;projects/linux视觉感知项目/源码/图像预处理（加速前+加速后）/Lime_NEON+OpenMP/build/CMakeFiles/lime.dir/build.make
cmake-source-discovery-incremental-build-audit	build.make	exact	projects/linux视觉感知项目/源码/卷积神经网络/卷积神经网络/LSTR_ONNX/build/CMakeFiles/LSTR.dir/build.make;projects/linux视觉感知项目/源码/卷积神经网络/卷积神经网络/Unet_NCNN/build/CMakeFiles/unet_ncnn.dir/build.make;projects/linux视觉感知项目/源码/图像预处理（加速前+加速后）/Lime/build/CMakeFiles/lime.dir/build.make;projects/linux视觉感知项目/源码/图像预处理（加速前+加速后）/Lime_NEON+OpenMP/build/CMakeFiles/lime.dir/build.make
cmake-source-discovery-incremental-build-audit	compiler_depend.make	exact	projects/linux视觉感知项目/源码/卷积神经网络/卷积神经网络/LSTR_ONNX/build/CMakeFiles/LSTR.dir/build.make;projects/linux视觉感知项目/源码/卷积神经网络/卷积神经网络/Unet_NCNN/build/CMakeFiles/unet_ncnn.dir/build.make;projects/linux视觉感知项目/源码/图像预处理（加速前+加速后）/Lime/build/CMakeFiles/lime.dir/build.make;projects/linux视觉感知项目/源码/图像预处理（加速前+加速后）/Lime_NEON+OpenMP/build/CMakeFiles/lime.dir/build.make
cmake-source-discovery-incremental-build-audit	flags.make	exact	projects/linux视觉感知项目/源码/卷积神经网络/卷积神经网络/LSTR_ONNX/build/CMakeFiles/LSTR.dir/build.make;projects/linux视觉感知项目/源码/卷积神经网络/卷积神经网络/Unet_NCNN/build/CMakeFiles/unet_ncnn.dir/build.make;projects/linux视觉感知项目/源码/图像预处理（加速前+加速后）/Lime/build/CMakeFiles/lime.dir/build.make;projects/linux视觉感知项目/源码/图像预处理（加速前+加速后）/Lime_NEON+OpenMP/build/CMakeFiles/lime.dir/build.make
cmake-source-discovery-incremental-build-audit	link.txt	exact	projects/linux视觉感知项目/源码/卷积神经网络/卷积神经网络/LSTR_ONNX/build/CMakeFiles/LSTR.dir/build.make;projects/linux视觉感知项目/源码/卷积神经网络/卷积神经网络/Unet_NCNN/build/CMakeFiles/unet_ncnn.dir/build.make;projects/linux视觉感知项目/源码/图像预处理（加速前+加速后）/Lime/build/CMakeFiles/lime.dir/build.make;projects/linux视觉感知项目/源码/图像预处理（加速前+加速后）/Lime_NEON+OpenMP/build/CMakeFiles/lime.dir/build.make
cmake-source-discovery-incremental-build-audit	CMakeFiles/<target>.dir/<source>.cpp.o	review-label	
cmake-source-discovery-incremental-build-audit	<source>.cpp.o.d	review-label	
cmake-source-discovery-incremental-build-audit	RPATH	exact	projects/linux视觉感知项目/源码/卷积神经网络/卷积神经网络/LSTR_ONNX/build/CMakeCache.txt;projects/linux视觉感知项目/源码/卷积神经网络/卷积神经网络/Unet_NCNN/build/CMakeCache.txt;projects/linux视觉感知项目/源码/图像预处理（加速前+加速后）/Lime/build/CMakeCache.txt;projects/linux视觉感知项目/源码/图像预处理（加速前+加速后）/Lime_NEON+OpenMP/build/CMakeCache.txt
cmake-source-discovery-incremental-build-audit	libonnxruntime.so	exact	projects/linux视觉感知项目/文档/01 项目概述/1.3 CMake 构建指南.md;projects/linux视觉感知项目/源码/卷积神经网络/卷积神经网络/LSTR_ONNX/CMakeLists.txt;projects/linux视觉感知项目/源码/卷积神经网络/卷积神经网络/LSTR_ONNX/build/CMakeFiles/LSTR.dir/build.make;projects/linux视觉感知项目/源码/卷积神经网络/卷积神经网络/LSTR_ONNX/build/CMakeFiles/LSTR.dir/link.txt
cmake-source-discovery-incremental-build-audit	ncnn	exact	projects/linux视觉感知项目/文档/01 项目概述/1.3 CMake 构建指南.md;projects/linux视觉感知项目/文档/05 系统集成与性能/5.1 模型轻量化与参数压缩.md;projects/linux视觉感知项目/源码/卷积神经网络/卷积神经网络/Unet_NCNN/CMakeLists.txt;projects/linux视觉感知项目/源码/卷积神经网络/卷积神经网络/Unet_NCNN/build/CMakeCache.txt;projects/linux视觉感知项目/源码/卷积神经网络/卷积神经网络/Unet_NCNN/build/CMakeFiles/unet_ncnn.dir/DependInfo.cmake;projects/linux视觉感知项目/源码/卷积神经网络/卷积神经网络/Unet_NCNN/build/CMakeFiles/unet_ncnn.dir/build.make;projects/linux视觉感知项目/源码/卷积神经网络/卷积神经网络/Unet_NCNN/build/CMakeFiles/unet_ncnn.dir/link.txt;projects/linux视觉感知项目/源码/卷积神经网络/卷积神经网络/Unet_NCNN/src/unet.cpp
cmake-source-discovery-incremental-build-audit	OpenCV	exact	projects/linux视觉感知项目/文档/01 项目概述/1.3 CMake 构建指南.md;projects/linux视觉感知项目/文档/05 系统集成与性能/5.1 模型轻量化与参数压缩.md;projects/linux视觉感知项目/源码/卷积神经网络/卷积神经网络/LSTR_ONNX/CMakeLists.txt;projects/linux视觉感知项目/源码/卷积神经网络/卷积神经网络/LSTR_ONNX/build/CMakeCache.txt;projects/linux视觉感知项目/源码/卷积神经网络/卷积神经网络/Unet_NCNN/CMakeLists.txt;projects/linux视觉感知项目/源码/卷积神经网络/卷积神经网络/Unet_NCNN/build/CMakeCache.txt;projects/linux视觉感知项目/源码/图像预处理（加速前+加速后）/Lime/CMakeLists.txt;projects/linux视觉感知项目/源码/图像预处理（加速前+加速后）/Lime/build/CMakeCache.txt;projects/linux视觉感知项目/源码/图像预处理（加速前+加速后）/Lime/lime.cpp;projects/linux视觉感知项目/源码/图像预处理（加速前+加速后）/Lime_NEON+OpenMP/CMakeLists.txt;projects/linux视觉感知项目/源码/图像预处理（加速前+加速后）/Lime_NEON+OpenMP/build/CMakeCache.txt;projects/linux视觉感知项目/源码/图像预处理（加速前+加速后）/Lime_NEON+OpenMP/lime_opt.cpp
cmake-source-discovery-incremental-build-audit	OpenMP	exact	projects/linux视觉感知项目/文档/01 项目概述/1.3 CMake 构建指南.md;projects/linux视觉感知项目/文档/05 系统集成与性能/5.1 模型轻量化与参数压缩.md;projects/linux视觉感知项目/源码/卷积神经网络/卷积神经网络/Unet_NCNN/CMakeLists.txt;projects/linux视觉感知项目/源码/卷积神经网络/卷积神经网络/Unet_NCNN/build/CMakeCache.txt;projects/linux视觉感知项目/源码/图像预处理（加速前+加速后）/Lime_NEON+OpenMP/CMakeLists.txt;projects/linux视觉感知项目/源码/图像预处理（加速前+加速后）/Lime_NEON+OpenMP/build/CMakeCache.txt;projects/linux视觉感知项目/源码/图像预处理（加速前+加速后）/Lime_NEON+OpenMP/build/CMakeFiles/lime.dir/DependInfo.cmake;projects/linux视觉感知项目/源码/图像预处理（加速前+加速后）/Lime_NEON+OpenMP/build/CMakeFiles/lime.dir/build.make;projects/linux视觉感知项目/源码/图像预处理（加速前+加速后）/Lime_NEON+OpenMP/xinlime.cpp
embedded-arm-linux-boot-chain	BootROM	review-label	
embedded-arm-linux-boot-chain	SPL	exact	projects/嵌入式八股/3. 杂七杂八/5. 嵌入式 ARM Linux 系统架构全解：一文讲透硬件、U-Boot、内核、驱动与应用.md;projects/嵌入式八股/糯叽叽八股/11 Bootloader与Rootfs.md
embedded-arm-linux-boot-chain	DDR	exact	projects/嵌入式八股/3. 杂七杂八/5. 嵌入式 ARM Linux 系统架构全解：一文讲透硬件、U-Boot、内核、驱动与应用.md;projects/嵌入式八股/糯叽叽八股/11 Bootloader与Rootfs.md
embedded-arm-linux-boot-chain	U-Boot	exact	projects/嵌入式八股/3. 杂七杂八/5. 嵌入式 ARM Linux 系统架构全解：一文讲透硬件、U-Boot、内核、驱动与应用.md;projects/嵌入式八股/糯叽叽八股/11 Bootloader与Rootfs.md
embedded-arm-linux-boot-chain	device tree	exact	projects/嵌入式八股/3. 杂七杂八/5. 嵌入式 ARM Linux 系统架构全解：一文讲透硬件、U-Boot、内核、驱动与应用.md;projects/嵌入式八股/糯叽叽八股/11 Bootloader与Rootfs.md
embedded-arm-linux-boot-chain	bootargs	exact	projects/嵌入式八股/3. 杂七杂八/5. 嵌入式 ARM Linux 系统架构全解：一文讲透硬件、U-Boot、内核、驱动与应用.md;projects/嵌入式八股/糯叽叽八股/11 Bootloader与Rootfs.md
embedded-arm-linux-boot-chain	rootfs	exact	projects/嵌入式八股/3. 杂七杂八/5. 嵌入式 ARM Linux 系统架构全解：一文讲透硬件、U-Boot、内核、驱动与应用.md;projects/嵌入式八股/糯叽叽八股/11 Bootloader与Rootfs.md
embedded-arm-linux-boot-chain	init	exact	projects/嵌入式八股/3. 杂七杂八/5. 嵌入式 ARM Linux 系统架构全解：一文讲透硬件、U-Boot、内核、驱动与应用.md;projects/嵌入式八股/糯叽叽八股/11 Bootloader与Rootfs.md
embedded-arm-linux-boot-chain	PID1	review-label	
embedded-arm-linux-boot-chain	serial console	review-label	
embedded-arm-linux-boot-chain	last-known-good-stage	review-label	
embedded-bus-selection	USART	exact	projects/RTOS项目/源码/BSP/DMA/dma.c;projects/RTOS项目/源码/SYSTEM/usart/usart.c;projects/嵌入式八股/3. 杂七杂八/1.【图解】5种总线协议：UART、RS232、RS485、I²C、SPI.md;projects/嵌入式八股/3. 杂七杂八/12. 图解 UART 异步通信.md;projects/嵌入式八股/糯叽叽八股/08 通讯协议.md
embedded-bus-selection	DMA	exact	projects/RTOS项目/源码/BSP/DMA/dma.c;projects/RTOS项目/源码/STM32F10x_FWLib/src/stm32f10x_i2c.c;projects/RTOS项目/源码/STM32F10x_FWLib/src/stm32f10x_spi.c;projects/RTOS项目/源码/SYSTEM/usart/usart.c;projects/嵌入式八股/3. 杂七杂八/1.【图解】5种总线协议：UART、RS232、RS485、I²C、SPI.md;projects/嵌入式八股/3. 杂七杂八/12. 图解 UART 异步通信.md;projects/嵌入式八股/3. 杂七杂八/2. 从 0 和 1 一步步推导 MCU 通信- 吃透 UART-SPI-I²C-CAN 底层原理.md;projects/嵌入式八股/糯叽叽八股/08 通讯协议.md
embedded-bus-selection	SPI	exact	projects/RTOS项目/源码/STM32F10x_FWLib/src/stm32f10x_spi.c;projects/嵌入式八股/3. 杂七杂八/1.【图解】5种总线协议：UART、RS232、RS485、I²C、SPI.md;projects/嵌入式八股/3. 杂七杂八/12. 图解 UART 异步通信.md;projects/嵌入式八股/3. 杂七杂八/2. 从 0 和 1 一步步推导 MCU 通信- 吃透 UART-SPI-I²C-CAN 底层原理.md;projects/嵌入式八股/糯叽叽八股/08 通讯协议.md
embedded-bus-selection	I2C	exact	projects/RTOS项目/源码/STM32F10x_FWLib/src/stm32f10x_i2c.c;projects/嵌入式八股/3. 杂七杂八/1.【图解】5种总线协议：UART、RS232、RS485、I²C、SPI.md;projects/嵌入式八股/3. 杂七杂八/12. 图解 UART 异步通信.md;projects/嵌入式八股/糯叽叽八股/08 通讯协议.md
embedded-bus-selection	UART	exact	projects/嵌入式八股/3. 杂七杂八/1.【图解】5种总线协议：UART、RS232、RS485、I²C、SPI.md;projects/嵌入式八股/3. 杂七杂八/12. 图解 UART 异步通信.md;projects/嵌入式八股/3. 杂七杂八/2. 从 0 和 1 一步步推导 MCU 通信- 吃透 UART-SPI-I²C-CAN 底层原理.md;projects/嵌入式八股/糯叽叽八股/08 通讯协议.md
embedded-bus-selection	RS232	exact	projects/嵌入式八股/3. 杂七杂八/1.【图解】5种总线协议：UART、RS232、RS485、I²C、SPI.md;projects/嵌入式八股/3. 杂七杂八/12. 图解 UART 异步通信.md
embedded-bus-selection	RS485	exact	projects/嵌入式八股/3. 杂七杂八/1.【图解】5种总线协议：UART、RS232、RS485、I²C、SPI.md;projects/嵌入式八股/3. 杂七杂八/12. 图解 UART 异步通信.md;projects/嵌入式八股/3. 杂七杂八/2. 从 0 和 1 一步步推导 MCU 通信- 吃透 UART-SPI-I²C-CAN 底层原理.md
embedded-bus-selection	CAN	exact	projects/嵌入式八股/3. 杂七杂八/1.【图解】5种总线协议：UART、RS232、RS485、I²C、SPI.md;projects/嵌入式八股/3. 杂七杂八/2. 从 0 和 1 一步步推导 MCU 通信- 吃透 UART-SPI-I²C-CAN 底层原理.md;projects/嵌入式八股/糯叽叽八股/08 通讯协议.md
embedded-c-storage-linkage-audit	.data	exact	projects/RTOS项目/源码/USER/PWM.map;projects/嵌入式八股/糯叽叽八股/01 C语言.md
embedded-c-storage-linkage-audit	.bss	exact	projects/RTOS项目/源码/USER/PWM.map;projects/嵌入式八股/糯叽叽八股/01 C语言.md
embedded-c-storage-linkage-audit	extern	exact	projects/嵌入式八股/糯叽叽八股/01 C语言.md
embedded-c-storage-linkage-audit	static	exact	projects/嵌入式八股/糯叽叽八股/01 C语言.md;projects/嵌入式八股/糯叽叽八股/04 操作系统.md
embedded-c-storage-linkage-audit	volatile	exact	projects/嵌入式八股/糯叽叽八股/01 C语言.md
embedded-c-storage-linkage-audit	Reset_Handler	exact	projects/RTOS项目/源码/CORE/startup_stm32f10x_md.s;projects/RTOS项目/源码/USER/PWM.map
embedded-c-storage-linkage-audit	SystemInit	exact	projects/RTOS项目/源码/CORE/startup_stm32f10x_md.s;projects/RTOS项目/源码/USER/PWM.map
embedded-c-storage-linkage-audit	__main	exact	projects/RTOS项目/源码/CORE/startup_stm32f10x_md.s;projects/RTOS项目/源码/USER/PWM.map
embedded-c-storage-linkage-audit	__initial_sp	exact	projects/RTOS项目/源码/CORE/startup_stm32f10x_md.s;projects/RTOS项目/源码/USER/PWM.map
embedded-c-storage-linkage-audit	__heap_base	exact	projects/RTOS项目/源码/CORE/startup_stm32f10x_md.s
embedded-c-storage-linkage-audit	__heap_limit	exact	projects/RTOS项目/源码/CORE/startup_stm32f10x_md.s
embedded-c-storage-linkage-audit	ER_IROM1	exact	projects/RTOS项目/源码/OBJ/PWM.sct;projects/RTOS项目/源码/USER/PWM.map
embedded-c-storage-linkage-audit	RW_IRAM1	exact	projects/RTOS项目/源码/OBJ/PWM.sct;projects/RTOS项目/源码/USER/PWM.map
embedded-c-storage-linkage-audit	+RW	exact	projects/RTOS项目/源码/OBJ/PWM.sct
embedded-c-storage-linkage-audit	+ZI	exact	projects/RTOS项目/源码/OBJ/PWM.sct
embedded-c-storage-linkage-audit	Image Entry point	exact	projects/RTOS项目/源码/USER/PWM.map
embedded-c-storage-linkage-audit	Total RW Size	review-label	
embedded-c-struct-binary-contract-audit	sizeof	exact	projects/嵌入式八股/3. 杂七杂八/10. 嵌入式开发，最值得精通的28个结构体.md;projects/嵌入式八股/糯叽叽八股/01 C语言.md
embedded-c-struct-binary-contract-audit	offsetof	exact	projects/嵌入式八股/3. 杂七杂八/10. 嵌入式开发，最值得精通的28个结构体.md
embedded-c-struct-binary-contract-audit	_Alignof	exact	projects/嵌入式八股/糯叽叽八股/01 C语言.md
embedded-c-struct-binary-contract-audit	pragma pack	exact	projects/嵌入式八股/3. 杂七杂八/10. 嵌入式开发，最值得精通的28个结构体.md;projects/嵌入式八股/糯叽叽八股/01 C语言.md
embedded-c-struct-binary-contract-audit	bit-field	review-label	
embedded-c-struct-binary-contract-audit	union	exact	projects/嵌入式八股/3. 杂七杂八/10. 嵌入式开发，最值得精通的28个结构体.md;projects/嵌入式八股/糯叽叽八股/01 C语言.md
embedded-c-struct-binary-contract-audit	flexible array	review-label	
embedded-c-struct-binary-contract-audit	volatile	exact	projects/嵌入式八股/3. 杂七杂八/10. 嵌入式开发，最值得精通的28个结构体.md;projects/嵌入式八股/糯叽叽八股/01 C语言.md;projects/嵌入式八股/糯叽叽八股/06 STM32.md
embedded-c-struct-binary-contract-audit	CRC	exact	projects/嵌入式八股/3. 杂七杂八/10. 嵌入式开发，最值得精通的28个结构体.md;projects/嵌入式八股/糯叽叽八股/08 通讯协议.md
embedded-c-struct-binary-contract-audit	DLC	exact	projects/嵌入式八股/糯叽叽八股/08 通讯协议.md
embedded-c-struct-binary-contract-audit	memcpy	exact	projects/嵌入式八股/3. 杂七杂八/10. 嵌入式开发，最值得精通的28个结构体.md;projects/嵌入式八股/糯叽叽八股/01 C语言.md
embedded-c-struct-binary-contract-audit	endian	review-label	
embedded-cpp-resource-lifetime	RAII	exact	projects/嵌入式八股/糯叽叽八股/01 C语言.md;projects/嵌入式八股/糯叽叽八股/02 C++.md
embedded-cpp-resource-lifetime	constructor	exact	projects/嵌入式八股/糯叽叽八股/02 C++.md
embedded-cpp-resource-lifetime	destructor	exact	projects/嵌入式八股/糯叽叽八股/02 C++.md
embedded-cpp-resource-lifetime	copy constructor	review-label	
embedded-cpp-resource-lifetime	move constructor	review-label	
embedded-cpp-resource-lifetime	unique_ptr	exact	projects/嵌入式八股/糯叽叽八股/01 C语言.md;projects/嵌入式八股/糯叽叽八股/02 C++.md
embedded-cpp-resource-lifetime	shared_ptr	exact	projects/嵌入式八股/糯叽叽八股/01 C语言.md;projects/嵌入式八股/糯叽叽八股/02 C++.md
embedded-cpp-resource-lifetime	weak_ptr	exact	projects/嵌入式八股/糯叽叽八股/02 C++.md
embedded-cpp-resource-lifetime	vector	exact	projects/嵌入式八股/糯叽叽八股/01 C语言.md;projects/嵌入式八股/糯叽叽八股/02 C++.md;projects/嵌入式八股/糯叽叽八股/03 STL与容器.md
embedded-cpp-resource-lifetime	iterator	exact	projects/嵌入式八股/糯叽叽八股/02 C++.md;projects/嵌入式八股/糯叽叽八股/03 STL与容器.md
embedded-interview-layered-answer	定义	exact	projects/Linux物理内存检测项目/文档/4 深度学习/4.3 实战重构与面试追问.md;projects/RTOS项目/RTOS项目复习文档.md;projects/嵌入式八股/1. 项目八股/Linux物理内存碎片高频面试题.md;projects/嵌入式八股/1. 项目八股/RTOS高频面试题.md;projects/嵌入式八股/嵌入式高频八股150题.md
embedded-interview-layered-answer	原理	exact	projects/RTOS项目/RTOS项目复习文档.md;projects/linux视觉感知项目/文档/06 面试与复习/6.2 项目全局面试问答.md;projects/linux视觉感知项目/文档/06 面试与复习/6.3 LIME与优化面试要点.md;projects/嵌入式八股/1. 项目八股/Linux物理内存碎片高频面试题.md;projects/嵌入式八股/1. 项目八股/RTOS高频面试题.md;projects/嵌入式八股/嵌入式高频八股150题.md
embedded-interview-layered-answer	项目映射	review-label	
embedded-interview-layered-answer	边界	exact	projects/Linux物理内存检测项目/文档/4 深度学习/4.3 实战重构与面试追问.md;projects/RTOS项目/RTOS项目复习文档.md;projects/linux视觉感知项目/文档/06 面试与复习/6.2 项目全局面试问答.md;projects/linux视觉感知项目/文档/06 面试与复习/6.3 LIME与优化面试要点.md;projects/嵌入式八股/1. 项目八股/Linux物理内存碎片高频面试题.md;projects/嵌入式八股/1. 项目八股/RTOS高频面试题.md;projects/嵌入式八股/1. 项目八股/linux视觉感知面试题.md;projects/嵌入式八股/嵌入式高频八股150题.md
embedded-interview-layered-answer	优化	exact	projects/RTOS项目/RTOS项目复习文档.md;projects/linux视觉感知项目/文档/06 面试与复习/6.2 项目全局面试问答.md;projects/linux视觉感知项目/文档/06 面试与复习/6.3 LIME与优化面试要点.md;projects/嵌入式八股/1. 项目八股/Linux物理内存碎片高频面试题.md;projects/嵌入式八股/1. 项目八股/RTOS高频面试题.md;projects/嵌入式八股/1. 项目八股/linux视觉感知面试题.md;projects/嵌入式八股/嵌入式高频八股150题.md
embedded-interview-layered-answer	追问	exact	projects/Linux物理内存检测项目/文档/4 深度学习/4.3 实战重构与面试追问.md;projects/RTOS项目/RTOS项目复习文档.md;projects/linux视觉感知项目/文档/06 面试与复习/6.2 项目全局面试问答.md;projects/嵌入式八股/1. 项目八股/Linux物理内存碎片高频面试题.md;projects/嵌入式八股/1. 项目八股/RTOS高频面试题.md;projects/嵌入式八股/1. 项目八股/linux视觉感知面试题.md;projects/嵌入式八股/嵌入式高频八股150题.md
embedded-learning-state-and-active-recall	mastery	exact	工作台/八股进度.base;工作台/学习总账.md;工作台/嵌入式学习工作台.md;工作台/条目记录/150题-001.md;工作台/条目记录/小林网络-001.md;工作台/条目记录/项目八股-RTOS-A0.md
embedded-learning-state-and-active-recall	review_flag	exact	工作台/八股进度.base;工作台/学习总账.md;工作台/嵌入式学习工作台.md;工作台/条目记录/150题-001.md;工作台/条目记录/小林网络-001.md;工作台/条目记录/项目八股-RTOS-A0.md
embedded-learning-state-and-active-recall	last_studied	exact	工作台/八股进度.base;工作台/学习总账.md;工作台/嵌入式学习工作台.md;工作台/条目记录/150题-001.md;工作台/条目记录/小林网络-001.md;工作台/条目记录/项目八股-RTOS-A0.md
embedded-learning-state-and-active-recall	source	exact	工作台/八股进度.base;工作台/学习总账.md;工作台/条目记录/150题-001.md;工作台/条目记录/小林网络-001.md;工作台/条目记录/项目八股-RTOS-A0.md
embedded-learning-state-and-active-recall	formula.mastery_score	exact	工作台/八股进度.base
embedded-learning-state-and-active-recall	formula.needs_review	exact	工作台/八股进度.base
embedded-memory-lifetime-and-pool-design	malloc	exact	projects/RTOS项目/源码/FreeRTOS/portable/MemMang/heap_4.c;projects/嵌入式八股/3. 杂七杂八/7. 嵌入式系统开发，必知的10个内存管理策略.md;projects/嵌入式八股/糯叽叽八股/01 C语言.md;projects/嵌入式八股/糯叽叽八股/02 C++.md;projects/嵌入式八股/糯叽叽八股/07 FreeRTOS.md
embedded-memory-lifetime-and-pool-design	free	exact	projects/RTOS项目/源码/FreeRTOS/include/FreeRTOSConfig.h;projects/RTOS项目/源码/FreeRTOS/portable/MemMang/heap_4.c;projects/嵌入式八股/3. 杂七杂八/7. 嵌入式系统开发，必知的10个内存管理策略.md;projects/嵌入式八股/糯叽叽八股/01 C语言.md;projects/嵌入式八股/糯叽叽八股/02 C++.md;projects/嵌入式八股/糯叽叽八股/07 FreeRTOS.md
embedded-memory-lifetime-and-pool-design	pvPortMalloc	exact	projects/RTOS项目/源码/FreeRTOS/portable/MemMang/heap_4.c;projects/嵌入式八股/3. 杂七杂八/7. 嵌入式系统开发，必知的10个内存管理策略.md;projects/嵌入式八股/糯叽叽八股/07 FreeRTOS.md
embedded-memory-lifetime-and-pool-design	vPortFree	exact	projects/RTOS项目/源码/FreeRTOS/portable/MemMang/heap_4.c;projects/嵌入式八股/3. 杂七杂八/7. 嵌入式系统开发，必知的10个内存管理策略.md;projects/嵌入式八股/糯叽叽八股/07 FreeRTOS.md
embedded-memory-lifetime-and-pool-design	xTaskCreate	exact	projects/RTOS项目/源码/APP_TASK/app_tasks.c;projects/嵌入式八股/3. 杂七杂八/7. 嵌入式系统开发，必知的10个内存管理策略.md;projects/嵌入式八股/糯叽叽八股/07 FreeRTOS.md
embedded-memory-lifetime-and-pool-design	xTaskCreateStatic	exact	projects/嵌入式八股/3. 杂七杂八/7. 嵌入式系统开发，必知的10个内存管理策略.md;projects/嵌入式八股/糯叽叽八股/07 FreeRTOS.md
embedded-memory-lifetime-and-pool-design	configSUPPORT_DYNAMIC_ALLOCATION	exact	projects/RTOS项目/源码/FreeRTOS/include/FreeRTOSConfig.h;projects/RTOS项目/源码/FreeRTOS/portable/MemMang/heap_4.c;projects/嵌入式八股/糯叽叽八股/07 FreeRTOS.md
embedded-memory-lifetime-and-pool-design	configTOTAL_HEAP_SIZE	exact	projects/RTOS项目/源码/FreeRTOS/include/FreeRTOSConfig.h;projects/RTOS项目/源码/FreeRTOS/portable/MemMang/heap_4.c
embedded-memory-lifetime-and-pool-design	Memory Pool	exact	projects/嵌入式八股/3. 杂七杂八/7. 嵌入式系统开发，必知的10个内存管理策略.md;projects/嵌入式八股/糯叽叽八股/01 C语言.md;projects/嵌入式八股/糯叽叽八股/07 FreeRTOS.md
embedded-numeric-contract-audit	IEEE 754	exact	projects/嵌入式八股/2. 小林图解/图解系统/02｜硬件结构篇/2.7 为什么 0.1 + 0.2 不等于 0.3？.md;projects/嵌入式八股/3. 杂七杂八/14. PLC 原理 + 数据类型，工控入门天花板知识点.md
embedded-numeric-contract-audit	float	exact	projects/嵌入式八股/2. 小林图解/图解系统/02｜硬件结构篇/2.7 为什么 0.1 + 0.2 不等于 0.3？.md
embedded-numeric-contract-audit	double	exact	projects/嵌入式八股/2. 小林图解/图解系统/02｜硬件结构篇/2.7 为什么 0.1 + 0.2 不等于 0.3？.md
embedded-numeric-contract-audit	REAL	exact	projects/嵌入式八股/3. 杂七杂八/14. PLC 原理 + 数据类型，工控入门天花板知识点.md
embedded-numeric-contract-audit	LREAL	exact	projects/嵌入式八股/3. 杂七杂八/14. PLC 原理 + 数据类型，工控入门天花板知识点.md
embedded-numeric-contract-audit	INT_TO_REAL	exact	projects/嵌入式八股/3. 杂七杂八/14. PLC 原理 + 数据类型，工控入门天花板知识点.md
embedded-numeric-contract-audit	REAL_TO_INT	exact	projects/嵌入式八股/3. 杂七杂八/14. PLC 原理 + 数据类型，工控入门天花板知识点.md
embedded-numeric-contract-audit	ScaleLinear	exact	projects/嵌入式八股/3. 杂七杂八/14. PLC 原理 + 数据类型，工控入门天花板知识点.md
embedded-numeric-contract-audit	FilterCoefficient	exact	projects/嵌入式八股/3. 杂七杂八/14. PLC 原理 + 数据类型，工控入门天花板知识点.md
embedded-numeric-contract-audit	HighLimit	exact	projects/嵌入式八股/3. 杂七杂八/14. PLC 原理 + 数据类型，工控入门天花板知识点.md
embedded-numeric-contract-audit	LowLimit	exact	projects/嵌入式八股/3. 杂七杂八/14. PLC 原理 + 数据类型，工控入门天花板知识点.md
interactive-lab-fact-boundary-audit	eBPF	exact	projects/Linux物理内存检测项目/文档/4 深度学习/4.1 源码审计与事实边界.md;projects/Linux物理内存检测项目/文档/4 深度学习/4.2 主动学习与推演/4.2.1 全链路手工追踪.md;projects/Linux物理内存检测项目/文档/4 深度学习/4.2 主动学习与推演/4.2.2 深度学习路线与VCQ诊断.md
interactive-lab-fact-boundary-audit	BCC	exact	projects/Linux物理内存检测项目/文档/4 深度学习/4.1 源码审计与事实边界.md;projects/Linux物理内存检测项目/文档/4 深度学习/4.2 主动学习与推演/4.2.1 全链路手工追踪.md;projects/Linux物理内存检测项目/文档/4 深度学习/4.2 主动学习与推演/4.2.2 深度学习路线与VCQ诊断.md
interactive-lab-fact-boundary-audit	Python	exact	projects/Linux物理内存检测项目/文档/4 深度学习/4.1 源码审计与事实边界.md;projects/Linux物理内存检测项目/文档/4 深度学习/4.2 主动学习与推演/4.2.1 全链路手工追踪.md;projects/Linux物理内存检测项目/文档/4 深度学习/4.2 主动学习与推演/4.2.2 深度学习路线与VCQ诊断.md
interactive-lab-fact-boundary-audit	curses	exact	projects/Linux物理内存检测项目/文档/4 深度学习/4.1 源码审计与事实边界.md;projects/Linux物理内存检测项目/文档/4 深度学习/4.2 主动学习与推演/4.2.1 全链路手工追踪.md;projects/Linux物理内存检测项目/文档/4 深度学习/4.2 主动学习与推演/4.2.2 深度学习路线与VCQ诊断.md
interactive-lab-fact-boundary-audit	source	review-label	
interactive-lab-fact-boundary-audit	boundary	review-label	
interactive-lab-fact-boundary-audit	LIME	exact	projects/linux视觉感知项目/文档/01 项目概述/1.5 系统全景与数据流.md;projects/linux视觉感知项目/文档/05 系统集成与性能/5.1 模型轻量化与参数压缩.md
interactive-lab-fact-boundary-audit	LSTR	exact	projects/linux视觉感知项目/文档/01 项目概述/1.5 系统全景与数据流.md;projects/linux视觉感知项目/文档/05 系统集成与性能/5.1 模型轻量化与参数压缩.md
linux-buddy-fragmentation-diagnosis	struct zone	exact	projects/Linux物理内存检测项目/文档/3 深入理解/3.2 内存管理核心概念/3.2.1 Linux物理内存与伙伴系统.md;projects/Linux物理内存检测项目/文档/3 深入理解/3.2 内存管理核心概念/3.2.3 内存分配快速路径监控.md;projects/Linux物理内存检测项目/文档/3 深入理解/3.4 数据采集与处理/3.4.2 内存状态统计方法.md;projects/Linux物理内存检测项目/源码/fraginfo.c
linux-buddy-fragmentation-diagnosis	free_area	exact	projects/Linux物理内存检测项目/文档/3 深入理解/3.2 内存管理核心概念/3.2.1 Linux物理内存与伙伴系统.md;projects/Linux物理内存检测项目/文档/3 深入理解/3.2 内存管理核心概念/3.2.3 内存分配快速路径监控.md;projects/Linux物理内存检测项目/文档/3 深入理解/3.4 数据采集与处理/3.4.2 内存状态统计方法.md;projects/Linux物理内存检测项目/源码/fraginfo.c
linux-buddy-fragmentation-diagnosis	fill_contig_page_info	exact	projects/Linux物理内存检测项目/文档/3 深入理解/3.2 内存管理核心概念/3.2.1 Linux物理内存与伙伴系统.md;projects/Linux物理内存检测项目/文档/3 深入理解/3.2 内存管理核心概念/3.2.3 内存分配快速路径监控.md;projects/Linux物理内存检测项目/文档/3 深入理解/3.4 数据采集与处理/3.4.2 内存状态统计方法.md;projects/Linux物理内存检测项目/文档/3 深入理解/3.4 数据采集与处理/3.4.3 碎片化指数计算算法.md;projects/Linux物理内存检测项目/源码/fraginfo.c
linux-buddy-fragmentation-diagnosis	unusable_free_index	exact	projects/Linux物理内存检测项目/文档/3 深入理解/3.2 内存管理核心概念/3.2.1 Linux物理内存与伙伴系统.md;projects/Linux物理内存检测项目/文档/3 深入理解/3.2 内存管理核心概念/3.2.2 内存碎片化问题分析.md;projects/Linux物理内存检测项目/文档/3 深入理解/3.2 内存管理核心概念/3.2.3 内存分配快速路径监控.md;projects/Linux物理内存检测项目/文档/3 深入理解/3.4 数据采集与处理/3.4.2 内存状态统计方法.md;projects/Linux物理内存检测项目/文档/3 深入理解/3.4 数据采集与处理/3.4.3 碎片化指数计算算法.md;projects/Linux物理内存检测项目/源码/fraginfo.c
linux-buddy-fragmentation-diagnosis	__fragmentation_index	exact	projects/Linux物理内存检测项目/文档/3 深入理解/3.2 内存管理核心概念/3.2.3 内存分配快速路径监控.md;projects/Linux物理内存检测项目/文档/3 深入理解/3.4 数据采集与处理/3.4.2 内存状态统计方法.md;projects/Linux物理内存检测项目/文档/3 深入理解/3.4 数据采集与处理/3.4.3 碎片化指数计算算法.md;projects/Linux物理内存检测项目/源码/fraginfo.c
linux-buddy-fragmentation-diagnosis	order	exact	projects/Linux物理内存检测项目/文档/3 深入理解/3.2 内存管理核心概念/3.2.1 Linux物理内存与伙伴系统.md;projects/Linux物理内存检测项目/文档/3 深入理解/3.2 内存管理核心概念/3.2.2 内存碎片化问题分析.md;projects/Linux物理内存检测项目/文档/3 深入理解/3.2 内存管理核心概念/3.2.3 内存分配快速路径监控.md;projects/Linux物理内存检测项目/文档/3 深入理解/3.4 数据采集与处理/3.4.2 内存状态统计方法.md;projects/Linux物理内存检测项目/文档/3 深入理解/3.4 数据采集与处理/3.4.3 碎片化指数计算算法.md;projects/Linux物理内存检测项目/源码/fraginfo.c
linux-buddy-fragmentation-diagnosis	buddyinfo	exact	projects/Linux物理内存检测项目/文档/3 深入理解/3.4 数据采集与处理/3.4.2 内存状态统计方法.md
linux-build-debug-chain	gcc	exact	archive/大丙Linux教程/第1章 Linux 基础/07 GCC.md;archive/大丙Linux教程/第1章 Linux 基础/08 静态库和动态库.md;archive/大丙Linux教程/第1章 Linux 基础/09 Makefile.md;archive/大丙Linux教程/第1章 Linux 基础/10 GDB调试.md
linux-build-debug-chain	g++	exact	archive/大丙Linux教程/第1章 Linux 基础/07 GCC.md;archive/大丙Linux教程/第1章 Linux 基础/09 Makefile.md;archive/大丙Linux教程/第1章 Linux 基础/10 GDB调试.md
linux-build-debug-chain	ar	exact	archive/大丙Linux教程/第1章 Linux 基础/07 GCC.md;archive/大丙Linux教程/第1章 Linux 基础/08 静态库和动态库.md;archive/大丙Linux教程/第1章 Linux 基础/09 Makefile.md;archive/大丙Linux教程/第1章 Linux 基础/10 GDB调试.md
linux-build-debug-chain	cpp	exact	archive/大丙Linux教程/第1章 Linux 基础/07 GCC.md;archive/大丙Linux教程/第1章 Linux 基础/09 Makefile.md;archive/大丙Linux教程/第1章 Linux 基础/10 GDB调试.md
linux-build-debug-chain	as	exact	archive/大丙Linux教程/第1章 Linux 基础/07 GCC.md;archive/大丙Linux教程/第1章 Linux 基础/08 静态库和动态库.md;archive/大丙Linux教程/第1章 Linux 基础/09 Makefile.md;archive/大丙Linux教程/第1章 Linux 基础/10 GDB调试.md
linux-build-debug-chain	ld	exact	archive/大丙Linux教程/第1章 Linux 基础/08 静态库和动态库.md;archive/大丙Linux教程/第1章 Linux 基础/09 Makefile.md
linux-build-debug-chain	make	exact	archive/大丙Linux教程/第1章 Linux 基础/09 Makefile.md
linux-build-debug-chain	target	exact	archive/大丙Linux教程/第1章 Linux 基础/09 Makefile.md
linux-build-debug-chain	depend	exact	archive/大丙Linux教程/第1章 Linux 基础/09 Makefile.md
linux-build-debug-chain	ldd	exact	archive/大丙Linux教程/第1章 Linux 基础/08 静态库和动态库.md
linux-build-debug-chain	LD_LIBRARY_PATH	exact	archive/大丙Linux教程/第1章 Linux 基础/08 静态库和动态库.md
linux-build-debug-chain	gdb	exact	archive/大丙Linux教程/第1章 Linux 基础/10 GDB调试.md
linux-driver-device-tree-boundary	compatible	exact	projects/嵌入式八股/3. 杂七杂八/5. 嵌入式 ARM Linux 系统架构全解：一文讲透硬件、U-Boot、内核、驱动与应用.md;projects/嵌入式八股/糯叽叽八股/10 嵌入式Linux驱动.md
linux-driver-device-tree-boundary	reg	exact	projects/嵌入式八股/3. 杂七杂八/5. 嵌入式 ARM Linux 系统架构全解：一文讲透硬件、U-Boot、内核、驱动与应用.md;projects/嵌入式八股/糯叽叽八股/09 嵌入式Linux应用.md;projects/嵌入式八股/糯叽叽八股/10 嵌入式Linux驱动.md
linux-driver-device-tree-boundary	interrupt	exact	projects/嵌入式八股/3. 杂七杂八/5. 嵌入式 ARM Linux 系统架构全解：一文讲透硬件、U-Boot、内核、驱动与应用.md;projects/嵌入式八股/糯叽叽八股/10 嵌入式Linux驱动.md
linux-driver-device-tree-boundary	platform_device	exact	projects/嵌入式八股/3. 杂七杂八/5. 嵌入式 ARM Linux 系统架构全解：一文讲透硬件、U-Boot、内核、驱动与应用.md
linux-driver-device-tree-boundary	platform_driver	exact	projects/嵌入式八股/3. 杂七杂八/5. 嵌入式 ARM Linux 系统架构全解：一文讲透硬件、U-Boot、内核、驱动与应用.md
linux-driver-device-tree-boundary	probe	exact	projects/嵌入式八股/3. 杂七杂八/5. 嵌入式 ARM Linux 系统架构全解：一文讲透硬件、U-Boot、内核、驱动与应用.md;projects/嵌入式八股/糯叽叽八股/10 嵌入式Linux驱动.md
linux-driver-device-tree-boundary	remove	exact	projects/嵌入式八股/3. 杂七杂八/5. 嵌入式 ARM Linux 系统架构全解：一文讲透硬件、U-Boot、内核、驱动与应用.md;projects/嵌入式八股/糯叽叽八股/10 嵌入式Linux驱动.md
linux-driver-device-tree-boundary	devm_platform_ioremap_resource	exact	projects/嵌入式八股/3. 杂七杂八/5. 嵌入式 ARM Linux 系统架构全解：一文讲透硬件、U-Boot、内核、驱动与应用.md
linux-driver-device-tree-boundary	platform_get_irq	exact	projects/嵌入式八股/3. 杂七杂八/5. 嵌入式 ARM Linux 系统架构全解：一文讲透硬件、U-Boot、内核、驱动与应用.md
linux-driver-device-tree-boundary	file_operations	exact	projects/嵌入式八股/糯叽叽八股/10 嵌入式Linux驱动.md
linux-driver-device-tree-boundary	read	exact	projects/嵌入式八股/3. 杂七杂八/5. 嵌入式 ARM Linux 系统架构全解：一文讲透硬件、U-Boot、内核、驱动与应用.md;projects/嵌入式八股/糯叽叽八股/09 嵌入式Linux应用.md;projects/嵌入式八股/糯叽叽八股/10 嵌入式Linux驱动.md
linux-driver-device-tree-boundary	write	exact	projects/嵌入式八股/3. 杂七杂八/5. 嵌入式 ARM Linux 系统架构全解：一文讲透硬件、U-Boot、内核、驱动与应用.md;projects/嵌入式八股/糯叽叽八股/09 嵌入式Linux应用.md;projects/嵌入式八股/糯叽叽八股/10 嵌入式Linux驱动.md
linux-driver-device-tree-boundary	ioctl	exact	projects/嵌入式八股/3. 杂七杂八/5. 嵌入式 ARM Linux 系统架构全解：一文讲透硬件、U-Boot、内核、驱动与应用.md;projects/嵌入式八股/糯叽叽八股/09 嵌入式Linux应用.md;projects/嵌入式八股/糯叽叽八股/10 嵌入式Linux驱动.md
linux-driver-device-tree-boundary	mmap	exact	projects/嵌入式八股/3. 杂七杂八/5. 嵌入式 ARM Linux 系统架构全解：一文讲透硬件、U-Boot、内核、驱动与应用.md;projects/嵌入式八股/糯叽叽八股/09 嵌入式Linux应用.md;projects/嵌入式八股/糯叽叽八股/10 嵌入式Linux驱动.md
linux-driver-device-tree-boundary	request_irq	exact	projects/嵌入式八股/糯叽叽八股/10 嵌入式Linux驱动.md
linux-driver-device-tree-boundary	free_irq	exact	projects/嵌入式八股/糯叽叽八股/10 嵌入式Linux驱动.md
linux-driver-device-tree-boundary	wait_event_interruptible	exact	projects/嵌入式八股/糯叽叽八股/10 嵌入式Linux驱动.md
linux-ebpf-map-counter-contract	struct data_t	exact	projects/Linux物理内存检测项目/文档/3 深入理解/3.4 数据采集与处理/3.4.1 外碎片化事件采集.md;projects/Linux物理内存检测项目/源码/extfraginfo.c;projects/Linux物理内存检测项目/项目完整代码流程详解.md
linux-ebpf-map-counter-contract	counts_map	exact	projects/Linux物理内存检测项目/文档/3 深入理解/3.4 数据采集与处理/3.4.1 外碎片化事件采集.md;projects/Linux物理内存检测项目/文档/4 深度学习/4.2 主动学习与推演/4.2.3 核心难点精讲.md;projects/Linux物理内存检测项目/源码/exfrag.py;projects/Linux物理内存检测项目/源码/extfraginfo.c;projects/Linux物理内存检测项目/项目完整代码流程详解.md
linux-ebpf-map-counter-contract	TRACEPOINT_PROBE(kmem, mm_page_alloc_extfrag)	exact	projects/Linux物理内存检测项目/文档/3 深入理解/3.4 数据采集与处理/3.4.1 外碎片化事件采集.md;projects/Linux物理内存检测项目/源码/extfraginfo.c;projects/Linux物理内存检测项目/项目完整代码流程详解.md
linux-ebpf-map-counter-contract	data->count	exact	projects/Linux物理内存检测项目/文档/4 深度学习/4.2 主动学习与推演/4.2.3 核心难点精讲.md;projects/Linux物理内存检测项目/源码/extfraginfo.c;projects/Linux物理内存检测项目/项目完整代码流程详解.md
linux-ebpf-map-counter-contract	bpf_get_current_comm	exact	projects/Linux物理内存检测项目/源码/extfraginfo.c;projects/Linux物理内存检测项目/项目完整代码流程详解.md
linux-ebpf-map-counter-contract	get_count_data	exact	projects/Linux物理内存检测项目/文档/3 深入理解/3.4 数据采集与处理/3.4.1 外碎片化事件采集.md;projects/Linux物理内存检测项目/源码/exfrag.py;projects/Linux物理内存检测项目/项目完整代码流程详解.md
linux-ebpf-map-counter-contract	alloc_order	exact	projects/Linux物理内存检测项目/文档/3 深入理解/3.4 数据采集与处理/3.4.1 外碎片化事件采集.md;projects/Linux物理内存检测项目/文档/4 深度学习/4.2 主动学习与推演/4.2.3 核心难点精讲.md;projects/Linux物理内存检测项目/源码/exfrag.py;projects/Linux物理内存检测项目/源码/extfraginfo.c;projects/Linux物理内存检测项目/项目完整代码流程详解.md
linux-ebpf-map-counter-contract	fallback_order	exact	projects/Linux物理内存检测项目/文档/3 深入理解/3.4 数据采集与处理/3.4.1 外碎片化事件采集.md;projects/Linux物理内存检测项目/文档/4 深度学习/4.2 主动学习与推演/4.2.3 核心难点精讲.md;projects/Linux物理内存检测项目/源码/exfrag.py;projects/Linux物理内存检测项目/源码/extfraginfo.c;projects/Linux物理内存检测项目/项目完整代码流程详解.md
linux-fd-process-io-debugging	open	exact	archive/大丙Linux教程/第2章 文件IO/01 文件描述符.md;archive/大丙Linux教程/第2章 文件IO/04 文件描述符复制和重定向.md;archive/大丙Linux教程/第3章 进程和线程/01 进程控制.md;archive/大丙Linux教程/第3章 进程和线程/02 管道.md;archive/大丙Linux教程/第3章 进程和线程/03 内存映射区.md
linux-fd-process-io-debugging	close	exact	archive/大丙Linux教程/第2章 文件IO/01 文件描述符.md;archive/大丙Linux教程/第2章 文件IO/04 文件描述符复制和重定向.md;archive/大丙Linux教程/第3章 进程和线程/02 管道.md;archive/大丙Linux教程/第3章 进程和线程/03 内存映射区.md
linux-fd-process-io-debugging	dup	exact	archive/大丙Linux教程/第2章 文件IO/04 文件描述符复制和重定向.md;archive/大丙Linux教程/第3章 进程和线程/02 管道.md
linux-fd-process-io-debugging	dup2	exact	archive/大丙Linux教程/第2章 文件IO/04 文件描述符复制和重定向.md;archive/大丙Linux教程/第3章 进程和线程/02 管道.md
linux-fd-process-io-debugging	fork	exact	archive/大丙Linux教程/第3章 进程和线程/01 进程控制.md;archive/大丙Linux教程/第3章 进程和线程/02 管道.md;archive/大丙Linux教程/第3章 进程和线程/03 内存映射区.md
linux-fd-process-io-debugging	exec	exact	archive/大丙Linux教程/第3章 进程和线程/01 进程控制.md;archive/大丙Linux教程/第3章 进程和线程/02 管道.md
linux-fd-process-io-debugging	pipe	exact	archive/大丙Linux教程/第3章 进程和线程/02 管道.md
linux-fd-process-io-debugging	mmap	exact	archive/大丙Linux教程/第2章 文件IO/01 文件描述符.md;archive/大丙Linux教程/第3章 进程和线程/03 内存映射区.md;archive/大丙Linux教程/第3章 进程和线程/04 共享内存.md
linux-fd-process-io-debugging	munmap	exact	archive/大丙Linux教程/第3章 进程和线程/03 内存映射区.md
linux-fd-process-io-debugging	shmget	exact	archive/大丙Linux教程/第3章 进程和线程/04 共享内存.md
linux-fd-process-io-debugging	shmat	exact	archive/大丙Linux教程/第3章 进程和线程/04 共享内存.md
linux-fd-process-io-debugging	pthread_mutex	exact	archive/大丙Linux教程/第3章 进程和线程/08 线程同步.md
linux-file-persistence-crash-consistency	write	exact	projects/嵌入式八股/2. 小林图解/图解系统/07｜文件系统篇/7.1 文件系统全家桶.md;projects/嵌入式八股/2. 小林图解/图解系统/07｜文件系统篇/7.2 进程写文件时，进程发生了崩溃，已写入的数据会丢失吗？.md;projects/嵌入式八股/3. 杂七杂八/10. 嵌入式开发，最值得精通的28个结构体.md;projects/嵌入式八股/糯叽叽八股/09 嵌入式Linux应用.md
linux-file-persistence-crash-consistency	fsync	exact	projects/嵌入式八股/2. 小林图解/图解系统/07｜文件系统篇/7.2 进程写文件时，进程发生了崩溃，已写入的数据会丢失吗？.md
linux-file-persistence-crash-consistency	fdatasync	exact	projects/嵌入式八股/2. 小林图解/图解系统/07｜文件系统篇/7.2 进程写文件时，进程发生了崩溃，已写入的数据会丢失吗？.md
linux-file-persistence-crash-consistency	sync	exact	projects/嵌入式八股/2. 小林图解/图解系统/07｜文件系统篇/7.1 文件系统全家桶.md;projects/嵌入式八股/2. 小林图解/图解系统/07｜文件系统篇/7.2 进程写文件时，进程发生了崩溃，已写入的数据会丢失吗？.md;projects/嵌入式八股/糯叽叽八股/09 嵌入式Linux应用.md
linux-file-persistence-crash-consistency	Page Cache	exact	projects/嵌入式八股/2. 小林图解/图解系统/07｜文件系统篇/7.2 进程写文件时，进程发生了崩溃，已写入的数据会丢失吗？.md
linux-file-persistence-crash-consistency	write-back	exact	projects/嵌入式八股/2. 小林图解/图解系统/07｜文件系统篇/7.2 进程写文件时，进程发生了崩溃，已写入的数据会丢失吗？.md
linux-file-persistence-crash-consistency	dirty page	review-label	
linux-memory-ebpf-pipeline	BPF	exact	projects/Linux物理内存检测项目/文档/3 深入理解/3.1 核心技术架构/3.1.1 eBPF与BCC技术栈.md;projects/Linux物理内存检测项目/文档/3 深入理解/3.1 核心技术架构/3.1.2 内核态eBPF程序设计.md;projects/Linux物理内存检测项目/文档/3 深入理解/3.1 核心技术架构/3.1.3 用户态Python架构.md;projects/Linux物理内存检测项目/文档/3 深入理解/3.3 eBPF程序深度解析/3.3.1 tracepoint探针机制.md;projects/Linux物理内存检测项目/文档/3 深入理解/3.3 eBPF程序深度解析/3.3.2 kprobe动态插桩技术.md;projects/Linux物理内存检测项目/文档/3 深入理解/3.3 eBPF程序深度解析/3.3.3 BPF map通信机制.md;projects/Linux物理内存检测项目/文档/3 深入理解/3.5 用户态展示与优化/3.5.1 curses终端可视化实现.md;projects/Linux物理内存检测项目/文档/3 深入理解/3.5 用户态展示与优化/3.5.2 性能优化与采样控制.md;projects/Linux物理内存检测项目/文档/3 深入理解/3.5 用户态展示与优化/3.5.3 数据解析与格式化输出.md;projects/Linux物理内存检测项目/源码/exfrag.py;projects/Linux物理内存检测项目/源码/extfraginfo.c;projects/Linux物理内存检测项目/源码/fraginfo.c
linux-memory-ebpf-pipeline	TRACEPOINT_PROBE	exact	projects/Linux物理内存检测项目/文档/3 深入理解/3.1 核心技术架构/3.1.2 内核态eBPF程序设计.md;projects/Linux物理内存检测项目/文档/3 深入理解/3.3 eBPF程序深度解析/3.3.1 tracepoint探针机制.md;projects/Linux物理内存检测项目/文档/3 深入理解/3.5 用户态展示与优化/3.5.2 性能优化与采样控制.md;projects/Linux物理内存检测项目/源码/extfraginfo.c
linux-memory-ebpf-pipeline	kprobe__get_page_from_freelist	exact	projects/Linux物理内存检测项目/文档/3 深入理解/3.1 核心技术架构/3.1.1 eBPF与BCC技术栈.md;projects/Linux物理内存检测项目/文档/3 深入理解/3.1 核心技术架构/3.1.2 内核态eBPF程序设计.md;projects/Linux物理内存检测项目/文档/3 深入理解/3.3 eBPF程序深度解析/3.3.2 kprobe动态插桩技术.md;projects/Linux物理内存检测项目/文档/3 深入理解/3.5 用户态展示与优化/3.5.2 性能优化与采样控制.md;projects/Linux物理内存检测项目/源码/fraginfo.c
linux-memory-ebpf-pipeline	counts_map	exact	projects/Linux物理内存检测项目/文档/3 深入理解/3.1 核心技术架构/3.1.1 eBPF与BCC技术栈.md;projects/Linux物理内存检测项目/文档/3 深入理解/3.1 核心技术架构/3.1.2 内核态eBPF程序设计.md;projects/Linux物理内存检测项目/文档/3 深入理解/3.1 核心技术架构/3.1.3 用户态Python架构.md;projects/Linux物理内存检测项目/文档/3 深入理解/3.3 eBPF程序深度解析/3.3.1 tracepoint探针机制.md;projects/Linux物理内存检测项目/文档/3 深入理解/3.3 eBPF程序深度解析/3.3.3 BPF map通信机制.md;projects/Linux物理内存检测项目/文档/3 深入理解/3.5 用户态展示与优化/3.5.2 性能优化与采样控制.md;projects/Linux物理内存检测项目/文档/3 深入理解/3.5 用户态展示与优化/3.5.3 数据解析与格式化输出.md;projects/Linux物理内存检测项目/源码/exfrag.py;projects/Linux物理内存检测项目/源码/extfraginfo.c
linux-memory-ebpf-pipeline	zone_map	exact	projects/Linux物理内存检测项目/文档/3 深入理解/3.1 核心技术架构/3.1.1 eBPF与BCC技术栈.md;projects/Linux物理内存检测项目/文档/3 深入理解/3.1 核心技术架构/3.1.2 内核态eBPF程序设计.md;projects/Linux物理内存检测项目/文档/3 深入理解/3.1 核心技术架构/3.1.3 用户态Python架构.md;projects/Linux物理内存检测项目/文档/3 深入理解/3.3 eBPF程序深度解析/3.3.2 kprobe动态插桩技术.md;projects/Linux物理内存检测项目/文档/3 深入理解/3.3 eBPF程序深度解析/3.3.3 BPF map通信机制.md;projects/Linux物理内存检测项目/文档/3 深入理解/3.5 用户态展示与优化/3.5.2 性能优化与采样控制.md;projects/Linux物理内存检测项目/文档/3 深入理解/3.5 用户态展示与优化/3.5.3 数据解析与格式化输出.md;projects/Linux物理内存检测项目/源码/exfrag.py;projects/Linux物理内存检测项目/源码/fraginfo.c
linux-memory-ebpf-pipeline	last_time_map	exact	projects/Linux物理内存检测项目/文档/3 深入理解/3.1 核心技术架构/3.1.1 eBPF与BCC技术栈.md;projects/Linux物理内存检测项目/文档/3 深入理解/3.1 核心技术架构/3.1.2 内核态eBPF程序设计.md;projects/Linux物理内存检测项目/文档/3 深入理解/3.1 核心技术架构/3.1.3 用户态Python架构.md;projects/Linux物理内存检测项目/文档/3 深入理解/3.3 eBPF程序深度解析/3.3.1 tracepoint探针机制.md;projects/Linux物理内存检测项目/文档/3 深入理解/3.3 eBPF程序深度解析/3.3.2 kprobe动态插桩技术.md;projects/Linux物理内存检测项目/文档/3 深入理解/3.3 eBPF程序深度解析/3.3.3 BPF map通信机制.md;projects/Linux物理内存检测项目/文档/3 深入理解/3.5 用户态展示与优化/3.5.2 性能优化与采样控制.md;projects/Linux物理内存检测项目/源码/extfraginfo.c;projects/Linux物理内存检测项目/源码/fraginfo.c
linux-memory-fastpath-observation-contract	kprobe__get_page_from_freelist	exact	projects/Linux物理内存检测项目/文档/3 深入理解/3.2 内存管理核心概念/3.2.3 内存分配快速路径监控.md;projects/Linux物理内存检测项目/源码/fraginfo.c;projects/Linux物理内存检测项目/项目完整代码流程详解.md
linux-memory-fastpath-observation-contract	struct alloc_context	exact	projects/Linux物理内存检测项目/文档/3 深入理解/3.2 内存管理核心概念/3.2.3 内存分配快速路径监控.md;projects/Linux物理内存检测项目/源码/fraginfo.c;projects/Linux物理内存检测项目/项目完整代码流程详解.md
linux-memory-fastpath-observation-contract	fill_contig_page_info	exact	projects/Linux物理内存检测项目/文档/3 深入理解/3.2 内存管理核心概念/3.2.3 内存分配快速路径监控.md;projects/Linux物理内存检测项目/源码/fraginfo.c;projects/Linux物理内存检测项目/项目完整代码流程详解.md
linux-memory-fastpath-observation-contract	pgdat_map	exact	projects/Linux物理内存检测项目/文档/3 深入理解/3.2 内存管理核心概念/3.2.3 内存分配快速路径监控.md;projects/Linux物理内存检测项目/源码/fraginfo.c;projects/Linux物理内存检测项目/项目完整代码流程详解.md
linux-memory-fastpath-observation-contract	zone_map	exact	projects/Linux物理内存检测项目/文档/3 深入理解/3.2 内存管理核心概念/3.2.3 内存分配快速路径监控.md;projects/Linux物理内存检测项目/源码/fraginfo.c;projects/Linux物理内存检测项目/项目完整代码流程详解.md
linux-memory-fastpath-observation-contract	unusable_free_index	exact	projects/Linux物理内存检测项目/文档/3 深入理解/3.2 内存管理核心概念/3.2.3 内存分配快速路径监控.md;projects/Linux物理内存检测项目/文档/4 深度学习/4.2 主动学习与推演/4.2.3 核心难点精讲.md;projects/Linux物理内存检测项目/源码/fraginfo.c;projects/Linux物理内存检测项目/项目完整代码流程详解.md
linux-memory-fastpath-observation-contract	__fragmentation_index	exact	projects/Linux物理内存检测项目/文档/3 深入理解/3.2 内存管理核心概念/3.2.3 内存分配快速路径监控.md;projects/Linux物理内存检测项目/源码/fraginfo.c;projects/Linux物理内存检测项目/项目完整代码流程详解.md
linux-memory-source-audit	extfraginfo.c	exact	projects/Linux物理内存检测项目/文档/4 深度学习/4.1 源码审计与事实边界.md;projects/Linux物理内存检测项目/源码/exfrag.py
linux-memory-source-audit	fraginfo.c	exact	projects/Linux物理内存检测项目/文档/4 深度学习/4.1 源码审计与事实边界.md;projects/Linux物理内存检测项目/源码/exfrag.py
linux-memory-source-audit	exfrag.py	exact	projects/Linux物理内存检测项目/文档/4 深度学习/4.1 源码审计与事实边界.md;projects/Linux物理内存检测项目/文档/4 深度学习/4.3 实战重构与面试追问.md
linux-memory-source-audit	exfrag_user.py	exact	projects/Linux物理内存检测项目/文档/4 深度学习/4.1 源码审计与事实边界.md
linux-memory-source-audit	last_time_map	exact	projects/Linux物理内存检测项目/文档/4 深度学习/4.1 源码审计与事实边界.md;projects/Linux物理内存检测项目/源码/extfraginfo.c;projects/Linux物理内存检测项目/源码/fraginfo.c
linux-memory-source-audit	current_time	exact	projects/Linux物理内存检测项目/文档/4 深度学习/4.1 源码审计与事实边界.md;projects/Linux物理内存检测项目/源码/exfrag_user.py;projects/Linux物理内存检测项目/源码/extfraginfo.c;projects/Linux物理内存检测项目/源码/fraginfo.c
linux-memory-source-audit	counts_map	exact	projects/Linux物理内存检测项目/文档/4 深度学习/4.1 源码审计与事实边界.md;projects/Linux物理内存检测项目/源码/exfrag.py;projects/Linux物理内存检测项目/源码/extfraginfo.c
linux-memory-source-audit	TRACEPOINT_PROBE	exact	projects/Linux物理内存检测项目/文档/4 深度学习/4.1 源码审计与事实边界.md;projects/Linux物理内存检测项目/源码/extfraginfo.c
linux-memory-source-audit	kprobe__get_page_from_freelist	exact	projects/Linux物理内存检测项目/源码/fraginfo.c
linux-memory-source-audit	fill_contig_page_info	exact	projects/Linux物理内存检测项目/源码/fraginfo.c
linux-memory-source-audit	unusable_free_index	exact	projects/Linux物理内存检测项目/源码/fraginfo.c
linux-memory-source-audit	__fragmentation_index	exact	projects/Linux物理内存检测项目/源码/fraginfo.c
linux-process-signal-daemon-lifecycle	fork	exact	archive/大丙Linux教程/第3章 进程和线程/01 进程控制.md;archive/大丙Linux教程/第3章 进程和线程/02 管道.md;archive/大丙Linux教程/第3章 进程和线程/03 内存映射区.md;archive/大丙Linux教程/第3章 进程和线程/05 信号.md;archive/大丙Linux教程/第3章 进程和线程/06 守护进程.md
linux-process-signal-daemon-lifecycle	exec	exact	archive/大丙Linux教程/第3章 进程和线程/01 进程控制.md;archive/大丙Linux教程/第3章 进程和线程/02 管道.md
linux-process-signal-daemon-lifecycle	execl	exact	archive/大丙Linux教程/第3章 进程和线程/01 进程控制.md;archive/大丙Linux教程/第3章 进程和线程/02 管道.md
linux-process-signal-daemon-lifecycle	execlp	exact	archive/大丙Linux教程/第3章 进程和线程/01 进程控制.md;archive/大丙Linux教程/第3章 进程和线程/02 管道.md
linux-process-signal-daemon-lifecycle	wait	exact	archive/大丙Linux教程/第3章 进程和线程/01 进程控制.md;archive/大丙Linux教程/第3章 进程和线程/02 管道.md;archive/大丙Linux教程/第3章 进程和线程/05 信号.md
linux-process-signal-daemon-lifecycle	waitpid	exact	archive/大丙Linux教程/第3章 进程和线程/01 进程控制.md;archive/大丙Linux教程/第3章 进程和线程/05 信号.md
linux-process-signal-daemon-lifecycle	kill	exact	archive/大丙Linux教程/第3章 进程和线程/01 进程控制.md;archive/大丙Linux教程/第3章 进程和线程/05 信号.md;archive/大丙Linux教程/第3章 进程和线程/06 守护进程.md
linux-process-signal-daemon-lifecycle	sigaction	exact	archive/大丙Linux教程/第3章 进程和线程/05 信号.md;archive/大丙Linux教程/第3章 进程和线程/06 守护进程.md
linux-process-signal-daemon-lifecycle	SIGCHLD	exact	archive/大丙Linux教程/第3章 进程和线程/01 进程控制.md;archive/大丙Linux教程/第3章 进程和线程/05 信号.md
linux-process-signal-daemon-lifecycle	SIGTERM	exact	archive/大丙Linux教程/第3章 进程和线程/01 进程控制.md;archive/大丙Linux教程/第3章 进程和线程/05 信号.md
linux-process-signal-daemon-lifecycle	SIGKILL	exact	archive/大丙Linux教程/第3章 进程和线程/01 进程控制.md;archive/大丙Linux教程/第3章 进程和线程/05 信号.md
linux-process-signal-daemon-lifecycle	sigprocmask	exact	archive/大丙Linux教程/第3章 进程和线程/05 信号.md
linux-process-signal-daemon-lifecycle	sigpending	exact	archive/大丙Linux教程/第3章 进程和线程/05 信号.md
linux-process-signal-daemon-lifecycle	setsid	exact	archive/大丙Linux教程/第3章 进程和线程/06 守护进程.md
linux-process-signal-daemon-lifecycle	chdir	exact	archive/大丙Linux教程/第3章 进程和线程/06 守护进程.md
linux-process-signal-daemon-lifecycle	umask	exact	archive/大丙Linux教程/第3章 进程和线程/01 进程控制.md;archive/大丙Linux教程/第3章 进程和线程/02 管道.md;archive/大丙Linux教程/第3章 进程和线程/06 守护进程.md
linux-process-signal-daemon-lifecycle	dup2	exact	archive/大丙Linux教程/第3章 进程和线程/02 管道.md;archive/大丙Linux教程/第3章 进程和线程/06 守护进程.md
linux-process-signal-daemon-lifecycle	pipe	exact	archive/大丙Linux教程/第3章 进程和线程/02 管道.md;archive/大丙Linux教程/第3章 进程和线程/05 信号.md
linux-process-signal-daemon-lifecycle	mmap	exact	archive/大丙Linux教程/第3章 进程和线程/03 内存映射区.md;archive/大丙Linux教程/第3章 进程和线程/04 共享内存.md
linux-process-signal-daemon-lifecycle	munmap	exact	archive/大丙Linux教程/第3章 进程和线程/03 内存映射区.md
linux-process-signal-daemon-lifecycle	shmget	exact	archive/大丙Linux教程/第3章 进程和线程/04 共享内存.md
linux-process-signal-daemon-lifecycle	shmat	exact	archive/大丙Linux教程/第3章 进程和线程/04 共享内存.md
linux-process-signal-daemon-lifecycle	shmdt	exact	archive/大丙Linux教程/第3章 进程和线程/04 共享内存.md
linux-process-signal-daemon-lifecycle	shmctl	exact	archive/大丙Linux教程/第3章 进程和线程/04 共享内存.md
linux-rx-napi-path-diagnosis	DMA	exact	projects/嵌入式八股/2. 小林图解/图解系统/02｜硬件结构篇/2.6 什么是软中断？.md;projects/嵌入式八股/2. 小林图解/图解系统/99｜附录/Linux 系统是如何收发网络包的？.md;projects/嵌入式八股/糯叽叽八股/10 嵌入式Linux驱动.md
linux-rx-napi-path-diagnosis	Ring Buffer	exact	projects/嵌入式八股/2. 小林图解/图解系统/10｜Linux 命令篇/10.1 如何查看网络的性能指标？.md;projects/嵌入式八股/2. 小林图解/图解系统/99｜附录/Linux 系统是如何收发网络包的？.md
linux-rx-napi-path-diagnosis	hardware interrupt	review-label	
linux-rx-napi-path-diagnosis	ISR	exact	projects/嵌入式八股/糯叽叽八股/10 嵌入式Linux驱动.md
linux-rx-napi-path-diagnosis	NAPI	exact	projects/嵌入式八股/2. 小林图解/图解系统/99｜附录/Linux 系统是如何收发网络包的？.md
linux-rx-napi-path-diagnosis	poll	exact	projects/嵌入式八股/2. 小林图解/图解系统/99｜附录/Linux 系统是如何收发网络包的？.md;projects/嵌入式八股/糯叽叽八股/05 计算机网络.md;projects/嵌入式八股/糯叽叽八股/10 嵌入式Linux驱动.md
linux-rx-napi-path-diagnosis	softirq	exact	projects/嵌入式八股/2. 小林图解/图解系统/02｜硬件结构篇/2.6 什么是软中断？.md
linux-rx-napi-path-diagnosis	NET_RX	exact	projects/嵌入式八股/2. 小林图解/图解系统/02｜硬件结构篇/2.6 什么是软中断？.md
linux-rx-napi-path-diagnosis	NET_TX	exact	projects/嵌入式八股/2. 小林图解/图解系统/02｜硬件结构篇/2.6 什么是软中断？.md
linux-rx-napi-path-diagnosis	ksoftirqd/CPU	exact	projects/嵌入式八股/2. 小林图解/图解系统/02｜硬件结构篇/2.6 什么是软中断？.md
linux-rx-napi-path-diagnosis	/proc/interrupts	exact	projects/嵌入式八股/2. 小林图解/图解系统/02｜硬件结构篇/2.6 什么是软中断？.md;projects/嵌入式八股/糯叽叽八股/10 嵌入式Linux驱动.md
linux-rx-napi-path-diagnosis	/proc/softirqs	exact	projects/嵌入式八股/2. 小林图解/图解系统/02｜硬件结构篇/2.6 什么是软中断？.md
linux-rx-napi-path-diagnosis	struct sk_buff	exact	projects/嵌入式八股/2. 小林图解/图解系统/99｜附录/Linux 系统是如何收发网络包的？.md
linux-rx-napi-path-diagnosis	TCP	exact	projects/嵌入式八股/2. 小林图解/图解系统/10｜Linux 命令篇/10.1 如何查看网络的性能指标？.md;projects/嵌入式八股/2. 小林图解/图解系统/99｜附录/Linux 系统是如何收发网络包的？.md;projects/嵌入式八股/糯叽叽八股/05 计算机网络.md
linux-rx-napi-path-diagnosis	UDP	exact	projects/嵌入式八股/2. 小林图解/图解系统/99｜附录/Linux 系统是如何收发网络包的？.md;projects/嵌入式八股/糯叽叽八股/05 计算机网络.md
linux-rx-napi-path-diagnosis	four-tuple	review-label	
linux-rx-napi-path-diagnosis	Socket receive buffer	review-label	
linux-rx-napi-path-diagnosis	ip	exact	projects/嵌入式八股/2. 小林图解/图解系统/10｜Linux 命令篇/10.1 如何查看网络的性能指标？.md;projects/嵌入式八股/糯叽叽八股/05 计算机网络.md
linux-rx-napi-path-diagnosis	ifconfig	exact	projects/嵌入式八股/2. 小林图解/图解系统/10｜Linux 命令篇/10.1 如何查看网络的性能指标？.md
linux-rx-napi-path-diagnosis	ss	exact	projects/嵌入式八股/2. 小林图解/图解系统/02｜硬件结构篇/2.6 什么是软中断？.md;projects/嵌入式八股/2. 小林图解/图解系统/10｜Linux 命令篇/10.1 如何查看网络的性能指标？.md;projects/嵌入式八股/糯叽叽八股/05 计算机网络.md;projects/嵌入式八股/糯叽叽八股/10 嵌入式Linux驱动.md
linux-rx-napi-path-diagnosis	netstat	exact	projects/嵌入式八股/2. 小林图解/图解系统/10｜Linux 命令篇/10.1 如何查看网络的性能指标？.md
linux-rx-napi-path-diagnosis	sar -n DEV	exact	projects/嵌入式八股/2. 小林图解/图解系统/02｜硬件结构篇/2.6 什么是软中断？.md;projects/嵌入式八股/2. 小林图解/图解系统/10｜Linux 命令篇/10.1 如何查看网络的性能指标？.md
linux-rx-napi-path-diagnosis	tcpdump	exact	projects/嵌入式八股/2. 小林图解/图解系统/02｜硬件结构篇/2.6 什么是软中断？.md
linux-rx-napi-path-diagnosis	ethtool	exact	projects/嵌入式八股/2. 小林图解/图解系统/10｜Linux 命令篇/10.1 如何查看网络的性能指标？.md
linux-rx-napi-path-diagnosis	request_irq	exact	projects/嵌入式八股/糯叽叽八股/10 嵌入式Linux驱动.md
linux-rx-napi-path-diagnosis	irqreturn_t	exact	projects/嵌入式八股/糯叽叽八股/10 嵌入式Linux驱动.md
linux-rx-napi-path-diagnosis	tasklet_schedule	exact	projects/嵌入式八股/糯叽叽八股/10 嵌入式Linux驱动.md
linux-rx-napi-path-diagnosis	queue_work	exact	projects/嵌入式八股/糯叽叽八股/10 嵌入式Linux驱动.md
linux-rx-napi-path-diagnosis	GFP_ATOMIC	exact	projects/嵌入式八股/糯叽叽八股/10 嵌入式Linux驱动.md
linux-socket-multiplexing-design	socket	exact	archive/大丙Linux教程/第4章 套接字通信/01 套接字 socket.md;archive/大丙Linux教程/第4章 套接字通信/04 服务器并发.md;archive/大丙Linux教程/第4章 套接字通信/07 IO多路转接（复用）之select.md;archive/大丙Linux教程/第4章 套接字通信/08 IO多路转接（复用）之poll.md;archive/大丙Linux教程/第4章 套接字通信/09 IO多路转接（复用）之epoll.md
linux-socket-multiplexing-design	bind	exact	archive/大丙Linux教程/第4章 套接字通信/01 套接字 socket.md;archive/大丙Linux教程/第4章 套接字通信/04 服务器并发.md;archive/大丙Linux教程/第4章 套接字通信/07 IO多路转接（复用）之select.md;archive/大丙Linux教程/第4章 套接字通信/08 IO多路转接（复用）之poll.md;archive/大丙Linux教程/第4章 套接字通信/09 IO多路转接（复用）之epoll.md
linux-socket-multiplexing-design	listen	exact	archive/大丙Linux教程/第4章 套接字通信/01 套接字 socket.md;archive/大丙Linux教程/第4章 套接字通信/04 服务器并发.md;archive/大丙Linux教程/第4章 套接字通信/07 IO多路转接（复用）之select.md;archive/大丙Linux教程/第4章 套接字通信/08 IO多路转接（复用）之poll.md;archive/大丙Linux教程/第4章 套接字通信/09 IO多路转接（复用）之epoll.md
linux-socket-multiplexing-design	accept	exact	archive/大丙Linux教程/第4章 套接字通信/01 套接字 socket.md;archive/大丙Linux教程/第4章 套接字通信/04 服务器并发.md;archive/大丙Linux教程/第4章 套接字通信/07 IO多路转接（复用）之select.md;archive/大丙Linux教程/第4章 套接字通信/08 IO多路转接（复用）之poll.md;archive/大丙Linux教程/第4章 套接字通信/09 IO多路转接（复用）之epoll.md
linux-socket-multiplexing-design	recv	exact	archive/大丙Linux教程/第4章 套接字通信/01 套接字 socket.md;archive/大丙Linux教程/第4章 套接字通信/04 服务器并发.md;archive/大丙Linux教程/第4章 套接字通信/05 TCP数据粘包的处理.md;archive/大丙Linux教程/第4章 套接字通信/07 IO多路转接（复用）之select.md;archive/大丙Linux教程/第4章 套接字通信/08 IO多路转接（复用）之poll.md;archive/大丙Linux教程/第4章 套接字通信/09 IO多路转接（复用）之epoll.md
linux-socket-multiplexing-design	send	exact	archive/大丙Linux教程/第4章 套接字通信/01 套接字 socket.md;archive/大丙Linux教程/第4章 套接字通信/04 服务器并发.md;archive/大丙Linux教程/第4章 套接字通信/05 TCP数据粘包的处理.md;archive/大丙Linux教程/第4章 套接字通信/07 IO多路转接（复用）之select.md;archive/大丙Linux教程/第4章 套接字通信/09 IO多路转接（复用）之epoll.md
linux-socket-multiplexing-design	select	exact	archive/大丙Linux教程/第4章 套接字通信/07 IO多路转接（复用）之select.md;archive/大丙Linux教程/第4章 套接字通信/08 IO多路转接（复用）之poll.md;archive/大丙Linux教程/第4章 套接字通信/09 IO多路转接（复用）之epoll.md
linux-socket-multiplexing-design	poll	exact	archive/大丙Linux教程/第4章 套接字通信/07 IO多路转接（复用）之select.md;archive/大丙Linux教程/第4章 套接字通信/08 IO多路转接（复用）之poll.md;archive/大丙Linux教程/第4章 套接字通信/09 IO多路转接（复用）之epoll.md
linux-socket-multiplexing-design	epoll_create	exact	archive/大丙Linux教程/第4章 套接字通信/09 IO多路转接（复用）之epoll.md
linux-socket-multiplexing-design	epoll_ctl	exact	archive/大丙Linux教程/第4章 套接字通信/09 IO多路转接（复用）之epoll.md
linux-socket-multiplexing-design	epoll_wait	exact	archive/大丙Linux教程/第4章 套接字通信/09 IO多路转接（复用）之epoll.md
linux-tcp-loss-path-diagnosis	SYN	exact	projects/嵌入式八股/2. 小林图解/图解网络/04｜传输层篇/4.12 TCP 连接，一端断电和进程崩溃有什么区别？.md;projects/嵌入式八股/2. 小林图解/图解网络/04｜传输层篇/4.21 没有 accept，能建立 TCP 连接吗？.md;projects/嵌入式八股/2. 小林图解/图解网络/04｜传输层篇/4.22 用了 TCP 协议，数据一定不会丢吗？.md;projects/嵌入式八股/2. 小林图解/图解网络/04｜传输层篇/4.3 TCP 实战抓包分析.md;projects/嵌入式八股/2. 小林图解/图解网络/04｜传输层篇/4.4 TCP 半连接队列和全连接队列.md
linux-tcp-loss-path-diagnosis	SYN+ACK	exact	projects/嵌入式八股/2. 小林图解/图解网络/04｜传输层篇/4.21 没有 accept，能建立 TCP 连接吗？.md;projects/嵌入式八股/2. 小林图解/图解网络/04｜传输层篇/4.4 TCP 半连接队列和全连接队列.md
linux-tcp-loss-path-diagnosis	ACK	exact	projects/嵌入式八股/2. 小林图解/图解网络/04｜传输层篇/4.13 拔掉网线后， 原本的 TCP 连接还存在吗？.md;projects/嵌入式八股/2. 小林图解/图解网络/04｜传输层篇/4.21 没有 accept，能建立 TCP 连接吗？.md;projects/嵌入式八股/2. 小林图解/图解网络/04｜传输层篇/4.3 TCP 实战抓包分析.md;projects/嵌入式八股/2. 小林图解/图解网络/04｜传输层篇/4.4 TCP 半连接队列和全连接队列.md
linux-tcp-loss-path-diagnosis	listen	exact	projects/嵌入式八股/2. 小林图解/图解网络/04｜传输层篇/4.21 没有 accept，能建立 TCP 连接吗？.md;projects/嵌入式八股/2. 小林图解/图解网络/04｜传输层篇/4.22 用了 TCP 协议，数据一定不会丢吗？.md;projects/嵌入式八股/2. 小林图解/图解网络/04｜传输层篇/4.4 TCP 半连接队列和全连接队列.md
linux-tcp-loss-path-diagnosis	accept	exact	projects/嵌入式八股/2. 小林图解/图解网络/04｜传输层篇/4.21 没有 accept，能建立 TCP 连接吗？.md;projects/嵌入式八股/2. 小林图解/图解网络/04｜传输层篇/4.22 用了 TCP 协议，数据一定不会丢吗？.md;projects/嵌入式八股/2. 小林图解/图解网络/04｜传输层篇/4.4 TCP 半连接队列和全连接队列.md
linux-tcp-loss-path-diagnosis	backlog	exact	projects/嵌入式八股/2. 小林图解/图解网络/04｜传输层篇/4.4 TCP 半连接队列和全连接队列.md
linux-tcp-loss-path-diagnosis	somaxconn	exact	projects/嵌入式八股/2. 小林图解/图解网络/04｜传输层篇/4.4 TCP 半连接队列和全连接队列.md
linux-tcp-loss-path-diagnosis	tcp_max_syn_backlog	exact	projects/嵌入式八股/2. 小林图解/图解网络/04｜传输层篇/4.4 TCP 半连接队列和全连接队列.md
linux-tcp-loss-path-diagnosis	tcp_abort_on_overflow	exact	projects/嵌入式八股/2. 小林图解/图解网络/04｜传输层篇/4.21 没有 accept，能建立 TCP 连接吗？.md
linux-tcp-loss-path-diagnosis	tcp_retries2	exact	projects/嵌入式八股/2. 小林图解/图解网络/04｜传输层篇/4.3 TCP 实战抓包分析.md
linux-tcp-loss-path-diagnosis	SO_KEEPALIVE	exact	projects/嵌入式八股/2. 小林图解/图解网络/04｜传输层篇/4.12 TCP 连接，一端断电和进程崩溃有什么区别？.md;projects/嵌入式八股/2. 小林图解/图解网络/04｜传输层篇/4.13 拔掉网线后， 原本的 TCP 连接还存在吗？.md;projects/嵌入式八股/2. 小林图解/图解网络/04｜传输层篇/4.16 TCP Keepalive 和 HTTP Keep-Alive 是一个东西吗？.md
linux-tcp-loss-path-diagnosis	Keep-Alive	exact	projects/嵌入式八股/2. 小林图解/图解网络/04｜传输层篇/4.16 TCP Keepalive 和 HTTP Keep-Alive 是一个东西吗？.md;projects/嵌入式八股/2. 小林图解/图解网络/04｜传输层篇/4.3 TCP 实战抓包分析.md
linux-tcp-loss-path-diagnosis	qdisc	exact	projects/嵌入式八股/2. 小林图解/图解网络/04｜传输层篇/4.22 用了 TCP 协议，数据一定不会丢吗？.md
linux-tcp-loss-path-diagnosis	txqueuelen	exact	projects/嵌入式八股/2. 小林图解/图解网络/04｜传输层篇/4.22 用了 TCP 协议，数据一定不会丢吗？.md
linux-tcp-loss-path-diagnosis	RingBuffer	exact	projects/嵌入式八股/2. 小林图解/图解网络/04｜传输层篇/4.22 用了 TCP 协议，数据一定不会丢吗？.md
linux-tcp-loss-path-diagnosis	TCPRcvQDrop	exact	projects/嵌入式八股/2. 小林图解/图解网络/04｜传输层篇/4.22 用了 TCP 协议，数据一定不会丢吗？.md
linux-tcp-loss-path-diagnosis	ss	exact	projects/嵌入式八股/2. 小林图解/图解网络/04｜传输层篇/4.12 TCP 连接，一端断电和进程崩溃有什么区别？.md;projects/嵌入式八股/2. 小林图解/图解网络/04｜传输层篇/4.13 拔掉网线后， 原本的 TCP 连接还存在吗？.md;projects/嵌入式八股/2. 小林图解/图解网络/04｜传输层篇/4.16 TCP Keepalive 和 HTTP Keep-Alive 是一个东西吗？.md;projects/嵌入式八股/2. 小林图解/图解网络/04｜传输层篇/4.21 没有 accept，能建立 TCP 连接吗？.md;projects/嵌入式八股/2. 小林图解/图解网络/04｜传输层篇/4.22 用了 TCP 协议，数据一定不会丢吗？.md;projects/嵌入式八股/2. 小林图解/图解网络/04｜传输层篇/4.3 TCP 实战抓包分析.md;projects/嵌入式八股/2. 小林图解/图解网络/04｜传输层篇/4.4 TCP 半连接队列和全连接队列.md
linux-tcp-loss-path-diagnosis	netstat	exact	projects/嵌入式八股/2. 小林图解/图解网络/04｜传输层篇/4.21 没有 accept，能建立 TCP 连接吗？.md;projects/嵌入式八股/2. 小林图解/图解网络/04｜传输层篇/4.22 用了 TCP 协议，数据一定不会丢吗？.md;projects/嵌入式八股/2. 小林图解/图解网络/04｜传输层篇/4.4 TCP 半连接队列和全连接队列.md
linux-tcp-loss-path-diagnosis	ethtool	exact	projects/嵌入式八股/2. 小林图解/图解网络/04｜传输层篇/4.22 用了 TCP 协议，数据一定不会丢吗？.md
linux-tcp-loss-path-diagnosis	mtr	exact	projects/嵌入式八股/2. 小林图解/图解网络/04｜传输层篇/4.22 用了 TCP 协议，数据一定不会丢吗？.md
linux-tcp-loss-path-diagnosis	send	exact	projects/嵌入式八股/2. 小林图解/图解网络/04｜传输层篇/4.22 用了 TCP 协议，数据一定不会丢吗？.md
linux-tcp-loss-path-diagnosis	recv	exact	projects/嵌入式八股/2. 小林图解/图解网络/04｜传输层篇/4.22 用了 TCP 协议，数据一定不会丢吗？.md
linux-tcp-loss-path-diagnosis	ESTABLISHED	exact	projects/嵌入式八股/2. 小林图解/图解网络/04｜传输层篇/4.12 TCP 连接，一端断电和进程崩溃有什么区别？.md;projects/嵌入式八股/2. 小林图解/图解网络/04｜传输层篇/4.13 拔掉网线后， 原本的 TCP 连接还存在吗？.md;projects/嵌入式八股/2. 小林图解/图解网络/04｜传输层篇/4.21 没有 accept，能建立 TCP 连接吗？.md;projects/嵌入式八股/2. 小林图解/图解网络/04｜传输层篇/4.3 TCP 实战抓包分析.md;projects/嵌入式八股/2. 小林图解/图解网络/04｜传输层篇/4.4 TCP 半连接队列和全连接队列.md
linux-tcp-loss-path-diagnosis	FIN	exact	projects/嵌入式八股/2. 小林图解/图解网络/04｜传输层篇/4.12 TCP 连接，一端断电和进程崩溃有什么区别？.md;projects/嵌入式八股/2. 小林图解/图解网络/04｜传输层篇/4.13 拔掉网线后， 原本的 TCP 连接还存在吗？.md;projects/嵌入式八股/2. 小林图解/图解网络/04｜传输层篇/4.16 TCP Keepalive 和 HTTP Keep-Alive 是一个东西吗？.md;projects/嵌入式八股/2. 小林图解/图解网络/04｜传输层篇/4.3 TCP 实战抓包分析.md
linux-tcp-loss-path-diagnosis	RST	exact	projects/嵌入式八股/2. 小林图解/图解网络/04｜传输层篇/4.12 TCP 连接，一端断电和进程崩溃有什么区别？.md;projects/嵌入式八股/2. 小林图解/图解网络/04｜传输层篇/4.13 拔掉网线后， 原本的 TCP 连接还存在吗？.md;projects/嵌入式八股/2. 小林图解/图解网络/04｜传输层篇/4.21 没有 accept，能建立 TCP 连接吗？.md;projects/嵌入式八股/2. 小林图解/图解网络/04｜传输层篇/4.3 TCP 实战抓包分析.md;projects/嵌入式八股/2. 小林图解/图解网络/04｜传输层篇/4.4 TCP 半连接队列和全连接队列.md
linux-thread-sync-deadlock-diagnosis	pthread_create	exact	archive/大丙Linux教程/第3章 进程和线程/07 多线程.md;archive/大丙Linux教程/第3章 进程和线程/08 线程同步.md;archive/大丙Linux教程/第3章 进程和线程/09 线程池 - C语言版.md;archive/大丙Linux教程/第3章 进程和线程/10 线程池 - C改C++版.md
linux-thread-sync-deadlock-diagnosis	pthread_self	exact	archive/大丙Linux教程/第3章 进程和线程/07 多线程.md;archive/大丙Linux教程/第3章 进程和线程/08 线程同步.md;archive/大丙Linux教程/第3章 进程和线程/09 线程池 - C语言版.md;archive/大丙Linux教程/第3章 进程和线程/10 线程池 - C改C++版.md
linux-thread-sync-deadlock-diagnosis	pthread_equal	exact	archive/大丙Linux教程/第3章 进程和线程/07 多线程.md
linux-thread-sync-deadlock-diagnosis	pthread_join	exact	archive/大丙Linux教程/第3章 进程和线程/07 多线程.md;archive/大丙Linux教程/第3章 进程和线程/08 线程同步.md;archive/大丙Linux教程/第3章 进程和线程/09 线程池 - C语言版.md;archive/大丙Linux教程/第3章 进程和线程/10 线程池 - C改C++版.md
linux-thread-sync-deadlock-diagnosis	pthread_detach	exact	archive/大丙Linux教程/第3章 进程和线程/07 多线程.md
linux-thread-sync-deadlock-diagnosis	pthread_exit	exact	archive/大丙Linux教程/第3章 进程和线程/07 多线程.md;archive/大丙Linux教程/第3章 进程和线程/09 线程池 - C语言版.md;archive/大丙Linux教程/第3章 进程和线程/10 线程池 - C改C++版.md
linux-thread-sync-deadlock-diagnosis	pthread_mutex_t	exact	archive/大丙Linux教程/第3章 进程和线程/08 线程同步.md;archive/大丙Linux教程/第3章 进程和线程/09 线程池 - C语言版.md;archive/大丙Linux教程/第3章 进程和线程/10 线程池 - C改C++版.md
linux-thread-sync-deadlock-diagnosis	pthread_mutex_init	exact	archive/大丙Linux教程/第3章 进程和线程/08 线程同步.md;archive/大丙Linux教程/第3章 进程和线程/09 线程池 - C语言版.md;archive/大丙Linux教程/第3章 进程和线程/10 线程池 - C改C++版.md
linux-thread-sync-deadlock-diagnosis	pthread_mutex_destroy	exact	archive/大丙Linux教程/第3章 进程和线程/08 线程同步.md;archive/大丙Linux教程/第3章 进程和线程/09 线程池 - C语言版.md;archive/大丙Linux教程/第3章 进程和线程/10 线程池 - C改C++版.md
linux-thread-sync-deadlock-diagnosis	pthread_mutex_lock	exact	archive/大丙Linux教程/第3章 进程和线程/08 线程同步.md;archive/大丙Linux教程/第3章 进程和线程/09 线程池 - C语言版.md;archive/大丙Linux教程/第3章 进程和线程/10 线程池 - C改C++版.md
linux-thread-sync-deadlock-diagnosis	pthread_mutex_trylock	exact	archive/大丙Linux教程/第3章 进程和线程/08 线程同步.md
linux-thread-sync-deadlock-diagnosis	pthread_mutex_unlock	exact	archive/大丙Linux教程/第3章 进程和线程/08 线程同步.md;archive/大丙Linux教程/第3章 进程和线程/09 线程池 - C语言版.md;archive/大丙Linux教程/第3章 进程和线程/10 线程池 - C改C++版.md
linux-thread-sync-deadlock-diagnosis	pthread_cond_t	exact	archive/大丙Linux教程/第3章 进程和线程/08 线程同步.md;archive/大丙Linux教程/第3章 进程和线程/09 线程池 - C语言版.md;archive/大丙Linux教程/第3章 进程和线程/10 线程池 - C改C++版.md
linux-thread-sync-deadlock-diagnosis	pthread_cond_init	exact	archive/大丙Linux教程/第3章 进程和线程/08 线程同步.md;archive/大丙Linux教程/第3章 进程和线程/09 线程池 - C语言版.md;archive/大丙Linux教程/第3章 进程和线程/10 线程池 - C改C++版.md
linux-thread-sync-deadlock-diagnosis	pthread_cond_destroy	exact	archive/大丙Linux教程/第3章 进程和线程/08 线程同步.md;archive/大丙Linux教程/第3章 进程和线程/09 线程池 - C语言版.md;archive/大丙Linux教程/第3章 进程和线程/10 线程池 - C改C++版.md
linux-thread-sync-deadlock-diagnosis	pthread_cond_wait	exact	archive/大丙Linux教程/第3章 进程和线程/08 线程同步.md;archive/大丙Linux教程/第3章 进程和线程/09 线程池 - C语言版.md;archive/大丙Linux教程/第3章 进程和线程/10 线程池 - C改C++版.md
linux-thread-sync-deadlock-diagnosis	pthread_cond_timedwait	exact	archive/大丙Linux教程/第3章 进程和线程/08 线程同步.md
linux-thread-sync-deadlock-diagnosis	pthread_cond_signal	exact	archive/大丙Linux教程/第3章 进程和线程/08 线程同步.md;archive/大丙Linux教程/第3章 进程和线程/09 线程池 - C语言版.md;archive/大丙Linux教程/第3章 进程和线程/10 线程池 - C改C++版.md
linux-thread-sync-deadlock-diagnosis	pthread_cond_broadcast	exact	archive/大丙Linux教程/第3章 进程和线程/08 线程同步.md
linux-thread-sync-deadlock-diagnosis	ThreadPool	exact	archive/大丙Linux教程/第3章 进程和线程/09 线程池 - C语言版.md;archive/大丙Linux教程/第3章 进程和线程/10 线程池 - C改C++版.md
linux-thread-sync-deadlock-diagnosis	TaskQueue	exact	archive/大丙Linux教程/第3章 进程和线程/10 线程池 - C改C++版.md
linux-thread-sync-deadlock-diagnosis	TaskQueue::addTask	exact	archive/大丙Linux教程/第3章 进程和线程/10 线程池 - C改C++版.md
linux-thread-sync-deadlock-diagnosis	TaskQueue::takeTask	exact	archive/大丙Linux教程/第3章 进程和线程/10 线程池 - C改C++版.md
linux-thread-sync-deadlock-diagnosis	TaskQueue::taskNumber	qualified-leaf	archive/大丙Linux教程/第3章 进程和线程/10 线程池 - C改C++版.md
linux-thread-sync-deadlock-diagnosis	threadPoolCreate	exact	archive/大丙Linux教程/第3章 进程和线程/09 线程池 - C语言版.md
linux-thread-sync-deadlock-diagnosis	threadPoolDestroy	exact	archive/大丙Linux教程/第3章 进程和线程/09 线程池 - C语言版.md
linux-thread-sync-deadlock-diagnosis	threadPoolAdd	exact	archive/大丙Linux教程/第3章 进程和线程/09 线程池 - C语言版.md
linux-thread-sync-deadlock-diagnosis	worker	exact	archive/大丙Linux教程/第3章 进程和线程/09 线程池 - C语言版.md;archive/大丙Linux教程/第3章 进程和线程/10 线程池 - C改C++版.md
linux-thread-sync-deadlock-diagnosis	manager	exact	archive/大丙Linux教程/第3章 进程和线程/09 线程池 - C语言版.md;archive/大丙Linux教程/第3章 进程和线程/10 线程池 - C改C++版.md
linux-thread-sync-deadlock-diagnosis	threadExit	exact	archive/大丙Linux教程/第3章 进程和线程/09 线程池 - C语言版.md;archive/大丙Linux教程/第3章 进程和线程/10 线程池 - C改C++版.md
linux-thread-sync-deadlock-diagnosis	ThreadPool::~ThreadPool	exact	archive/大丙Linux教程/第3章 进程和线程/10 线程池 - C改C++版.md
linux-thread-sync-deadlock-diagnosis	ThreadPool::worker	exact	archive/大丙Linux教程/第3章 进程和线程/10 线程池 - C改C++版.md
linux-thread-sync-deadlock-diagnosis	ThreadPool::manager	exact	archive/大丙Linux教程/第3章 进程和线程/10 线程池 - C改C++版.md
linux-thread-sync-deadlock-diagnosis	ThreadPool::threadExit	exact	archive/大丙Linux教程/第3章 进程和线程/10 线程池 - C改C++版.md
linux-udp-broadcast-reachability-contract	SO_BROADCAST	exact	archive/大丙Linux教程/第4章 套接字通信/11 UDP之广播.md
linux-udp-broadcast-reachability-contract	setsockopt	exact	archive/大丙Linux教程/第4章 套接字通信/11 UDP之广播.md;archive/大丙Linux教程/第4章 套接字通信/12 UDP之组播（多播）.md
linux-udp-broadcast-reachability-contract	sendto	exact	archive/大丙Linux教程/第4章 套接字通信/10 基于UDP的套接字通信.md;archive/大丙Linux教程/第4章 套接字通信/11 UDP之广播.md;archive/大丙Linux教程/第4章 套接字通信/12 UDP之组播（多播）.md;projects/嵌入式八股/糯叽叽八股/05 计算机网络.md
linux-udp-broadcast-reachability-contract	recvfrom	exact	archive/大丙Linux教程/第4章 套接字通信/10 基于UDP的套接字通信.md;archive/大丙Linux教程/第4章 套接字通信/11 UDP之广播.md;archive/大丙Linux教程/第4章 套接字通信/12 UDP之组播（多播）.md;projects/嵌入式八股/糯叽叽八股/05 计算机网络.md
linux-udp-broadcast-reachability-contract	INADDR_BROADCAST	review-label	
linux-udp-broadcast-reachability-contract	sockaddr_in	exact	archive/大丙Linux教程/第4章 套接字通信/10 基于UDP的套接字通信.md;archive/大丙Linux教程/第4章 套接字通信/11 UDP之广播.md;archive/大丙Linux教程/第4章 套接字通信/12 UDP之组播（多播）.md;projects/嵌入式八股/糯叽叽八股/05 计算机网络.md
linux-udp-broadcast-reachability-contract	bind	exact	archive/大丙Linux教程/第4章 套接字通信/10 基于UDP的套接字通信.md;archive/大丙Linux教程/第4章 套接字通信/11 UDP之广播.md;archive/大丙Linux教程/第4章 套接字通信/12 UDP之组播（多播）.md;projects/嵌入式八股/糯叽叽八股/05 计算机网络.md;projects/嵌入式八股/糯叽叽八股/09 嵌入式Linux应用.md
linux-udp-datagram-endpoint-routing	socket	exact	archive/大丙Linux教程/第4章 套接字通信/10 基于UDP的套接字通信.md;archive/大丙Linux教程/第4章 套接字通信/11 UDP之广播.md;archive/大丙Linux教程/第4章 套接字通信/12 UDP之组播（多播）.md;projects/嵌入式八股/糯叽叽八股/05 计算机网络.md;projects/嵌入式八股/糯叽叽八股/09 嵌入式Linux应用.md
linux-udp-datagram-endpoint-routing	SOCK_DGRAM	exact	archive/大丙Linux教程/第4章 套接字通信/10 基于UDP的套接字通信.md;archive/大丙Linux教程/第4章 套接字通信/11 UDP之广播.md;archive/大丙Linux教程/第4章 套接字通信/12 UDP之组播（多播）.md;projects/嵌入式八股/糯叽叽八股/05 计算机网络.md
linux-udp-datagram-endpoint-routing	bind	exact	archive/大丙Linux教程/第4章 套接字通信/10 基于UDP的套接字通信.md;archive/大丙Linux教程/第4章 套接字通信/11 UDP之广播.md;archive/大丙Linux教程/第4章 套接字通信/12 UDP之组播（多播）.md;projects/嵌入式八股/糯叽叽八股/05 计算机网络.md;projects/嵌入式八股/糯叽叽八股/09 嵌入式Linux应用.md
linux-udp-datagram-endpoint-routing	sendto	exact	archive/大丙Linux教程/第4章 套接字通信/10 基于UDP的套接字通信.md;archive/大丙Linux教程/第4章 套接字通信/11 UDP之广播.md;archive/大丙Linux教程/第4章 套接字通信/12 UDP之组播（多播）.md;projects/嵌入式八股/糯叽叽八股/05 计算机网络.md
linux-udp-datagram-endpoint-routing	recvfrom	exact	archive/大丙Linux教程/第4章 套接字通信/10 基于UDP的套接字通信.md;archive/大丙Linux教程/第4章 套接字通信/11 UDP之广播.md;archive/大丙Linux教程/第4章 套接字通信/12 UDP之组播（多播）.md;projects/嵌入式八股/糯叽叽八股/05 计算机网络.md
linux-udp-datagram-endpoint-routing	sockaddr_in	exact	archive/大丙Linux教程/第4章 套接字通信/10 基于UDP的套接字通信.md;archive/大丙Linux教程/第4章 套接字通信/11 UDP之广播.md;archive/大丙Linux教程/第4章 套接字通信/12 UDP之组播（多播）.md;projects/嵌入式八股/糯叽叽八股/05 计算机网络.md
linux-udp-datagram-endpoint-routing	htons	exact	projects/嵌入式八股/糯叽叽八股/05 计算机网络.md
linux-udp-datagram-endpoint-routing	INADDR_ANY	exact	archive/大丙Linux教程/第4章 套接字通信/10 基于UDP的套接字通信.md;archive/大丙Linux教程/第4章 套接字通信/11 UDP之广播.md;archive/大丙Linux教程/第4章 套接字通信/12 UDP之组播（多播）.md;projects/嵌入式八股/糯叽叽八股/05 计算机网络.md
linux-udp-multicast-interface-membership-contract	IP_MULTICAST_IF	exact	archive/大丙Linux教程/第4章 套接字通信/12 UDP之组播（多播）.md
linux-udp-multicast-interface-membership-contract	IP_ADD_MEMBERSHIP	exact	archive/大丙Linux教程/第4章 套接字通信/12 UDP之组播（多播）.md
linux-udp-multicast-interface-membership-contract	ip_mreq	exact	archive/大丙Linux教程/第4章 套接字通信/12 UDP之组播（多播）.md
linux-udp-multicast-interface-membership-contract	setsockopt	exact	archive/大丙Linux教程/第4章 套接字通信/11 UDP之广播.md;archive/大丙Linux教程/第4章 套接字通信/12 UDP之组播（多播）.md
linux-udp-multicast-interface-membership-contract	bind	exact	archive/大丙Linux教程/第4章 套接字通信/10 基于UDP的套接字通信.md;archive/大丙Linux教程/第4章 套接字通信/11 UDP之广播.md;archive/大丙Linux教程/第4章 套接字通信/12 UDP之组播（多播）.md;projects/嵌入式八股/糯叽叽八股/05 计算机网络.md;projects/嵌入式八股/糯叽叽八股/09 嵌入式Linux应用.md
linux-udp-multicast-interface-membership-contract	sendto	exact	archive/大丙Linux教程/第4章 套接字通信/10 基于UDP的套接字通信.md;archive/大丙Linux教程/第4章 套接字通信/11 UDP之广播.md;archive/大丙Linux教程/第4章 套接字通信/12 UDP之组播（多播）.md;projects/嵌入式八股/糯叽叽八股/05 计算机网络.md
linux-udp-multicast-interface-membership-contract	recvfrom	exact	archive/大丙Linux教程/第4章 套接字通信/10 基于UDP的套接字通信.md;archive/大丙Linux教程/第4章 套接字通信/11 UDP之广播.md;archive/大丙Linux教程/第4章 套接字通信/12 UDP之组播（多播）.md;projects/嵌入式八股/糯叽叽八股/05 计算机网络.md
linux-udp-multicast-interface-membership-contract	INADDR_ANY	exact	archive/大丙Linux教程/第4章 套接字通信/10 基于UDP的套接字通信.md;archive/大丙Linux教程/第4章 套接字通信/11 UDP之广播.md;archive/大丙Linux教程/第4章 套接字通信/12 UDP之组播（多播）.md;projects/嵌入式八股/糯叽叽八股/05 计算机网络.md
linux-userspace-timer-drift-audit	timer_create	exact	projects/嵌入式八股/糯叽叽八股/09 嵌入式Linux应用.md
linux-userspace-timer-drift-audit	timer_settime	exact	projects/嵌入式八股/糯叽叽八股/09 嵌入式Linux应用.md
linux-userspace-timer-drift-audit	timerfd_create	exact	projects/嵌入式八股/糯叽叽八股/09 嵌入式Linux应用.md
linux-userspace-timer-drift-audit	timerfd_settime	exact	projects/嵌入式八股/糯叽叽八股/09 嵌入式Linux应用.md
linux-userspace-timer-drift-audit	clock_nanosleep	exact	projects/嵌入式八股/糯叽叽八股/09 嵌入式Linux应用.md
linux-userspace-timer-drift-audit	TIMER_ABSTIME	exact	projects/嵌入式八股/糯叽叽八股/09 嵌入式Linux应用.md
linux-userspace-timer-drift-audit	epoll_wait	exact	archive/大丙Linux教程/第4章 套接字通信/09 IO多路转接（复用）之epoll.md;projects/嵌入式八股/2. 小林图解/图解系统/09｜网络系统篇/9.2 I／O 多路复用：select／poll／epoll.md;projects/嵌入式八股/糯叽叽八股/09 嵌入式Linux应用.md
linux-userspace-timer-drift-audit	SIGEV_THREAD	exact	projects/嵌入式八股/糯叽叽八股/09 嵌入式Linux应用.md
linux-userspace-timer-drift-audit	itimerspec	exact	projects/嵌入式八股/糯叽叽八股/09 嵌入式Linux应用.md
linux-userspace-timer-drift-audit	expiration count	review-label	
linux-virtual-memory-reclaim-path	Page Fault Handler	exact	projects/嵌入式八股/2. 小林图解/图解系统/04｜内存管理篇/4.3 内存满了，会发生什么？.md;projects/嵌入式八股/2. 小林图解/图解系统/04｜内存管理篇/4.4 在 4GB 物理内存的机器上，申请 8G 内存会怎么样？.md
linux-virtual-memory-reclaim-path	brk	exact	projects/嵌入式八股/2. 小林图解/图解系统/04｜内存管理篇/4.2 malloc 是如何分配内存的？.md;projects/嵌入式八股/2. 小林图解/图解系统/04｜内存管理篇/4.6 深入理解 Linux 虚拟内存管理.md
linux-virtual-memory-reclaim-path	mmap	exact	projects/嵌入式八股/2. 小林图解/图解系统/04｜内存管理篇/4.1 为什么要有虚拟内存？.md;projects/嵌入式八股/2. 小林图解/图解系统/04｜内存管理篇/4.2 malloc 是如何分配内存的？.md;projects/嵌入式八股/2. 小林图解/图解系统/04｜内存管理篇/4.6 深入理解 Linux 虚拟内存管理.md;projects/嵌入式八股/3. 杂七杂八/7. 嵌入式系统开发，必知的10个内存管理策略.md
linux-virtual-memory-reclaim-path	VMA	exact	projects/嵌入式八股/2. 小林图解/图解系统/04｜内存管理篇/4.6 深入理解 Linux 虚拟内存管理.md;projects/嵌入式八股/2. 小林图解/图解系统/04｜内存管理篇/4.7 深入理解 Linux 物理内存管理.md
linux-virtual-memory-reclaim-path	page cache	exact	projects/嵌入式八股/2. 小林图解/图解系统/04｜内存管理篇/4.6 深入理解 Linux 虚拟内存管理.md;projects/嵌入式八股/2. 小林图解/图解系统/04｜内存管理篇/4.7 深入理解 Linux 物理内存管理.md
linux-virtual-memory-reclaim-path	Active(anon)	exact	projects/嵌入式八股/2. 小林图解/图解系统/04｜内存管理篇/4.3 内存满了，会发生什么？.md
linux-virtual-memory-reclaim-path	Inactive(anon)	exact	projects/嵌入式八股/2. 小林图解/图解系统/04｜内存管理篇/4.3 内存满了，会发生什么？.md
linux-virtual-memory-reclaim-path	kswapd	exact	projects/嵌入式八股/2. 小林图解/图解系统/04｜内存管理篇/4.3 内存满了，会发生什么？.md;projects/嵌入式八股/2. 小林图解/图解系统/04｜内存管理篇/4.7 深入理解 Linux 物理内存管理.md
linux-virtual-memory-reclaim-path	direct reclaim	exact	projects/嵌入式八股/2. 小林图解/图解系统/04｜内存管理篇/4.3 内存满了，会发生什么？.md;projects/嵌入式八股/2. 小林图解/图解系统/04｜内存管理篇/4.7 深入理解 Linux 物理内存管理.md
linux-virtual-memory-reclaim-path	WMARK_MIN	exact	projects/嵌入式八股/2. 小林图解/图解系统/04｜内存管理篇/4.7 深入理解 Linux 物理内存管理.md
linux-virtual-memory-reclaim-path	WMARK_LOW	exact	projects/嵌入式八股/2. 小林图解/图解系统/04｜内存管理篇/4.7 深入理解 Linux 物理内存管理.md
linux-virtual-memory-reclaim-path	WMARK_HIGH	exact	projects/嵌入式八股/2. 小林图解/图解系统/04｜内存管理篇/4.7 深入理解 Linux 物理内存管理.md
linux-virtual-memory-reclaim-path	min_free_kbytes	exact	projects/嵌入式八股/2. 小林图解/图解系统/04｜内存管理篇/4.3 内存满了，会发生什么？.md;projects/嵌入式八股/2. 小林图解/图解系统/04｜内存管理篇/4.7 深入理解 Linux 物理内存管理.md
linux-virtual-memory-reclaim-path	watermark_scale_factor	exact	projects/嵌入式八股/2. 小林图解/图解系统/04｜内存管理篇/4.7 深入理解 Linux 物理内存管理.md
linux-virtual-memory-reclaim-path	swappiness	exact	projects/嵌入式八股/2. 小林图解/图解系统/04｜内存管理篇/4.3 内存满了，会发生什么？.md;projects/嵌入式八股/2. 小林图解/图解系统/04｜内存管理篇/4.7 深入理解 Linux 物理内存管理.md
linux-virtual-memory-reclaim-path	struct zone	exact	projects/嵌入式八股/2. 小林图解/图解系统/04｜内存管理篇/4.7 深入理解 Linux 物理内存管理.md
linux-virtual-memory-reclaim-path	free_area	exact	projects/嵌入式八股/2. 小林图解/图解系统/04｜内存管理篇/4.7 深入理解 Linux 物理内存管理.md
linux-virtual-memory-reclaim-path	struct page	exact	projects/嵌入式八股/2. 小林图解/图解系统/04｜内存管理篇/4.6 深入理解 Linux 虚拟内存管理.md;projects/嵌入式八股/2. 小林图解/图解系统/04｜内存管理篇/4.7 深入理解 Linux 物理内存管理.md
linux-virtual-memory-reclaim-path	anon_vma	exact	projects/嵌入式八股/2. 小林图解/图解系统/04｜内存管理篇/4.6 深入理解 Linux 虚拟内存管理.md;projects/嵌入式八股/2. 小林图解/图解系统/04｜内存管理篇/4.7 深入理解 Linux 物理内存管理.md
linux-vision-build-provenance-audit	add_executable	exact	projects/linux视觉感知项目/源码/卷积神经网络/卷积神经网络/LSTR_ONNX/CMakeLists.txt;projects/linux视觉感知项目/源码/卷积神经网络/卷积神经网络/Unet_NCNN/CMakeLists.txt;projects/linux视觉感知项目/源码/图像预处理（加速前+加速后）/Lime/CMakeLists.txt;projects/linux视觉感知项目/源码/图像预处理（加速前+加速后）/Lime_NEON+OpenMP/CMakeLists.txt
linux-vision-build-provenance-audit	target_link_libraries	exact	projects/linux视觉感知项目/源码/卷积神经网络/卷积神经网络/LSTR_ONNX/CMakeLists.txt;projects/linux视觉感知项目/源码/卷积神经网络/卷积神经网络/Unet_NCNN/CMakeLists.txt;projects/linux视觉感知项目/源码/图像预处理（加速前+加速后）/Lime/CMakeLists.txt;projects/linux视觉感知项目/源码/图像预处理（加速前+加速后）/Lime_NEON+OpenMP/CMakeLists.txt
linux-vision-build-provenance-audit	lime	exact	projects/linux视觉感知项目/文档/03 LIME 低照度增强/3.7 优化前后性能对比.md;projects/linux视觉感知项目/源码/图像预处理（加速前+加速后）/Lime/CMakeLists.txt;projects/linux视觉感知项目/源码/图像预处理（加速前+加速后）/Lime/lime.cpp;projects/linux视觉感知项目/源码/图像预处理（加速前+加速后）/Lime_NEON+OpenMP/CMakeLists.txt;projects/linux视觉感知项目/源码/图像预处理（加速前+加速后）/Lime_NEON+OpenMP/lime_opt.cpp;projects/linux视觉感知项目/源码/图像预处理（加速前+加速后）/Lime_NEON+OpenMP/xinlime.cpp
linux-vision-build-provenance-audit	lime.cpp	exact	projects/linux视觉感知项目/文档/03 LIME 低照度增强/3.7 优化前后性能对比.md;projects/linux视觉感知项目/源码/图像预处理（加速前+加速后）/Lime/CMakeLists.txt
linux-vision-build-provenance-audit	lime_opt.cpp	exact	projects/linux视觉感知项目/文档/03 LIME 低照度增强/3.7 优化前后性能对比.md;projects/linux视觉感知项目/源码/图像预处理（加速前+加速后）/Lime_NEON+OpenMP/CMakeLists.txt
linux-vision-build-provenance-audit	xinlime.cpp	exact	projects/linux视觉感知项目/文档/03 LIME 低照度增强/3.7 优化前后性能对比.md
linux-vision-build-provenance-audit	LSTR	exact	projects/linux视觉感知项目/文档/03 LIME 低照度增强/3.7 优化前后性能对比.md;projects/linux视觉感知项目/文档/04 模型推理部署/4.6 两种方案对比：分割vs曲线.md;projects/linux视觉感知项目/源码/卷积神经网络/卷积神经网络/LSTR_ONNX/CMakeLists.txt;projects/linux视觉感知项目/源码/卷积神经网络/卷积神经网络/LSTR_ONNX/main.cpp
linux-vision-build-provenance-audit	unet_ncnn	exact	projects/linux视觉感知项目/源码/卷积神经网络/卷积神经网络/Unet_NCNN/CMakeLists.txt
linux-vision-build-provenance-audit	libonnxruntime.so	exact	projects/linux视觉感知项目/文档/03 LIME 低照度增强/3.7 优化前后性能对比.md;projects/linux视觉感知项目/文档/04 模型推理部署/4.6 两种方案对比：分割vs曲线.md;projects/linux视觉感知项目/源码/卷积神经网络/卷积神经网络/LSTR_ONNX/CMakeLists.txt
linux-vision-build-provenance-audit	ncnn	exact	projects/linux视觉感知项目/文档/04 模型推理部署/4.6 两种方案对比：分割vs曲线.md;projects/linux视觉感知项目/源码/卷积神经网络/卷积神经网络/Unet_NCNN/CMakeLists.txt;projects/linux视觉感知项目/源码/卷积神经网络/卷积神经网络/Unet_NCNN/src/unet.cpp
linux-vision-build-provenance-audit	OpenMP	exact	projects/linux视觉感知项目/文档/03 LIME 低照度增强/3.7 优化前后性能对比.md;projects/linux视觉感知项目/源码/卷积神经网络/卷积神经网络/Unet_NCNN/CMakeLists.txt;projects/linux视觉感知项目/源码/图像预处理（加速前+加速后）/Lime_NEON+OpenMP/CMakeLists.txt;projects/linux视觉感知项目/源码/图像预处理（加速前+加速后）/Lime_NEON+OpenMP/xinlime.cpp
linux-vision-build-provenance-audit	CMAKE_BUILD_TYPE	exact	projects/linux视觉感知项目/源码/卷积神经网络/卷积神经网络/Unet_NCNN/CMakeLists.txt;projects/linux视觉感知项目/源码/图像预处理（加速前+加速后）/Lime/CMakeLists.txt;projects/linux视觉感知项目/源码/图像预处理（加速前+加速后）/Lime_NEON+OpenMP/CMakeLists.txt
linux-vision-file-ipc-lifecycle-audit	QProcess	exact	projects/linux视觉感知项目/文档/01 项目概述/1.6 模块间协作与进程通信.md;projects/linux视觉感知项目/文档/02 Qt 上位机/2.3 QProcess 进程管理.md;projects/linux视觉感知项目/源码/上位机程序/Lane_Detection/mainwindow.cpp;projects/linux视觉感知项目/源码/上位机程序/Lane_Detection/mainwindow.h
linux-vision-file-ipc-lifecycle-audit	process2	exact	projects/linux视觉感知项目/文档/01 项目概述/1.6 模块间协作与进程通信.md;projects/linux视觉感知项目/文档/02 Qt 上位机/2.3 QProcess 进程管理.md;projects/linux视觉感知项目/源码/上位机程序/Lane_Detection/mainwindow.cpp;projects/linux视觉感知项目/源码/上位机程序/Lane_Detection/mainwindow.h
linux-vision-file-ipc-lifecycle-audit	process3	exact	projects/linux视觉感知项目/文档/01 项目概述/1.6 模块间协作与进程通信.md;projects/linux视觉感知项目/文档/02 Qt 上位机/2.3 QProcess 进程管理.md;projects/linux视觉感知项目/源码/上位机程序/Lane_Detection/mainwindow.cpp;projects/linux视觉感知项目/源码/上位机程序/Lane_Detection/mainwindow.h
linux-vision-file-ipc-lifecycle-audit	start	exact	projects/linux视觉感知项目/文档/01 项目概述/1.6 模块间协作与进程通信.md;projects/linux视觉感知项目/文档/02 Qt 上位机/2.3 QProcess 进程管理.md;projects/linux视觉感知项目/源码/上位机程序/Lane_Detection/mainwindow.cpp
linux-vision-file-ipc-lifecycle-audit	waitForStarted	exact	projects/linux视觉感知项目/文档/01 项目概述/1.6 模块间协作与进程通信.md;projects/linux视觉感知项目/文档/02 Qt 上位机/2.3 QProcess 进程管理.md;projects/linux视觉感知项目/源码/上位机程序/Lane_Detection/mainwindow.cpp
linux-vision-file-ipc-lifecycle-audit	write	exact	projects/linux视觉感知项目/文档/01 项目概述/1.6 模块间协作与进程通信.md;projects/linux视觉感知项目/文档/02 Qt 上位机/2.3 QProcess 进程管理.md;projects/linux视觉感知项目/源码/上位机程序/Lane_Detection/LSTR/main.cpp;projects/linux视觉感知项目/源码/上位机程序/Lane_Detection/mainwindow.cpp
linux-vision-file-ipc-lifecycle-audit	waitKey	exact	projects/linux视觉感知项目/文档/01 项目概述/1.6 模块间协作与进程通信.md;projects/linux视觉感知项目/文档/02 Qt 上位机/2.3 QProcess 进程管理.md;projects/linux视觉感知项目/源码/上位机程序/Lane_Detection/mainwindow.cpp
linux-vision-file-ipc-lifecycle-audit	imread	exact	projects/linux视觉感知项目/文档/01 项目概述/1.6 模块间协作与进程通信.md;projects/linux视觉感知项目/文档/02 Qt 上位机/2.3 QProcess 进程管理.md;projects/linux视觉感知项目/源码/上位机程序/Lane_Detection/LSTR/main.cpp;projects/linux视觉感知项目/源码/上位机程序/Lane_Detection/mainwindow.cpp
linux-vision-file-ipc-lifecycle-audit	imwrite	exact	projects/linux视觉感知项目/文档/01 项目概述/1.6 模块间协作与进程通信.md;projects/linux视觉感知项目/文档/02 Qt 上位机/2.3 QProcess 进程管理.md;projects/linux视觉感知项目/源码/上位机程序/Lane_Detection/LSTR/main.cpp;projects/linux视觉感知项目/源码/上位机程序/Lane_Detection/mainwindow.cpp
linux-vision-file-ipc-lifecycle-audit	cap.open	exact	projects/linux视觉感知项目/源码/上位机程序/Lane_Detection/mainwindow.cpp
linux-vision-file-ipc-lifecycle-audit	cap.release	exact	projects/linux视觉感知项目/源码/上位机程序/Lane_Detection/mainwindow.cpp
linux-vision-pipeline-and-optimization	cv::VideoCapture	qualified-leaf	projects/linux视觉感知项目/Linux视觉感知处理系统-完整代码流程详解.md
linux-vision-pipeline-and-optimization	cv::Mat	exact	projects/linux视觉感知项目/Linux视觉感知处理系统-完整代码流程详解.md;projects/linux视觉感知项目/源码/卷积神经网络/卷积神经网络/Unet_NCNN/src/unet.cpp;projects/linux视觉感知项目/源码/图像预处理（加速前+加速后）/Lime/lime.cpp;projects/linux视觉感知项目/源码/图像预处理（加速前+加速后）/Lime_NEON+OpenMP/lime_opt.cpp
linux-vision-pipeline-and-optimization	MainWindow::readFrame	exact	projects/linux视觉感知项目/Linux视觉感知处理系统-完整代码流程详解.md;projects/linux视觉感知项目/源码/上位机程序/Lane_Detection/mainwindow.cpp
linux-vision-pipeline-and-optimization	MainWindow::yolop_process	exact	projects/linux视觉感知项目/Linux视觉感知处理系统-完整代码流程详解.md;projects/linux视觉感知项目/源码/上位机程序/Lane_Detection/mainwindow.cpp
linux-vision-pipeline-and-optimization	lime::getMax	exact	projects/linux视觉感知项目/Linux视觉感知处理系统-完整代码流程详解.md;projects/linux视觉感知项目/源码/图像预处理（加速前+加速后）/Lime/lime.cpp;projects/linux视觉感知项目/源码/图像预处理（加速前+加速后）/Lime_NEON+OpenMP/lime_opt.cpp
linux-vision-pipeline-and-optimization	#pragma omp parallel sections	exact	projects/linux视觉感知项目/源码/图像预处理（加速前+加速后）/Lime_NEON+OpenMP/lime_opt.cpp
linux-vision-pipeline-and-optimization	vld1q_f32	exact	projects/linux视觉感知项目/Linux视觉感知处理系统-完整代码流程详解.md;projects/linux视觉感知项目/源码/图像预处理（加速前+加速后）/Lime_NEON+OpenMP/lime_opt.cpp
linux-vision-pipeline-and-optimization	vmaxq_f32	exact	projects/linux视觉感知项目/Linux视觉感知处理系统-完整代码流程详解.md;projects/linux视觉感知项目/源码/图像预处理（加速前+加速后）/Lime_NEON+OpenMP/lime_opt.cpp
linux-vision-pipeline-and-optimization	vaddq_f32	exact	projects/linux视觉感知项目/Linux视觉感知处理系统-完整代码流程详解.md;projects/linux视觉感知项目/源码/图像预处理（加速前+加速后）/Lime_NEON+OpenMP/lime_opt.cpp
linux-vision-pipeline-and-optimization	OpenMP	exact	projects/linux视觉感知项目/Linux视觉感知处理系统-完整代码流程详解.md;projects/linux视觉感知项目/原作者学习指南.md
linux-vision-pipeline-and-optimization	LSTR	exact	projects/linux视觉感知项目/Linux视觉感知处理系统-完整代码流程详解.md;projects/linux视觉感知项目/原作者学习指南.md;projects/linux视觉感知项目/源码/上位机程序/Lane_Detection/mainwindow.cpp;projects/linux视觉感知项目/源码/卷积神经网络/卷积神经网络/LSTR_ONNX/main.cpp
linux-vision-pipeline-and-optimization	Unet	exact	projects/linux视觉感知项目/Linux视觉感知处理系统-完整代码流程详解.md;projects/linux视觉感知项目/原作者学习指南.md;projects/linux视觉感知项目/源码/卷积神经网络/卷积神经网络/Unet_NCNN/src/unet.cpp
linux-vision-pipeline-and-optimization	ncnn	exact	projects/linux视觉感知项目/Linux视觉感知处理系统-完整代码流程详解.md;projects/linux视觉感知项目/源码/卷积神经网络/卷积神经网络/Unet_NCNN/src/unet.cpp
linux-vision-pipeline-and-optimization	QProcess	exact	projects/linux视觉感知项目/Linux视觉感知处理系统-完整代码流程详解.md;projects/linux视觉感知项目/源码/上位机程序/Lane_Detection/mainwindow.cpp
linux-vision-pipeline-and-optimization	cameraView	exact	projects/linux视觉感知项目/Linux视觉感知处理系统-完整代码流程详解.md;projects/linux视觉感知项目/源码/上位机程序/Lane_Detection/mainwindow.cpp
linux-vision-pipeline-and-optimization	resultView	exact	projects/linux视觉感知项目/Linux视觉感知处理系统-完整代码流程详解.md;projects/linux视觉感知项目/源码/上位机程序/Lane_Detection/mainwindow.cpp
linux-vision-project-storytelling	FT2000/4	exact	projects/linux视觉感知项目/原作者学习指南.md;projects/linux视觉感知项目/文档/06 面试与复习/6.2 项目全局面试问答.md;projects/linux视觉感知项目/文档/06 面试与复习/6.3 LIME与优化面试要点.md;projects/linux视觉感知项目/文档/06 面试与复习/6.4 LSTR与Unet部署面试要点.md
linux-vision-project-storytelling	camera	review-label	
linux-vision-project-storytelling	LIME	exact	projects/linux视觉感知项目/原作者学习指南.md;projects/linux视觉感知项目/文档/06 面试与复习/6.2 项目全局面试问答.md;projects/linux视觉感知项目/文档/06 面试与复习/6.3 LIME与优化面试要点.md;projects/linux视觉感知项目/文档/06 面试与复习/6.4 LSTR与Unet部署面试要点.md
linux-vision-project-storytelling	NEON	exact	projects/linux视觉感知项目/原作者学习指南.md;projects/linux视觉感知项目/文档/06 面试与复习/6.2 项目全局面试问答.md;projects/linux视觉感知项目/文档/06 面试与复习/6.3 LIME与优化面试要点.md;projects/linux视觉感知项目/文档/06 面试与复习/6.4 LSTR与Unet部署面试要点.md
linux-vision-project-storytelling	OpenMP	exact	projects/linux视觉感知项目/原作者学习指南.md;projects/linux视觉感知项目/文档/06 面试与复习/6.2 项目全局面试问答.md;projects/linux视觉感知项目/文档/06 面试与复习/6.3 LIME与优化面试要点.md;projects/linux视觉感知项目/文档/06 面试与复习/6.4 LSTR与Unet部署面试要点.md
linux-vision-project-storytelling	LSTR	exact	projects/linux视觉感知项目/原作者学习指南.md;projects/linux视觉感知项目/文档/06 面试与复习/6.2 项目全局面试问答.md;projects/linux视觉感知项目/文档/06 面试与复习/6.3 LIME与优化面试要点.md;projects/linux视觉感知项目/文档/06 面试与复习/6.4 LSTR与Unet部署面试要点.md
linux-vision-project-storytelling	ONNX Runtime	exact	projects/linux视觉感知项目/文档/06 面试与复习/6.2 项目全局面试问答.md;projects/linux视觉感知项目/文档/06 面试与复习/6.4 LSTR与Unet部署面试要点.md
linux-vision-project-storytelling	Unet	exact	projects/linux视觉感知项目/原作者学习指南.md;projects/linux视觉感知项目/文档/06 面试与复习/6.2 项目全局面试问答.md;projects/linux视觉感知项目/文档/06 面试与复习/6.3 LIME与优化面试要点.md;projects/linux视觉感知项目/文档/06 面试与复习/6.4 LSTR与Unet部署面试要点.md
linux-vision-project-storytelling	NCNN	exact	projects/linux视觉感知项目/原作者学习指南.md;projects/linux视觉感知项目/文档/06 面试与复习/6.2 项目全局面试问答.md;projects/linux视觉感知项目/文档/06 面试与复习/6.4 LSTR与Unet部署面试要点.md
linux-vision-project-storytelling	Qt	exact	projects/linux视觉感知项目/文档/06 面试与复习/6.2 项目全局面试问答.md;projects/linux视觉感知项目/文档/06 面试与复习/6.4 LSTR与Unet部署面试要点.md
linux-vision-project-storytelling	project-background	review-label	
linux-vision-project-storytelling	personal-contribution	review-label	
linux-vision-project-storytelling	evidence-boundary	review-label	
linux-vision-qt-image-buffer-adapter-audit	MainWindow::readFrame	exact	projects/linux视觉感知项目/源码/上位机程序/Lane_Detection/mainwindow.cpp
linux-vision-qt-image-buffer-adapter-audit	MainWindow::yolop_process	exact	projects/linux视觉感知项目/源码/上位机程序/Lane_Detection/mainwindow.cpp
linux-vision-qt-image-buffer-adapter-audit	MainWindow::MatImageToQt	exact	projects/linux视觉感知项目/源码/上位机程序/Lane_Detection/mainwindow.cpp
linux-vision-qt-image-buffer-adapter-audit	src.step	exact	projects/linux视觉感知项目/文档/02 Qt 上位机/2.5 Mat与QImage格式互转.md;projects/linux视觉感知项目/源码/上位机程序/Lane_Detection/mainwindow.cpp
linux-vision-qt-image-buffer-adapter-audit	QImage::Format_RGB888	exact	projects/linux视觉感知项目/文档/02 Qt 上位机/2.5 Mat与QImage格式互转.md;projects/linux视觉感知项目/源码/上位机程序/Lane_Detection/mainwindow.cpp
linux-vision-qt-image-buffer-adapter-audit	QImage::rgbSwapped	qualified-leaf	projects/linux视觉感知项目/文档/02 Qt 上位机/2.5 Mat与QImage格式互转.md;projects/linux视觉感知项目/源码/上位机程序/Lane_Detection/mainwindow.cpp
linux-vision-qt-image-buffer-adapter-audit	QImage::copy	qualified-leaf	projects/linux视觉感知项目/文档/02 Qt 上位机/2.5 Mat与QImage格式互转.md;projects/linux视觉感知项目/源码/上位机程序/Lane_Detection/mainwindow.cpp
linux-vision-qt-image-buffer-adapter-audit	QPixmap::fromImage	exact	projects/linux视觉感知项目/文档/02 Qt 上位机/2.5 Mat与QImage格式互转.md;projects/linux视觉感知项目/源码/上位机程序/Lane_Detection/mainwindow.cpp
linux-vision-qt-image-buffer-adapter-audit	cameraView	exact	projects/linux视觉感知项目/文档/02 Qt 上位机/2.5 Mat与QImage格式互转.md;projects/linux视觉感知项目/源码/上位机程序/Lane_Detection/mainwindow.cpp;projects/linux视觉感知项目/源码/上位机程序/Lane_Detection/mainwindow.ui
linux-vision-qt-image-buffer-adapter-audit	resultView	exact	projects/linux视觉感知项目/文档/02 Qt 上位机/2.5 Mat与QImage格式互转.md;projects/linux视觉感知项目/源码/上位机程序/Lane_Detection/mainwindow.cpp;projects/linux视觉感知项目/源码/上位机程序/Lane_Detection/mainwindow.ui
linux-vision-resource-telemetry-contract-audit	sysinfolinuximpl::cpuLoadAverage	exact	projects/linux视觉感知项目/源码/上位机程序/Lane_Detection/sysinfolinuximpl.cpp
linux-vision-resource-telemetry-contract-audit	sysinfolinuximpl::get_mem_usage__	exact	projects/linux视觉感知项目/源码/上位机程序/Lane_Detection/sysinfolinuximpl.cpp
linux-vision-resource-telemetry-contract-audit	pre_user	exact	projects/linux视觉感知项目/文档/02 Qt 上位机/2.4 CPU与内存实时监控.md;projects/linux视觉感知项目/源码/上位机程序/Lane_Detection/sysinfolinuximpl.cpp;projects/linux视觉感知项目/源码/上位机程序/Lane_Detection/sysinfolinuximpl.h
linux-vision-resource-telemetry-contract-audit	pre_total	exact	projects/linux视觉感知项目/文档/02 Qt 上位机/2.4 CPU与内存实时监控.md;projects/linux视觉感知项目/源码/上位机程序/Lane_Detection/sysinfolinuximpl.cpp;projects/linux视觉感知项目/源码/上位机程序/Lane_Detection/sysinfolinuximpl.h
linux-vision-resource-telemetry-contract-audit	QProcess::waitForFinished	qualified-leaf	projects/linux视觉感知项目/源码/上位机程序/Lane_Detection/sysinfolinuximpl.cpp
linux-vision-resource-telemetry-contract-audit	MainWindow::timerTimeOut	exact	projects/linux视觉感知项目/文档/02 Qt 上位机/2.4 CPU与内存实时监控.md;projects/linux视觉感知项目/源码/上位机程序/Lane_Detection/mainwindow.cpp
linux-vision-resource-telemetry-contract-audit	timer2	exact	projects/linux视觉感知项目/文档/02 Qt 上位机/2.4 CPU与内存实时监控.md;projects/linux视觉感知项目/源码/上位机程序/Lane_Detection/mainwindow.cpp;projects/linux视觉感知项目/源码/上位机程序/Lane_Detection/mainwindow.h
linux-vision-resource-telemetry-contract-audit	maxSize	exact	projects/linux视觉感知项目/文档/02 Qt 上位机/2.4 CPU与内存实时监控.md;projects/linux视觉感知项目/源码/上位机程序/Lane_Detection/mainwindow.cpp;projects/linux视觉感知项目/源码/上位机程序/Lane_Detection/mainwindow.h
linux-vision-resource-telemetry-contract-audit	QSplineSeries::append	qualified-leaf	projects/linux视觉感知项目/文档/02 Qt 上位机/2.4 CPU与内存实时监控.md;projects/linux视觉感知项目/源码/上位机程序/Lane_Detection/mainwindow.cpp
qt-event-loop-signal-slot-audit	MainWindow::MainWindow	exact	projects/linux视觉感知项目/源码/上位机程序/Lane_Detection/mainwindow.cpp
qt-event-loop-signal-slot-audit	MainWindow::~MainWindow	exact	projects/linux视觉感知项目/源码/上位机程序/Lane_Detection/mainwindow.cpp
qt-event-loop-signal-slot-audit	MainWindow::yolop_process	exact	projects/linux视觉感知项目/文档/02 Qt 上位机/2.3 QProcess 进程管理.md;projects/linux视觉感知项目/源码/上位机程序/Lane_Detection/mainwindow.cpp
qt-event-loop-signal-slot-audit	MainWindow::on_Select_triggered	exact	projects/linux视觉感知项目/文档/02 Qt 上位机/2.3 QProcess 进程管理.md;projects/linux视觉感知项目/源码/上位机程序/Lane_Detection/mainwindow.cpp
qt-event-loop-signal-slot-audit	MainWindow::readBashStandardOutputInfo	exact	projects/linux视觉感知项目/文档/02 Qt 上位机/2.3 QProcess 进程管理.md;projects/linux视觉感知项目/源码/上位机程序/Lane_Detection/mainwindow.cpp
qt-event-loop-signal-slot-audit	MainWindow::readFrame	exact	projects/linux视觉感知项目/源码/上位机程序/Lane_Detection/mainwindow.cpp
qt-event-loop-signal-slot-audit	MainWindow::timerTimeOut	exact	projects/linux视觉感知项目/文档/02 Qt 上位机/2.4 CPU与内存实时监控.md;projects/linux视觉感知项目/源码/上位机程序/Lane_Detection/mainwindow.cpp
qt-event-loop-signal-slot-audit	MainWindow::InitChart	exact	projects/linux视觉感知项目/源码/上位机程序/Lane_Detection/mainwindow.cpp
qt-event-loop-signal-slot-audit	process2	exact	projects/linux视觉感知项目/文档/02 Qt 上位机/2.2 信号槽机制与交互.md;projects/linux视觉感知项目/文档/02 Qt 上位机/2.3 QProcess 进程管理.md;projects/linux视觉感知项目/源码/上位机程序/Lane_Detection/mainwindow.cpp;projects/linux视觉感知项目/源码/上位机程序/Lane_Detection/mainwindow.h
qt-event-loop-signal-slot-audit	process3	exact	projects/linux视觉感知项目/文档/02 Qt 上位机/2.2 信号槽机制与交互.md;projects/linux视觉感知项目/文档/02 Qt 上位机/2.3 QProcess 进程管理.md;projects/linux视觉感知项目/源码/上位机程序/Lane_Detection/mainwindow.cpp;projects/linux视觉感知项目/源码/上位机程序/Lane_Detection/mainwindow.h
qt-event-loop-signal-slot-audit	QProcess::start	exact	projects/linux视觉感知项目/文档/02 Qt 上位机/2.3 QProcess 进程管理.md
qt-event-loop-signal-slot-audit	QProcess::waitForStarted	qualified-leaf	projects/linux视觉感知项目/文档/02 Qt 上位机/2.3 QProcess 进程管理.md;projects/linux视觉感知项目/源码/上位机程序/Lane_Detection/mainwindow.cpp
qt-event-loop-signal-slot-audit	QProcess::write	qualified-leaf	projects/linux视觉感知项目/文档/02 Qt 上位机/2.2 信号槽机制与交互.md;projects/linux视觉感知项目/文档/02 Qt 上位机/2.3 QProcess 进程管理.md;projects/linux视觉感知项目/源码/上位机程序/Lane_Detection/mainwindow.cpp
qt-event-loop-signal-slot-audit	QProcess::readyReadStandardOutput	qualified-leaf	projects/linux视觉感知项目/文档/02 Qt 上位机/2.2 信号槽机制与交互.md;projects/linux视觉感知项目/文档/02 Qt 上位机/2.3 QProcess 进程管理.md;projects/linux视觉感知项目/源码/上位机程序/Lane_Detection/mainwindow.cpp
qt-event-loop-signal-slot-audit	QProcess::readyReadStandardError	review-label	
qt-event-loop-signal-slot-audit	QProcess::finished	exact	projects/linux视觉感知项目/文档/02 Qt 上位机/2.2 信号槽机制与交互.md
qt-event-loop-signal-slot-audit	QProcess::errorOccurred/error	review-label	
qt-event-loop-signal-slot-audit	QTimer::start	qualified-leaf	projects/linux视觉感知项目/文档/02 Qt 上位机/2.2 信号槽机制与交互.md;projects/linux视觉感知项目/文档/02 Qt 上位机/2.3 QProcess 进程管理.md;projects/linux视觉感知项目/文档/02 Qt 上位机/2.4 CPU与内存实时监控.md;projects/linux视觉感知项目/源码/上位机程序/Lane_Detection/mainwindow.cpp
qt-event-loop-signal-slot-audit	QTimer::stop	qualified-leaf	projects/linux视觉感知项目/文档/02 Qt 上位机/2.2 信号槽机制与交互.md;projects/linux视觉感知项目/源码/上位机程序/Lane_Detection/mainwindow.cpp
qt-event-loop-signal-slot-audit	waitKey	exact	projects/linux视觉感知项目/文档/02 Qt 上位机/2.2 信号槽机制与交互.md;projects/linux视觉感知项目/文档/02 Qt 上位机/2.3 QProcess 进程管理.md;projects/linux视觉感知项目/源码/上位机程序/Lane_Detection/mainwindow.cpp
qt-event-loop-signal-slot-audit	connect	exact	projects/linux视觉感知项目/文档/02 Qt 上位机/2.2 信号槽机制与交互.md;projects/linux视觉感知项目/文档/02 Qt 上位机/2.3 QProcess 进程管理.md;projects/linux视觉感知项目/文档/02 Qt 上位机/2.4 CPU与内存实时监控.md;projects/linux视觉感知项目/源码/上位机程序/Lane_Detection/mainwindow.cpp;projects/linux视觉感知项目/源码/上位机程序/Lane_Detection/ui_mainwindow.h
qt-event-loop-signal-slot-audit	disconnect	exact	projects/linux视觉感知项目/文档/02 Qt 上位机/2.2 信号槽机制与交互.md;projects/linux视觉感知项目/源码/上位机程序/Lane_Detection/mainwindow.cpp
qt-event-loop-signal-slot-audit	QMetaObject::connectSlotsByName	exact	projects/linux视觉感知项目/文档/02 Qt 上位机/2.2 信号槽机制与交互.md;projects/linux视觉感知项目/源码/上位机程序/Lane_Detection/ui_mainwindow.h
qt-event-loop-signal-slot-audit	QApplication::exec	qualified-leaf	projects/linux视觉感知项目/文档/02 Qt 上位机/2.3 QProcess 进程管理.md;projects/linux视觉感知项目/源码/上位机程序/Lane_Detection/main.cpp
rtos-auto-mode-state-machine	AutoModeState_t	exact	projects/RTOS项目/文档/5 系统功能实现/5.1 工作模式：待机、手动、自动、防回流.md;projects/RTOS项目/文档/5 系统功能实现/5.2 自动模式状态机与Cooking Event检测.md;projects/RTOS项目/源码/APP_TASK/app_tasks.c
rtos-auto-mode-state-machine	AUTO_STATE_STARTUP	exact	projects/RTOS项目/RTOS项目复习文档.md;projects/RTOS项目/文档/5 系统功能实现/5.1 工作模式：待机、手动、自动、防回流.md;projects/RTOS项目/文档/5 系统功能实现/5.2 自动模式状态机与Cooking Event检测.md;projects/RTOS项目/源码/APP_TASK/app_tasks.c
rtos-auto-mode-state-machine	AUTO_STATE_COOKING	exact	projects/RTOS项目/RTOS项目复习文档.md;projects/RTOS项目/文档/5 系统功能实现/5.1 工作模式：待机、手动、自动、防回流.md;projects/RTOS项目/文档/5 系统功能实现/5.2 自动模式状态机与Cooking Event检测.md;projects/RTOS项目/源码/APP_TASK/app_tasks.c
rtos-auto-mode-state-machine	AUTO_STATE_DELAY_OFF	exact	projects/RTOS项目/RTOS项目复习文档.md;projects/RTOS项目/文档/5 系统功能实现/5.1 工作模式：待机、手动、自动、防回流.md;projects/RTOS项目/文档/5 系统功能实现/5.2 自动模式状态机与Cooking Event检测.md;projects/RTOS项目/源码/APP_TASK/app_tasks.c
rtos-auto-mode-state-machine	MotorControlTask	exact	projects/RTOS项目/RTOS项目复习文档.md;projects/RTOS项目/文档/4 硬件驱动开发/4.2 传感器与采集/4.2.3 多传感器融合风速算法.md;projects/RTOS项目/文档/5 系统功能实现/5.1 工作模式：待机、手动、自动、防回流.md;projects/RTOS项目/文档/5 系统功能实现/5.2 自动模式状态机与Cooking Event检测.md;projects/RTOS项目/源码/APP_TASK/app_tasks.c;projects/RTOS项目/源码/APP_TASK/app_tasks.h
rtos-auto-mode-state-machine	WindSpeed_Update	exact	projects/RTOS项目/RTOS项目复习文档.md;projects/RTOS项目/文档/4 硬件驱动开发/4.2 传感器与采集/4.2.3 多传感器融合风速算法.md;projects/RTOS项目/文档/5 系统功能实现/5.2 自动模式状态机与Cooking Event检测.md;projects/RTOS项目/源码/APP_TASK/app_tasks.c;projects/RTOS项目/源码/BSP/WIND/wind_speed.c;projects/RTOS项目/源码/BSP/WIND/wind_speed.h
rtos-auto-mode-state-machine	WindSpeed_IsCookingEvent	exact	projects/RTOS项目/RTOS项目复习文档.md;projects/RTOS项目/文档/4 硬件驱动开发/4.2 传感器与采集/4.2.3 多传感器融合风速算法.md;projects/RTOS项目/文档/5 系统功能实现/5.2 自动模式状态机与Cooking Event检测.md;projects/RTOS项目/源码/APP_TASK/app_tasks.c;projects/RTOS项目/源码/BSP/WIND/wind_speed.c;projects/RTOS项目/源码/BSP/WIND/wind_speed.h
rtos-auto-mode-state-machine	AntiBackflowTask	exact	projects/RTOS项目/RTOS项目复习文档.md;projects/RTOS项目/文档/5 系统功能实现/5.1 工作模式：待机、手动、自动、防回流.md;projects/RTOS项目/源码/APP_TASK/app_tasks.c;projects/RTOS项目/源码/APP_TASK/app_tasks.h
rtos-auto-mode-state-machine	System_SwitchMode	exact	projects/RTOS项目/RTOS项目复习文档.md;projects/RTOS项目/文档/5 系统功能实现/5.1 工作模式：待机、手动、自动、防回流.md;projects/RTOS项目/文档/5 系统功能实现/5.2 自动模式状态机与Cooking Event检测.md;projects/RTOS项目/源码/APP_TASK/app_tasks.c;projects/RTOS项目/源码/APP_TASK/app_tasks.h
rtos-auto-mode-state-machine	AUTO_MODE_STARTUP_TIME	exact	projects/RTOS项目/文档/5 系统功能实现/5.1 工作模式：待机、手动、自动、防回流.md;projects/RTOS项目/文档/5 系统功能实现/5.2 自动模式状态机与Cooking Event检测.md;projects/RTOS项目/源码/APP_TASK/app_tasks.c;projects/RTOS项目/源码/APP_TASK/app_tasks.h
rtos-auto-mode-state-machine	COOKING_EVENT_TIMEOUT	exact	projects/RTOS项目/文档/5 系统功能实现/5.1 工作模式：待机、手动、自动、防回流.md;projects/RTOS项目/文档/5 系统功能实现/5.2 自动模式状态机与Cooking Event检测.md;projects/RTOS项目/源码/APP_TASK/app_tasks.c;projects/RTOS项目/源码/APP_TASK/app_tasks.h
rtos-auto-mode-state-machine	COOKING_EVENT_DELAY_OFF	exact	projects/RTOS项目/文档/5 系统功能实现/5.1 工作模式：待机、手动、自动、防回流.md;projects/RTOS项目/文档/5 系统功能实现/5.2 自动模式状态机与Cooking Event检测.md;projects/RTOS项目/源码/APP_TASK/app_tasks.c;projects/RTOS项目/源码/APP_TASK/app_tasks.h
rtos-build-flash-runtime-provenance	TargetName	exact	projects/RTOS项目/源码/USER/project.uvprojx
rtos-build-flash-runtime-provenance	Device	exact	projects/RTOS项目/文档/1 入门指南/1.2 快速入门：从零搭建开发环境并运行项目.md;projects/RTOS项目/文档/1 入门指南/1.3 开发环境配置/1.3.2 J-Link 调试器配置与烧录.md;projects/RTOS项目/源码/CORE/startup_stm32f10x_md.s;projects/RTOS项目/源码/USER/JLinkSettings.ini;projects/RTOS项目/源码/USER/PWM.map;projects/RTOS项目/源码/USER/project.uvprojx;projects/RTOS项目/源码/USER/system_stm32f10x.c
rtos-build-flash-runtime-provenance	PackID	exact	projects/RTOS项目/源码/USER/project.uvprojx
rtos-build-flash-runtime-provenance	project.uvprojx	exact	projects/RTOS项目/文档/1 入门指南/1.2 快速入门：从零搭建开发环境并运行项目.md;projects/RTOS项目/文档/1 入门指南/1.3 开发环境配置/1.3.1 Keil MDK 工程配置与编译.md;projects/RTOS项目/文档/1 入门指南/1.3 开发环境配置/1.3.2 J-Link 调试器配置与烧录.md
rtos-build-flash-runtime-provenance	PWM.axf	exact	projects/RTOS项目/文档/1 入门指南/1.3 开发环境配置/1.3.1 Keil MDK 工程配置与编译.md
rtos-build-flash-runtime-provenance	PWM.hex	exact	projects/RTOS项目/文档/1 入门指南/1.3 开发环境配置/1.3.1 Keil MDK 工程配置与编译.md
rtos-build-flash-runtime-provenance	PWM.map	exact	projects/RTOS项目/文档/1 入门指南/1.3 开发环境配置/1.3.1 Keil MDK 工程配置与编译.md
rtos-build-flash-runtime-provenance	Image Entry point	exact	projects/RTOS项目/源码/USER/PWM.map
rtos-build-flash-runtime-provenance	__Vectors	exact	projects/RTOS项目/源码/CORE/startup_stm32f10x_md.s;projects/RTOS项目/源码/USER/PWM.map
rtos-build-flash-runtime-provenance	Reset_Handler	exact	projects/RTOS项目/文档/1 入门指南/1.2 快速入门：从零搭建开发环境并运行项目.md;projects/RTOS项目/源码/CORE/startup_stm32f10x_md.s;projects/RTOS项目/源码/USER/PWM.map
rtos-build-flash-runtime-provenance	SystemInit	exact	projects/RTOS项目/文档/1 入门指南/1.2 快速入门：从零搭建开发环境并运行项目.md;projects/RTOS项目/源码/CORE/startup_stm32f10x_md.s;projects/RTOS项目/源码/USER/PWM.map;projects/RTOS项目/源码/USER/system_stm32f10x.c
rtos-build-flash-runtime-provenance	main	exact	projects/RTOS项目/文档/1 入门指南/1.2 快速入门：从零搭建开发环境并运行项目.md;projects/RTOS项目/文档/1 入门指南/1.3 开发环境配置/1.3.1 Keil MDK 工程配置与编译.md;projects/RTOS项目/文档/1 入门指南/1.3 开发环境配置/1.3.2 J-Link 调试器配置与烧录.md;projects/RTOS项目/源码/CORE/startup_stm32f10x_md.s;projects/RTOS项目/源码/FreeRTOS/portable/RVDS/ARM_CM3/port.c;projects/RTOS项目/源码/USER/DebugConfig/PWM_STM32F103ZE_1.0.0.dbgconf;projects/RTOS项目/源码/USER/PWM.map;projects/RTOS项目/源码/USER/main.c;projects/RTOS项目/源码/USER/project.uvprojx;projects/RTOS项目/源码/USER/system_stm32f10x.c
rtos-build-flash-runtime-provenance	vTaskStartScheduler	exact	projects/RTOS项目/源码/USER/PWM.map;projects/RTOS项目/源码/USER/main.c
rtos-build-flash-runtime-provenance	VerifyDownload	exact	projects/RTOS项目/文档/1 入门指南/1.3 开发环境配置/1.3.2 J-Link 调试器配置与烧录.md;projects/RTOS项目/源码/USER/JLinkSettings.ini
rtos-build-flash-runtime-provenance	FlashDriverDll	exact	projects/RTOS项目/源码/USER/project.uvprojx
rtos-build-flash-runtime-provenance	Reset and Run	exact	projects/RTOS项目/文档/1 入门指南/1.3 开发环境配置/1.3.2 J-Link 调试器配置与烧录.md
rtos-build-flash-runtime-provenance	USART1	exact	projects/RTOS项目/文档/1 入门指南/1.3 开发环境配置/1.3.2 J-Link 调试器配置与烧录.md;projects/RTOS项目/文档/1 入门指南/1.3 开发环境配置/1.3.3 串口调试工具使用.md;projects/RTOS项目/源码/BSP/IAP/iap.c;projects/RTOS项目/源码/CORE/startup_stm32f10x_md.s;projects/RTOS项目/源码/SYSTEM/usart/usart.c;projects/RTOS项目/源码/USER/PWM.map;projects/RTOS项目/源码/USER/main.c
rtos-build-flash-runtime-provenance	fputc	exact	projects/RTOS项目/文档/1 入门指南/1.3 开发环境配置/1.3.3 串口调试工具使用.md;projects/RTOS项目/源码/SYSTEM/usart/usart.c;projects/RTOS项目/源码/USER/PWM.map
rtos-build-flash-runtime-provenance	DEBUG	exact	projects/RTOS项目/文档/1 入门指南/1.2 快速入门：从零搭建开发环境并运行项目.md;projects/RTOS项目/文档/1 入门指南/1.3 开发环境配置/1.3.3 串口调试工具使用.md;projects/RTOS项目/源码/APP_TASK/app_tasks.c;projects/RTOS项目/源码/SYSTEM/sys/sys.h
rtos-build-flash-runtime-provenance	ifopen	exact	projects/RTOS项目/文档/1 入门指南/1.2 快速入门：从零搭建开发环境并运行项目.md;projects/RTOS项目/文档/1 入门指南/1.3 开发环境配置/1.3.3 串口调试工具使用.md;projects/RTOS项目/源码/APP_TASK/app_tasks.c;projects/RTOS项目/源码/SYSTEM/sys/sys.h;projects/RTOS项目/源码/USER/main.c
rtos-build-flash-runtime-provenance	FLASH_APP1_ADDR	exact	projects/RTOS项目/源码/APP_TASK/app_tasks.c;projects/RTOS项目/源码/BSP/IAP/iap.h
rtos-communication-debugging	g_iapSemaphore	exact	projects/RTOS项目/文档/2 系统架构与设计/2.4 任务间通信：互斥信号量与全局状态管理.md;projects/RTOS项目/文档/5 系统功能实现/5.3 固件升级（IAP）：Boot + 单APP分区与串口DMA传输.md;projects/RTOS项目/源码/APP_TASK/app_tasks.c
rtos-communication-debugging	g_speedCalcSemaphore	exact	projects/RTOS项目/文档/2 系统架构与设计/2.4 任务间通信：互斥信号量与全局状态管理.md;projects/RTOS项目/文档/3 FreeRTOS 内核与任务设计/3.3 中断优先级配置与临界区保护.md;projects/RTOS项目/源码/APP_TASK/app_tasks.c
rtos-communication-debugging	iap_task	exact	projects/RTOS项目/文档/5 系统功能实现/5.3 固件升级（IAP）：Boot + 单APP分区与串口DMA传输.md;projects/RTOS项目/文档/5 系统功能实现/5.4 CRC32校验：数据完整性验证机制.md;projects/RTOS项目/源码/APP_TASK/app_tasks.c
rtos-communication-debugging	SpeedCalcTask	exact	projects/RTOS项目/文档/2 系统架构与设计/2.4 任务间通信：互斥信号量与全局状态管理.md;projects/RTOS项目/文档/3 FreeRTOS 内核与任务设计/3.3 中断优先级配置与临界区保护.md;projects/RTOS项目/源码/APP_TASK/app_tasks.c
rtos-communication-debugging	xSemaphoreGiveFromISR	exact	projects/RTOS项目/文档/2 系统架构与设计/2.4 任务间通信：互斥信号量与全局状态管理.md;projects/RTOS项目/文档/3 FreeRTOS 内核与任务设计/3.3 中断优先级配置与临界区保护.md;projects/RTOS项目/文档/5 系统功能实现/5.3 固件升级（IAP）：Boot + 单APP分区与串口DMA传输.md;projects/RTOS项目/源码/APP_TASK/app_tasks.c
rtos-communication-debugging	USART1_IRQHandler	exact	projects/RTOS项目/源码/SYSTEM/usart/usart.c
rtos-communication-debugging	DMA1_Channel5_IRQHandler	exact	projects/RTOS项目/文档/2 系统架构与设计/2.4 任务间通信：互斥信号量与全局状态管理.md;projects/RTOS项目/文档/5 系统功能实现/5.3 固件升级（IAP）：Boot + 单APP分区与串口DMA传输.md;projects/RTOS项目/源码/APP_TASK/app_tasks.c
rtos-display-buzzer-feedback	Hardware_Init	exact	projects/RTOS项目/RTOS项目复习文档.md;projects/RTOS项目/文档/4 硬件驱动开发/4.3 用户交互/4.3.3 蜂鸣器控制与音频提示.md;projects/RTOS项目/源码/USER/main.c;projects/RTOS项目/源码/USER/main.h
rtos-display-buzzer-feedback	StartTask	exact	projects/RTOS项目/RTOS项目复习文档.md;projects/RTOS项目/源码/APP_TASK/app_tasks.c;projects/RTOS项目/源码/APP_TASK/app_tasks.h;projects/RTOS项目/源码/USER/main.c;projects/RTOS项目/源码/USER/main.h
rtos-display-buzzer-feedback	UIDisplayTask	exact	projects/RTOS项目/RTOS项目复习文档.md;projects/RTOS项目/文档/4 硬件驱动开发/4.3 用户交互/4.3.2 LCD 显示驱动与UI设计.md;projects/RTOS项目/源码/APP_TASK/app_tasks.c;projects/RTOS项目/源码/APP_TASK/app_tasks.h
rtos-display-buzzer-feedback	MotorControlTask	exact	projects/RTOS项目/RTOS项目复习文档.md;projects/RTOS项目/文档/4 硬件驱动开发/4.3 用户交互/4.3.2 LCD 显示驱动与UI设计.md;projects/RTOS项目/源码/APP_TASK/app_tasks.c;projects/RTOS项目/源码/APP_TASK/app_tasks.h
rtos-display-buzzer-feedback	KeyScanTask	exact	projects/RTOS项目/RTOS项目复习文档.md;projects/RTOS项目/文档/4 硬件驱动开发/4.3 用户交互/4.3.2 LCD 显示驱动与UI设计.md;projects/RTOS项目/文档/4 硬件驱动开发/4.3 用户交互/4.3.3 蜂鸣器控制与音频提示.md;projects/RTOS项目/源码/APP_TASK/app_tasks.c;projects/RTOS项目/源码/APP_TASK/app_tasks.h
rtos-display-buzzer-feedback	LCD_Init	exact	projects/RTOS项目/RTOS项目复习文档.md;projects/RTOS项目/源码/BSP/LCD/lcd.c;projects/RTOS项目/源码/BSP/LCD/lcd.h;projects/RTOS项目/源码/USER/main.c
rtos-display-buzzer-feedback	LCD_GPIOInit	exact	projects/RTOS项目/源码/BSP/LCD/lcd.c
rtos-display-buzzer-feedback	LCD_RESET	exact	projects/RTOS项目/源码/BSP/LCD/lcd.c
rtos-display-buzzer-feedback	LCD_WR_REG	exact	projects/RTOS项目/RTOS项目复习文档.md;projects/RTOS项目/文档/4 硬件驱动开发/4.3 用户交互/4.3.2 LCD 显示驱动与UI设计.md;projects/RTOS项目/源码/BSP/LCD/lcd.c
rtos-display-buzzer-feedback	LCD_WR_DATA	exact	projects/RTOS项目/RTOS项目复习文档.md;projects/RTOS项目/文档/4 硬件驱动开发/4.3 用户交互/4.3.2 LCD 显示驱动与UI设计.md;projects/RTOS项目/源码/BSP/LCD/lcd.c;projects/RTOS项目/源码/BSP/LCD/lcd.h
rtos-display-buzzer-feedback	Lcd_WriteData_16Bit	exact	projects/RTOS项目/文档/4 硬件驱动开发/4.3 用户交互/4.3.2 LCD 显示驱动与UI设计.md;projects/RTOS项目/源码/BSP/LCD/GUI.c;projects/RTOS项目/源码/BSP/LCD/lcd.c;projects/RTOS项目/源码/BSP/LCD/lcd.h
rtos-display-buzzer-feedback	LCD_SetWindows	exact	projects/RTOS项目/RTOS项目复习文档.md;projects/RTOS项目/文档/4 硬件驱动开发/4.3 用户交互/4.3.2 LCD 显示驱动与UI设计.md;projects/RTOS项目/源码/BSP/LCD/GUI.c;projects/RTOS项目/源码/BSP/LCD/lcd.c;projects/RTOS项目/源码/BSP/LCD/lcd.h
rtos-display-buzzer-feedback	LCD_Clear	exact	projects/RTOS项目/RTOS项目复习文档.md;projects/RTOS项目/文档/4 硬件驱动开发/4.3 用户交互/4.3.2 LCD 显示驱动与UI设计.md;projects/RTOS项目/源码/APP_TASK/app_tasks.c;projects/RTOS项目/源码/BSP/LCD/lcd.c;projects/RTOS项目/源码/BSP/LCD/lcd.h
rtos-display-buzzer-feedback	LCD_direction	exact	projects/RTOS项目/文档/4 硬件驱动开发/4.3 用户交互/4.3.2 LCD 显示驱动与UI设计.md;projects/RTOS项目/源码/BSP/LCD/lcd.c;projects/RTOS项目/源码/BSP/LCD/lcd.h
rtos-display-buzzer-feedback	SPI1_Init	exact	projects/RTOS项目/源码/BSP/LCD/lcd.c;projects/RTOS项目/源码/BSP/SPI/SPI.c;projects/RTOS项目/源码/BSP/SPI/SPI.h
rtos-display-buzzer-feedback	SPI_WriteByte	exact	projects/RTOS项目/RTOS项目复习文档.md;projects/RTOS项目/文档/4 硬件驱动开发/4.3 用户交互/4.3.2 LCD 显示驱动与UI设计.md;projects/RTOS项目/源码/BSP/LCD/lcd.c;projects/RTOS项目/源码/BSP/SPI/SPI.c;projects/RTOS项目/源码/BSP/SPI/SPI.h
rtos-display-buzzer-feedback	Show_Str	exact	projects/RTOS项目/RTOS项目复习文档.md;projects/RTOS项目/文档/4 硬件驱动开发/4.3 用户交互/4.3.2 LCD 显示驱动与UI设计.md;projects/RTOS项目/源码/APP_TASK/app_tasks.c;projects/RTOS项目/源码/BSP/LCD/GUI.c;projects/RTOS项目/源码/USER/main.c
rtos-display-buzzer-feedback	Beep_Init	exact	projects/RTOS项目/RTOS项目复习文档.md;projects/RTOS项目/文档/4 硬件驱动开发/4.3 用户交互/4.3.3 蜂鸣器控制与音频提示.md;projects/RTOS项目/源码/BSP/BEEP/beep.c;projects/RTOS项目/源码/BSP/BEEP/beep.h;projects/RTOS项目/源码/USER/main.c
rtos-display-buzzer-feedback	Beep_config	exact	projects/RTOS项目/RTOS项目复习文档.md;projects/RTOS项目/文档/4 硬件驱动开发/4.3 用户交互/4.3.3 蜂鸣器控制与音频提示.md;projects/RTOS项目/源码/BSP/BEEP/beep.c;projects/RTOS项目/源码/BSP/BEEP/beep.h
rtos-display-buzzer-feedback	Beep_on	exact	projects/RTOS项目/RTOS项目复习文档.md;projects/RTOS项目/文档/4 硬件驱动开发/4.3 用户交互/4.3.3 蜂鸣器控制与音频提示.md;projects/RTOS项目/源码/APP_TASK/app_tasks.c;projects/RTOS项目/源码/BSP/BEEP/beep.c;projects/RTOS项目/源码/BSP/BEEP/beep.h
rtos-display-buzzer-feedback	Beep_off	exact	projects/RTOS项目/RTOS项目复习文档.md;projects/RTOS项目/文档/4 硬件驱动开发/4.3 用户交互/4.3.3 蜂鸣器控制与音频提示.md;projects/RTOS项目/源码/APP_TASK/app_tasks.c;projects/RTOS项目/源码/BSP/BEEP/beep.c;projects/RTOS项目/源码/BSP/BEEP/beep.h
rtos-display-buzzer-feedback	Buzzer_Beep	exact	projects/RTOS项目/RTOS项目复习文档.md;projects/RTOS项目/文档/4 硬件驱动开发/4.3 用户交互/4.3.3 蜂鸣器控制与音频提示.md;projects/RTOS项目/源码/APP_TASK/app_tasks.c;projects/RTOS项目/源码/BSP/BEEP/beep.c;projects/RTOS项目/源码/BSP/BEEP/beep.h
rtos-display-buzzer-feedback	delay_ms	exact	projects/RTOS项目/RTOS项目复习文档.md;projects/RTOS项目/文档/4 硬件驱动开发/4.3 用户交互/4.3.3 蜂鸣器控制与音频提示.md;projects/RTOS项目/源码/APP_TASK/app_tasks.c;projects/RTOS项目/源码/BSP/BEEP/beep.c;projects/RTOS项目/源码/BSP/LCD/lcd.c;projects/RTOS项目/源码/SYSTEM/delay/delay.c;projects/RTOS项目/源码/USER/main.c
rtos-display-buzzer-feedback	Key_StateMachine	exact	projects/RTOS项目/源码/BSP/KEY/key.c
rtos-display-buzzer-feedback	Key_Scan	exact	projects/RTOS项目/RTOS项目复习文档.md;projects/RTOS项目/源码/APP_TASK/app_tasks.c;projects/RTOS项目/源码/BSP/KEY/key.c;projects/RTOS项目/源码/BSP/KEY/key.h
rtos-display-buzzer-feedback	KEY_EVENT_SHORT_PRESS	exact	projects/RTOS项目/RTOS项目复习文档.md;projects/RTOS项目/文档/4 硬件驱动开发/4.3 用户交互/4.3.3 蜂鸣器控制与音频提示.md;projects/RTOS项目/源码/APP_TASK/app_tasks.c;projects/RTOS项目/源码/BSP/KEY/key.c;projects/RTOS项目/源码/BSP/KEY/key.h
rtos-display-buzzer-feedback	KEY_EVENT_LONG_PRESS	exact	projects/RTOS项目/RTOS项目复习文档.md;projects/RTOS项目/文档/4 硬件驱动开发/4.3 用户交互/4.3.3 蜂鸣器控制与音频提示.md;projects/RTOS项目/源码/APP_TASK/app_tasks.c;projects/RTOS项目/源码/BSP/KEY/key.c;projects/RTOS项目/源码/BSP/KEY/key.h
rtos-display-buzzer-feedback	KEY_EVENT_LONG_PRESSING	exact	projects/RTOS项目/文档/4 硬件驱动开发/4.3 用户交互/4.3.3 蜂鸣器控制与音频提示.md;projects/RTOS项目/源码/APP_TASK/app_tasks.c;projects/RTOS项目/源码/BSP/KEY/key.c;projects/RTOS项目/源码/BSP/KEY/key.h
rtos-display-buzzer-feedback	KEY_EVENT_RELEASE	exact	projects/RTOS项目/文档/4 硬件驱动开发/4.3 用户交互/4.3.3 蜂鸣器控制与音频提示.md;projects/RTOS项目/源码/APP_TASK/app_tasks.c;projects/RTOS项目/源码/BSP/KEY/key.c;projects/RTOS项目/源码/BSP/KEY/key.h
rtos-freertos-config-and-boot	Reset_Handler	exact	projects/RTOS项目/文档/2 系统架构与设计/2.3 系统启动流程与初始化顺序.md;projects/RTOS项目/源码/CORE/startup_stm32f10x_md.s
rtos-freertos-config-and-boot	SystemInit	exact	projects/RTOS项目/文档/2 系统架构与设计/2.3 系统启动流程与初始化顺序.md;projects/RTOS项目/源码/CORE/startup_stm32f10x_md.s;projects/RTOS项目/源码/USER/system_stm32f10x.c
rtos-freertos-config-and-boot	main	exact	projects/RTOS项目/文档/2 系统架构与设计/2.3 系统启动流程与初始化顺序.md;projects/RTOS项目/文档/3 FreeRTOS 内核与任务设计/3.1 FreeRTOS 移植与配置详解.md;projects/RTOS项目/文档/3 FreeRTOS 内核与任务设计/3.2 任务创建、调度与优先级设计.md;projects/RTOS项目/文档/3 FreeRTOS 内核与任务设计/3.3 中断优先级配置与临界区保护.md;projects/RTOS项目/文档/3 FreeRTOS 内核与任务设计/3.4 软件定时器与周期任务实现.md;projects/RTOS项目/源码/CORE/startup_stm32f10x_md.s;projects/RTOS项目/源码/FreeRTOS/portable/MemMang/heap_4.c;projects/RTOS项目/源码/FreeRTOS/portable/RVDS/ARM_CM3/port.c;projects/RTOS项目/源码/USER/main.c;projects/RTOS项目/源码/USER/project.uvprojx;projects/RTOS项目/源码/USER/system_stm32f10x.c
rtos-freertos-config-and-boot	Hardware_Init	exact	projects/RTOS项目/文档/2 系统架构与设计/2.3 系统启动流程与初始化顺序.md;projects/RTOS项目/文档/3 FreeRTOS 内核与任务设计/3.1 FreeRTOS 移植与配置详解.md;projects/RTOS项目/文档/3 FreeRTOS 内核与任务设计/3.2 任务创建、调度与优先级设计.md;projects/RTOS项目/源码/USER/main.c
rtos-freertos-config-and-boot	System_Init	exact	projects/RTOS项目/文档/2 系统架构与设计/2.3 系统启动流程与初始化顺序.md;projects/RTOS项目/文档/3 FreeRTOS 内核与任务设计/3.2 任务创建、调度与优先级设计.md;projects/RTOS项目/源码/APP_TASK/app_tasks.c;projects/RTOS项目/源码/APP_TASK/app_tasks.h;projects/RTOS项目/源码/USER/main.c
rtos-freertos-config-and-boot	StartTask	exact	projects/RTOS项目/文档/2 系统架构与设计/2.3 系统启动流程与初始化顺序.md;projects/RTOS项目/文档/3 FreeRTOS 内核与任务设计/3.1 FreeRTOS 移植与配置详解.md;projects/RTOS项目/文档/3 FreeRTOS 内核与任务设计/3.2 任务创建、调度与优先级设计.md;projects/RTOS项目/文档/3 FreeRTOS 内核与任务设计/3.3 中断优先级配置与临界区保护.md;projects/RTOS项目/文档/3 FreeRTOS 内核与任务设计/3.4 软件定时器与周期任务实现.md;projects/RTOS项目/源码/APP_TASK/app_tasks.c;projects/RTOS项目/源码/APP_TASK/app_tasks.h;projects/RTOS项目/源码/USER/main.c
rtos-freertos-config-and-boot	vTaskStartScheduler	exact	projects/RTOS项目/文档/2 系统架构与设计/2.3 系统启动流程与初始化顺序.md;projects/RTOS项目/文档/3 FreeRTOS 内核与任务设计/3.1 FreeRTOS 移植与配置详解.md;projects/RTOS项目/文档/3 FreeRTOS 内核与任务设计/3.2 任务创建、调度与优先级设计.md;projects/RTOS项目/源码/USER/main.c
rtos-freertos-config-and-boot	vPortSetupTimerInterrupt	exact	projects/RTOS项目/文档/3 FreeRTOS 内核与任务设计/3.1 FreeRTOS 移植与配置详解.md;projects/RTOS项目/源码/FreeRTOS/portable/RVDS/ARM_CM3/port.c
rtos-freertos-config-and-boot	xPortSysTickHandler	exact	projects/RTOS项目/文档/2 系统架构与设计/2.3 系统启动流程与初始化顺序.md;projects/RTOS项目/文档/3 FreeRTOS 内核与任务设计/3.1 FreeRTOS 移植与配置详解.md;projects/RTOS项目/源码/FreeRTOS/portable/RVDS/ARM_CM3/port.c;projects/RTOS项目/源码/SYSTEM/delay/delay.c
rtos-freertos-config-and-boot	xPortPendSVHandler	exact	projects/RTOS项目/文档/2 系统架构与设计/2.3 系统启动流程与初始化顺序.md;projects/RTOS项目/文档/3 FreeRTOS 内核与任务设计/3.1 FreeRTOS 移植与配置详解.md;projects/RTOS项目/源码/FreeRTOS/include/FreeRTOSConfig.h;projects/RTOS项目/源码/FreeRTOS/portable/RVDS/ARM_CM3/port.c
rtos-freertos-config-and-boot	vPortSVCHandler	exact	projects/RTOS项目/文档/2 系统架构与设计/2.3 系统启动流程与初始化顺序.md;projects/RTOS项目/文档/3 FreeRTOS 内核与任务设计/3.1 FreeRTOS 移植与配置详解.md;projects/RTOS项目/源码/FreeRTOS/include/FreeRTOSConfig.h;projects/RTOS项目/源码/FreeRTOS/portable/RVDS/ARM_CM3/port.c
rtos-freertos-config-and-boot	configTICK_RATE_HZ	exact	projects/RTOS项目/文档/2 系统架构与设计/2.3 系统启动流程与初始化顺序.md;projects/RTOS项目/文档/3 FreeRTOS 内核与任务设计/3.1 FreeRTOS 移植与配置详解.md;projects/RTOS项目/文档/3 FreeRTOS 内核与任务设计/3.2 任务创建、调度与优先级设计.md;projects/RTOS项目/文档/3 FreeRTOS 内核与任务设计/3.4 软件定时器与周期任务实现.md;projects/RTOS项目/源码/FreeRTOS/include/FreeRTOSConfig.h;projects/RTOS项目/源码/FreeRTOS/portable/RVDS/ARM_CM3/port.c;projects/RTOS项目/源码/SYSTEM/delay/delay.c
rtos-freertos-config-and-boot	configMAX_SYSCALL_INTERRUPT_PRIORITY	exact	projects/RTOS项目/文档/3 FreeRTOS 内核与任务设计/3.1 FreeRTOS 移植与配置详解.md;projects/RTOS项目/文档/3 FreeRTOS 内核与任务设计/3.3 中断优先级配置与临界区保护.md;projects/RTOS项目/源码/FreeRTOS/include/FreeRTOSConfig.h;projects/RTOS项目/源码/FreeRTOS/portable/RVDS/ARM_CM3/port.c
rtos-freertos-config-and-boot	configTOTAL_HEAP_SIZE	exact	projects/RTOS项目/文档/3 FreeRTOS 内核与任务设计/3.1 FreeRTOS 移植与配置详解.md;projects/RTOS项目/文档/3 FreeRTOS 内核与任务设计/3.2 任务创建、调度与优先级设计.md;projects/RTOS项目/源码/FreeRTOS/include/FreeRTOSConfig.h;projects/RTOS项目/源码/FreeRTOS/portable/MemMang/heap_4.c
rtos-freertos-config-and-boot	configCHECK_FOR_STACK_OVERFLOW	exact	projects/RTOS项目/文档/3 FreeRTOS 内核与任务设计/3.1 FreeRTOS 移植与配置详解.md;projects/RTOS项目/源码/FreeRTOS/include/FreeRTOSConfig.h
rtos-freertos-config-and-boot	xTaskCreate	exact	projects/RTOS项目/文档/2 系统架构与设计/2.3 系统启动流程与初始化顺序.md;projects/RTOS项目/文档/3 FreeRTOS 内核与任务设计/3.1 FreeRTOS 移植与配置详解.md;projects/RTOS项目/文档/3 FreeRTOS 内核与任务设计/3.2 任务创建、调度与优先级设计.md;projects/RTOS项目/源码/APP_TASK/app_tasks.c
rtos-iap-firmware-upgrade	ifopen	exact	projects/RTOS项目/文档/2 系统架构与设计/2.3 系统启动流程与初始化顺序.md;projects/RTOS项目/文档/5 系统功能实现/5.3 固件升级（IAP）：Boot + 单APP分区与串口DMA传输.md;projects/RTOS项目/文档/5 系统功能实现/5.4 CRC32校验：数据完整性验证机制.md;projects/RTOS项目/源码/APP_TASK/app_tasks.c;projects/RTOS项目/源码/BSP/DMA/dma.c;projects/RTOS项目/源码/SYSTEM/sys/sys.h;projects/RTOS项目/源码/USER/main.c
rtos-iap-firmware-upgrade	buff_size	exact	projects/RTOS项目/文档/5 系统功能实现/5.3 固件升级（IAP）：Boot + 单APP分区与串口DMA传输.md;projects/RTOS项目/文档/5 系统功能实现/5.4 CRC32校验：数据完整性验证机制.md;projects/RTOS项目/源码/APP_TASK/app_tasks.c;projects/RTOS项目/源码/BSP/DMA/dma.c;projects/RTOS项目/源码/SYSTEM/sys/sys.h;projects/RTOS项目/源码/USER/main.c
rtos-iap-firmware-upgrade	uart_init	exact	projects/RTOS项目/文档/2 系统架构与设计/2.3 系统启动流程与初始化顺序.md;projects/RTOS项目/文档/5 系统功能实现/5.3 固件升级（IAP）：Boot + 单APP分区与串口DMA传输.md;projects/RTOS项目/源码/SYSTEM/usart/usart.c;projects/RTOS项目/源码/USER/main.c
rtos-iap-firmware-upgrade	MYDMA_Config	exact	projects/RTOS项目/文档/2 系统架构与设计/2.3 系统启动流程与初始化顺序.md;projects/RTOS项目/文档/5 系统功能实现/5.3 固件升级（IAP）：Boot + 单APP分区与串口DMA传输.md;projects/RTOS项目/源码/BSP/DMA/dma.c;projects/RTOS项目/源码/BSP/DMA/dma.h;projects/RTOS项目/源码/USER/main.c
rtos-iap-firmware-upgrade	MYDMA_Enable	exact	projects/RTOS项目/文档/5 系统功能实现/5.3 固件升级（IAP）：Boot + 单APP分区与串口DMA传输.md;projects/RTOS项目/文档/5 系统功能实现/5.4 CRC32校验：数据完整性验证机制.md;projects/RTOS项目/源码/APP_TASK/app_tasks.c;projects/RTOS项目/源码/BSP/DMA/dma.c;projects/RTOS项目/源码/BSP/DMA/dma.h
rtos-iap-firmware-upgrade	DMA1_Channel5_IRQHandler	exact	projects/RTOS项目/文档/5 系统功能实现/5.3 固件升级（IAP）：Boot + 单APP分区与串口DMA传输.md;projects/RTOS项目/源码/APP_TASK/app_tasks.c
rtos-iap-firmware-upgrade	g_iapSemaphore	exact	projects/RTOS项目/文档/2 系统架构与设计/2.3 系统启动流程与初始化顺序.md;projects/RTOS项目/文档/5 系统功能实现/5.3 固件升级（IAP）：Boot + 单APP分区与串口DMA传输.md;projects/RTOS项目/源码/APP_TASK/app_tasks.c
rtos-iap-firmware-upgrade	iap_task	exact	projects/RTOS项目/文档/2 系统架构与设计/2.3 系统启动流程与初始化顺序.md;projects/RTOS项目/文档/5 系统功能实现/5.3 固件升级（IAP）：Boot + 单APP分区与串口DMA传输.md;projects/RTOS项目/文档/5 系统功能实现/5.4 CRC32校验：数据完整性验证机制.md;projects/RTOS项目/源码/APP_TASK/app_tasks.c;projects/RTOS项目/源码/APP_TASK/app_tasks.h
rtos-iap-firmware-upgrade	GetReceivedDataLength	exact	projects/RTOS项目/文档/5 系统功能实现/5.3 固件升级（IAP）：Boot + 单APP分区与串口DMA传输.md;projects/RTOS项目/源码/APP_TASK/app_tasks.c;projects/RTOS项目/源码/BSP/DMA/dma.c;projects/RTOS项目/源码/BSP/DMA/dma.h
rtos-iap-firmware-upgrade	CRC32_Calculate	exact	projects/RTOS项目/文档/5 系统功能实现/5.3 固件升级（IAP）：Boot + 单APP分区与串口DMA传输.md;projects/RTOS项目/文档/5 系统功能实现/5.4 CRC32校验：数据完整性验证机制.md;projects/RTOS项目/源码/BSP/CRC32/crc32.c;projects/RTOS项目/源码/BSP/CRC32/crc32.h
rtos-iap-firmware-upgrade	CRC32_VerifyFirmware	exact	projects/RTOS项目/文档/5 系统功能实现/5.3 固件升级（IAP）：Boot + 单APP分区与串口DMA传输.md;projects/RTOS项目/文档/5 系统功能实现/5.4 CRC32校验：数据完整性验证机制.md;projects/RTOS项目/源码/APP_TASK/app_tasks.c;projects/RTOS项目/源码/BSP/CRC32/crc32.c;projects/RTOS项目/源码/BSP/CRC32/crc32.h
rtos-iap-firmware-upgrade	iap_write_appbin	exact	projects/RTOS项目/文档/5 系统功能实现/5.3 固件升级（IAP）：Boot + 单APP分区与串口DMA传输.md;projects/RTOS项目/源码/APP_TASK/app_tasks.c;projects/RTOS项目/源码/BSP/IAP/iap.c;projects/RTOS项目/源码/BSP/IAP/iap.h
rtos-iap-firmware-upgrade	STMFLASH_Write	exact	projects/RTOS项目/文档/5 系统功能实现/5.3 固件升级（IAP）：Boot + 单APP分区与串口DMA传输.md;projects/RTOS项目/源码/BSP/IAP/iap.c;projects/RTOS项目/源码/BSP/STMFLASH/stmflash.c;projects/RTOS项目/源码/BSP/STMFLASH/stmflash.h
rtos-iap-firmware-upgrade	FLASH_APP1_ADDR	exact	projects/RTOS项目/文档/5 系统功能实现/5.3 固件升级（IAP）：Boot + 单APP分区与串口DMA传输.md;projects/RTOS项目/文档/5 系统功能实现/5.4 CRC32校验：数据完整性验证机制.md;projects/RTOS项目/源码/APP_TASK/app_tasks.c;projects/RTOS项目/源码/BSP/IAP/iap.h
rtos-iap-firmware-upgrade	iap_load_app	exact	projects/RTOS项目/文档/5 系统功能实现/5.3 固件升级（IAP）：Boot + 单APP分区与串口DMA传输.md;projects/RTOS项目/源码/APP_TASK/app_tasks.c;projects/RTOS项目/源码/BSP/IAP/iap.c;projects/RTOS项目/源码/BSP/IAP/iap.h
rtos-iap-firmware-upgrade	MSR_MSP	exact	projects/RTOS项目/文档/5 系统功能实现/5.3 固件升级（IAP）：Boot + 单APP分区与串口DMA传输.md;projects/RTOS项目/源码/BSP/IAP/iap.c;projects/RTOS项目/源码/SYSTEM/sys/sys.h
rtos-key-event-state-machine	Key_StateMachine	exact	projects/RTOS项目/文档/4 硬件驱动开发/4.3 用户交互/4.3.1 按键状态机：消抖、短按与长按检测.md;projects/RTOS项目/源码/BSP/KEY/key.c
rtos-key-event-state-machine	Key_Scan	exact	projects/RTOS项目/RTOS项目复习文档.md;projects/RTOS项目/文档/4 硬件驱动开发/4.3 用户交互/4.3.1 按键状态机：消抖、短按与长按检测.md;projects/RTOS项目/源码/APP_TASK/app_tasks.c;projects/RTOS项目/源码/BSP/KEY/key.c;projects/RTOS项目/源码/BSP/KEY/key.h
rtos-key-event-state-machine	Key1_GetEvent	exact	projects/RTOS项目/RTOS项目复习文档.md;projects/RTOS项目/文档/4 硬件驱动开发/4.3 用户交互/4.3.1 按键状态机：消抖、短按与长按检测.md;projects/RTOS项目/源码/APP_TASK/app_tasks.c;projects/RTOS项目/源码/BSP/KEY/key.c;projects/RTOS项目/源码/BSP/KEY/key.h
rtos-key-event-state-machine	Key2_GetEvent	exact	projects/RTOS项目/RTOS项目复习文档.md;projects/RTOS项目/源码/APP_TASK/app_tasks.c;projects/RTOS项目/源码/BSP/KEY/key.c;projects/RTOS项目/源码/BSP/KEY/key.h
rtos-key-event-state-machine	Key1_ClearEvent	exact	projects/RTOS项目/文档/4 硬件驱动开发/4.3 用户交互/4.3.1 按键状态机：消抖、短按与长按检测.md;projects/RTOS项目/源码/APP_TASK/app_tasks.c;projects/RTOS项目/源码/BSP/KEY/key.c;projects/RTOS项目/源码/BSP/KEY/key.h
rtos-key-event-state-machine	Key2_ClearEvent	exact	projects/RTOS项目/源码/APP_TASK/app_tasks.c;projects/RTOS项目/源码/BSP/KEY/key.c;projects/RTOS项目/源码/BSP/KEY/key.h
rtos-key-event-state-machine	KEY_DEBOUNCE_TIME_MS	exact	projects/RTOS项目/文档/4 硬件驱动开发/4.3 用户交互/4.3.1 按键状态机：消抖、短按与长按检测.md;projects/RTOS项目/源码/BSP/KEY/key.c;projects/RTOS项目/源码/BSP/KEY/key.h
rtos-key-event-state-machine	KEY_LONG_PRESS_TIME_MS	exact	projects/RTOS项目/文档/4 硬件驱动开发/4.3 用户交互/4.3.1 按键状态机：消抖、短按与长按检测.md;projects/RTOS项目/源码/BSP/KEY/key.c;projects/RTOS项目/源码/BSP/KEY/key.h
rtos-key-event-state-machine	KeyScanTask	exact	projects/RTOS项目/RTOS项目复习文档.md;projects/RTOS项目/文档/4 硬件驱动开发/4.3 用户交互/4.3.1 按键状态机：消抖、短按与长按检测.md;projects/RTOS项目/源码/APP_TASK/app_tasks.c;projects/RTOS项目/源码/APP_TASK/app_tasks.h
rtos-motor-pid-control	TIM1	exact	projects/RTOS项目/RTOS项目复习文档.md;projects/RTOS项目/文档/4 硬件驱动开发/4.1 电机控制与反馈/4.1.1 直流有刷电机驱动：H桥电路与PWM互补输出.md;projects/RTOS项目/文档/4 硬件驱动开发/4.1 电机控制与反馈/4.1.3 PID闭环调速算法实现与调参.md;projects/RTOS项目/源码/BSP/MOTOR/motor.c;projects/RTOS项目/源码/STM32F10x_FWLib/src/stm32f10x_tim.c
rtos-motor-pid-control	TIM4	exact	projects/RTOS项目/RTOS项目复习文档.md;projects/RTOS项目/文档/4 硬件驱动开发/4.1 电机控制与反馈/4.1.1 直流有刷电机驱动：H桥电路与PWM互补输出.md;projects/RTOS项目/文档/4 硬件驱动开发/4.1 电机控制与反馈/4.1.2 编码器测速原理与定时器编码器模式.md;projects/RTOS项目/源码/BSP/MOTOR/motor.c;projects/RTOS项目/源码/STM32F10x_FWLib/src/stm32f10x_tim.c
rtos-motor-pid-control	PWM	exact	projects/RTOS项目/RTOS项目复习文档.md;projects/RTOS项目/文档/4 硬件驱动开发/4.1 电机控制与反馈/4.1.1 直流有刷电机驱动：H桥电路与PWM互补输出.md;projects/RTOS项目/文档/4 硬件驱动开发/4.1 电机控制与反馈/4.1.2 编码器测速原理与定时器编码器模式.md;projects/RTOS项目/文档/4 硬件驱动开发/4.1 电机控制与反馈/4.1.3 PID闭环调速算法实现与调参.md;projects/RTOS项目/源码/BSP/MOTOR/motor.c;projects/RTOS项目/源码/BSP/WIND/wind_speed.c;projects/RTOS项目/源码/STM32F10x_FWLib/src/stm32f10x_tim.c
rtos-motor-pid-control	CCR	exact	projects/RTOS项目/RTOS项目复习文档.md;projects/RTOS项目/文档/4 硬件驱动开发/4.1 电机控制与反馈/4.1.1 直流有刷电机驱动：H桥电路与PWM互补输出.md;projects/RTOS项目/源码/BSP/MOTOR/motor.c;projects/RTOS项目/源码/BSP/WIND/wind_speed.c;projects/RTOS项目/源码/STM32F10x_FWLib/src/stm32f10x_tim.c
rtos-motor-pid-control	TIM_EncoderMode	exact	projects/RTOS项目/RTOS项目复习文档.md;projects/RTOS项目/文档/4 硬件驱动开发/4.1 电机控制与反馈/4.1.1 直流有刷电机驱动：H桥电路与PWM互补输出.md;projects/RTOS项目/文档/4 硬件驱动开发/4.1 电机控制与反馈/4.1.2 编码器测速原理与定时器编码器模式.md;projects/RTOS项目/文档/4 硬件驱动开发/4.1 电机控制与反馈/4.1.3 PID闭环调速算法实现与调参.md;projects/RTOS项目/源码/BSP/MOTOR/motor.c;projects/RTOS项目/源码/STM32F10x_FWLib/src/stm32f10x_tim.c
rtos-motor-pid-control	TIM_EncoderInterfaceConfig	exact	projects/RTOS项目/RTOS项目复习文档.md;projects/RTOS项目/文档/4 硬件驱动开发/4.1 电机控制与反馈/4.1.1 直流有刷电机驱动：H桥电路与PWM互补输出.md;projects/RTOS项目/文档/4 硬件驱动开发/4.1 电机控制与反馈/4.1.2 编码器测速原理与定时器编码器模式.md;projects/RTOS项目/文档/4 硬件驱动开发/4.1 电机控制与反馈/4.1.3 PID闭环调速算法实现与调参.md;projects/RTOS项目/源码/BSP/MOTOR/motor.c;projects/RTOS项目/源码/STM32F10x_FWLib/src/stm32f10x_tim.c
rtos-motor-pid-control	get_speed	exact	projects/RTOS项目/RTOS项目复习文档.md;projects/RTOS项目/文档/4 硬件驱动开发/4.1 电机控制与反馈/4.1.1 直流有刷电机驱动：H桥电路与PWM互补输出.md;projects/RTOS项目/文档/4 硬件驱动开发/4.1 电机控制与反馈/4.1.2 编码器测速原理与定时器编码器模式.md;projects/RTOS项目/源码/BSP/MOTOR/motor.c
rtos-motor-pid-control	SpeedCalcTask	exact	projects/RTOS项目/RTOS项目复习文档.md;projects/RTOS项目/文档/4 硬件驱动开发/4.1 电机控制与反馈/4.1.1 直流有刷电机驱动：H桥电路与PWM互补输出.md;projects/RTOS项目/文档/4 硬件驱动开发/4.1 电机控制与反馈/4.1.2 编码器测速原理与定时器编码器模式.md;projects/RTOS项目/文档/4 硬件驱动开发/4.1 电机控制与反馈/4.1.3 PID闭环调速算法实现与调参.md
rtos-motor-pid-control	PID_Calculate	exact	projects/RTOS项目/RTOS项目复习文档.md;projects/RTOS项目/文档/4 硬件驱动开发/4.1 电机控制与反馈/4.1.1 直流有刷电机驱动：H桥电路与PWM互补输出.md;projects/RTOS项目/文档/4 硬件驱动开发/4.1 电机控制与反馈/4.1.3 PID闭环调速算法实现与调参.md;projects/RTOS项目/源码/BSP/PID/pid.c;projects/RTOS项目/源码/BSP/PID/pid.h
rtos-motor-pid-control	PID_Reset	exact	projects/RTOS项目/RTOS项目复习文档.md;projects/RTOS项目/源码/BSP/PID/pid.c;projects/RTOS项目/源码/BSP/PID/pid.h
rtos-motor-pid-control	targetRPM	exact	projects/RTOS项目/RTOS项目复习文档.md;projects/RTOS项目/文档/4 硬件驱动开发/4.1 电机控制与反馈/4.1.1 直流有刷电机驱动：H桥电路与PWM互补输出.md;projects/RTOS项目/文档/4 硬件驱动开发/4.1 电机控制与反馈/4.1.2 编码器测速原理与定时器编码器模式.md;projects/RTOS项目/文档/4 硬件驱动开发/4.1 电机控制与反馈/4.1.3 PID闭环调速算法实现与调参.md
rtos-motor-pid-control	actualRPM	exact	projects/RTOS项目/RTOS项目复习文档.md;projects/RTOS项目/文档/4 硬件驱动开发/4.1 电机控制与反馈/4.1.1 直流有刷电机驱动：H桥电路与PWM互补输出.md;projects/RTOS项目/文档/4 硬件驱动开发/4.1 电机控制与反馈/4.1.3 PID闭环调速算法实现与调参.md
rtos-motor-pid-control	integral	exact	projects/RTOS项目/RTOS项目复习文档.md;projects/RTOS项目/文档/4 硬件驱动开发/4.1 电机控制与反馈/4.1.3 PID闭环调速算法实现与调参.md;projects/RTOS项目/源码/BSP/PID/pid.c;projects/RTOS项目/源码/BSP/PID/pid.h
rtos-motor-pid-control	integral_max	exact	projects/RTOS项目/RTOS项目复习文档.md;projects/RTOS项目/文档/4 硬件驱动开发/4.1 电机控制与反馈/4.1.3 PID闭环调速算法实现与调参.md;projects/RTOS项目/源码/BSP/PID/pid.c;projects/RTOS项目/源码/BSP/PID/pid.h
rtos-motor-pid-control	output	exact	projects/RTOS项目/RTOS项目复习文档.md;projects/RTOS项目/文档/4 硬件驱动开发/4.1 电机控制与反馈/4.1.3 PID闭环调速算法实现与调参.md;projects/RTOS项目/源码/BSP/PID/pid.c;projects/RTOS项目/源码/BSP/PID/pid.h;projects/RTOS项目/源码/STM32F10x_FWLib/src/stm32f10x_tim.c
rtos-motor-pid-control	output_max	exact	projects/RTOS项目/RTOS项目复习文档.md;projects/RTOS项目/文档/4 硬件驱动开发/4.1 电机控制与反馈/4.1.3 PID闭环调速算法实现与调参.md;projects/RTOS项目/源码/BSP/PID/pid.c;projects/RTOS项目/源码/BSP/PID/pid.h
rtos-motor-pid-control	motor_pwm_set	exact	projects/RTOS项目/RTOS项目复习文档.md;projects/RTOS项目/文档/4 硬件驱动开发/4.1 电机控制与反馈/4.1.1 直流有刷电机驱动：H桥电路与PWM互补输出.md;projects/RTOS项目/文档/4 硬件驱动开发/4.1 电机控制与反馈/4.1.2 编码器测速原理与定时器编码器模式.md;projects/RTOS项目/文档/4 硬件驱动开发/4.1 电机控制与反馈/4.1.3 PID闭环调速算法实现与调参.md;projects/RTOS项目/源码/BSP/MOTOR/motor.c
rtos-project-storytelling	STM32F103	exact	projects/RTOS项目/RTOS项目复习文档.md;projects/RTOS项目/index.md
rtos-project-storytelling	FreeRTOS	exact	projects/RTOS项目/RTOS项目复习文档.md;projects/RTOS项目/RTOS项目完整代码流程详解.md;projects/RTOS项目/index.md;projects/RTOS项目/源码/APP_TASK/app_tasks.c
rtos-project-storytelling	app_tasks.c	exact	projects/RTOS项目/RTOS项目复习文档.md;projects/RTOS项目/RTOS项目完整代码流程详解.md
rtos-project-storytelling	g_systemState	exact	projects/RTOS项目/RTOS项目复习文档.md;projects/RTOS项目/RTOS项目完整代码流程详解.md;projects/RTOS项目/源码/APP_TASK/app_tasks.c
rtos-project-storytelling	g_dataMutex	exact	projects/RTOS项目/RTOS项目复习文档.md;projects/RTOS项目/RTOS项目完整代码流程详解.md;projects/RTOS项目/源码/APP_TASK/app_tasks.c
rtos-project-storytelling	KeyScanTask	exact	projects/RTOS项目/RTOS项目复习文档.md;projects/RTOS项目/RTOS项目完整代码流程详解.md;projects/RTOS项目/源码/APP_TASK/app_tasks.c
rtos-project-storytelling	SensorTask	exact	projects/RTOS项目/RTOS项目复习文档.md;projects/RTOS项目/RTOS项目完整代码流程详解.md;projects/RTOS项目/源码/APP_TASK/app_tasks.c
rtos-project-storytelling	MotorControlTask	exact	projects/RTOS项目/RTOS项目复习文档.md;projects/RTOS项目/RTOS项目完整代码流程详解.md;projects/RTOS项目/源码/APP_TASK/app_tasks.c
rtos-project-storytelling	UIDisplayTask	exact	projects/RTOS项目/RTOS项目复习文档.md;projects/RTOS项目/RTOS项目完整代码流程详解.md;projects/RTOS项目/源码/APP_TASK/app_tasks.c
rtos-project-storytelling	AntiBackflowTask	exact	projects/RTOS项目/RTOS项目复习文档.md;projects/RTOS项目/RTOS项目完整代码流程详解.md;projects/RTOS项目/源码/APP_TASK/app_tasks.c
rtos-project-storytelling	IAP	exact	projects/RTOS项目/RTOS项目复习文档.md;projects/RTOS项目/RTOS项目完整代码流程详解.md;projects/RTOS项目/index.md;projects/RTOS项目/源码/APP_TASK/app_tasks.c
rtos-project-storytelling	CRC32	exact	projects/RTOS项目/RTOS项目复习文档.md;projects/RTOS项目/RTOS项目完整代码流程详解.md;projects/RTOS项目/index.md;projects/RTOS项目/源码/APP_TASK/app_tasks.c
rtos-project-storytelling	personal-contribution	review-label	
rtos-project-storytelling	evidence-boundary	review-label	
rtos-runtime-fault-diagnosis	HardFault_Handler	exact	projects/RTOS项目/文档/2 系统架构与设计/2.3 系统启动流程与初始化顺序.md;projects/RTOS项目/源码/CORE/startup_stm32f10x_md.s;projects/RTOS项目/源码/USER/stm32f10x_it.c
rtos-runtime-fault-diagnosis	MemManage_Handler	exact	projects/RTOS项目/源码/CORE/startup_stm32f10x_md.s;projects/RTOS项目/源码/USER/stm32f10x_it.c
rtos-runtime-fault-diagnosis	BusFault_Handler	exact	projects/RTOS项目/源码/CORE/startup_stm32f10x_md.s;projects/RTOS项目/源码/USER/stm32f10x_it.c
rtos-runtime-fault-diagnosis	UsageFault_Handler	exact	projects/RTOS项目/源码/CORE/startup_stm32f10x_md.s;projects/RTOS项目/源码/USER/stm32f10x_it.c
rtos-runtime-fault-diagnosis	configASSERT	exact	projects/RTOS项目/文档/3 FreeRTOS 内核与任务设计/3.1 FreeRTOS 移植与配置详解.md;projects/RTOS项目/文档/3 FreeRTOS 内核与任务设计/3.3 中断优先级配置与临界区保护.md;projects/RTOS项目/源码/FreeRTOS/include/FreeRTOSConfig.h;projects/RTOS项目/源码/FreeRTOS/portable/MemMang/heap_4.c;projects/RTOS项目/源码/FreeRTOS/portable/RVDS/ARM_CM3/port.c;projects/RTOS项目/源码/FreeRTOS/tasks.c
rtos-runtime-fault-diagnosis	vAssertCalled	exact	projects/RTOS项目/文档/3 FreeRTOS 内核与任务设计/3.1 FreeRTOS 移植与配置详解.md;projects/RTOS项目/文档/3 FreeRTOS 内核与任务设计/3.3 中断优先级配置与临界区保护.md;projects/RTOS项目/源码/FreeRTOS/include/FreeRTOSConfig.h
rtos-runtime-fault-diagnosis	configCHECK_FOR_STACK_OVERFLOW	exact	projects/RTOS项目/文档/3 FreeRTOS 内核与任务设计/3.1 FreeRTOS 移植与配置详解.md;projects/RTOS项目/源码/FreeRTOS/include/FreeRTOSConfig.h;projects/RTOS项目/源码/FreeRTOS/tasks.c
rtos-runtime-fault-diagnosis	configUSE_MALLOC_FAILED_HOOK	exact	projects/RTOS项目/文档/3 FreeRTOS 内核与任务设计/3.1 FreeRTOS 移植与配置详解.md;projects/RTOS项目/源码/FreeRTOS/include/FreeRTOSConfig.h;projects/RTOS项目/源码/FreeRTOS/portable/MemMang/heap_4.c
rtos-runtime-fault-diagnosis	vApplicationStackOverflowHook	exact	projects/RTOS项目/文档/3 FreeRTOS 内核与任务设计/3.1 FreeRTOS 移植与配置详解.md;projects/RTOS项目/源码/FreeRTOS/tasks.c
rtos-runtime-fault-diagnosis	vApplicationMallocFailedHook	exact	projects/RTOS项目/源码/FreeRTOS/portable/MemMang/heap_4.c
rtos-runtime-fault-diagnosis	prvTaskExitError	exact	projects/RTOS项目/文档/3 FreeRTOS 内核与任务设计/3.1 FreeRTOS 移植与配置详解.md;projects/RTOS项目/源码/FreeRTOS/portable/RVDS/ARM_CM3/port.c
rtos-runtime-fault-diagnosis	vPortValidateInterruptPriority	exact	projects/RTOS项目/文档/3 FreeRTOS 内核与任务设计/3.1 FreeRTOS 移植与配置详解.md;projects/RTOS项目/文档/3 FreeRTOS 内核与任务设计/3.3 中断优先级配置与临界区保护.md;projects/RTOS项目/源码/FreeRTOS/portable/RVDS/ARM_CM3/port.c
rtos-runtime-fault-diagnosis	g_dataMutex	exact	projects/RTOS项目/文档/2 系统架构与设计/2.3 系统启动流程与初始化顺序.md;projects/RTOS项目/文档/2 系统架构与设计/2.4 任务间通信：互斥信号量与全局状态管理.md;projects/RTOS项目/文档/3 FreeRTOS 内核与任务设计/3.1 FreeRTOS 移植与配置详解.md;projects/RTOS项目/文档/3 FreeRTOS 内核与任务设计/3.2 任务创建、调度与优先级设计.md;projects/RTOS项目/文档/3 FreeRTOS 内核与任务设计/3.3 中断优先级配置与临界区保护.md;projects/RTOS项目/源码/APP_TASK/app_tasks.c
rtos-runtime-fault-diagnosis	g_systemState	exact	projects/RTOS项目/文档/2 系统架构与设计/2.3 系统启动流程与初始化顺序.md;projects/RTOS项目/文档/2 系统架构与设计/2.4 任务间通信：互斥信号量与全局状态管理.md;projects/RTOS项目/文档/3 FreeRTOS 内核与任务设计/3.1 FreeRTOS 移植与配置详解.md;projects/RTOS项目/文档/3 FreeRTOS 内核与任务设计/3.2 任务创建、调度与优先级设计.md;projects/RTOS项目/文档/3 FreeRTOS 内核与任务设计/3.3 中断优先级配置与临界区保护.md;projects/RTOS项目/源码/APP_TASK/app_tasks.c
rtos-runtime-fault-diagnosis	xTaskCreate	exact	projects/RTOS项目/文档/2 系统架构与设计/2.3 系统启动流程与初始化顺序.md;projects/RTOS项目/文档/3 FreeRTOS 内核与任务设计/3.1 FreeRTOS 移植与配置详解.md;projects/RTOS项目/文档/3 FreeRTOS 内核与任务设计/3.2 任务创建、调度与优先级设计.md;projects/RTOS项目/源码/APP_TASK/app_tasks.c;projects/RTOS项目/源码/FreeRTOS/tasks.c
rtos-runtime-fault-diagnosis	xSemaphoreTake	exact	projects/RTOS项目/文档/2 系统架构与设计/2.4 任务间通信：互斥信号量与全局状态管理.md;projects/RTOS项目/文档/3 FreeRTOS 内核与任务设计/3.2 任务创建、调度与优先级设计.md;projects/RTOS项目/文档/3 FreeRTOS 内核与任务设计/3.3 中断优先级配置与临界区保护.md;projects/RTOS项目/源码/APP_TASK/app_tasks.c
rtos-runtime-fault-diagnosis	xSemaphoreGive	exact	projects/RTOS项目/文档/2 系统架构与设计/2.3 系统启动流程与初始化顺序.md;projects/RTOS项目/文档/2 系统架构与设计/2.4 任务间通信：互斥信号量与全局状态管理.md;projects/RTOS项目/文档/3 FreeRTOS 内核与任务设计/3.1 FreeRTOS 移植与配置详解.md;projects/RTOS项目/文档/3 FreeRTOS 内核与任务设计/3.2 任务创建、调度与优先级设计.md;projects/RTOS项目/文档/3 FreeRTOS 内核与任务设计/3.3 中断优先级配置与临界区保护.md;projects/RTOS项目/源码/APP_TASK/app_tasks.c
rtos-sensor-acquisition-and-fusion	DHT_Read_Data	exact	projects/RTOS项目/RTOS项目复习文档.md;projects/RTOS项目/文档/4 硬件驱动开发/4.2 传感器与采集/4.2.1 DHT11 温湿度传感器：单总线协议驱动.md;projects/RTOS项目/源码/APP_TASK/app_tasks.c;projects/RTOS项目/源码/BSP/DHT11/dht11.c;projects/RTOS项目/源码/BSP/DHT11/dht11.h
rtos-sensor-acquisition-and-fusion	DHT_Read_Byte	exact	projects/RTOS项目/RTOS项目复习文档.md;projects/RTOS项目/文档/4 硬件驱动开发/4.2 传感器与采集/4.2.1 DHT11 温湿度传感器：单总线协议驱动.md;projects/RTOS项目/源码/BSP/DHT11/dht11.c;projects/RTOS项目/源码/BSP/DHT11/dht11.h
rtos-sensor-acquisition-and-fusion	MQ2_Init	exact	projects/RTOS项目/RTOS项目复习文档.md;projects/RTOS项目/源码/BSP/MQ2/mq2.c;projects/RTOS项目/源码/BSP/MQ2/mq2.h
rtos-sensor-acquisition-and-fusion	MQ2_GetAdcValue	exact	projects/RTOS项目/RTOS项目复习文档.md;projects/RTOS项目/文档/4 硬件驱动开发/4.2 传感器与采集/4.2.2 MQ2 气体传感器：ADC采集与数据处理.md;projects/RTOS项目/源码/BSP/MQ2/mq2.c;projects/RTOS项目/源码/BSP/MQ2/mq2.h
rtos-sensor-acquisition-and-fusion	MQ2_GetGasConcentration	exact	projects/RTOS项目/RTOS项目复习文档.md;projects/RTOS项目/源码/APP_TASK/app_tasks.c;projects/RTOS项目/源码/BSP/MQ2/mq2.c;projects/RTOS项目/源码/BSP/MQ2/mq2.h
rtos-sensor-acquisition-and-fusion	WindSpeed_Update	exact	projects/RTOS项目/RTOS项目复习文档.md;projects/RTOS项目/文档/4 硬件驱动开发/4.2 传感器与采集/4.2.3 多传感器融合风速算法.md;projects/RTOS项目/源码/APP_TASK/app_tasks.c;projects/RTOS项目/源码/BSP/WIND/wind_speed.c;projects/RTOS项目/源码/BSP/WIND/wind_speed.h
rtos-sensor-acquisition-and-fusion	SensorTask	exact	projects/RTOS项目/RTOS项目复习文档.md;projects/RTOS项目/文档/4 硬件驱动开发/4.2 传感器与采集/4.2.1 DHT11 温湿度传感器：单总线协议驱动.md;projects/RTOS项目/文档/4 硬件驱动开发/4.2 传感器与采集/4.2.2 MQ2 气体传感器：ADC采集与数据处理.md;projects/RTOS项目/文档/4 硬件驱动开发/4.2 传感器与采集/4.2.3 多传感器融合风速算法.md;projects/RTOS项目/源码/APP_TASK/app_tasks.c;projects/RTOS项目/源码/APP_TASK/app_tasks.h
rtos-sensor-acquisition-and-fusion	g_dataMutex	exact	projects/RTOS项目/RTOS项目复习文档.md;projects/RTOS项目/文档/4 硬件驱动开发/4.2 传感器与采集/4.2.1 DHT11 温湿度传感器：单总线协议驱动.md;projects/RTOS项目/文档/4 硬件驱动开发/4.2 传感器与采集/4.2.2 MQ2 气体传感器：ADC采集与数据处理.md;projects/RTOS项目/文档/4 硬件驱动开发/4.2 传感器与采集/4.2.3 多传感器融合风速算法.md;projects/RTOS项目/源码/APP_TASK/app_tasks.c
rtos-software-timer-periodic-design	configUSE_TIMERS	exact	projects/RTOS项目/文档/3 FreeRTOS 内核与任务设计/3.2 任务创建、调度与优先级设计.md;projects/RTOS项目/文档/3 FreeRTOS 内核与任务设计/3.4 软件定时器与周期任务实现.md;projects/RTOS项目/源码/FreeRTOS/include/FreeRTOSConfig.h;projects/RTOS项目/源码/FreeRTOS/timers.c
rtos-software-timer-periodic-design	configTICK_RATE_HZ	exact	projects/RTOS项目/文档/3 FreeRTOS 内核与任务设计/3.2 任务创建、调度与优先级设计.md;projects/RTOS项目/文档/3 FreeRTOS 内核与任务设计/3.4 软件定时器与周期任务实现.md;projects/RTOS项目/源码/FreeRTOS/include/FreeRTOSConfig.h;projects/RTOS项目/源码/SYSTEM/delay/delay.c
rtos-software-timer-periodic-design	configTIMER_TASK_PRIORITY	exact	projects/RTOS项目/文档/3 FreeRTOS 内核与任务设计/3.2 任务创建、调度与优先级设计.md;projects/RTOS项目/文档/3 FreeRTOS 内核与任务设计/3.4 软件定时器与周期任务实现.md;projects/RTOS项目/源码/FreeRTOS/include/FreeRTOSConfig.h;projects/RTOS项目/源码/FreeRTOS/timers.c
rtos-software-timer-periodic-design	configTIMER_QUEUE_LENGTH	exact	projects/RTOS项目/文档/3 FreeRTOS 内核与任务设计/3.2 任务创建、调度与优先级设计.md;projects/RTOS项目/文档/3 FreeRTOS 内核与任务设计/3.4 软件定时器与周期任务实现.md;projects/RTOS项目/源码/FreeRTOS/include/FreeRTOSConfig.h;projects/RTOS项目/源码/FreeRTOS/timers.c
rtos-software-timer-periodic-design	configTIMER_TASK_STACK_DEPTH	exact	projects/RTOS项目/文档/3 FreeRTOS 内核与任务设计/3.2 任务创建、调度与优先级设计.md;projects/RTOS项目/文档/3 FreeRTOS 内核与任务设计/3.4 软件定时器与周期任务实现.md;projects/RTOS项目/源码/FreeRTOS/include/FreeRTOSConfig.h;projects/RTOS项目/源码/FreeRTOS/timers.c
rtos-software-timer-periodic-design	xTimerCreateTimerTask	exact	projects/RTOS项目/源码/FreeRTOS/timers.c
rtos-software-timer-periodic-design	xTimerCreate	exact	projects/RTOS项目/文档/3 FreeRTOS 内核与任务设计/3.4 软件定时器与周期任务实现.md;projects/RTOS项目/源码/FreeRTOS/timers.c
rtos-software-timer-periodic-design	xTimerGenericCommand	exact	projects/RTOS项目/源码/FreeRTOS/timers.c
rtos-software-timer-periodic-design	xTimerQueue	exact	projects/RTOS项目/源码/FreeRTOS/timers.c
rtos-software-timer-periodic-design	DaemonTaskMessage_t	exact	projects/RTOS项目/源码/FreeRTOS/timers.c
rtos-software-timer-periodic-design	prvTimerTask	exact	projects/RTOS项目/源码/FreeRTOS/timers.c
rtos-software-timer-periodic-design	prvProcessExpiredTimer	exact	projects/RTOS项目/源码/FreeRTOS/timers.c
rtos-software-timer-periodic-design	delay_ms	exact	projects/RTOS项目/文档/3 FreeRTOS 内核与任务设计/3.2 任务创建、调度与优先级设计.md;projects/RTOS项目/文档/3 FreeRTOS 内核与任务设计/3.4 软件定时器与周期任务实现.md;projects/RTOS项目/源码/APP_TASK/app_tasks.c;projects/RTOS项目/源码/SYSTEM/delay/delay.c
rtos-software-timer-periodic-design	vTaskDelay	exact	projects/RTOS项目/文档/3 FreeRTOS 内核与任务设计/3.2 任务创建、调度与优先级设计.md;projects/RTOS项目/文档/3 FreeRTOS 内核与任务设计/3.4 软件定时器与周期任务实现.md;projects/RTOS项目/源码/FreeRTOS/include/FreeRTOSConfig.h;projects/RTOS项目/源码/SYSTEM/delay/delay.c
rtos-software-timer-periodic-design	fac_ms	exact	projects/RTOS项目/文档/3 FreeRTOS 内核与任务设计/3.4 软件定时器与周期任务实现.md;projects/RTOS项目/源码/SYSTEM/delay/delay.c
rtos-software-timer-periodic-design	System_Init	exact	projects/RTOS项目/文档/3 FreeRTOS 内核与任务设计/3.2 任务创建、调度与优先级设计.md;projects/RTOS项目/源码/APP_TASK/app_tasks.c;projects/RTOS项目/源码/APP_TASK/app_tasks.h
rtos-software-timer-periodic-design	StartTask	exact	projects/RTOS项目/文档/3 FreeRTOS 内核与任务设计/3.2 任务创建、调度与优先级设计.md;projects/RTOS项目/文档/3 FreeRTOS 内核与任务设计/3.4 软件定时器与周期任务实现.md;projects/RTOS项目/源码/APP_TASK/app_tasks.c;projects/RTOS项目/源码/APP_TASK/app_tasks.h
rtos-software-timer-periodic-design	TIM4_init	exact	projects/RTOS项目/文档/3 FreeRTOS 内核与任务设计/3.2 任务创建、调度与优先级设计.md;projects/RTOS项目/文档/3 FreeRTOS 内核与任务设计/3.4 软件定时器与周期任务实现.md;projects/RTOS项目/源码/APP_TASK/app_tasks.c;projects/RTOS项目/源码/BSP/MOTOR/motor.c
rtos-software-timer-periodic-design	TIM4_IRQHandler	exact	projects/RTOS项目/文档/3 FreeRTOS 内核与任务设计/3.2 任务创建、调度与优先级设计.md;projects/RTOS项目/文档/3 FreeRTOS 内核与任务设计/3.4 软件定时器与周期任务实现.md;projects/RTOS项目/源码/APP_TASK/app_tasks.c;projects/RTOS项目/源码/BSP/MOTOR/motor.c
rtos-software-timer-periodic-design	g_speedCalcSemaphore	exact	projects/RTOS项目/文档/3 FreeRTOS 内核与任务设计/3.2 任务创建、调度与优先级设计.md;projects/RTOS项目/文档/3 FreeRTOS 内核与任务设计/3.4 软件定时器与周期任务实现.md;projects/RTOS项目/源码/APP_TASK/app_tasks.c
rtos-software-timer-periodic-design	SpeedCalcTask	exact	projects/RTOS项目/文档/3 FreeRTOS 内核与任务设计/3.2 任务创建、调度与优先级设计.md;projects/RTOS项目/文档/3 FreeRTOS 内核与任务设计/3.4 软件定时器与周期任务实现.md;projects/RTOS项目/源码/APP_TASK/app_tasks.c;projects/RTOS项目/源码/APP_TASK/app_tasks.h
rtos-software-timer-periodic-design	get_speed	exact	projects/RTOS项目/文档/3 FreeRTOS 内核与任务设计/3.2 任务创建、调度与优先级设计.md;projects/RTOS项目/文档/3 FreeRTOS 内核与任务设计/3.4 软件定时器与周期任务实现.md;projects/RTOS项目/源码/APP_TASK/app_tasks.c;projects/RTOS项目/源码/BSP/MOTOR/motor.c
rtos-software-timer-periodic-design	xSemaphoreGiveFromISR	exact	projects/RTOS项目/文档/3 FreeRTOS 内核与任务设计/3.2 任务创建、调度与优先级设计.md;projects/RTOS项目/文档/3 FreeRTOS 内核与任务设计/3.4 软件定时器与周期任务实现.md;projects/RTOS项目/源码/APP_TASK/app_tasks.c
rtos-software-timer-periodic-design	TASK_SPEED_CALC_PRIORITY	exact	projects/RTOS项目/文档/3 FreeRTOS 内核与任务设计/3.4 软件定时器与周期任务实现.md;projects/RTOS项目/源码/APP_TASK/app_tasks.c;projects/RTOS项目/源码/APP_TASK/app_tasks.h
rtos-task-and-isr-design	xTaskCreate	exact	projects/RTOS项目/RTOS项目复习文档.md;projects/RTOS项目/文档/2 系统架构与设计/2.1 三层架构：驱动层、RTOS中间层、应用层.md;projects/RTOS项目/文档/2 系统架构与设计/2.3 系统启动流程与初始化顺序.md;projects/RTOS项目/文档/3 FreeRTOS 内核与任务设计/3.2 任务创建、调度与优先级设计.md;projects/RTOS项目/源码/APP_TASK/app_tasks.c;projects/RTOS项目/源码/FreeRTOS/tasks.c
rtos-task-and-isr-design	vTaskDelay	exact	projects/RTOS项目/RTOS项目复习文档.md;projects/RTOS项目/文档/3 FreeRTOS 内核与任务设计/3.2 任务创建、调度与优先级设计.md;projects/RTOS项目/源码/FreeRTOS/tasks.c
rtos-task-and-isr-design	vTaskDelayUntil	exact	projects/RTOS项目/源码/FreeRTOS/tasks.c
rtos-task-and-isr-design	xSemaphoreTake	exact	projects/RTOS项目/RTOS项目复习文档.md;projects/RTOS项目/文档/2 系统架构与设计/2.1 三层架构：驱动层、RTOS中间层、应用层.md;projects/RTOS项目/文档/2 系统架构与设计/2.4 任务间通信：互斥信号量与全局状态管理.md;projects/RTOS项目/文档/3 FreeRTOS 内核与任务设计/3.2 任务创建、调度与优先级设计.md;projects/RTOS项目/文档/3 FreeRTOS 内核与任务设计/3.3 中断优先级配置与临界区保护.md;projects/RTOS项目/源码/APP_TASK/app_tasks.c
rtos-task-and-isr-design	xSemaphoreGiveFromISR	exact	projects/RTOS项目/RTOS项目复习文档.md;projects/RTOS项目/文档/2 系统架构与设计/2.3 系统启动流程与初始化顺序.md;projects/RTOS项目/文档/2 系统架构与设计/2.4 任务间通信：互斥信号量与全局状态管理.md;projects/RTOS项目/文档/3 FreeRTOS 内核与任务设计/3.2 任务创建、调度与优先级设计.md;projects/RTOS项目/文档/3 FreeRTOS 内核与任务设计/3.3 中断优先级配置与临界区保护.md;projects/RTOS项目/源码/APP_TASK/app_tasks.c
rtos-task-and-isr-design	portYIELD_FROM_ISR	exact	projects/RTOS项目/RTOS项目复习文档.md;projects/RTOS项目/文档/2 系统架构与设计/2.4 任务间通信：互斥信号量与全局状态管理.md;projects/RTOS项目/文档/3 FreeRTOS 内核与任务设计/3.2 任务创建、调度与优先级设计.md;projects/RTOS项目/文档/3 FreeRTOS 内核与任务设计/3.3 中断优先级配置与临界区保护.md;projects/RTOS项目/源码/APP_TASK/app_tasks.c
rtos-task-and-isr-design	g_dataMutex	exact	projects/RTOS项目/RTOS项目复习文档.md;projects/RTOS项目/文档/2 系统架构与设计/2.1 三层架构：驱动层、RTOS中间层、应用层.md;projects/RTOS项目/文档/2 系统架构与设计/2.3 系统启动流程与初始化顺序.md;projects/RTOS项目/文档/2 系统架构与设计/2.4 任务间通信：互斥信号量与全局状态管理.md;projects/RTOS项目/文档/3 FreeRTOS 内核与任务设计/3.2 任务创建、调度与优先级设计.md;projects/RTOS项目/文档/3 FreeRTOS 内核与任务设计/3.3 中断优先级配置与临界区保护.md;projects/RTOS项目/源码/APP_TASK/app_tasks.c
rtos-task-and-isr-design	g_systemState	exact	projects/RTOS项目/RTOS项目复习文档.md;projects/RTOS项目/文档/2 系统架构与设计/2.1 三层架构：驱动层、RTOS中间层、应用层.md;projects/RTOS项目/文档/2 系统架构与设计/2.3 系统启动流程与初始化顺序.md;projects/RTOS项目/文档/2 系统架构与设计/2.4 任务间通信：互斥信号量与全局状态管理.md;projects/RTOS项目/文档/3 FreeRTOS 内核与任务设计/3.2 任务创建、调度与优先级设计.md;projects/RTOS项目/文档/3 FreeRTOS 内核与任务设计/3.3 中断优先级配置与临界区保护.md;projects/RTOS项目/源码/APP_TASK/app_tasks.c
rtos-task-and-isr-design	SystemState_t	exact	projects/RTOS项目/RTOS项目复习文档.md;projects/RTOS项目/文档/2 系统架构与设计/2.1 三层架构：驱动层、RTOS中间层、应用层.md;projects/RTOS项目/文档/2 系统架构与设计/2.4 任务间通信：互斥信号量与全局状态管理.md;projects/RTOS项目/源码/APP_TASK/app_tasks.c;projects/RTOS项目/源码/APP_TASK/app_tasks.h
rtos-task-and-isr-design	System_GetState	exact	projects/RTOS项目/源码/APP_TASK/app_tasks.c;projects/RTOS项目/源码/APP_TASK/app_tasks.h
rtos-task-and-isr-design	System_SwitchMode	exact	projects/RTOS项目/RTOS项目复习文档.md;projects/RTOS项目/文档/2 系统架构与设计/2.1 三层架构：驱动层、RTOS中间层、应用层.md;projects/RTOS项目/文档/2 系统架构与设计/2.4 任务间通信：互斥信号量与全局状态管理.md;projects/RTOS项目/文档/3 FreeRTOS 内核与任务设计/3.3 中断优先级配置与临界区保护.md;projects/RTOS项目/源码/APP_TASK/app_tasks.c;projects/RTOS项目/源码/APP_TASK/app_tasks.h
rtos-task-and-isr-design	MotorControlTask	exact	projects/RTOS项目/RTOS项目复习文档.md;projects/RTOS项目/文档/2 系统架构与设计/2.1 三层架构：驱动层、RTOS中间层、应用层.md;projects/RTOS项目/文档/2 系统架构与设计/2.3 系统启动流程与初始化顺序.md;projects/RTOS项目/文档/2 系统架构与设计/2.4 任务间通信：互斥信号量与全局状态管理.md;projects/RTOS项目/文档/3 FreeRTOS 内核与任务设计/3.2 任务创建、调度与优先级设计.md;projects/RTOS项目/源码/APP_TASK/app_tasks.c;projects/RTOS项目/源码/APP_TASK/app_tasks.h
rtos-task-and-isr-design	UIDisplayTask	exact	projects/RTOS项目/RTOS项目复习文档.md;projects/RTOS项目/文档/2 系统架构与设计/2.1 三层架构：驱动层、RTOS中间层、应用层.md;projects/RTOS项目/文档/2 系统架构与设计/2.3 系统启动流程与初始化顺序.md;projects/RTOS项目/文档/3 FreeRTOS 内核与任务设计/3.2 任务创建、调度与优先级设计.md;projects/RTOS项目/源码/APP_TASK/app_tasks.c;projects/RTOS项目/源码/APP_TASK/app_tasks.h
rtos-task-and-isr-design	AntiBackflowTask	exact	projects/RTOS项目/RTOS项目复习文档.md;projects/RTOS项目/文档/2 系统架构与设计/2.1 三层架构：驱动层、RTOS中间层、应用层.md;projects/RTOS项目/文档/2 系统架构与设计/2.3 系统启动流程与初始化顺序.md;projects/RTOS项目/文档/2 系统架构与设计/2.4 任务间通信：互斥信号量与全局状态管理.md;projects/RTOS项目/文档/3 FreeRTOS 内核与任务设计/3.2 任务创建、调度与优先级设计.md;projects/RTOS项目/源码/APP_TASK/app_tasks.c;projects/RTOS项目/源码/APP_TASK/app_tasks.h
rtos-task-and-isr-design	TIM4_IRQHandler	exact	projects/RTOS项目/RTOS项目复习文档.md;projects/RTOS项目/文档/2 系统架构与设计/2.1 三层架构：驱动层、RTOS中间层、应用层.md;projects/RTOS项目/文档/2 系统架构与设计/2.4 任务间通信：互斥信号量与全局状态管理.md;projects/RTOS项目/文档/3 FreeRTOS 内核与任务设计/3.2 任务创建、调度与优先级设计.md;projects/RTOS项目/文档/3 FreeRTOS 内核与任务设计/3.3 中断优先级配置与临界区保护.md;projects/RTOS项目/源码/APP_TASK/app_tasks.c
rtos-task-and-isr-design	DMA1_Channel5_IRQHandler	exact	projects/RTOS项目/RTOS项目复习文档.md;projects/RTOS项目/文档/2 系统架构与设计/2.4 任务间通信：互斥信号量与全局状态管理.md;projects/RTOS项目/源码/APP_TASK/app_tasks.c
rtos-task-and-isr-design	configMAX_SYSCALL_INTERRUPT_PRIORITY	exact	projects/RTOS项目/RTOS项目复习文档.md;projects/RTOS项目/文档/3 FreeRTOS 内核与任务设计/3.3 中断优先级配置与临界区保护.md
rtos-task-and-isr-design	TASK_MOTOR_PRIORITY	exact	projects/RTOS项目/源码/APP_TASK/app_tasks.c;projects/RTOS项目/源码/APP_TASK/app_tasks.h
rtos-task-and-isr-design	TASK_MOTOR_STK_SIZE	exact	projects/RTOS项目/源码/APP_TASK/app_tasks.c;projects/RTOS项目/源码/APP_TASK/app_tasks.h
stm32-clock-and-sampling-timing	SYSCLK_FREQ_72MHz	exact	projects/RTOS项目/源码/USER/system_stm32f10x.c
stm32-clock-and-sampling-timing	SystemCoreClock	exact	projects/RTOS项目/源码/SYSTEM/delay/delay.c;projects/RTOS项目/源码/USER/system_stm32f10x.c;projects/嵌入式八股/3. 杂七杂八/9. 嵌入式 STM32 时钟体系全解：从硬件底层到量产实战.md
stm32-clock-and-sampling-timing	SystemInit	exact	projects/RTOS项目/源码/USER/system_stm32f10x.c
stm32-clock-and-sampling-timing	RCC_ADCCLKConfig	exact	projects/RTOS项目/源码/BSP/MQ2/mq2.c
stm32-clock-and-sampling-timing	RCC_PCLK2_Div6	exact	projects/RTOS项目/文档/4 硬件驱动开发/4.2 传感器与采集/4.2.2 MQ2 气体传感器：ADC采集与数据处理.md;projects/RTOS项目/源码/BSP/MQ2/mq2.c
stm32-clock-and-sampling-timing	ADC_RegularChannelConfig	exact	projects/RTOS项目/文档/4 硬件驱动开发/4.2 传感器与采集/4.2.2 MQ2 气体传感器：ADC采集与数据处理.md;projects/RTOS项目/源码/BSP/MQ2/mq2.c
stm32-clock-and-sampling-timing	ADC_SampleTime_239Cycles5	exact	projects/RTOS项目/文档/4 硬件驱动开发/4.2 传感器与采集/4.2.2 MQ2 气体传感器：ADC采集与数据处理.md;projects/RTOS项目/源码/BSP/MQ2/mq2.c
stm32-clock-and-sampling-timing	MQ2_GetAdcValue	exact	projects/RTOS项目/文档/4 硬件驱动开发/4.2 传感器与采集/4.2.2 MQ2 气体传感器：ADC采集与数据处理.md;projects/RTOS项目/源码/BSP/MQ2/mq2.c;projects/RTOS项目/源码/BSP/MQ2/mq2.h
stm32-clock-and-sampling-timing	MQ2_GetGasConcentration	exact	projects/RTOS项目/源码/BSP/MQ2/mq2.c;projects/RTOS项目/源码/BSP/MQ2/mq2.h
stm32-clock-and-sampling-timing	delay_init	exact	projects/RTOS项目/源码/SYSTEM/delay/delay.c;projects/RTOS项目/源码/SYSTEM/delay/delay.h
stm32-clock-and-sampling-timing	SysTick_Handler	exact	projects/RTOS项目/源码/SYSTEM/delay/delay.c
vault-source-boundary-and-derived-artifact-audit	SOURCE	exact	tools/split_dabing_linux.py
vault-source-boundary-and-derived-artifact-audit	DEST	exact	tools/split_dabing_linux.py
vault-source-boundary-and-derived-artifact-audit	CHAPTERS	exact	tools/split_dabing_linux.py
vault-source-boundary-and-derived-artifact-audit	extract_articles	exact	tools/split_dabing_linux.py
vault-source-boundary-and-derived-artifact-audit	write_article	exact	tools/split_dabing_linux.py
vault-source-boundary-and-derived-artifact-audit	sha256	exact	distillation/source-inventory.tsv;tools/图片当前清单.tsv;tools/图片迁移清单.tsv
vault-source-boundary-and-derived-artifact-audit	reference_count	exact	tools/图片当前清单.tsv;tools/图片迁移清单.tsv
vision-model-tensor-contract-audit	LSTR::LSTR	exact	projects/linux视觉感知项目/源码/上位机程序/Lane_Detection/LSTR/main.cpp;projects/linux视觉感知项目/源码/卷积神经网络/卷积神经网络/LSTR_ONNX/main.cpp
vision-model-tensor-contract-audit	LSTR::normalize_	exact	projects/linux视觉感知项目/文档/04 模型推理部署/4.1 LSTR模型架构与曲线解码.md;projects/linux视觉感知项目/源码/上位机程序/Lane_Detection/LSTR/main.cpp;projects/linux视觉感知项目/源码/卷积神经网络/卷积神经网络/LSTR_ONNX/main.cpp
vision-model-tensor-contract-audit	LSTR::detect	exact	projects/linux视觉感知项目/文档/04 模型推理部署/4.1 LSTR模型架构与曲线解码.md;projects/linux视觉感知项目/源码/上位机程序/Lane_Detection/LSTR/main.cpp;projects/linux视觉感知项目/源码/卷积神经网络/卷积神经网络/LSTR_ONNX/main.cpp
vision-model-tensor-contract-audit	input_node_dims	exact	projects/linux视觉感知项目/文档/04 模型推理部署/4.3 log_space与双输入机制.md;projects/linux视觉感知项目/源码/上位机程序/Lane_Detection/LSTR/main.cpp;projects/linux视觉感知项目/源码/卷积神经网络/卷积神经网络/LSTR_ONNX/main.cpp
vision-model-tensor-contract-audit	output_node_dims	exact	projects/linux视觉感知项目/源码/上位机程序/Lane_Detection/LSTR/main.cpp;projects/linux视觉感知项目/源码/卷积神经网络/卷积神经网络/LSTR_ONNX/main.cpp
vision-model-tensor-contract-audit	input_shape_	exact	projects/linux视觉感知项目/文档/04 模型推理部署/4.1 LSTR模型架构与曲线解码.md;projects/linux视觉感知项目/文档/04 模型推理部署/4.3 log_space与双输入机制.md;projects/linux视觉感知项目/源码/上位机程序/Lane_Detection/LSTR/main.cpp;projects/linux视觉感知项目/源码/卷积神经网络/卷积神经网络/LSTR_ONNX/main.cpp
vision-model-tensor-contract-audit	mask_shape_	exact	projects/linux视觉感知项目/文档/04 模型推理部署/4.1 LSTR模型架构与曲线解码.md;projects/linux视觉感知项目/文档/04 模型推理部署/4.3 log_space与双输入机制.md;projects/linux视觉感知项目/源码/上位机程序/Lane_Detection/LSTR/main.cpp;projects/linux视觉感知项目/源码/卷积神经网络/卷积神经网络/LSTR_ONNX/main.cpp
vision-model-tensor-contract-audit	mask_tensor	exact	projects/linux视觉感知项目/文档/04 模型推理部署/4.1 LSTR模型架构与曲线解码.md;projects/linux视觉感知项目/文档/04 模型推理部署/4.3 log_space与双输入机制.md;projects/linux视觉感知项目/源码/上位机程序/Lane_Detection/LSTR/main.cpp;projects/linux视觉感知项目/源码/卷积神经网络/卷积神经网络/LSTR_ONNX/main.cpp
vision-model-tensor-contract-audit	ort_session->Run	exact	projects/linux视觉感知项目/文档/04 模型推理部署/4.1 LSTR模型架构与曲线解码.md;projects/linux视觉感知项目/源码/上位机程序/Lane_Detection/LSTR/main.cpp;projects/linux视觉感知项目/源码/卷积神经网络/卷积神经网络/LSTR_ONNX/main.cpp
vision-model-tensor-contract-audit	pred_logits	exact	projects/linux视觉感知项目/文档/04 模型推理部署/4.1 LSTR模型架构与曲线解码.md;projects/linux视觉感知项目/文档/04 模型推理部署/4.3 log_space与双输入机制.md;projects/linux视觉感知项目/源码/上位机程序/Lane_Detection/LSTR/lstr_360x640.onnx;projects/linux视觉感知项目/源码/上位机程序/Lane_Detection/LSTR/main.cpp;projects/linux视觉感知项目/源码/卷积神经网络/卷积神经网络/LSTR_ONNX/lstr_360x640.onnx;projects/linux视觉感知项目/源码/卷积神经网络/卷积神经网络/LSTR_ONNX/main.cpp
vision-model-tensor-contract-audit	pred_curves	exact	projects/linux视觉感知项目/文档/04 模型推理部署/4.1 LSTR模型架构与曲线解码.md;projects/linux视觉感知项目/文档/04 模型推理部署/4.3 log_space与双输入机制.md;projects/linux视觉感知项目/源码/上位机程序/Lane_Detection/LSTR/lstr_360x640.onnx;projects/linux视觉感知项目/源码/上位机程序/Lane_Detection/LSTR/main.cpp;projects/linux视觉感知项目/源码/卷积神经网络/卷积神经网络/LSTR_ONNX/lstr_360x640.onnx;projects/linux视觉感知项目/源码/卷积神经网络/卷积神经网络/LSTR_ONNX/main.cpp
vision-model-tensor-contract-audit	log_space	exact	projects/linux视觉感知项目/文档/04 模型推理部署/4.1 LSTR模型架构与曲线解码.md;projects/linux视觉感知项目/文档/04 模型推理部署/4.3 log_space与双输入机制.md;projects/linux视觉感知项目/源码/上位机程序/Lane_Detection/LSTR/main.cpp;projects/linux视觉感知项目/源码/卷积神经网络/卷积神经网络/LSTR_ONNX/main.cpp
vision-model-tensor-contract-audit	model_path	exact	projects/linux视觉感知项目/文档/04 模型推理部署/4.1 LSTR模型架构与曲线解码.md;projects/linux视觉感知项目/源码/上位机程序/Lane_Detection/LSTR/main.cpp;projects/linux视觉感知项目/源码/卷积神经网络/卷积神经网络/LSTR_ONNX/main.cpp
vision-model-tensor-contract-audit	filefolderpath	exact	projects/linux视觉感知项目/源码/上位机程序/Lane_Detection/LSTR/main.cpp
vision-model-tensor-contract-audit	Unet.load_param	exact	projects/linux视觉感知项目/文档/04 模型推理部署/4.5 NCNN部署与HWC-CHW转换.md;projects/linux视觉感知项目/源码/卷积神经网络/卷积神经网络/Unet_NCNN/src/unet.cpp
vision-model-tensor-contract-audit	Unet.load_model	exact	projects/linux视觉感知项目/文档/04 模型推理部署/4.5 NCNN部署与HWC-CHW转换.md;projects/linux视觉感知项目/源码/卷积神经网络/卷积神经网络/Unet_NCNN/src/unet.cpp
vision-model-tensor-contract-audit	ncnn::Extractor::input	qualified-leaf	projects/linux视觉感知项目/文档/04 模型推理部署/4.1 LSTR模型架构与曲线解码.md;projects/linux视觉感知项目/文档/04 模型推理部署/4.3 log_space与双输入机制.md;projects/linux视觉感知项目/文档/04 模型推理部署/4.5 NCNN部署与HWC-CHW转换.md;projects/linux视觉感知项目/文档/04 模型推理部署/4.7 嵌入式平台优化策略.md;projects/linux视觉感知项目/源码/上位机程序/Lane_Detection/LSTR/lstr_360x640.onnx;projects/linux视觉感知项目/源码/上位机程序/Lane_Detection/LSTR/main.cpp;projects/linux视觉感知项目/源码/卷积神经网络/卷积神经网络/LSTR_ONNX/lstr_360x640.onnx;projects/linux视觉感知项目/源码/卷积神经网络/卷积神经网络/LSTR_ONNX/main.cpp;projects/linux视觉感知项目/源码/卷积神经网络/卷积神经网络/Unet_NCNN/src/unet.cpp;projects/linux视觉感知项目/源码/图像预处理（加速前+加速后）/Lime_NEON+OpenMP/lime_opt.cpp
vision-model-tensor-contract-audit	ncnn::Extractor::extract	qualified-leaf	projects/linux视觉感知项目/文档/04 模型推理部署/4.5 NCNN部署与HWC-CHW转换.md;projects/linux视觉感知项目/文档/04 模型推理部署/4.7 嵌入式平台优化策略.md;projects/linux视觉感知项目/源码/卷积神经网络/卷积神经网络/Unet_NCNN/src/unet.cpp
vision-model-tensor-contract-audit	INPUT_WIDTH	exact	projects/linux视觉感知项目/文档/04 模型推理部署/4.5 NCNN部署与HWC-CHW转换.md;projects/linux视觉感知项目/源码/卷积神经网络/卷积神经网络/Unet_NCNN/src/unet.cpp
vision-model-tensor-contract-audit	INPUT_HEIGHT	exact	projects/linux视觉感知项目/文档/04 模型推理部署/4.5 NCNN部署与HWC-CHW转换.md;projects/linux视觉感知项目/源码/卷积神经网络/卷积神经网络/Unet_NCNN/src/unet.cpp
vision-model-tensor-contract-audit	copyMakeBorder	exact	projects/linux视觉感知项目/文档/04 模型推理部署/4.5 NCNN部署与HWC-CHW转换.md;projects/linux视觉感知项目/源码/卷积神经网络/卷积神经网络/Unet_NCNN/src/unet.cpp
vision-model-tensor-contract-audit	convertTo	exact	projects/linux视觉感知项目/文档/04 模型推理部署/4.5 NCNN部署与HWC-CHW转换.md;projects/linux视觉感知项目/源码/卷积神经网络/卷积神经网络/Unet_NCNN/src/unet.cpp;projects/linux视觉感知项目/源码/图像预处理（加速前+加速后）/Lime_NEON+OpenMP/lime_opt.cpp
vision-model-tensor-contract-audit	LIME::lime::enhance	qualified-leaf	projects/linux视觉感知项目/文档/04 模型推理部署/4.7 嵌入式平台优化策略.md;projects/linux视觉感知项目/源码/上位机程序/Lane_Detection/LSTR/main.cpp;projects/linux视觉感知项目/源码/图像预处理（加速前+加速后）/Lime_NEON+OpenMP/lime_opt.cpp
vision-model-tensor-contract-audit	LIME::lime::_init_IllumMap	qualified-leaf	projects/linux视觉感知项目/源码/图像预处理（加速前+加速后）/Lime_NEON+OpenMP/lime_opt.cpp
vision-model-tensor-contract-audit	LIME::lime::getMax	qualified-leaf	projects/linux视觉感知项目/文档/04 模型推理部署/4.7 嵌入式平台优化策略.md;projects/linux视觉感知项目/源码/图像预处理（加速前+加速后）/Lime_NEON+OpenMP/lime_opt.cpp
vision-model-tensor-contract-audit	cv::resize	exact	projects/linux视觉感知项目/文档/04 模型推理部署/4.5 NCNN部署与HWC-CHW转换.md;projects/linux视觉感知项目/源码/上位机程序/Lane_Detection/LSTR/main.cpp;projects/linux视觉感知项目/源码/卷积神经网络/卷积神经网络/Unet_NCNN/src/unet.cpp
vision-model-tensor-contract-audit	cv::imread	exact	projects/linux视觉感知项目/源码/上位机程序/Lane_Detection/LSTR/main.cpp;projects/linux视觉感知项目/源码/卷积神经网络/卷积神经网络/Unet_NCNN/src/unet.cpp;projects/linux视觉感知项目/源码/图像预处理（加速前+加速后）/Lime_NEON+OpenMP/lime_opt.cpp
vision-model-tensor-contract-audit	cv::imwrite	exact	projects/linux视觉感知项目/文档/04 模型推理部署/4.5 NCNN部署与HWC-CHW转换.md;projects/linux视觉感知项目/源码/上位机程序/Lane_Detection/LSTR/main.cpp;projects/linux视觉感知项目/源码/卷积神经网络/卷积神经网络/Unet_NCNN/src/unet.cpp;projects/linux视觉感知项目/源码/图像预处理（加速前+加速后）/Lime_NEON+OpenMP/lime_opt.cpp
vision-model-tensor-contract-audit	fillConvexPoly	exact	projects/linux视觉感知项目/文档/04 模型推理部署/4.1 LSTR模型架构与曲线解码.md;projects/linux视觉感知项目/源码/上位机程序/Lane_Detection/LSTR/main.cpp;projects/linux视觉感知项目/源码/卷积神经网络/卷积神经网络/LSTR_ONNX/main.cpp
