domain	class	size_bytes	sha256_16	path
vault-root-or-unknown	other-binary-or-config	6148	2239cb70e1b573bc	.DS_Store
algorithm-pdf	knowledge-document	3948866	a83d3d869c671037	archive/acwing/算法基础课模板大全-C++版本.pdf
vault-root-or-unknown	knowledge-document	35234	5eb4fd0cd940eae0	archive/dan_koe_如何在一天内修复你的人生_中文完整翻译.md
leetcode-algorithm-learning	knowledge-document	6901	f33d973cdf80fbd9	archive/力扣刷题/00-配置/全局索引.md
leetcode-algorithm-learning	knowledge-document	1570	a92f5b0e444e9459	archive/力扣刷题/00-配置/学习日志.md
leetcode-algorithm-learning	knowledge-document	2671	b03e5abc95c2a0ac	archive/力扣刷题/00-配置/学员档案.md
leetcode-algorithm-learning	knowledge-document	3665	390b289577e43827	archive/力扣刷题/00-配置/进度看板.md
leetcode-algorithm-learning	knowledge-document	30510	7b9a0ee3098c246c	archive/力扣刷题/01-Raw/01-Hot100刷题体系调研报告.md
leetcode-algorithm-learning	knowledge-document	44335	d2222aefa6c13aeb	archive/力扣刷题/01-Raw/02-Hot100两周速通刷题计划.md
leetcode-algorithm-learning	knowledge-document	147359	39c5f39a3a71e702	archive/力扣刷题/01-Raw/03-Hot100学习教程与题目详解.md
leetcode-algorithm-learning	knowledge-document	429376	f072887cbd90beb5	archive/力扣刷题/01-Raw/Hot100两周速通-yxc简洁代码.md
leetcode-algorithm-learning	knowledge-document	3167	fd1995857c1113a9	archive/力扣刷题/02-Wiki/专题总结/00-YXC常用模板索引.md
leetcode-algorithm-learning	knowledge-document	11872	039cb321e5a8c816	archive/力扣刷题/02-Wiki/专题总结/01-哈希表.md
leetcode-algorithm-learning	knowledge-document	13011	06b4f906b5afa48e	archive/力扣刷题/02-Wiki/专题总结/02-双指针与滑动窗口.md
leetcode-algorithm-learning	knowledge-document	13497	34de729567ab08b4	archive/力扣刷题/02-Wiki/专题总结/03-数组与矩阵.md
leetcode-algorithm-learning	knowledge-document	14380	78ad4e658822fd76	archive/力扣刷题/02-Wiki/专题总结/04-链表.md
leetcode-algorithm-learning	knowledge-document	15581	9cf9b4b11a32d5fc	archive/力扣刷题/02-Wiki/专题总结/05-二叉树.md
leetcode-algorithm-learning	knowledge-document	11303	f373275295e8c56b	archive/力扣刷题/02-Wiki/专题总结/06-栈与堆.md
leetcode-algorithm-learning	knowledge-document	11107	3ee6f807f35d0653	archive/力扣刷题/02-Wiki/专题总结/07-图论.md
leetcode-algorithm-learning	knowledge-document	12418	d0f89ecf5da32ddc	archive/力扣刷题/02-Wiki/专题总结/08-回溯算法.md
leetcode-algorithm-learning	knowledge-document	10719	fd09188438dc19a4	archive/力扣刷题/02-Wiki/专题总结/09-二分查找.md
leetcode-algorithm-learning	knowledge-document	14848	fa7d118dddb65a72	archive/力扣刷题/02-Wiki/专题总结/10-动态规划.md
leetcode-algorithm-learning	knowledge-document	5473	4d340c3527bf85a2	archive/力扣刷题/02-Wiki/专题总结/11-贪心算法.md
leetcode-algorithm-learning	knowledge-document	7046	36c5719d835491ad	archive/力扣刷题/02-Wiki/专题总结/12-技巧专题.md
leetcode-algorithm-learning	knowledge-document	6144	b1da63e3afe667e1	archive/力扣刷题/02-Wiki/专题总结/13-复杂度速查表.md
leetcode-algorithm-learning	knowledge-document	7386	3beb7c4db8baf748	archive/力扣刷题/02-Wiki/题目详解/1-两数之和.md
leetcode-algorithm-learning	knowledge-document	5886	8d4ccafa4faef2ef	archive/力扣刷题/02-Wiki/题目详解/101-对称二叉树.md
leetcode-algorithm-learning	knowledge-document	7030	bdffca8efe629b49	archive/力扣刷题/02-Wiki/题目详解/102-二叉树的层序遍历.md
leetcode-algorithm-learning	knowledge-document	6036	72ed96deab75d51c	archive/力扣刷题/02-Wiki/题目详解/104-二叉树的最大深度.md
leetcode-algorithm-learning	knowledge-document	8234	1fe6a714ea910f26	archive/力扣刷题/02-Wiki/题目详解/105-从前序与中序遍历构造二叉树.md
leetcode-algorithm-learning	knowledge-document	6536	adc425bd9e074235	archive/力扣刷题/02-Wiki/题目详解/108-将有序数组转换为二叉搜索树.md
leetcode-algorithm-learning	knowledge-document	7394	2fb403a4992fa4cd	archive/力扣刷题/02-Wiki/题目详解/11-盛最多水的容器.md
leetcode-algorithm-learning	knowledge-document	8155	5810c1728c06c716	archive/力扣刷题/02-Wiki/题目详解/114-二叉树展开为链表.md
leetcode-algorithm-learning	knowledge-document	6840	c8606230effb3d41	archive/力扣刷题/02-Wiki/题目详解/1143-最长公共子序列.md
leetcode-algorithm-learning	knowledge-document	4445	a6287b1047f3e383	archive/力扣刷题/02-Wiki/题目详解/118-杨辉三角.md
leetcode-algorithm-learning	knowledge-document	6474	027e9f5eda264a32	archive/力扣刷题/02-Wiki/题目详解/121-买卖股票的最佳时机.md
leetcode-algorithm-learning	knowledge-document	8236	ba7bff1212f7140e	archive/力扣刷题/02-Wiki/题目详解/124-二叉树中的最大路径和.md
leetcode-algorithm-learning	knowledge-document	7459	9b0f57d89e836110	archive/力扣刷题/02-Wiki/题目详解/128-最长连续序列.md
leetcode-algorithm-learning	knowledge-document	8309	809763d5e74d88ad	archive/力扣刷题/02-Wiki/题目详解/131-分割回文串.md
leetcode-algorithm-learning	knowledge-document	6367	9fb33ad648139795	archive/力扣刷题/02-Wiki/题目详解/136-只出现一次的数字.md
leetcode-algorithm-learning	knowledge-document	8359	8d6a7a5ce034f1ba	archive/力扣刷题/02-Wiki/题目详解/138-随机链表的复制.md
leetcode-algorithm-learning	knowledge-document	7183	1bbe7f7d565ca963	archive/力扣刷题/02-Wiki/题目详解/139-单词拆分.md
leetcode-algorithm-learning	knowledge-document	5988	75b115b271fa522f	archive/力扣刷题/02-Wiki/题目详解/141-环形链表.md
leetcode-algorithm-learning	knowledge-document	7072	2f54986b0ce40256	archive/力扣刷题/02-Wiki/题目详解/142-环形链表II.md
leetcode-algorithm-learning	knowledge-document	8663	fba66e5112788089	archive/力扣刷题/02-Wiki/题目详解/146-LRU缓存.md
leetcode-algorithm-learning	knowledge-document	8474	cfdbabac70c7ce4b	archive/力扣刷题/02-Wiki/题目详解/148-排序链表.md
leetcode-algorithm-learning	knowledge-document	8344	8e0b963f022752dc	archive/力扣刷题/02-Wiki/题目详解/15-三数之和.md
leetcode-algorithm-learning	knowledge-document	6071	11142d1bdccffb2f	archive/力扣刷题/02-Wiki/题目详解/152-乘积最大子数组.md
leetcode-algorithm-learning	knowledge-document	8391	938a1b6f6a6617e6	archive/力扣刷题/02-Wiki/题目详解/153-寻找旋转排序数组中的最小值.md
leetcode-algorithm-learning	knowledge-document	7646	1a99e37e99304fe6	archive/力扣刷题/02-Wiki/题目详解/155-最小栈.md
leetcode-algorithm-learning	knowledge-document	6368	79070e024b3ff5e2	archive/力扣刷题/02-Wiki/题目详解/160-相交链表.md
leetcode-algorithm-learning	knowledge-document	7334	e39101ac2d1a7e0d	archive/力扣刷题/02-Wiki/题目详解/169-多数元素.md
leetcode-algorithm-learning	knowledge-document	6683	ec2c52a572e8ded6	archive/力扣刷题/02-Wiki/题目详解/17-电话号码的字母组合.md
leetcode-algorithm-learning	knowledge-document	7132	a4cef6f53fecee2f	archive/力扣刷题/02-Wiki/题目详解/189-轮转数组.md
leetcode-algorithm-learning	knowledge-document	6968	28ec21d6ac5f21b2	archive/力扣刷题/02-Wiki/题目详解/19-删除链表的倒数第N个节点.md
leetcode-algorithm-learning	knowledge-document	5583	6606603b7aafeccf	archive/力扣刷题/02-Wiki/题目详解/198-打家劫舍.md
leetcode-algorithm-learning	knowledge-document	6864	067ff64b9dc1e8ca	archive/力扣刷题/02-Wiki/题目详解/199-二叉树的右视图.md
leetcode-algorithm-learning	knowledge-document	6435	3bc308e97b9f3631	archive/力扣刷题/02-Wiki/题目详解/2-两数相加.md
leetcode-algorithm-learning	knowledge-document	6747	fb36560ee414b3a0	archive/力扣刷题/02-Wiki/题目详解/20-有效的括号.md
leetcode-algorithm-learning	knowledge-document	8657	156e8ad73d8468f9	archive/力扣刷题/02-Wiki/题目详解/200-岛屿数量.md
leetcode-algorithm-learning	knowledge-document	6499	8ea3d460d60c5b6e	archive/力扣刷题/02-Wiki/题目详解/206-反转链表.md
leetcode-algorithm-learning	knowledge-document	8472	ab08a62f6f965467	archive/力扣刷题/02-Wiki/题目详解/207-课程表.md
leetcode-algorithm-learning	knowledge-document	10630	7786e98fc5833438	archive/力扣刷题/02-Wiki/题目详解/208-实现Trie.md
leetcode-algorithm-learning	knowledge-document	5954	70eda76e80bc4307	archive/力扣刷题/02-Wiki/题目详解/21-合并两个有序链表.md
leetcode-algorithm-learning	knowledge-document	8068	acaf952ec1ee1514	archive/力扣刷题/02-Wiki/题目详解/215-数组中的第K个最大元素.md
leetcode-algorithm-learning	knowledge-document	6276	3911159191cf45c1	archive/力扣刷题/02-Wiki/题目详解/22-括号生成.md
leetcode-algorithm-learning	knowledge-document	5759	e5576e4d4abcfd5c	archive/力扣刷题/02-Wiki/题目详解/226-翻转二叉树.md
leetcode-algorithm-learning	knowledge-document	8367	a0cc55769b774fb9	archive/力扣刷题/02-Wiki/题目详解/23-合并K个升序链表.md
leetcode-algorithm-learning	knowledge-document	8100	09f88c4f5894e3b2	archive/力扣刷题/02-Wiki/题目详解/230-BST第K小的元素.md
leetcode-algorithm-learning	knowledge-document	7611	30f62065464b91af	archive/力扣刷题/02-Wiki/题目详解/234-回文链表.md
leetcode-algorithm-learning	knowledge-document	8528	4f1eff5b2453a630	archive/力扣刷题/02-Wiki/题目详解/236-二叉树的最近公共祖先.md
leetcode-algorithm-learning	knowledge-document	8235	6e515e5638fff8d4	archive/力扣刷题/02-Wiki/题目详解/238-除自身以外数组的乘积.md
leetcode-algorithm-learning	knowledge-document	9712	b80b3088690d1751	archive/力扣刷题/02-Wiki/题目详解/239-滑动窗口最大值.md
leetcode-algorithm-learning	knowledge-document	5510	003930624d4f1e18	archive/力扣刷题/02-Wiki/题目详解/24-两两交换链表中的节点.md
leetcode-algorithm-learning	knowledge-document	9342	558481db736ed626	archive/力扣刷题/02-Wiki/题目详解/240-搜索二维矩阵II.md
leetcode-algorithm-learning	knowledge-document	7525	cb817b34b0c9e261	archive/力扣刷题/02-Wiki/题目详解/25-K个一组翻转链表.md
leetcode-algorithm-learning	knowledge-document	5520	a72607c9028f899b	archive/力扣刷题/02-Wiki/题目详解/279-完全平方数.md
leetcode-algorithm-learning	knowledge-document	6897	ca3e904ba681c958	archive/力扣刷题/02-Wiki/题目详解/283-移动零.md
leetcode-algorithm-learning	knowledge-document	9126	f978e3263ad56607	archive/力扣刷题/02-Wiki/题目详解/287-寻找重复数.md
leetcode-algorithm-learning	knowledge-document	9377	8b0b2d79b8b62afc	archive/力扣刷题/02-Wiki/题目详解/295-数据流的中位数.md
leetcode-algorithm-learning	knowledge-document	7977	042715a850ef8eb5	archive/力扣刷题/02-Wiki/题目详解/3-无重复字符的最长子串.md
leetcode-algorithm-learning	knowledge-document	7226	82ad2e205b9f2ac3	archive/力扣刷题/02-Wiki/题目详解/300-最长递增子序列.md
leetcode-algorithm-learning	knowledge-document	7624	b94074a798dbec0b	archive/力扣刷题/02-Wiki/题目详解/31-下一个排列.md
leetcode-algorithm-learning	knowledge-document	7003	201ac78f5d0ce426	archive/力扣刷题/02-Wiki/题目详解/32-最长有效括号.md
leetcode-algorithm-learning	knowledge-document	5950	71a35f2594134c06	archive/力扣刷题/02-Wiki/题目详解/322-零钱兑换.md
leetcode-algorithm-learning	knowledge-document	8868	78f1ad512544eeb0	archive/力扣刷题/02-Wiki/题目详解/33-搜索旋转排序数组.md
leetcode-algorithm-learning	knowledge-document	7982	b51d6454cb4be0cb	archive/力扣刷题/02-Wiki/题目详解/34-在排序数组中查找元素首末位置.md
leetcode-algorithm-learning	knowledge-document	7884	7a2c3c052d0a1349	archive/力扣刷题/02-Wiki/题目详解/347-前K个高频元素.md
leetcode-algorithm-learning	knowledge-document	6607	26f2c19d97709546	archive/力扣刷题/02-Wiki/题目详解/35-搜索插入位置.md
leetcode-algorithm-learning	knowledge-document	7976	898db4b5dc6247db	archive/力扣刷题/02-Wiki/题目详解/39-组合总和.md
leetcode-algorithm-learning	knowledge-document	8136	e663d9490506d750	archive/力扣刷题/02-Wiki/题目详解/394-字符串解码.md
leetcode-algorithm-learning	knowledge-document	9391	4958cdd47c89c7e9	archive/力扣刷题/02-Wiki/题目详解/4-寻找两个正序数组的中位数.md
leetcode-algorithm-learning	knowledge-document	9513	d83a97ceeae6b9ea	archive/力扣刷题/02-Wiki/题目详解/41-缺失的第一个正数.md
leetcode-algorithm-learning	knowledge-document	5894	ad4b5c7a9e76aaa3	archive/力扣刷题/02-Wiki/题目详解/416-分割等和子集.md
leetcode-algorithm-learning	knowledge-document	9076	260226f11fb5efdc	archive/力扣刷题/02-Wiki/题目详解/42-接雨水.md
leetcode-algorithm-learning	knowledge-document	8110	e4b7b5ef0129042f	archive/力扣刷题/02-Wiki/题目详解/437-路径总和III.md
leetcode-algorithm-learning	knowledge-document	8984	91012a5fe8597b20	archive/力扣刷题/02-Wiki/题目详解/438-找到字符串中所有字母异位词.md
leetcode-algorithm-learning	knowledge-document	7462	c8446f44d61f7a03	archive/力扣刷题/02-Wiki/题目详解/45-跳跃游戏II.md
leetcode-algorithm-learning	knowledge-document	7155	742cb6307057666d	archive/力扣刷题/02-Wiki/题目详解/46-全排列.md
leetcode-algorithm-learning	knowledge-document	7648	b4e0d1e21253f436	archive/力扣刷题/02-Wiki/题目详解/48-旋转图像.md
leetcode-algorithm-learning	knowledge-document	9221	9ff2e3a0e9025b82	archive/力扣刷题/02-Wiki/题目详解/49-字母异位词分组.md
leetcode-algorithm-learning	knowledge-document	6678	9bd4ececa6fdaa14	archive/力扣刷题/02-Wiki/题目详解/5-最长回文子串.md
leetcode-algorithm-learning	knowledge-document	8864	09854bbf26d1ca96	archive/力扣刷题/02-Wiki/题目详解/51-N皇后.md
leetcode-algorithm-learning	knowledge-document	7488	69067f24946b6ef5	archive/力扣刷题/02-Wiki/题目详解/53-最大子数组和.md
leetcode-algorithm-learning	knowledge-document	8883	66167ecbd74ac709	archive/力扣刷题/02-Wiki/题目详解/54-螺旋矩阵.md
leetcode-algorithm-learning	knowledge-document	6282	edc9dbd92f89bf07	archive/力扣刷题/02-Wiki/题目详解/543-二叉树的直径.md
leetcode-algorithm-learning	knowledge-document	7293	dff8c28f6c48c079	archive/力扣刷题/02-Wiki/题目详解/55-跳跃游戏.md
leetcode-algorithm-learning	knowledge-document	8512	175167e58a737154	archive/力扣刷题/02-Wiki/题目详解/56-合并区间.md
leetcode-algorithm-learning	knowledge-document	7962	7482ec92a796d334	archive/力扣刷题/02-Wiki/题目详解/560-和为K的子数组.md
leetcode-algorithm-learning	knowledge-document	6112	151b9ced38c6e7db	archive/力扣刷题/02-Wiki/题目详解/62-不同路径.md
leetcode-algorithm-learning	knowledge-document	6311	33d828d62e1ed6e2	archive/力扣刷题/02-Wiki/题目详解/64-最小路径和.md
leetcode-algorithm-learning	knowledge-document	4708	69c4dc52900b6dc4	archive/力扣刷题/02-Wiki/题目详解/70-爬楼梯.md
leetcode-algorithm-learning	knowledge-document	7573	e9e6bca5ae7f64c8	archive/力扣刷题/02-Wiki/题目详解/72-编辑距离.md
leetcode-algorithm-learning	knowledge-document	10007	8fb4346034fc8b55	archive/力扣刷题/02-Wiki/题目详解/73-矩阵置零.md
leetcode-algorithm-learning	knowledge-document	7347	56004010f39cc29d	archive/力扣刷题/02-Wiki/题目详解/739-每日温度.md
leetcode-algorithm-learning	knowledge-document	7151	2246c68703d7de24	archive/力扣刷题/02-Wiki/题目详解/74-搜索二维矩阵.md
leetcode-algorithm-learning	knowledge-document	6605	836e6777903a8fd9	archive/力扣刷题/02-Wiki/题目详解/75-颜色分类.md
leetcode-algorithm-learning	knowledge-document	9792	b6d53d37c8bb9afc	archive/力扣刷题/02-Wiki/题目详解/76-最小覆盖子串.md
leetcode-algorithm-learning	knowledge-document	7567	5e7f430db3a40fea	archive/力扣刷题/02-Wiki/题目详解/763-划分字母区间.md
leetcode-algorithm-learning	knowledge-document	7042	60cbd29fa3cb0dd4	archive/力扣刷题/02-Wiki/题目详解/78-子集.md
leetcode-algorithm-learning	knowledge-document	8954	46d27a658e5e1308	archive/力扣刷题/02-Wiki/题目详解/79-单词搜索.md
leetcode-algorithm-learning	knowledge-document	8969	07b6dcaa71676926	archive/力扣刷题/02-Wiki/题目详解/84-柱状图中最大的矩形.md
leetcode-algorithm-learning	knowledge-document	6658	755dd68d3870819b	archive/力扣刷题/02-Wiki/题目详解/94-二叉树的中序遍历.md
leetcode-algorithm-learning	knowledge-document	8823	f902aedb2720c8c1	archive/力扣刷题/02-Wiki/题目详解/98-验证二叉搜索树.md
leetcode-algorithm-learning	knowledge-document	8667	4a663c8ae76c3619	archive/力扣刷题/02-Wiki/题目详解/994-腐烂的橘子.md
leetcode-algorithm-learning	knowledge-document	7001	b1c1923e62564c6e	archive/力扣刷题/03-学习笔记/Day01-哈希与双指针.md
leetcode-algorithm-learning	knowledge-document	7527	c05700225193e09d	archive/力扣刷题/03-学习笔记/Day02-滑动窗口与子串.md
leetcode-algorithm-learning	knowledge-document	8127	440d6bcb590af77e	archive/力扣刷题/03-学习笔记/Day03-数组与矩阵.md
leetcode-algorithm-learning	knowledge-document	7774	15f5cd752f45d902	archive/力扣刷题/03-学习笔记/Day04-链表基础.md
leetcode-algorithm-learning	knowledge-document	5787	33defd6591a11937	archive/力扣刷题/03-学习笔记/Day05-链表进阶.md
leetcode-algorithm-learning	knowledge-document	7830	7a722319d8dc7199	archive/力扣刷题/03-学习笔记/Day06-二叉树基础.md
leetcode-algorithm-learning	knowledge-document	9127	acb73d820d87afb5	archive/力扣刷题/03-学习笔记/Day07-二叉树进阶与周复习.md
leetcode-algorithm-learning	knowledge-document	7469	680384b10c14bbfb	archive/力扣刷题/03-学习笔记/Day08-图论与栈.md
leetcode-algorithm-learning	knowledge-document	5998	b8feec980ee904f0	archive/力扣刷题/03-学习笔记/Day09-单调栈与堆.md
leetcode-algorithm-learning	knowledge-document	8192	19e556d023ef3e5c	archive/力扣刷题/03-学习笔记/Day10-回溯算法.md
leetcode-algorithm-learning	knowledge-document	6683	600d241093c074a8	archive/力扣刷题/03-学习笔记/Day11-二分查找.md
leetcode-algorithm-learning	knowledge-document	9273	805165c8d1fdd70c	archive/力扣刷题/03-学习笔记/Day12-动态规划入门与贪心.md
leetcode-algorithm-learning	knowledge-document	9537	6e7f16206978dbdb	archive/力扣刷题/03-学习笔记/Day13-进阶动态规划.md
leetcode-algorithm-learning	knowledge-document	7607	b9cbe839058cd887	archive/力扣刷题/03-学习笔记/Day14-技巧与全局复习.md
leetcode-algorithm-learning	knowledge-document	654	160d5ff63f652377	archive/力扣刷题/04-Outputs/README.md
leetcode-algorithm-learning	other-binary-or-config	1075	2c583c9329fbe182	archive/力扣刷题/LICENSE
leetcode-algorithm-learning	knowledge-document	10925	f9dc0b6bb746eb1a	archive/力扣刷题/README.md
leetcode-algorithm-learning	knowledge-document	1048	4c4351a446ed0655	archive/力扣刷题/index.md
leetcode-algorithm-learning	knowledge-document	7126	54894f9de23b4641	archive/力扣刷题/学习中枢.md
linux-systems-tutorial	knowledge-document	3136	695b3b677ae06af1	archive/大丙Linux教程/index.md
linux-systems-tutorial	knowledge-document	3086	9d83dd66e9350778	archive/大丙Linux教程/番外/01 普通用户添加 sudo 权限.md
linux-systems-tutorial	knowledge-document	13042	acdf4c883c90fc14	archive/大丙Linux教程/番外/02 Vim插件的快速安装.md
linux-systems-tutorial	knowledge-document	40619	e30948c93c9b4fe2	archive/大丙Linux教程/番外/03 CMake 保姆级教程（上）.md
linux-systems-tutorial	knowledge-document	25361	efb21bd170ba4684	archive/大丙Linux教程/番外/04 CMake 保姆级教程（下）.md
linux-systems-tutorial	knowledge-document	476	c8d54b05871f8999	archive/大丙Linux教程/番外/index.md
linux-systems-tutorial	knowledge-document	18588	924dcf6b7b1a302a	archive/大丙Linux教程/第1章 Linux 基础/01 初识Linux操作系统.md
linux-systems-tutorial	knowledge-document	27913	2d5a77d78deb9c66	archive/大丙Linux教程/第1章 Linux 基础/02 文件管理命令.md
linux-systems-tutorial	knowledge-document	6543	7d90e43753378bea	archive/大丙Linux教程/第1章 Linux 基础/03 用户管理命令.md
linux-systems-tutorial	knowledge-document	16191	5c083cabec585706	archive/大丙Linux教程/第1章 Linux 基础/04 压缩命令.md
linux-systems-tutorial	knowledge-document	14758	fb8bce7595cb170b	archive/大丙Linux教程/第1章 Linux 基础/05 查找命令.md
linux-systems-tutorial	knowledge-document	18010	e95ebfcdea321e4b	archive/大丙Linux教程/第1章 Linux 基础/06 Vim的使用.md
linux-systems-tutorial	knowledge-document	12457	eaba4f2a0d75970c	archive/大丙Linux教程/第1章 Linux 基础/07 GCC.md
linux-systems-tutorial	knowledge-document	19041	c21db44723824f1f	archive/大丙Linux教程/第1章 Linux 基础/08 静态库和动态库.md
linux-systems-tutorial	knowledge-document	25005	1afbdcbf3f804a72	archive/大丙Linux教程/第1章 Linux 基础/09 Makefile.md
linux-systems-tutorial	knowledge-document	23692	a09724b18ef57bc0	archive/大丙Linux教程/第1章 Linux 基础/10 GDB调试.md
linux-systems-tutorial	knowledge-document	635	01cd7a26ac1e1bbd	archive/大丙Linux教程/第1章 Linux 基础/index.md
linux-systems-tutorial	knowledge-document	10981	dfba875c5f3b00a2	archive/大丙Linux教程/第2章 文件IO/01 文件描述符.md
linux-systems-tutorial	knowledge-document	24000	659561d21e23b964	archive/大丙Linux教程/第2章 文件IO/02 Linux系统IO.md
linux-systems-tutorial	knowledge-document	21608	4bb531e32784c8a2	archive/大丙Linux教程/第2章 文件IO/03 文件状态和属性信息.md
linux-systems-tutorial	knowledge-document	11829	e7ddc3bde14a667d	archive/大丙Linux教程/第2章 文件IO/04 文件描述符复制和重定向.md
linux-systems-tutorial	knowledge-document	11208	51bdfcdd5995c624	archive/大丙Linux教程/第2章 文件IO/05 目录的遍历.md
linux-systems-tutorial	knowledge-document	496	de429eff7d445ed5	archive/大丙Linux教程/第2章 文件IO/index.md
linux-systems-tutorial	knowledge-document	37840	91673a99741ec756	archive/大丙Linux教程/第3章 进程和线程/01 进程控制.md
linux-systems-tutorial	knowledge-document	15936	2449e8cc53c06938	archive/大丙Linux教程/第3章 进程和线程/02 管道.md
linux-systems-tutorial	knowledge-document	9942	31684ed126bb21c2	archive/大丙Linux教程/第3章 进程和线程/03 内存映射区.md
linux-systems-tutorial	knowledge-document	12368	465c9d539631c971	archive/大丙Linux教程/第3章 进程和线程/04 共享内存.md
linux-systems-tutorial	knowledge-document	28963	f5608cdc14997cf6	archive/大丙Linux教程/第3章 进程和线程/05 信号.md
linux-systems-tutorial	knowledge-document	7436	917978bcb02ab9aa	archive/大丙Linux教程/第3章 进程和线程/06 守护进程.md
linux-systems-tutorial	knowledge-document	21184	a502b2a75848e395	archive/大丙Linux教程/第3章 进程和线程/07 多线程.md
linux-systems-tutorial	knowledge-document	42634	237939a9ede454cf	archive/大丙Linux教程/第3章 进程和线程/08 线程同步.md
linux-systems-tutorial	knowledge-document	12925	c3d2451f8ef795b2	archive/大丙Linux教程/第3章 进程和线程/09 线程池 - C语言版.md
linux-systems-tutorial	knowledge-document	10243	f845d60a3eb63125	archive/大丙Linux教程/第3章 进程和线程/10 线程池 - C改C++版.md
linux-systems-tutorial	knowledge-document	628	31957a488f20c226	archive/大丙Linux教程/第3章 进程和线程/index.md
linux-systems-tutorial	knowledge-document	31589	617cf1d469ee6a67	archive/大丙Linux教程/第4章 套接字通信/01 套接字 socket.md
linux-systems-tutorial	knowledge-document	13474	1bf4bdf3d47afc30	archive/大丙Linux教程/第4章 套接字通信/02 三次握手、四次挥手.md
linux-systems-tutorial	knowledge-document	11641	971a5f23f5ae44a2	archive/大丙Linux教程/第4章 套接字通信/03 TCP状态转换.md
linux-systems-tutorial	knowledge-document	15989	5e6406be7f6170fa	archive/大丙Linux教程/第4章 套接字通信/04 服务器并发.md
linux-systems-tutorial	knowledge-document	8788	cb0de3e1a458eb0f	archive/大丙Linux教程/第4章 套接字通信/05 TCP数据粘包的处理.md
linux-systems-tutorial	knowledge-document	17571	5ed55a71b1af4627	archive/大丙Linux教程/第4章 套接字通信/06 套接字通信类的封装.md
linux-systems-tutorial	knowledge-document	15557	799d21ed961b011f	archive/大丙Linux教程/第4章 套接字通信/07 IO多路转接（复用）之select.md
linux-systems-tutorial	knowledge-document	7851	df20d39f76e73e66	archive/大丙Linux教程/第4章 套接字通信/08 IO多路转接（复用）之poll.md
linux-systems-tutorial	knowledge-document	25323	5b7a3a75276e3a46	archive/大丙Linux教程/第4章 套接字通信/09 IO多路转接（复用）之epoll.md
linux-systems-tutorial	knowledge-document	8705	9e32523a38e6f603	archive/大丙Linux教程/第4章 套接字通信/10 基于UDP的套接字通信.md
linux-systems-tutorial	knowledge-document	7117	853246d2e7e5c889	archive/大丙Linux教程/第4章 套接字通信/11 UDP之广播.md
linux-systems-tutorial	knowledge-document	10274	fef419b42d261e46	archive/大丙Linux教程/第4章 套接字通信/12 UDP之组播（多播）.md
linux-systems-tutorial	knowledge-document	976	582fff1a9992675d	archive/大丙Linux教程/第4章 套接字通信/index.md
attachments-evidence	attachment-evidence	8196	ca49be860a8edd96	assets/.DS_Store
attachments-evidence	attachment-evidence	166325	2aa5698432cce6db	assets/CMake教程/CMake上-封面.png
attachments-evidence	attachment-evidence	92633	09a90209d14efb05	assets/CMake教程/CMake上-编译流程.png
attachments-evidence	attachment-evidence	146472	2bf48bc1996ed662	assets/CMake教程/CMake下-封面.png
attachments-evidence	attachment-evidence	70113	27e18c720c28bbf9	assets/CMake教程/CMake下-目录结构.png
attachments-evidence	attachment-evidence	316804	1fd64d79de0e0552	assets/Linux教程/01-01.png
attachments-evidence	attachment-evidence	230116	76f8320cc0c165c9	assets/Linux教程/01-02.png
attachments-evidence	attachment-evidence	404540	db9bcabd8e8fe0af	assets/Linux教程/01-03.jpg
attachments-evidence	attachment-evidence	74115	a4c43926a3947a37	assets/Linux教程/01-04.png
attachments-evidence	attachment-evidence	67481	c793f52cb016d4d7	assets/Linux教程/01-05.gif
attachments-evidence	attachment-evidence	24238	fea7f81d625c3506	assets/Linux教程/01-06.png
attachments-evidence	attachment-evidence	200372	49360021a5d81a13	assets/Linux教程/02-01.png
attachments-evidence	attachment-evidence	818335	65e948955632b930	assets/Linux教程/02-02.png
attachments-evidence	attachment-evidence	66651	818f4575bda4afe1	assets/Linux教程/02-03.png
attachments-evidence	attachment-evidence	72468	68933ba846257391	assets/Linux教程/03-01.png
attachments-evidence	attachment-evidence	41431	7f1d49ede007c007	assets/Linux教程/03-02.png
attachments-evidence	attachment-evidence	68583	e5bbe51813b6fc07	assets/Linux教程/06-01.png
attachments-evidence	attachment-evidence	39187	962481fc60adaea1	assets/Linux教程/06-02.png
attachments-evidence	attachment-evidence	39062	a5df448764c6da6b	assets/Linux教程/06-03.png
attachments-evidence	attachment-evidence	41486	125ad73878f58905	assets/Linux教程/06-04.png
attachments-evidence	attachment-evidence	56664	cc367d029820193c	assets/Linux教程/06-05.png
attachments-evidence	attachment-evidence	67973	82f0574be8a4a0b8	assets/Linux教程/06-06.png
attachments-evidence	attachment-evidence	73388	d3d8f3d7d56ceb65	assets/Linux教程/06-07.png
attachments-evidence	attachment-evidence	45102	69d77ece47e1e1ae	assets/Linux教程/06-08.png
attachments-evidence	attachment-evidence	20382	580f714872a6b999	assets/Linux教程/07-01.jpg
attachments-evidence	attachment-evidence	50900	b9dbb7f3794eb336	assets/Linux教程/08-01.png
attachments-evidence	attachment-evidence	46512	2360b7dbbd8b5d12	assets/Linux教程/08-02.png
attachments-evidence	attachment-evidence	73477	afcc6767267f2d27	assets/Linux教程/08-03.png
attachments-evidence	attachment-evidence	70049	b6f4b9d3324deb1d	assets/Linux教程/08-04.png
attachments-evidence	attachment-evidence	135993	9e739c173a36b914	assets/Linux教程/09-01.png
attachments-evidence	attachment-evidence	161709	39814d37c1a36b70	assets/Linux教程/11-01.png
attachments-evidence	attachment-evidence	52161	6bbf288b3a72007f	assets/Linux教程/11-02.png
attachments-evidence	attachment-evidence	114237	e9d7862eaee12b95	assets/Linux教程/11-03.png
attachments-evidence	attachment-evidence	165161	818ee6c9d7bc03d6	assets/Linux教程/11-04.png
attachments-evidence	attachment-evidence	101350	ddb9337837bbeb16	assets/Linux教程/13-01.png
attachments-evidence	attachment-evidence	76008	54e0ee293a540eed	assets/Linux教程/14-01.png
attachments-evidence	attachment-evidence	248794	1a58f31a6e726b24	assets/Linux教程/14-02.png
attachments-evidence	attachment-evidence	248023	5e3b668b0998c8e7	assets/Linux教程/14-03.png
attachments-evidence	attachment-evidence	197516	ffdf07fd9249a5bf	assets/Linux教程/14-04.png
attachments-evidence	attachment-evidence	103466	ac206e76eb6dd8e5	assets/Linux教程/16-01.png
attachments-evidence	attachment-evidence	47775	61da3fe90b63ef3e	assets/Linux教程/16-02.png
attachments-evidence	attachment-evidence	212503	6e2234aaf84e23b9	assets/Linux教程/16-03.png
attachments-evidence	attachment-evidence	108749	e072d0e40e3894f7	assets/Linux教程/16-04.png
attachments-evidence	attachment-evidence	188287	c3a7e318a252c3df	assets/Linux教程/16-05.png
attachments-evidence	attachment-evidence	490871	1bcf298abfd4d97b	assets/Linux教程/16-06.png
attachments-evidence	attachment-evidence	108442	15aa9b733ea05b50	assets/Linux教程/16-07.png
attachments-evidence	attachment-evidence	43785	e34bd9318b196604	assets/Linux教程/16-08.png
attachments-evidence	attachment-evidence	74122	ff4452d2f028354e	assets/Linux教程/16-09.png
attachments-evidence	attachment-evidence	87850	415b109d6499511c	assets/Linux教程/17-01.png
attachments-evidence	attachment-evidence	147039	ec840c7f429126e1	assets/Linux教程/17-02.png
attachments-evidence	attachment-evidence	107516	54fe2c51d7c981e2	assets/Linux教程/17-03.png
attachments-evidence	attachment-evidence	155733	bf6ab4458b9d758b	assets/Linux教程/17-04.png
attachments-evidence	attachment-evidence	138213	21e1768b24d565f4	assets/Linux教程/17-05.png
attachments-evidence	attachment-evidence	106400	de2918dd1bca6167	assets/Linux教程/18-01.png
attachments-evidence	attachment-evidence	168723	f81e78b250d86c94	assets/Linux教程/19-01.png
attachments-evidence	attachment-evidence	123451	ae15c4dee69c644b	assets/Linux教程/20-01.png
attachments-evidence	attachment-evidence	1115694	ecd5325a922833a5	assets/Linux教程/20-02.png
attachments-evidence	attachment-evidence	178563	b1ed0f12c13310b8	assets/Linux教程/20-03.png
attachments-evidence	attachment-evidence	243821	d0cb5f85180455f7	assets/Linux教程/20-04.png
attachments-evidence	attachment-evidence	371156	fa2fc8b5e0dd7c63	assets/Linux教程/20-05.png
attachments-evidence	attachment-evidence	123443	c0437d68eb89a79b	assets/Linux教程/22-01.png
attachments-evidence	attachment-evidence	4233	a5bfce4567254097	assets/Linux教程/22-02.png
attachments-evidence	attachment-evidence	32358	1ee5adef4883206a	assets/Linux教程/23-01.png
attachments-evidence	attachment-evidence	93477	bb8e89d0088f9c38	assets/Linux教程/23-02.png
attachments-evidence	attachment-evidence	48775	5ba4c9e191f2b1c8	assets/Linux教程/23-03.png
attachments-evidence	attachment-evidence	81092	415dc75b20803b2c	assets/Linux教程/23-04.png
attachments-evidence	attachment-evidence	67842	8a85e40e4e0bf194	assets/Linux教程/24-01.png
attachments-evidence	attachment-evidence	94176	9000fdb9dceeddcd	assets/Linux教程/26-01.png
attachments-evidence	attachment-evidence	74132	221b76f82483f1fc	assets/Linux教程/26-02.png
attachments-evidence	attachment-evidence	49465	9ee7ea3d5bc80aa3	assets/Linux教程/26-03.png
attachments-evidence	attachment-evidence	126835	bbf1748919c6f3ea	assets/Linux教程/26-04.png
attachments-evidence	attachment-evidence	100008	7d42b7c1184c2b51	assets/Linux教程/26-05.png
attachments-evidence	attachment-evidence	134087	6d6472871f1ed9d8	assets/Linux教程/26-06.png
attachments-evidence	attachment-evidence	99404	dbe1545ec8e689bb	assets/Linux教程/26-07.png
attachments-evidence	attachment-evidence	17057	fa5b926569fea4ee	assets/Linux教程/26-08.jpg
attachments-evidence	attachment-evidence	39696	14536c53a0c6a815	assets/Linux教程/26-09.png
attachments-evidence	attachment-evidence	45523	d224f5d23134fe50	assets/Linux教程/26-10.png
attachments-evidence	attachment-evidence	50450	fe57271e1c2fe687	assets/Linux教程/26-11.png
attachments-evidence	attachment-evidence	32743	b4947e221aded6de	assets/Linux教程/26-12.jpg
attachments-evidence	attachment-evidence	99329	ae8152454be17477	assets/Linux教程/26-13.png
attachments-evidence	attachment-evidence	78103	9a91ef1c4f0ba208	assets/Linux教程/27-01.png
attachments-evidence	attachment-evidence	512607	b820cb3f4f85039f	assets/Linux教程/27-02.png
attachments-evidence	attachment-evidence	322155	a2d6a4b49a6f61a7	assets/Linux教程/27-03.gif
attachments-evidence	attachment-evidence	563071	28518f850fafb6ee	assets/Linux教程/27-04.png
attachments-evidence	attachment-evidence	213613	1f6ff21adc109028	assets/Linux教程/27-05.png
attachments-evidence	attachment-evidence	49364	60e0ca5a0b90d302	assets/Linux教程/27-06.jpg
attachments-evidence	attachment-evidence	322061	99692da883f20b7e	assets/Linux教程/28-01.png
attachments-evidence	attachment-evidence	126538	13257742f006a328	assets/Linux教程/28-02.jpg
attachments-evidence	attachment-evidence	80307	b314c6fe8758bcfd	assets/Linux教程/29-01.png
attachments-evidence	attachment-evidence	330535	5ae65ef346d83857	assets/Linux教程/29-02.png
attachments-evidence	attachment-evidence	26193	2595cf283f4ba1b0	assets/Linux教程/30-01.png
attachments-evidence	attachment-evidence	396461	f4e53bcf291fb2ba	assets/Linux教程/32-01.png
attachments-evidence	attachment-evidence	418205	05b9702bc2279090	assets/Linux教程/32-02.png
attachments-evidence	attachment-evidence	436641	f3f81969bc0c5e0e	assets/Linux教程/32-03.png
attachments-evidence	attachment-evidence	94589	35d29777986759b3	assets/Linux教程/33-01.png
attachments-evidence	attachment-evidence	350723	77e87650dc4193d5	assets/Linux教程/34-01.png
attachments-evidence	attachment-evidence	28275	c41a137ea55e9890	assets/Linux教程/35-01.jpg
attachments-evidence	attachment-evidence	663320	adc13dd38ab3b38f	assets/Linux教程/36-01.png
attachments-evidence	attachment-evidence	694692	b77624109463c610	assets/Linux教程/37-01.png
attachments-evidence	attachment-evidence	110145	ed50a00a0aa982df	assets/Linux教程/39-01.png
attachments-evidence	attachment-evidence	10244	76e2d5e1d59f05a7	assets/embedded-interview/.DS_Store
attachments-evidence	attachment-evidence	677474	f74b78eed66d2c70	assets/embedded-interview/Linux 内核 eBPF 图解：理解内核扩展的核心机制/img-001.gif
attachments-evidence	attachment-evidence	2447280	c515ed323d0f3296	assets/embedded-interview/Linux 内核 eBPF 图解：理解内核扩展的核心机制/img-002.png
attachments-evidence	attachment-evidence	2571483	e73e9997c34472a7	assets/embedded-interview/Linux 内核 eBPF 图解：理解内核扩展的核心机制/img-003.png
attachments-evidence	attachment-evidence	2605872	1e5d05d1c5b8cf5e	assets/embedded-interview/Linux 内核 eBPF 图解：理解内核扩展的核心机制/img-004.png
attachments-evidence	attachment-evidence	2682478	6bf50c7dfc546082	assets/embedded-interview/Linux 内核 eBPF 图解：理解内核扩展的核心机制/img-005.png
attachments-evidence	attachment-evidence	2727640	4d42f7ae12e44083	assets/embedded-interview/Linux 内核 eBPF 图解：理解内核扩展的核心机制/img-006.png
attachments-evidence	attachment-evidence	2871053	b6c79d9c732a389c	assets/embedded-interview/Linux 内核 eBPF 图解：理解内核扩展的核心机制/img-007.png
attachments-evidence	attachment-evidence	2874347	7885723c5f31c0b9	assets/embedded-interview/Linux 内核 eBPF 图解：理解内核扩展的核心机制/img-008.png
attachments-evidence	attachment-evidence	2872055	519d13891ce6b418	assets/embedded-interview/Linux 内核 eBPF 图解：理解内核扩展的核心机制/img-009.png
attachments-evidence	attachment-evidence	2465134	af9ea5ec3e03cad8	assets/embedded-interview/Linux 内核 eBPF 图解：理解内核扩展的核心机制/img-010.png
attachments-evidence	attachment-evidence	2607505	e3c996ebd44a958d	assets/embedded-interview/Linux 内核 eBPF 图解：理解内核扩展的核心机制/img-011.png
attachments-evidence	attachment-evidence	2611109	7baa3ee0277199ed	assets/embedded-interview/Linux 内核 eBPF 图解：理解内核扩展的核心机制/img-012.png
attachments-evidence	attachment-evidence	2594570	23fbe337c802366e	assets/embedded-interview/Linux 内核 eBPF 图解：理解内核扩展的核心机制/img-013.png
attachments-evidence	attachment-evidence	2564419	9ed73dbd8685924e	assets/embedded-interview/Linux 内核 eBPF 图解：理解内核扩展的核心机制/img-014.png
attachments-evidence	attachment-evidence	2615794	dac8b0d86cbfd153	assets/embedded-interview/Linux 内核 eBPF 图解：理解内核扩展的核心机制/img-015.png
attachments-evidence	attachment-evidence	2614240	d1096728a60d0618	assets/embedded-interview/Linux 内核 eBPF 图解：理解内核扩展的核心机制/img-016.png
attachments-evidence	attachment-evidence	2580863	ecbdece5d9ea8d03	assets/embedded-interview/Linux 内核 eBPF 图解：理解内核扩展的核心机制/img-017.png
attachments-evidence	attachment-evidence	2733548	a4889cb7a1651c31	assets/embedded-interview/Linux 内核 eBPF 图解：理解内核扩展的核心机制/img-018.png
attachments-evidence	attachment-evidence	2693835	89043a01ee920de5	assets/embedded-interview/Linux 内核 eBPF 图解：理解内核扩展的核心机制/img-019.png
attachments-evidence	attachment-evidence	2703822	bde370b800c2e115	assets/embedded-interview/Linux 内核 eBPF 图解：理解内核扩展的核心机制/img-020.png
attachments-evidence	attachment-evidence	2682211	04c02627c96d8f2a	assets/embedded-interview/Linux 内核 eBPF 图解：理解内核扩展的核心机制/img-021.png
attachments-evidence	attachment-evidence	2677468	a5325f890a37fd41	assets/embedded-interview/Linux 内核 eBPF 图解：理解内核扩展的核心机制/img-022.png
attachments-evidence	attachment-evidence	2845709	baef70e61869e3eb	assets/embedded-interview/Linux 内核 eBPF 图解：理解内核扩展的核心机制/img-023.png
attachments-evidence	attachment-evidence	2521959	6d915e6804a1ceb2	assets/embedded-interview/Linux 内核 eBPF 图解：理解内核扩展的核心机制/img-024.png
attachments-evidence	attachment-evidence	2648943	5c9ac0b81ecbd0e9	assets/embedded-interview/Linux 内核 eBPF 图解：理解内核扩展的核心机制/img-025.png
attachments-evidence	attachment-evidence	2849656	6473cc218331a987	assets/embedded-interview/Linux 内核 eBPF 图解：理解内核扩展的核心机制/img-026.png
attachments-evidence	attachment-evidence	2094431	846b4fefe0a7338c	assets/embedded-interview/Linux 内核 eBPF 图解：理解内核扩展的核心机制/img-027.png
attachments-evidence	attachment-evidence	2215426	f3720762807899f5	assets/embedded-interview/Linux 内核 eBPF 图解：理解内核扩展的核心机制/img-028.png
attachments-evidence	attachment-evidence	2271661	c464f15166e21096	assets/embedded-interview/Linux 内核 eBPF 图解：理解内核扩展的核心机制/img-029.png
attachments-evidence	attachment-evidence	2311166	511652ab3c19d23c	assets/embedded-interview/Linux 内核 eBPF 图解：理解内核扩展的核心机制/img-030.png
attachments-evidence	attachment-evidence	2311166	511652ab3c19d23c	assets/embedded-interview/Linux 内核 eBPF 图解：理解内核扩展的核心机制/img-031.png
attachments-evidence	attachment-evidence	2360898	bf87a8bf2b0c42ac	assets/embedded-interview/Linux 内核 eBPF 图解：理解内核扩展的核心机制/img-032.png
attachments-evidence	attachment-evidence	2428845	01d363869a6e7165	assets/embedded-interview/Linux 内核 eBPF 图解：理解内核扩展的核心机制/img-033.png
attachments-evidence	attachment-evidence	2351230	23a1e0eff93dc2b0	assets/embedded-interview/Linux 内核 eBPF 图解：理解内核扩展的核心机制/img-034.png
attachments-evidence	attachment-evidence	2446716	ba88cec6913b4819	assets/embedded-interview/Linux 内核 eBPF 图解：理解内核扩展的核心机制/img-035.png
attachments-evidence	attachment-evidence	2426056	3217c173e63950d3	assets/embedded-interview/Linux 内核 eBPF 图解：理解内核扩展的核心机制/img-036.png
attachments-evidence	attachment-evidence	2329707	9aeca153ff21edbf	assets/embedded-interview/Linux 内核 eBPF 图解：理解内核扩展的核心机制/img-037.png
attachments-evidence	attachment-evidence	2362672	e8efa5bd07138a36	assets/embedded-interview/Linux 内核 eBPF 图解：理解内核扩展的核心机制/img-038.png
attachments-evidence	attachment-evidence	2301890	f87bc49be2de3a54	assets/embedded-interview/Linux 内核 eBPF 图解：理解内核扩展的核心机制/img-039.png
attachments-evidence	attachment-evidence	2277869	465ee0bea85ce473	assets/embedded-interview/Linux 内核 eBPF 图解：理解内核扩展的核心机制/img-040.png
attachments-evidence	attachment-evidence	2459663	b3f68e6b5540f609	assets/embedded-interview/Linux 内核 eBPF 图解：理解内核扩展的核心机制/img-041.png
attachments-evidence	attachment-evidence	2399086	11aeab9df1be62b3	assets/embedded-interview/Linux 内核 eBPF 图解：理解内核扩展的核心机制/img-042.png
attachments-evidence	attachment-evidence	2705816	0c7a45d8f59ce50a	assets/embedded-interview/Linux 内核 eBPF 图解：理解内核扩展的核心机制/img-043.png
attachments-evidence	attachment-evidence	2634963	e8a048dc97f79730	assets/embedded-interview/Linux 内核 eBPF 图解：理解内核扩展的核心机制/img-044.png
attachments-evidence	attachment-evidence	2696122	36c57fd613ba0215	assets/embedded-interview/Linux 内核 eBPF 图解：理解内核扩展的核心机制/img-045.png
attachments-evidence	attachment-evidence	2321999	c1bdc8f08b1eb1db	assets/embedded-interview/Linux 内核 eBPF 图解：理解内核扩展的核心机制/img-046.png
attachments-evidence	attachment-evidence	2610194	26ab0813eb0a67cc	assets/embedded-interview/Linux 内核 eBPF 图解：理解内核扩展的核心机制/img-047.png
attachments-evidence	attachment-evidence	2535404	10c2091dd3d63db0	assets/embedded-interview/Linux 内核 eBPF 图解：理解内核扩展的核心机制/img-048.png
attachments-evidence	attachment-evidence	2481283	f4c85c69e8ae1bb7	assets/embedded-interview/Linux 内核 eBPF 图解：理解内核扩展的核心机制/img-049.png
attachments-evidence	attachment-evidence	2665818	fd348679f50d6963	assets/embedded-interview/Linux 内核 eBPF 图解：理解内核扩展的核心机制/img-050.png
attachments-evidence	attachment-evidence	2419148	0b4370cdec9608b5	assets/embedded-interview/Linux 内核 eBPF 图解：理解内核扩展的核心机制/img-051.png
attachments-evidence	attachment-evidence	2416067	f03ac2d399d1f38d	assets/embedded-interview/Linux 内核 eBPF 图解：理解内核扩展的核心机制/img-052.png
attachments-evidence	attachment-evidence	2477935	28c05083087f4595	assets/embedded-interview/Linux 内核 eBPF 图解：理解内核扩展的核心机制/img-053.png
attachments-evidence	attachment-evidence	2361079	6c94db80dbebb710	assets/embedded-interview/Linux 内核 eBPF 图解：理解内核扩展的核心机制/img-054.png
attachments-evidence	attachment-evidence	2597805	0393a7ca283b7576	assets/embedded-interview/Linux 内核 eBPF 图解：理解内核扩展的核心机制/img-055.png
attachments-evidence	attachment-evidence	2270928	3a2fbc9c834d8798	assets/embedded-interview/Linux 内核 eBPF 图解：理解内核扩展的核心机制/img-056.png
attachments-evidence	attachment-evidence	2259096	761454835a96e2da	assets/embedded-interview/Linux 内核 eBPF 图解：理解内核扩展的核心机制/img-057.png
attachments-evidence	attachment-evidence	2447917	314f107fb083f01c	assets/embedded-interview/Linux 内核 eBPF 图解：理解内核扩展的核心机制/img-058.png
attachments-evidence	attachment-evidence	2300438	851683b1955d1df9	assets/embedded-interview/Linux 内核 eBPF 图解：理解内核扩展的核心机制/img-059.png
attachments-evidence	attachment-evidence	2480120	e07aab88a00e4847	assets/embedded-interview/Linux 内核 eBPF 图解：理解内核扩展的核心机制/img-060.png
attachments-evidence	attachment-evidence	2375393	54489f1daa63c55a	assets/embedded-interview/Linux 内核 eBPF 图解：理解内核扩展的核心机制/img-061.png
attachments-evidence	attachment-evidence	2560577	d004a9f8848a3394	assets/embedded-interview/Linux 内核 eBPF 图解：理解内核扩展的核心机制/img-062.png
attachments-evidence	attachment-evidence	2424236	c80ed013d1d18773	assets/embedded-interview/Linux 内核 eBPF 图解：理解内核扩展的核心机制/img-063.png
attachments-evidence	attachment-evidence	2638988	62332de3ff0dc369	assets/embedded-interview/Linux 内核 eBPF 图解：理解内核扩展的核心机制/img-064.png
attachments-evidence	attachment-evidence	2461034	889e0c52ba154073	assets/embedded-interview/Linux 内核 eBPF 图解：理解内核扩展的核心机制/img-065.png
attachments-evidence	attachment-evidence	2621017	30b7c6e12fba36f1	assets/embedded-interview/Linux 内核 eBPF 图解：理解内核扩展的核心机制/img-066.png
attachments-evidence	attachment-evidence	2387016	0bf7715a778d9084	assets/embedded-interview/Linux 内核 eBPF 图解：理解内核扩展的核心机制/img-067.png
attachments-evidence	attachment-evidence	2544402	5fa0f5c4c7399c6f	assets/embedded-interview/Linux 内核 eBPF 图解：理解内核扩展的核心机制/img-068.png
attachments-evidence	attachment-evidence	2499284	1f89e38abaced09b	assets/embedded-interview/Linux 内核 eBPF 图解：理解内核扩展的核心机制/img-069.png
attachments-evidence	attachment-evidence	2561327	b584ea06f7fcfb46	assets/embedded-interview/Linux 内核 eBPF 图解：理解内核扩展的核心机制/img-070.png
attachments-evidence	attachment-evidence	2483923	1fc5c7ed59e609a0	assets/embedded-interview/Linux 内核 eBPF 图解：理解内核扩展的核心机制/img-071.png
attachments-evidence	attachment-evidence	2419702	a3229d8006b4c29e	assets/embedded-interview/Linux 内核 eBPF 图解：理解内核扩展的核心机制/img-072.png
attachments-evidence	attachment-evidence	2523512	44e443b345fc9213	assets/embedded-interview/Linux 内核 eBPF 图解：理解内核扩展的核心机制/img-073.png
attachments-evidence	attachment-evidence	2462680	c7c7c99ea8753704	assets/embedded-interview/Linux 内核 eBPF 图解：理解内核扩展的核心机制/img-074.png
attachments-evidence	attachment-evidence	2290040	c35177f66b3759c9	assets/embedded-interview/Linux 内核 eBPF 图解：理解内核扩展的核心机制/img-075.png
attachments-evidence	attachment-evidence	2525014	f409864e1091dff7	assets/embedded-interview/Linux 内核 eBPF 图解：理解内核扩展的核心机制/img-076.png
attachments-evidence	attachment-evidence	2544310	8f4a0a05dfd62988	assets/embedded-interview/Linux 内核 eBPF 图解：理解内核扩展的核心机制/img-077.png
attachments-evidence	attachment-evidence	2577723	462e4fe5c0d456f7	assets/embedded-interview/Linux 内核如何初始化系统的 PCI 总线和设备/img-001.jpg
attachments-evidence	attachment-evidence	2169687	58ddfad0e3d95e52	assets/embedded-interview/Linux 内核如何初始化系统的 PCI 总线和设备/img-002.jpg
attachments-evidence	attachment-evidence	572629	9478e13cd256d21c	assets/embedded-interview/Linux 内核如何初始化系统的 PCI 总线和设备/img-003.jpg
attachments-evidence	attachment-evidence	572267	f1d785e9c68659f7	assets/embedded-interview/Linux 内核如何初始化系统的 PCI 总线和设备/img-004.jpg
attachments-evidence	attachment-evidence	2181846	b666ed632c1db2c7	assets/embedded-interview/Linux 内核如何初始化系统的 PCI 总线和设备/img-005.jpg
attachments-evidence	attachment-evidence	1507588	77b43bd20bc33187	assets/embedded-interview/Linux 内核如何初始化系统的 PCI 总线和设备/img-006.jpg
attachments-evidence	attachment-evidence	1339888	14e59dd6a6fbef82	assets/embedded-interview/Linux 内核如何初始化系统的 PCI 总线和设备/img-007.jpg
attachments-evidence	attachment-evidence	1186032	5161eebf84205514	assets/embedded-interview/Linux 内核如何初始化系统的 PCI 总线和设备/img-008.jpg
attachments-evidence	attachment-evidence	1261597	6b8ca45136c23d71	assets/embedded-interview/Linux 内核如何初始化系统的 PCI 总线和设备/img-009.jpg
attachments-evidence	attachment-evidence	2401747	d1d300fc148b5781	assets/embedded-interview/Linux 内核如何初始化系统的 PCI 总线和设备/img-010.jpg
attachments-evidence	attachment-evidence	2724878	3c51cae80abebaad	assets/embedded-interview/PLC 原理 + 数据类型，工控入门天花板知识点/img-001.jpg
attachments-evidence	attachment-evidence	3077475	5cedae8179035fe3	assets/embedded-interview/PLC 原理 + 数据类型，工控入门天花板知识点/img-002.jpg
attachments-evidence	attachment-evidence	2975740	41a86538c49cbd6d	assets/embedded-interview/PLC 原理 + 数据类型，工控入门天花板知识点/img-003.jpg
attachments-evidence	attachment-evidence	2757153	fe893b1c6e0b4a78	assets/embedded-interview/PLC 原理 + 数据类型，工控入门天花板知识点/img-004.jpg
attachments-evidence	attachment-evidence	2825005	8c8278dbabb235a9	assets/embedded-interview/PLC 原理 + 数据类型，工控入门天花板知识点/img-005.jpg
attachments-evidence	attachment-evidence	2895544	7390a44b0167740e	assets/embedded-interview/PLC 原理 + 数据类型，工控入门天花板知识点/img-006.jpg
attachments-evidence	attachment-evidence	2867983	b79b0222108a2302	assets/embedded-interview/PLC 原理 + 数据类型，工控入门天花板知识点/img-007.jpg
attachments-evidence	attachment-evidence	2839872	b1c8e7afba8a03de	assets/embedded-interview/PLC 原理 + 数据类型，工控入门天花板知识点/img-008.jpg
attachments-evidence	attachment-evidence	2900310	46b8b2049ab3c101	assets/embedded-interview/PLC 原理 + 数据类型，工控入门天花板知识点/img-009.jpg
attachments-evidence	attachment-evidence	2549981	357ee881fa853bf3	assets/embedded-interview/PLC 原理 + 数据类型，工控入门天花板知识点/img-010.jpg
attachments-evidence	attachment-evidence	2628128	251f33c99fa537e1	assets/embedded-interview/PLC 原理 + 数据类型，工控入门天花板知识点/img-011.jpg
attachments-evidence	attachment-evidence	2808932	918fd6319a4bd71e	assets/embedded-interview/PLC 原理 + 数据类型，工控入门天花板知识点/img-012.jpg
attachments-evidence	attachment-evidence	2854072	381513082556e121	assets/embedded-interview/PLC 原理 + 数据类型，工控入门天花板知识点/img-013.jpg
attachments-evidence	attachment-evidence	2754126	678374fd48e96fb9	assets/embedded-interview/PLC 原理 + 数据类型，工控入门天花板知识点/img-014.jpg
attachments-evidence	attachment-evidence	2723686	e8602e93ea23fbf8	assets/embedded-interview/PLC 原理 + 数据类型，工控入门天花板知识点/img-015.jpg
attachments-evidence	attachment-evidence	2805268	9814dea5f08ae713	assets/embedded-interview/PLC 原理 + 数据类型，工控入门天花板知识点/img-016.jpg
attachments-evidence	attachment-evidence	2767524	64f03e80fd60fdfb	assets/embedded-interview/PLC 原理 + 数据类型，工控入门天花板知识点/img-017.jpg
attachments-evidence	attachment-evidence	2790243	b1570cffcbb99189	assets/embedded-interview/PLC 原理 + 数据类型，工控入门天花板知识点/img-018.jpg
attachments-evidence	attachment-evidence	2784211	b4101d30ac5b2064	assets/embedded-interview/PLC 原理 + 数据类型，工控入门天花板知识点/img-019.jpg
attachments-evidence	attachment-evidence	2686247	74e412914dff6e70	assets/embedded-interview/PLC 原理 + 数据类型，工控入门天花板知识点/img-020.jpg
attachments-evidence	attachment-evidence	2747265	c99bcff33bcfaebe	assets/embedded-interview/PLC 原理 + 数据类型，工控入门天花板知识点/img-021.jpg
attachments-evidence	attachment-evidence	2676806	1f04bccbfcf74491	assets/embedded-interview/PLC 原理 + 数据类型，工控入门天花板知识点/img-022.jpg
attachments-evidence	attachment-evidence	2857214	ec5f431c3207eaa8	assets/embedded-interview/PLC 原理 + 数据类型，工控入门天花板知识点/img-023.jpg
attachments-evidence	attachment-evidence	2694754	b9070c9a0547058f	assets/embedded-interview/PLC 原理 + 数据类型，工控入门天花板知识点/img-024.jpg
attachments-evidence	attachment-evidence	2660047	c97e5f111f8ca969	assets/embedded-interview/PLC 原理 + 数据类型，工控入门天花板知识点/img-025.jpg
attachments-evidence	attachment-evidence	2593287	a372fd19cfacd424	assets/embedded-interview/PLC 原理 + 数据类型，工控入门天花板知识点/img-026.jpg
attachments-evidence	attachment-evidence	2668474	b756c456331cacbb	assets/embedded-interview/PLC 原理 + 数据类型，工控入门天花板知识点/img-027.jpg
attachments-evidence	attachment-evidence	3093851	3a5b3415ad247652	assets/embedded-interview/PLC 原理 + 数据类型，工控入门天花板知识点/img-028.jpg
attachments-evidence	attachment-evidence	3122500	aa704a4488a0e01b	assets/embedded-interview/PLC 原理 + 数据类型，工控入门天花板知识点/img-029.jpg
attachments-evidence	attachment-evidence	3026403	43016f23b106dda2	assets/embedded-interview/PLC 原理 + 数据类型，工控入门天花板知识点/img-030.jpg
attachments-evidence	attachment-evidence	2929953	953f2f0c7e6eb07f	assets/embedded-interview/PLC 原理 + 数据类型，工控入门天花板知识点/img-031.jpg
attachments-evidence	attachment-evidence	2967225	8d2199babc551912	assets/embedded-interview/PLC 原理 + 数据类型，工控入门天花板知识点/img-032.jpg
attachments-evidence	attachment-evidence	3150619	aa0cb9d8df9cef51	assets/embedded-interview/PLC 原理 + 数据类型，工控入门天花板知识点/img-033.jpg
attachments-evidence	attachment-evidence	3159406	a0ee2f101c5154fb	assets/embedded-interview/PLC 原理 + 数据类型，工控入门天花板知识点/img-034.jpg
attachments-evidence	attachment-evidence	2982099	10a6057f8d642907	assets/embedded-interview/PLC 原理 + 数据类型，工控入门天花板知识点/img-035.jpg
attachments-evidence	attachment-evidence	2746640	0bfedfdc48a0987c	assets/embedded-interview/PLC 原理 + 数据类型，工控入门天花板知识点/img-036.jpg
attachments-evidence	attachment-evidence	2821759	164229e0ecffdd71	assets/embedded-interview/PLC 原理 + 数据类型，工控入门天花板知识点/img-037.jpg
attachments-evidence	attachment-evidence	2751066	7142eae82c1313f9	assets/embedded-interview/PLC 原理 + 数据类型，工控入门天花板知识点/img-038.jpg
attachments-evidence	attachment-evidence	2664954	a4f0cd5ee1306de9	assets/embedded-interview/PLC 原理 + 数据类型，工控入门天花板知识点/img-039.jpg
attachments-evidence	attachment-evidence	2700214	9d70d60dce5ae7e0	assets/embedded-interview/PLC 原理 + 数据类型，工控入门天花板知识点/img-040.jpg
attachments-evidence	attachment-evidence	2739576	8f7e6058527c5b67	assets/embedded-interview/PLC 原理 + 数据类型，工控入门天花板知识点/img-041.jpg
attachments-evidence	attachment-evidence	2728618	2eb0df3c7f0c84dd	assets/embedded-interview/PLC 原理 + 数据类型，工控入门天花板知识点/img-042.jpg
attachments-evidence	attachment-evidence	2762196	d6a7ed9ad3a800a6	assets/embedded-interview/PLC 原理 + 数据类型，工控入门天花板知识点/img-043.jpg
attachments-evidence	attachment-evidence	2891646	421f15798750fafc	assets/embedded-interview/PLC 原理 + 数据类型，工控入门天花板知识点/img-044.jpg
attachments-evidence	attachment-evidence	2840014	a1fdc041f70d1605	assets/embedded-interview/PLC 原理 + 数据类型，工控入门天花板知识点/img-045.jpg
attachments-evidence	attachment-evidence	2860031	c6aeb4fa101186ea	assets/embedded-interview/PLC 原理 + 数据类型，工控入门天花板知识点/img-046.jpg
attachments-evidence	attachment-evidence	2950006	0fa6cf57207bc561	assets/embedded-interview/PLC 原理 + 数据类型，工控入门天花板知识点/img-047.jpg
attachments-evidence	attachment-evidence	2316691	115d9a855058665b	assets/embedded-interview/PLC 原理 + 数据类型，工控入门天花板知识点/img-048.jpg
attachments-evidence	attachment-evidence	2734033	a2ef04c44db34ec9	assets/embedded-interview/PLC 原理 + 数据类型，工控入门天花板知识点/img-049.jpg
attachments-evidence	attachment-evidence	2715205	c8e020c3a846c15a	assets/embedded-interview/PLC 原理 + 数据类型，工控入门天花板知识点/img-050.jpg
attachments-evidence	attachment-evidence	2853528	cdf72fa56c262dc6	assets/embedded-interview/PLC 原理 + 数据类型，工控入门天花板知识点/img-051.jpg
attachments-evidence	attachment-evidence	2781500	dbb78fa89b943891	assets/embedded-interview/PLC 原理 + 数据类型，工控入门天花板知识点/img-052.jpg
attachments-evidence	attachment-evidence	2934823	68bae4af88f65a9e	assets/embedded-interview/PLC 原理 + 数据类型，工控入门天花板知识点/img-053.jpg
attachments-evidence	attachment-evidence	2426904	3edfd5c058819a16	assets/embedded-interview/PLC 原理 + 数据类型，工控入门天花板知识点/img-054.jpg
attachments-evidence	attachment-evidence	2605793	1bd685e8cbc410e0	assets/embedded-interview/PLC 原理 + 数据类型，工控入门天花板知识点/img-055.jpg
attachments-evidence	attachment-evidence	2448020	95aeb6f1fd8789c5	assets/embedded-interview/【图解】5种总线协议：UART、RS232、RS485、I²C、SPI/img-001.png
attachments-evidence	attachment-evidence	2473093	2ce4b7437acab148	assets/embedded-interview/【图解】5种总线协议：UART、RS232、RS485、I²C、SPI/img-002.png
attachments-evidence	attachment-evidence	2590512	98ecd4b81cf50deb	assets/embedded-interview/【图解】5种总线协议：UART、RS232、RS485、I²C、SPI/img-003.png
attachments-evidence	attachment-evidence	2148066	6525a6a50e0da976	assets/embedded-interview/【图解】5种总线协议：UART、RS232、RS485、I²C、SPI/img-004.png
attachments-evidence	attachment-evidence	2279830	52b03e7d4fd449c1	assets/embedded-interview/【图解】5种总线协议：UART、RS232、RS485、I²C、SPI/img-005.png
attachments-evidence	attachment-evidence	2413149	8eb9878ed9462321	assets/embedded-interview/【图解】5种总线协议：UART、RS232、RS485、I²C、SPI/img-006.png
attachments-evidence	attachment-evidence	2280471	d147b8feddad7cce	assets/embedded-interview/【图解】5种总线协议：UART、RS232、RS485、I²C、SPI/img-007.png
attachments-evidence	attachment-evidence	2397661	28957560df2e9cb5	assets/embedded-interview/【图解】5种总线协议：UART、RS232、RS485、I²C、SPI/img-008.png
attachments-evidence	attachment-evidence	2500109	27798a84aa648f19	assets/embedded-interview/【图解】5种总线协议：UART、RS232、RS485、I²C、SPI/img-009.png
attachments-evidence	attachment-evidence	2117083	7bf56560fa7b309e	assets/embedded-interview/【图解】5种总线协议：UART、RS232、RS485、I²C、SPI/img-010.png
attachments-evidence	attachment-evidence	2420052	82d35a39770216b4	assets/embedded-interview/【图解】5种总线协议：UART、RS232、RS485、I²C、SPI/img-011.png
attachments-evidence	attachment-evidence	2622513	de99d291b5048890	assets/embedded-interview/【图解】5种总线协议：UART、RS232、RS485、I²C、SPI/img-012.png
attachments-evidence	attachment-evidence	2356854	5fc81443b666078d	assets/embedded-interview/【图解】5种总线协议：UART、RS232、RS485、I²C、SPI/img-013.png
attachments-evidence	attachment-evidence	2166149	0d8d2a39410b2ee4	assets/embedded-interview/【图解】5种总线协议：UART、RS232、RS485、I²C、SPI/img-014.png
attachments-evidence	attachment-evidence	2123934	7c206df22bb762c4	assets/embedded-interview/【图解】5种总线协议：UART、RS232、RS485、I²C、SPI/img-015.png
attachments-evidence	attachment-evidence	2390931	65331d37ac099658	assets/embedded-interview/【图解】5种总线协议：UART、RS232、RS485、I²C、SPI/img-016.png
attachments-evidence	attachment-evidence	2306146	052aae7599f6c51c	assets/embedded-interview/【图解】5种总线协议：UART、RS232、RS485、I²C、SPI/img-017.png
attachments-evidence	attachment-evidence	2285679	f7a1c653ec40a8eb	assets/embedded-interview/【图解】5种总线协议：UART、RS232、RS485、I²C、SPI/img-018.png
attachments-evidence	attachment-evidence	2222655	e3afa62dd81a3e05	assets/embedded-interview/【图解】5种总线协议：UART、RS232、RS485、I²C、SPI/img-019.png
attachments-evidence	attachment-evidence	2469777	a1312e4efba565ec	assets/embedded-interview/【图解】5种总线协议：UART、RS232、RS485、I²C、SPI/img-020.png
attachments-evidence	attachment-evidence	2423584	2b437496703fd4f3	assets/embedded-interview/【图解】5种总线协议：UART、RS232、RS485、I²C、SPI/img-021.png
attachments-evidence	attachment-evidence	2603358	3b31cc8d0f5f2157	assets/embedded-interview/【图解】5种总线协议：UART、RS232、RS485、I²C、SPI/img-022.png
attachments-evidence	attachment-evidence	2213277	1b9038db96f5d284	assets/embedded-interview/【图解】5种总线协议：UART、RS232、RS485、I²C、SPI/img-023.png
attachments-evidence	attachment-evidence	2275747	166de2ee466a7bd7	assets/embedded-interview/【图解】5种总线协议：UART、RS232、RS485、I²C、SPI/img-024.png
attachments-evidence	attachment-evidence	2339235	2b0804d3061f9b6e	assets/embedded-interview/【图解】5种总线协议：UART、RS232、RS485、I²C、SPI/img-025.png
attachments-evidence	attachment-evidence	2361677	bd757ae896669e20	assets/embedded-interview/【图解】5种总线协议：UART、RS232、RS485、I²C、SPI/img-026.png
attachments-evidence	attachment-evidence	2390147	923092b32c880aef	assets/embedded-interview/【图解】5种总线协议：UART、RS232、RS485、I²C、SPI/img-027.png
attachments-evidence	attachment-evidence	2252973	aba2b5b8d9613fce	assets/embedded-interview/【图解】5种总线协议：UART、RS232、RS485、I²C、SPI/img-028.png
attachments-evidence	attachment-evidence	2408211	9f75d6655841bd9e	assets/embedded-interview/【图解】5种总线协议：UART、RS232、RS485、I²C、SPI/img-029.png
attachments-evidence	attachment-evidence	2512947	9dfaf5d8db7858b1	assets/embedded-interview/【图解】5种总线协议：UART、RS232、RS485、I²C、SPI/img-030.png
attachments-evidence	attachment-evidence	2227213	686257944976969b	assets/embedded-interview/【图解】5种总线协议：UART、RS232、RS485、I²C、SPI/img-031.png
attachments-evidence	attachment-evidence	2342393	b52a817aefadef4b	assets/embedded-interview/【图解】5种总线协议：UART、RS232、RS485、I²C、SPI/img-032.png
attachments-evidence	attachment-evidence	2482419	cc8206da65c04bc1	assets/embedded-interview/【图解】5种总线协议：UART、RS232、RS485、I²C、SPI/img-033.png
attachments-evidence	attachment-evidence	2448341	2c6b419ac0beeb86	assets/embedded-interview/【图解】5种总线协议：UART、RS232、RS485、I²C、SPI/img-034.png
attachments-evidence	attachment-evidence	2374874	751aaa91f0fc835b	assets/embedded-interview/【图解】5种总线协议：UART、RS232、RS485、I²C、SPI/img-035.png
attachments-evidence	attachment-evidence	2514831	ad40f5696c1be056	assets/embedded-interview/【图解】5种总线协议：UART、RS232、RS485、I²C、SPI/img-036.png
attachments-evidence	attachment-evidence	2071354	ff70d5e607151dfe	assets/embedded-interview/【图解】5种总线协议：UART、RS232、RS485、I²C、SPI/img-037.png
attachments-evidence	attachment-evidence	2312719	6ff756b54941bbe6	assets/embedded-interview/【图解】5种总线协议：UART、RS232、RS485、I²C、SPI/img-038.png
attachments-evidence	attachment-evidence	2382515	91c90e86fe5262f2	assets/embedded-interview/【图解】5种总线协议：UART、RS232、RS485、I²C、SPI/img-039.png
attachments-evidence	attachment-evidence	2436933	f08ff198763fde22	assets/embedded-interview/【图解】5种总线协议：UART、RS232、RS485、I²C、SPI/img-040.png
attachments-evidence	attachment-evidence	2320959	3a821944f49a57e4	assets/embedded-interview/【图解】5种总线协议：UART、RS232、RS485、I²C、SPI/img-041.png
attachments-evidence	attachment-evidence	2304659	b0f009c92570d497	assets/embedded-interview/【图解】5种总线协议：UART、RS232、RS485、I²C、SPI/img-042.png
attachments-evidence	attachment-evidence	2364573	3d5eb35cdb9c6b45	assets/embedded-interview/【图解】5种总线协议：UART、RS232、RS485、I²C、SPI/img-043.png
attachments-evidence	attachment-evidence	2528864	d93e7d76aa8004a1	assets/embedded-interview/【图解】5种总线协议：UART、RS232、RS485、I²C、SPI/img-044.png
attachments-evidence	attachment-evidence	2581774	d1800b33250d8f2a	assets/embedded-interview/【图解】5种总线协议：UART、RS232、RS485、I²C、SPI/img-045.png
attachments-evidence	attachment-evidence	2643045	4e912b4c680f360e	assets/embedded-interview/【图解】5种总线协议：UART、RS232、RS485、I²C、SPI/img-046.png
attachments-evidence	attachment-evidence	2544260	5b89742cfbe6ce4a	assets/embedded-interview/【图解】5种总线协议：UART、RS232、RS485、I²C、SPI/img-047.png
attachments-evidence	attachment-evidence	2352436	dc42fd03ed358ca2	assets/embedded-interview/【图解】5种总线协议：UART、RS232、RS485、I²C、SPI/img-048.png
attachments-evidence	attachment-evidence	2511236	22280eafebfa77ac	assets/embedded-interview/【图解】5种总线协议：UART、RS232、RS485、I²C、SPI/img-049.png
attachments-evidence	attachment-evidence	2197122	c5b93b9ca6583212	assets/embedded-interview/【图解】5种总线协议：UART、RS232、RS485、I²C、SPI/img-050.png
attachments-evidence	attachment-evidence	2475008	7a88b4af80c325b4	assets/embedded-interview/【图解】5种总线协议：UART、RS232、RS485、I²C、SPI/img-051.png
attachments-evidence	attachment-evidence	2461390	59151c93106e6fa9	assets/embedded-interview/【图解】5种总线协议：UART、RS232、RS485、I²C、SPI/img-052.png
attachments-evidence	attachment-evidence	2580886	fdb69c6180f90f89	assets/embedded-interview/【图解】5种总线协议：UART、RS232、RS485、I²C、SPI/img-053.png
attachments-evidence	attachment-evidence	2637425	08987bae291304e0	assets/embedded-interview/【图解】5种总线协议：UART、RS232、RS485、I²C、SPI/img-054.png
attachments-evidence	attachment-evidence	2758589	b97a33e12d0caff4	assets/embedded-interview/【图解】5种总线协议：UART、RS232、RS485、I²C、SPI/img-055.png
attachments-evidence	attachment-evidence	2218494	5067fa034f329647	assets/embedded-interview/【图解】5种总线协议：UART、RS232、RS485、I²C、SPI/img-056.png
attachments-evidence	attachment-evidence	2606554	0bdff1aacdaea546	assets/embedded-interview/【图解】5种总线协议：UART、RS232、RS485、I²C、SPI/img-057.png
attachments-evidence	attachment-evidence	2285802	dba11fd388093a31	assets/embedded-interview/【图解】5种总线协议：UART、RS232、RS485、I²C、SPI/img-058.png
attachments-evidence	attachment-evidence	2427487	2e5b3c7d6ffd884c	assets/embedded-interview/【图解】5种总线协议：UART、RS232、RS485、I²C、SPI/img-059.png
attachments-evidence	attachment-evidence	2501215	d67accbd9af5f37d	assets/embedded-interview/【图解】5种总线协议：UART、RS232、RS485、I²C、SPI/img-060.png
attachments-evidence	attachment-evidence	2502862	d4e051a0b738bed7	assets/embedded-interview/【图解】5种总线协议：UART、RS232、RS485、I²C、SPI/img-061.png
attachments-evidence	attachment-evidence	2686797	62f1967605a4120b	assets/embedded-interview/【图解】5种总线协议：UART、RS232、RS485、I²C、SPI/img-062.png
attachments-evidence	attachment-evidence	2744547	0e58ba5abced8f0a	assets/embedded-interview/【图解】5种总线协议：UART、RS232、RS485、I²C、SPI/img-063.png
attachments-evidence	attachment-evidence	2798246	3c7a782a8344639c	assets/embedded-interview/【图解】5种总线协议：UART、RS232、RS485、I²C、SPI/img-064.png
attachments-evidence	attachment-evidence	2816129	02fd6b44c732e598	assets/embedded-interview/【图解】5种总线协议：UART、RS232、RS485、I²C、SPI/img-065.png
attachments-evidence	attachment-evidence	2834720	18255f58df34332c	assets/embedded-interview/【图解】5种总线协议：UART、RS232、RS485、I²C、SPI/img-066.png
attachments-evidence	attachment-evidence	2820111	ca4cc2b6a84e9b23	assets/embedded-interview/【图解】5种总线协议：UART、RS232、RS485、I²C、SPI/img-067.png
attachments-evidence	attachment-evidence	2942976	d02fc864982986d3	assets/embedded-interview/【图解】5种总线协议：UART、RS232、RS485、I²C、SPI/img-068.png
attachments-evidence	attachment-evidence	2509692	2b3f831d17433049	assets/embedded-interview/【图解】5种总线协议：UART、RS232、RS485、I²C、SPI/img-069.png
attachments-evidence	attachment-evidence	2567242	726d21d57913aad9	assets/embedded-interview/【图解】5种总线协议：UART、RS232、RS485、I²C、SPI/img-070.png
attachments-evidence	attachment-evidence	2456128	f8841ea3ed29b276	assets/embedded-interview/【图解】5种总线协议：UART、RS232、RS485、I²C、SPI/img-071.png
attachments-evidence	attachment-evidence	2280512	de92fe7d9bbe5ebc	assets/embedded-interview/【图解】5种总线协议：UART、RS232、RS485、I²C、SPI/img-072.png
attachments-evidence	attachment-evidence	2357796	4bff15e4d60bb3f6	assets/embedded-interview/【图解】5种总线协议：UART、RS232、RS485、I²C、SPI/img-073.png
attachments-evidence	attachment-evidence	2335274	85824be406911471	assets/embedded-interview/【图解】5种总线协议：UART、RS232、RS485、I²C、SPI/img-074.png
attachments-evidence	attachment-evidence	2312001	10f302d4fa6f5d73	assets/embedded-interview/【图解】5种总线协议：UART、RS232、RS485、I²C、SPI/img-075.png
attachments-evidence	attachment-evidence	2411367	3b45fef749e39386	assets/embedded-interview/【图解】5种总线协议：UART、RS232、RS485、I²C、SPI/img-076.png
attachments-evidence	attachment-evidence	2547287	e1ee5ece89561014	assets/embedded-interview/【图解】5种总线协议：UART、RS232、RS485、I²C、SPI/img-077.png
attachments-evidence	attachment-evidence	2440822	3cf8f494b652d1bf	assets/embedded-interview/【图解】5种总线协议：UART、RS232、RS485、I²C、SPI/img-078.png
attachments-evidence	attachment-evidence	2288332	9d73b7b33db44047	assets/embedded-interview/【图解】5种总线协议：UART、RS232、RS485、I²C、SPI/img-079.png
attachments-evidence	attachment-evidence	2301222	fc7035c59a180c96	assets/embedded-interview/【图解】5种总线协议：UART、RS232、RS485、I²C、SPI/img-080.png
attachments-evidence	attachment-evidence	2332089	7dbd922135dd5b44	assets/embedded-interview/【图解】5种总线协议：UART、RS232、RS485、I²C、SPI/img-081.png
attachments-evidence	attachment-evidence	2442171	936f845240dd9cdf	assets/embedded-interview/【图解】5种总线协议：UART、RS232、RS485、I²C、SPI/img-082.png
attachments-evidence	attachment-evidence	2366625	bf6c01b38f0e0320	assets/embedded-interview/【图解】5种总线协议：UART、RS232、RS485、I²C、SPI/img-083.png
attachments-evidence	attachment-evidence	2434077	2578535e57d3c095	assets/embedded-interview/【图解】5种总线协议：UART、RS232、RS485、I²C、SPI/img-084.png
attachments-evidence	attachment-evidence	2385994	f1876a5bfe1eb343	assets/embedded-interview/【图解】5种总线协议：UART、RS232、RS485、I²C、SPI/img-085.png
attachments-evidence	attachment-evidence	2398707	057093317eb9205d	assets/embedded-interview/【图解】5种总线协议：UART、RS232、RS485、I²C、SPI/img-086.png
attachments-evidence	attachment-evidence	2408214	2ba0b42741d37823	assets/embedded-interview/【图解】5种总线协议：UART、RS232、RS485、I²C、SPI/img-087.png
attachments-evidence	attachment-evidence	2506338	058d3836441ecadc	assets/embedded-interview/【图解】5种总线协议：UART、RS232、RS485、I²C、SPI/img-088.png
attachments-evidence	attachment-evidence	2293948	0b617fadd753e799	assets/embedded-interview/【图解】5种总线协议：UART、RS232、RS485、I²C、SPI/img-089.png
attachments-evidence	attachment-evidence	2383529	29fc7ad2f757c58e	assets/embedded-interview/【图解】5种总线协议：UART、RS232、RS485、I²C、SPI/img-090.png
attachments-evidence	attachment-evidence	2330287	e374d2b677edd25f	assets/embedded-interview/【图解】5种总线协议：UART、RS232、RS485、I²C、SPI/img-091.png
attachments-evidence	attachment-evidence	2414851	5453f311c7d819f5	assets/embedded-interview/【图解】5种总线协议：UART、RS232、RS485、I²C、SPI/img-092.png
attachments-evidence	attachment-evidence	2431511	104ce5d28ba4d2ce	assets/embedded-interview/【图解】5种总线协议：UART、RS232、RS485、I²C、SPI/img-093.png
attachments-evidence	attachment-evidence	2302429	57b021e8ffc89e56	assets/embedded-interview/【图解】5种总线协议：UART、RS232、RS485、I²C、SPI/img-094.png
attachments-evidence	attachment-evidence	2227505	70d8c0398deffad5	assets/embedded-interview/【图解】5种总线协议：UART、RS232、RS485、I²C、SPI/img-095.png
attachments-evidence	attachment-evidence	2355161	52f441da0b272ece	assets/embedded-interview/【图解】5种总线协议：UART、RS232、RS485、I²C、SPI/img-096.png
attachments-evidence	attachment-evidence	2333793	d42410c96c5e79aa	assets/embedded-interview/【图解】5种总线协议：UART、RS232、RS485、I²C、SPI/img-097.png
attachments-evidence	attachment-evidence	2419905	5745a37bad4d3f0b	assets/embedded-interview/【图解】5种总线协议：UART、RS232、RS485、I²C、SPI/img-098.png
attachments-evidence	attachment-evidence	2266638	dfaaa95329f91032	assets/embedded-interview/【图解】5种总线协议：UART、RS232、RS485、I²C、SPI/img-099.png
attachments-evidence	attachment-evidence	2364480	5577204942ce61d6	assets/embedded-interview/【图解】5种总线协议：UART、RS232、RS485、I²C、SPI/img-100.png
attachments-evidence	attachment-evidence	2425752	14799ed1d3c5af87	assets/embedded-interview/【图解】5种总线协议：UART、RS232、RS485、I²C、SPI/img-101.png
attachments-evidence	attachment-evidence	2275836	10741c82b318d1b2	assets/embedded-interview/【图解】5种总线协议：UART、RS232、RS485、I²C、SPI/img-102.png
attachments-evidence	attachment-evidence	2430746	a5d43de4ccd9757a	assets/embedded-interview/【图解】5种总线协议：UART、RS232、RS485、I²C、SPI/img-103.png
attachments-evidence	attachment-evidence	2452267	8b61f903edcb0f8c	assets/embedded-interview/【图解】5种总线协议：UART、RS232、RS485、I²C、SPI/img-104.png
attachments-evidence	attachment-evidence	2481160	83c534475e773dce	assets/embedded-interview/【图解】5种总线协议：UART、RS232、RS485、I²C、SPI/img-105.png
attachments-evidence	attachment-evidence	2451048	fe961e187065b1d1	assets/embedded-interview/【图解】5种总线协议：UART、RS232、RS485、I²C、SPI/img-106.png
attachments-evidence	attachment-evidence	2383189	a442a181c7e864a9	assets/embedded-interview/【图解】5种总线协议：UART、RS232、RS485、I²C、SPI/img-107.png
attachments-evidence	attachment-evidence	2449219	21d0ff1cd18d5951	assets/embedded-interview/【图解】5种总线协议：UART、RS232、RS485、I²C、SPI/img-108.png
attachments-evidence	attachment-evidence	2575932	ae5486344457df23	assets/embedded-interview/【图解】5种总线协议：UART、RS232、RS485、I²C、SPI/img-109.png
attachments-evidence	attachment-evidence	2575248	2815c27209adbd4f	assets/embedded-interview/【图解】5种总线协议：UART、RS232、RS485、I²C、SPI/img-110.png
attachments-evidence	attachment-evidence	2491805	c0aa484ddc2579da	assets/embedded-interview/【图解】5种总线协议：UART、RS232、RS485、I²C、SPI/img-111.png
attachments-evidence	attachment-evidence	2683915	a9d291f93081472d	assets/embedded-interview/【图解】5种总线协议：UART、RS232、RS485、I²C、SPI/img-112.png
attachments-evidence	attachment-evidence	2536815	943a23fa54780202	assets/embedded-interview/【图解】5种总线协议：UART、RS232、RS485、I²C、SPI/img-113.png
attachments-evidence	attachment-evidence	2507477	1f9835c945653f08	assets/embedded-interview/【图解】5种总线协议：UART、RS232、RS485、I²C、SPI/img-114.png
attachments-evidence	attachment-evidence	2208542	9eb1e66c76330733	assets/embedded-interview/【图解】5种总线协议：UART、RS232、RS485、I²C、SPI/img-115.png
attachments-evidence	attachment-evidence	2424052	9797355240bc4a26	assets/embedded-interview/【图解】5种总线协议：UART、RS232、RS485、I²C、SPI/img-116.png
attachments-evidence	attachment-evidence	2328222	f7f7d0084a1097cf	assets/embedded-interview/【图解】5种总线协议：UART、RS232、RS485、I²C、SPI/img-117.png
attachments-evidence	attachment-evidence	2428952	1c5b47c1177d5010	assets/embedded-interview/【图解】5种总线协议：UART、RS232、RS485、I²C、SPI/img-118.png
attachments-evidence	attachment-evidence	2221972	3e74c7d1e0cf1c6a	assets/embedded-interview/【图解】5种总线协议：UART、RS232、RS485、I²C、SPI/img-119.png
attachments-evidence	attachment-evidence	2250805	8016b5428704b1bf	assets/embedded-interview/【图解】5种总线协议：UART、RS232、RS485、I²C、SPI/img-120.png
attachments-evidence	attachment-evidence	2271240	87ed6dd049d6609e	assets/embedded-interview/【图解】5种总线协议：UART、RS232、RS485、I²C、SPI/img-121.png
attachments-evidence	attachment-evidence	2471398	468bc37ddf4deac7	assets/embedded-interview/【图解】5种总线协议：UART、RS232、RS485、I²C、SPI/img-122.png
attachments-evidence	attachment-evidence	2362797	38ebb490c21e23f7	assets/embedded-interview/【图解】5种总线协议：UART、RS232、RS485、I²C、SPI/img-123.png
attachments-evidence	attachment-evidence	2588152	7aa4ca7d997ecfef	assets/embedded-interview/【图解】5种总线协议：UART、RS232、RS485、I²C、SPI/img-124.png
attachments-evidence	attachment-evidence	2475193	2cada0143ebbe241	assets/embedded-interview/【图解】5种总线协议：UART、RS232、RS485、I²C、SPI/img-125.png
attachments-evidence	attachment-evidence	2479434	2b43ce6ed0accc87	assets/embedded-interview/【图解】5种总线协议：UART、RS232、RS485、I²C、SPI/img-126.png
attachments-evidence	attachment-evidence	2507366	a268c6f7b9783e78	assets/embedded-interview/【图解】5种总线协议：UART、RS232、RS485、I²C、SPI/img-127.png
attachments-evidence	attachment-evidence	2586988	2f96ae4d22d9840a	assets/embedded-interview/【图解】5种总线协议：UART、RS232、RS485、I²C、SPI/img-128.png
attachments-evidence	attachment-evidence	2560619	106fd316de2af835	assets/embedded-interview/【图解】5种总线协议：UART、RS232、RS485、I²C、SPI/img-129.png
attachments-evidence	attachment-evidence	2572145	a83914c3918c6a4a	assets/embedded-interview/【图解】5种总线协议：UART、RS232、RS485、I²C、SPI/img-130.png
attachments-evidence	attachment-evidence	2588665	40940f336183df19	assets/embedded-interview/【图解】5种总线协议：UART、RS232、RS485、I²C、SPI/img-131.png
attachments-evidence	attachment-evidence	2430698	4c66643971c80da3	assets/embedded-interview/【图解】5种总线协议：UART、RS232、RS485、I²C、SPI/img-132.png
attachments-evidence	attachment-evidence	2815610	996e523cb549c527	assets/embedded-interview/【图解】5种总线协议：UART、RS232、RS485、I²C、SPI/img-133.png
attachments-evidence	attachment-evidence	2862854	f08c4b3c3efa45dd	assets/embedded-interview/【图解】5种总线协议：UART、RS232、RS485、I²C、SPI/img-134.png
attachments-evidence	attachment-evidence	2645881	e79ebb39e0d6d1dd	assets/embedded-interview/【图解】5种总线协议：UART、RS232、RS485、I²C、SPI/img-135.png
attachments-evidence	attachment-evidence	2699486	78ca321e95585be3	assets/embedded-interview/【图解】5种总线协议：UART、RS232、RS485、I²C、SPI/img-136.png
attachments-evidence	attachment-evidence	2397826	59b537208379f08d	assets/embedded-interview/【图解】5种总线协议：UART、RS232、RS485、I²C、SPI/img-137.png
attachments-evidence	attachment-evidence	2529411	38c904b5e140dae4	assets/embedded-interview/【图解】5种总线协议：UART、RS232、RS485、I²C、SPI/img-138.png
attachments-evidence	attachment-evidence	2480521	69808b2ecd4b5b1c	assets/embedded-interview/【图解】5种总线协议：UART、RS232、RS485、I²C、SPI/img-139.png
attachments-evidence	attachment-evidence	2397014	941496e5b0577167	assets/embedded-interview/【图解】5种总线协议：UART、RS232、RS485、I²C、SPI/img-140.png
attachments-evidence	attachment-evidence	2306496	b7d3f727e761ccb4	assets/embedded-interview/【图解】5种总线协议：UART、RS232、RS485、I²C、SPI/img-141.png
attachments-evidence	attachment-evidence	2496631	da306b4386554b14	assets/embedded-interview/【图解】5种总线协议：UART、RS232、RS485、I²C、SPI/img-142.png
attachments-evidence	attachment-evidence	2524381	e01c92c91c3ed656	assets/embedded-interview/【图解】5种总线协议：UART、RS232、RS485、I²C、SPI/img-143.png
attachments-evidence	attachment-evidence	2334562	759b161c088033fc	assets/embedded-interview/【图解】5种总线协议：UART、RS232、RS485、I²C、SPI/img-144.png
attachments-evidence	attachment-evidence	2458536	ba6704213e51952c	assets/embedded-interview/【图解】5种总线协议：UART、RS232、RS485、I²C、SPI/img-145.png
attachments-evidence	attachment-evidence	2347171	dc2edb2d7be56e37	assets/embedded-interview/【图解】5种总线协议：UART、RS232、RS485、I²C、SPI/img-146.png
attachments-evidence	attachment-evidence	2527280	081d87d2e14bdd16	assets/embedded-interview/【图解】5种总线协议：UART、RS232、RS485、I²C、SPI/img-147.png
attachments-evidence	attachment-evidence	2293561	701463ad6bf421e6	assets/embedded-interview/【图解】5种总线协议：UART、RS232、RS485、I²C、SPI/img-148.png
attachments-evidence	attachment-evidence	2264778	73392a458330ca58	assets/embedded-interview/【图解】5种总线协议：UART、RS232、RS485、I²C、SPI/img-149.png
attachments-evidence	attachment-evidence	2594299	03b51b3ecd492e02	assets/embedded-interview/【图解】5种总线协议：UART、RS232、RS485、I²C、SPI/img-150.png
attachments-evidence	attachment-evidence	2208963	a79b4295f729c54a	assets/embedded-interview/【图解】5种总线协议：UART、RS232、RS485、I²C、SPI/img-151.png
attachments-evidence	attachment-evidence	2353425	36a1a4d7e9aba94b	assets/embedded-interview/【图解】5种总线协议：UART、RS232、RS485、I²C、SPI/img-152.png
attachments-evidence	attachment-evidence	2373507	b7e5b36dfa7cea6e	assets/embedded-interview/【图解】5种总线协议：UART、RS232、RS485、I²C、SPI/img-153.png
attachments-evidence	attachment-evidence	2328481	a063443f1862fe94	assets/embedded-interview/【图解】5种总线协议：UART、RS232、RS485、I²C、SPI/img-154.png
attachments-evidence	attachment-evidence	2326956	9f02c4b99f93b2c0	assets/embedded-interview/【图解】5种总线协议：UART、RS232、RS485、I²C、SPI/img-155.png
attachments-evidence	attachment-evidence	2406608	05cb3946ebd37041	assets/embedded-interview/【图解】5种总线协议：UART、RS232、RS485、I²C、SPI/img-156.png
attachments-evidence	attachment-evidence	2335801	79543277087ce108	assets/embedded-interview/【图解】5种总线协议：UART、RS232、RS485、I²C、SPI/img-157.png
attachments-evidence	attachment-evidence	2456990	c26d49af27bf9e69	assets/embedded-interview/【图解】5种总线协议：UART、RS232、RS485、I²C、SPI/img-158.png
attachments-evidence	attachment-evidence	2038796	027ec9c3b5b0a0a5	assets/embedded-interview/【图解】5种总线协议：UART、RS232、RS485、I²C、SPI/img-159.png
attachments-evidence	attachment-evidence	2266041	8241ac52bf7d02c9	assets/embedded-interview/【图解】5种总线协议：UART、RS232、RS485、I²C、SPI/img-160.png
attachments-evidence	attachment-evidence	2594806	e21f09e547e82c5f	assets/embedded-interview/【图解】5种总线协议：UART、RS232、RS485、I²C、SPI/img-161.png
attachments-evidence	attachment-evidence	2496631	da306b4386554b14	assets/embedded-interview/【图解】5种总线协议：UART、RS232、RS485、I²C、SPI/img-162.png
attachments-evidence	attachment-evidence	677474	f74b78eed66d2c70	assets/embedded-interview/一文吃透Linux Socket网络编程：TCP-IP、API详解与高并发架构/img-001.gif
attachments-evidence	attachment-evidence	2812653	2165859143764883	assets/embedded-interview/一文吃透Linux Socket网络编程：TCP-IP、API详解与高并发架构/img-002.png
attachments-evidence	attachment-evidence	2691409	c0695b44d4682a33	assets/embedded-interview/一文吃透Linux Socket网络编程：TCP-IP、API详解与高并发架构/img-003.png
attachments-evidence	attachment-evidence	2631962	0a6c2f024fd2a5bb	assets/embedded-interview/一文吃透Linux Socket网络编程：TCP-IP、API详解与高并发架构/img-004.png
attachments-evidence	attachment-evidence	3047739	0853360c500d3c05	assets/embedded-interview/一文吃透Linux Socket网络编程：TCP-IP、API详解与高并发架构/img-005.png
attachments-evidence	attachment-evidence	2870528	7f7173c8c1ddfa43	assets/embedded-interview/一文吃透Linux Socket网络编程：TCP-IP、API详解与高并发架构/img-006.png
attachments-evidence	attachment-evidence	2839206	8ac4d6595ec6b13f	assets/embedded-interview/一文吃透Linux Socket网络编程：TCP-IP、API详解与高并发架构/img-007.png
attachments-evidence	attachment-evidence	2873994	405d1daed5af5fc0	assets/embedded-interview/一文吃透Linux Socket网络编程：TCP-IP、API详解与高并发架构/img-008.png
attachments-evidence	attachment-evidence	2947028	335012809ecaf41c	assets/embedded-interview/一文吃透Linux Socket网络编程：TCP-IP、API详解与高并发架构/img-009.png
attachments-evidence	attachment-evidence	2582555	18fb88cdad4b4a03	assets/embedded-interview/一文吃透Linux Socket网络编程：TCP-IP、API详解与高并发架构/img-010.png
attachments-evidence	attachment-evidence	2565474	ae317c10e864c1e7	assets/embedded-interview/一文吃透Linux Socket网络编程：TCP-IP、API详解与高并发架构/img-011.png
attachments-evidence	attachment-evidence	2734925	9df550c16d8d5f98	assets/embedded-interview/一文吃透Linux Socket网络编程：TCP-IP、API详解与高并发架构/img-012.png
attachments-evidence	attachment-evidence	2827458	a9ba35c2386f2d69	assets/embedded-interview/一文吃透Linux Socket网络编程：TCP-IP、API详解与高并发架构/img-013.png
attachments-evidence	attachment-evidence	2738276	35bb9f5391ea9909	assets/embedded-interview/一文吃透Linux Socket网络编程：TCP-IP、API详解与高并发架构/img-014.png
attachments-evidence	attachment-evidence	2676593	5996d1a7440d54a0	assets/embedded-interview/一文吃透Linux Socket网络编程：TCP-IP、API详解与高并发架构/img-015.png
attachments-evidence	attachment-evidence	2868627	62e0ea88aa360bbf	assets/embedded-interview/一文吃透Linux Socket网络编程：TCP-IP、API详解与高并发架构/img-016.png
attachments-evidence	attachment-evidence	2605461	8d94a2c47f9d4f7b	assets/embedded-interview/一文吃透Linux Socket网络编程：TCP-IP、API详解与高并发架构/img-017.png
attachments-evidence	attachment-evidence	2939807	3b0bfe2a60665196	assets/embedded-interview/一文吃透Linux Socket网络编程：TCP-IP、API详解与高并发架构/img-018.png
attachments-evidence	attachment-evidence	2890330	afe817a9fbfc1a29	assets/embedded-interview/一文吃透Linux Socket网络编程：TCP-IP、API详解与高并发架构/img-019.png
attachments-evidence	attachment-evidence	2890330	afe817a9fbfc1a29	assets/embedded-interview/一文吃透Linux Socket网络编程：TCP-IP、API详解与高并发架构/img-020.png
attachments-evidence	attachment-evidence	2964540	0640ba136937db4b	assets/embedded-interview/一文吃透Linux Socket网络编程：TCP-IP、API详解与高并发架构/img-021.png
attachments-evidence	attachment-evidence	3075705	9a01d0d2e270845a	assets/embedded-interview/一文吃透Linux Socket网络编程：TCP-IP、API详解与高并发架构/img-022.png
attachments-evidence	attachment-evidence	2888725	d397faadea3751b9	assets/embedded-interview/一文吃透Linux Socket网络编程：TCP-IP、API详解与高并发架构/img-023.png
attachments-evidence	attachment-evidence	3056038	38638391e24db650	assets/embedded-interview/一文吃透Linux Socket网络编程：TCP-IP、API详解与高并发架构/img-024.png
attachments-evidence	attachment-evidence	2956777	6900c2e5d7be6a44	assets/embedded-interview/一文吃透Linux Socket网络编程：TCP-IP、API详解与高并发架构/img-025.png
attachments-evidence	attachment-evidence	3057641	1ceabd74d20dc185	assets/embedded-interview/一文吃透Linux Socket网络编程：TCP-IP、API详解与高并发架构/img-026.png
attachments-evidence	attachment-evidence	2690319	7e8548f0cc427fd1	assets/embedded-interview/一文吃透Linux Socket网络编程：TCP-IP、API详解与高并发架构/img-027.png
attachments-evidence	attachment-evidence	2849907	02c75a8fd7549b59	assets/embedded-interview/一文吃透Linux Socket网络编程：TCP-IP、API详解与高并发架构/img-028.png
attachments-evidence	attachment-evidence	2514521	1d22f08a3c7c3156	assets/embedded-interview/一文吃透Linux Socket网络编程：TCP-IP、API详解与高并发架构/img-029.png
attachments-evidence	attachment-evidence	2803354	ade61fa7e2ffaa1e	assets/embedded-interview/一文吃透Linux Socket网络编程：TCP-IP、API详解与高并发架构/img-030.png
attachments-evidence	attachment-evidence	3072348	1f47476e2675005b	assets/embedded-interview/一文吃透Linux Socket网络编程：TCP-IP、API详解与高并发架构/img-031.png
attachments-evidence	attachment-evidence	2825078	5acd869ea2d71e92	assets/embedded-interview/一文吃透Linux Socket网络编程：TCP-IP、API详解与高并发架构/img-032.png
attachments-evidence	attachment-evidence	2934921	c8ecffd83f497576	assets/embedded-interview/一文吃透Linux Socket网络编程：TCP-IP、API详解与高并发架构/img-033.png
attachments-evidence	attachment-evidence	2992546	358750c534972604	assets/embedded-interview/一文吃透Linux Socket网络编程：TCP-IP、API详解与高并发架构/img-034.png
attachments-evidence	attachment-evidence	2826108	1b05fbd4c36875a5	assets/embedded-interview/一文吃透Linux Socket网络编程：TCP-IP、API详解与高并发架构/img-035.png
attachments-evidence	attachment-evidence	2726850	a9335f15a46cdca6	assets/embedded-interview/一文吃透Linux Socket网络编程：TCP-IP、API详解与高并发架构/img-036.png
attachments-evidence	attachment-evidence	2579448	f231bb260c42e559	assets/embedded-interview/一文吃透Linux Socket网络编程：TCP-IP、API详解与高并发架构/img-037.png
attachments-evidence	attachment-evidence	2953779	480ec08a5cdfeac9	assets/embedded-interview/一文吃透Linux Socket网络编程：TCP-IP、API详解与高并发架构/img-038.png
attachments-evidence	attachment-evidence	2564993	dcfdb62c1508068a	assets/embedded-interview/一文吃透Linux Socket网络编程：TCP-IP、API详解与高并发架构/img-039.png
attachments-evidence	attachment-evidence	2620300	75320272858bfc64	assets/embedded-interview/一文吃透Linux Socket网络编程：TCP-IP、API详解与高并发架构/img-040.png
attachments-evidence	attachment-evidence	2624364	3a29e33e13b7b971	assets/embedded-interview/一文吃透Linux Socket网络编程：TCP-IP、API详解与高并发架构/img-041.png
attachments-evidence	attachment-evidence	2659161	eedd12ba24e81b0d	assets/embedded-interview/一文吃透Linux Socket网络编程：TCP-IP、API详解与高并发架构/img-042.png
attachments-evidence	attachment-evidence	2702001	038dd428a4069b47	assets/embedded-interview/一文吃透Linux Socket网络编程：TCP-IP、API详解与高并发架构/img-043.png
attachments-evidence	attachment-evidence	3012301	2926372031c35ea6	assets/embedded-interview/一文吃透Linux Socket网络编程：TCP-IP、API详解与高并发架构/img-044.png
attachments-evidence	attachment-evidence	3008030	59fe0e8e6b086f46	assets/embedded-interview/一文吃透Linux Socket网络编程：TCP-IP、API详解与高并发架构/img-045.png
attachments-evidence	attachment-evidence	2666767	4a10d507c7e3cc78	assets/embedded-interview/一文吃透Linux Socket网络编程：TCP-IP、API详解与高并发架构/img-046.png
attachments-evidence	attachment-evidence	3063012	2d3b4e60a6a90631	assets/embedded-interview/一文吃透Linux Socket网络编程：TCP-IP、API详解与高并发架构/img-047.png
attachments-evidence	attachment-evidence	2788098	410de149abb58fa1	assets/embedded-interview/一文吃透Linux Socket网络编程：TCP-IP、API详解与高并发架构/img-048.png
attachments-evidence	attachment-evidence	2870323	18489625e31ed4d7	assets/embedded-interview/一文吃透Linux Socket网络编程：TCP-IP、API详解与高并发架构/img-049.png
attachments-evidence	attachment-evidence	2679030	3ac819b47ccc08d3	assets/embedded-interview/一文吃透Linux Socket网络编程：TCP-IP、API详解与高并发架构/img-050.png
attachments-evidence	attachment-evidence	2822853	6925c918a9de0206	assets/embedded-interview/一文吃透Linux Socket网络编程：TCP-IP、API详解与高并发架构/img-051.png
attachments-evidence	attachment-evidence	2847306	3f5d99be60e016f1	assets/embedded-interview/一文吃透Linux Socket网络编程：TCP-IP、API详解与高并发架构/img-052.png
attachments-evidence	attachment-evidence	2776626	5f7f2258d3bc6f1a	assets/embedded-interview/一文吃透Linux Socket网络编程：TCP-IP、API详解与高并发架构/img-053.png
attachments-evidence	attachment-evidence	2913416	cc54a656603a5fbb	assets/embedded-interview/一文吃透Linux Socket网络编程：TCP-IP、API详解与高并发架构/img-054.png
attachments-evidence	attachment-evidence	2701226	534989cae087879d	assets/embedded-interview/一文吃透Linux Socket网络编程：TCP-IP、API详解与高并发架构/img-055.png
attachments-evidence	attachment-evidence	2735658	224e88ac165f1ad2	assets/embedded-interview/一文吃透Linux Socket网络编程：TCP-IP、API详解与高并发架构/img-056.png
attachments-evidence	attachment-evidence	2806211	bf13ab38e0d0cce2	assets/embedded-interview/一文吃透Linux Socket网络编程：TCP-IP、API详解与高并发架构/img-057.png
attachments-evidence	attachment-evidence	2713454	a5826b57b9cccb53	assets/embedded-interview/一文吃透Linux Socket网络编程：TCP-IP、API详解与高并发架构/img-058.png
attachments-evidence	attachment-evidence	2796950	c158922c9f0f335c	assets/embedded-interview/一文吃透Linux Socket网络编程：TCP-IP、API详解与高并发架构/img-059.png
attachments-evidence	attachment-evidence	2837578	050df88a1047a104	assets/embedded-interview/一文吃透Linux Socket网络编程：TCP-IP、API详解与高并发架构/img-060.png
attachments-evidence	attachment-evidence	2923440	d8eae1cc699c8d41	assets/embedded-interview/一文吃透Linux Socket网络编程：TCP-IP、API详解与高并发架构/img-061.png
attachments-evidence	attachment-evidence	2827264	6ad8e9a9daf6069e	assets/embedded-interview/一文吃透Linux Socket网络编程：TCP-IP、API详解与高并发架构/img-062.png
attachments-evidence	attachment-evidence	2540409	849e49ccd10c5dd2	assets/embedded-interview/一文吃透Linux Socket网络编程：TCP-IP、API详解与高并发架构/img-063.png
attachments-evidence	attachment-evidence	2736482	dba8124de18c314d	assets/embedded-interview/一文吃透Linux Socket网络编程：TCP-IP、API详解与高并发架构/img-064.png
attachments-evidence	attachment-evidence	2608596	f650175bf6292089	assets/embedded-interview/一文吃透Linux Socket网络编程：TCP-IP、API详解与高并发架构/img-065.png
attachments-evidence	attachment-evidence	2744785	a3e457a698dba613	assets/embedded-interview/一文吃透Linux Socket网络编程：TCP-IP、API详解与高并发架构/img-066.png
attachments-evidence	attachment-evidence	2566713	e8d695edd01a7931	assets/embedded-interview/一文吃透Linux Socket网络编程：TCP-IP、API详解与高并发架构/img-067.png
attachments-evidence	attachment-evidence	2921946	d8d6be39f229c3de	assets/embedded-interview/一文吃透Linux Socket网络编程：TCP-IP、API详解与高并发架构/img-068.png
attachments-evidence	attachment-evidence	2874491	d9c86fcd03cd190a	assets/embedded-interview/一文吃透Linux Socket网络编程：TCP-IP、API详解与高并发架构/img-069.png
attachments-evidence	attachment-evidence	2677252	94ece6f8c71dd4de	assets/embedded-interview/一文吃透Linux Socket网络编程：TCP-IP、API详解与高并发架构/img-070.png
attachments-evidence	attachment-evidence	2698498	f948332997c8bdf6	assets/embedded-interview/一文吃透Linux Socket网络编程：TCP-IP、API详解与高并发架构/img-071.png
attachments-evidence	attachment-evidence	2639207	b3ad54e00f51e203	assets/embedded-interview/一文吃透Linux Socket网络编程：TCP-IP、API详解与高并发架构/img-072.png
attachments-evidence	attachment-evidence	2862309	73d911a240991f8b	assets/embedded-interview/一文吃透Linux Socket网络编程：TCP-IP、API详解与高并发架构/img-073.png
attachments-evidence	attachment-evidence	2725772	4094d508cb2290e2	assets/embedded-interview/一文吃透Linux Socket网络编程：TCP-IP、API详解与高并发架构/img-074.png
attachments-evidence	attachment-evidence	2827151	0bacd9c09bb25ee1	assets/embedded-interview/一文吃透Linux Socket网络编程：TCP-IP、API详解与高并发架构/img-075.png
attachments-evidence	attachment-evidence	2711175	aa3cf1d959f4222d	assets/embedded-interview/一文吃透Linux Socket网络编程：TCP-IP、API详解与高并发架构/img-076.png
attachments-evidence	attachment-evidence	2862797	5b3d7596020bea6e	assets/embedded-interview/一文吃透Linux Socket网络编程：TCP-IP、API详解与高并发架构/img-077.png
attachments-evidence	attachment-evidence	2891631	fad7176bd35c6302	assets/embedded-interview/一文吃透Linux Socket网络编程：TCP-IP、API详解与高并发架构/img-078.png
attachments-evidence	attachment-evidence	2576458	8dfddff3cae7fff1	assets/embedded-interview/一文吃透Linux Socket网络编程：TCP-IP、API详解与高并发架构/img-079.png
attachments-evidence	attachment-evidence	2651050	26ebec16e7efa193	assets/embedded-interview/一文吃透Linux Socket网络编程：TCP-IP、API详解与高并发架构/img-080.png
attachments-evidence	attachment-evidence	2650958	87f131f7e6030179	assets/embedded-interview/一文吃透Linux Socket网络编程：TCP-IP、API详解与高并发架构/img-081.png
attachments-evidence	attachment-evidence	2895109	78e1262f5ed5a8f2	assets/embedded-interview/一文吃透Linux Socket网络编程：TCP-IP、API详解与高并发架构/img-082.png
attachments-evidence	attachment-evidence	2481987	b36d347706da1d8b	assets/embedded-interview/一文吃透Linux Socket网络编程：TCP-IP、API详解与高并发架构/img-083.png
attachments-evidence	attachment-evidence	2571663	fe5451b9fab78819	assets/embedded-interview/一文吃透Linux Socket网络编程：TCP-IP、API详解与高并发架构/img-084.png
attachments-evidence	attachment-evidence	2633364	ae288bc66b65bfa0	assets/embedded-interview/一文吃透Linux Socket网络编程：TCP-IP、API详解与高并发架构/img-085.png
attachments-evidence	attachment-evidence	2660773	0e7f0241237067f5	assets/embedded-interview/一文吃透Linux Socket网络编程：TCP-IP、API详解与高并发架构/img-086.png
attachments-evidence	attachment-evidence	2863543	e9a4605b85aa42c0	assets/embedded-interview/一文吃透Linux Socket网络编程：TCP-IP、API详解与高并发架构/img-087.png
attachments-evidence	attachment-evidence	2599338	b414d853d07d69e3	assets/embedded-interview/一文吃透Linux Socket网络编程：TCP-IP、API详解与高并发架构/img-088.png
attachments-evidence	attachment-evidence	2913668	b6cd391d37291f60	assets/embedded-interview/一文吃透Linux Socket网络编程：TCP-IP、API详解与高并发架构/img-089.png
attachments-evidence	attachment-evidence	2368819	57e82b5533932617	assets/embedded-interview/一文吃透Linux Socket网络编程：TCP-IP、API详解与高并发架构/img-090.png
attachments-evidence	attachment-evidence	2668534	d05d3fe508eb59a3	assets/embedded-interview/一文吃透Linux Socket网络编程：TCP-IP、API详解与高并发架构/img-091.png
attachments-evidence	attachment-evidence	2571190	f760b4df6f4cad13	assets/embedded-interview/一文吃透Linux Socket网络编程：TCP-IP、API详解与高并发架构/img-092.png
attachments-evidence	attachment-evidence	2997880	3d201c725b2cd35b	assets/embedded-interview/一文吃透Linux Socket网络编程：TCP-IP、API详解与高并发架构/img-093.png
attachments-evidence	attachment-evidence	2720562	b434a28a1535979b	assets/embedded-interview/从 0 和 1 一步步推导 MCU 通信- 吃透 UART-SPI-I²C-CAN 底层原理/img-001.png
attachments-evidence	attachment-evidence	2841346	8154461d19fc421e	assets/embedded-interview/从 0 和 1 一步步推导 MCU 通信- 吃透 UART-SPI-I²C-CAN 底层原理/img-002.png
attachments-evidence	attachment-evidence	3012372	837b24532e5fecc0	assets/embedded-interview/从 0 和 1 一步步推导 MCU 通信- 吃透 UART-SPI-I²C-CAN 底层原理/img-003.png
attachments-evidence	attachment-evidence	2883390	a4f8cf230e7faace	assets/embedded-interview/从 0 和 1 一步步推导 MCU 通信- 吃透 UART-SPI-I²C-CAN 底层原理/img-004.png
attachments-evidence	attachment-evidence	2972047	476616d1767534c6	assets/embedded-interview/从 0 和 1 一步步推导 MCU 通信- 吃透 UART-SPI-I²C-CAN 底层原理/img-005.png
attachments-evidence	attachment-evidence	3041683	ca019f5cfe0705cb	assets/embedded-interview/从 0 和 1 一步步推导 MCU 通信- 吃透 UART-SPI-I²C-CAN 底层原理/img-006.png
attachments-evidence	attachment-evidence	3038506	ac67f02ebd61c16c	assets/embedded-interview/从 0 和 1 一步步推导 MCU 通信- 吃透 UART-SPI-I²C-CAN 底层原理/img-007.png
attachments-evidence	attachment-evidence	3015735	7692de68083ab338	assets/embedded-interview/从 0 和 1 一步步推导 MCU 通信- 吃透 UART-SPI-I²C-CAN 底层原理/img-008.png
attachments-evidence	attachment-evidence	2819138	e2c3a565d67e5c2e	assets/embedded-interview/从 0 和 1 一步步推导 MCU 通信- 吃透 UART-SPI-I²C-CAN 底层原理/img-009.png
attachments-evidence	attachment-evidence	2796878	dfd89d8781c57439	assets/embedded-interview/从 0 和 1 一步步推导 MCU 通信- 吃透 UART-SPI-I²C-CAN 底层原理/img-010.png
attachments-evidence	attachment-evidence	2849889	2d6312e87870fa0a	assets/embedded-interview/从 0 和 1 一步步推导 MCU 通信- 吃透 UART-SPI-I²C-CAN 底层原理/img-011.png
attachments-evidence	attachment-evidence	2568891	d1b30d0cfce56d32	assets/embedded-interview/从 0 和 1 一步步推导 MCU 通信- 吃透 UART-SPI-I²C-CAN 底层原理/img-012.png
attachments-evidence	attachment-evidence	2813905	931cba56a5bf8bde	assets/embedded-interview/从 0 和 1 一步步推导 MCU 通信- 吃透 UART-SPI-I²C-CAN 底层原理/img-013.png
attachments-evidence	attachment-evidence	2969164	1b35be24c0eca8d9	assets/embedded-interview/从 0 和 1 一步步推导 MCU 通信- 吃透 UART-SPI-I²C-CAN 底层原理/img-014.png
attachments-evidence	attachment-evidence	2820309	750a30cd6cf485b5	assets/embedded-interview/从 0 和 1 一步步推导 MCU 通信- 吃透 UART-SPI-I²C-CAN 底层原理/img-015.png
attachments-evidence	attachment-evidence	2924381	c6d0d6b224cc8a52	assets/embedded-interview/从 0 和 1 一步步推导 MCU 通信- 吃透 UART-SPI-I²C-CAN 底层原理/img-016.png
attachments-evidence	attachment-evidence	2938271	f2e40f2da3d0d9f9	assets/embedded-interview/从 0 和 1 一步步推导 MCU 通信- 吃透 UART-SPI-I²C-CAN 底层原理/img-017.png
attachments-evidence	attachment-evidence	2966923	c47d84300e5de26a	assets/embedded-interview/从 0 和 1 一步步推导 MCU 通信- 吃透 UART-SPI-I²C-CAN 底层原理/img-018.png
attachments-evidence	attachment-evidence	2738273	ead4e48be75be2ec	assets/embedded-interview/从 0 和 1 一步步推导 MCU 通信- 吃透 UART-SPI-I²C-CAN 底层原理/img-019.png
attachments-evidence	attachment-evidence	3096372	a4dcedf21dbd6c96	assets/embedded-interview/从 0 和 1 一步步推导 MCU 通信- 吃透 UART-SPI-I²C-CAN 底层原理/img-020.png
attachments-evidence	attachment-evidence	2965021	f7bdb26d748f49ce	assets/embedded-interview/从 0 和 1 一步步推导 MCU 通信- 吃透 UART-SPI-I²C-CAN 底层原理/img-021.png
attachments-evidence	attachment-evidence	2856233	1bb59df64aa814f9	assets/embedded-interview/从 0 和 1 一步步推导 MCU 通信- 吃透 UART-SPI-I²C-CAN 底层原理/img-022.png
attachments-evidence	attachment-evidence	2679772	244152164417b19e	assets/embedded-interview/从 0 和 1 一步步推导 MCU 通信- 吃透 UART-SPI-I²C-CAN 底层原理/img-023.png
attachments-evidence	attachment-evidence	2657898	4a31e8031b31409a	assets/embedded-interview/从 0 和 1 一步步推导 MCU 通信- 吃透 UART-SPI-I²C-CAN 底层原理/img-024.png
attachments-evidence	attachment-evidence	2717419	767c47714d3385a3	assets/embedded-interview/从 0 和 1 一步步推导 MCU 通信- 吃透 UART-SPI-I²C-CAN 底层原理/img-025.png
attachments-evidence	attachment-evidence	2931231	924e2018c5f3ccd4	assets/embedded-interview/从 0 和 1 一步步推导 MCU 通信- 吃透 UART-SPI-I²C-CAN 底层原理/img-026.png
attachments-evidence	attachment-evidence	2883836	c89ce7ff1553520b	assets/embedded-interview/从 0 和 1 一步步推导 MCU 通信- 吃透 UART-SPI-I²C-CAN 底层原理/img-027.png
attachments-evidence	attachment-evidence	3029582	a6c40e13b9588cd3	assets/embedded-interview/从 0 和 1 一步步推导 MCU 通信- 吃透 UART-SPI-I²C-CAN 底层原理/img-028.png
attachments-evidence	attachment-evidence	2761249	951593cf3d2dee8f	assets/embedded-interview/从 0 和 1 一步步推导 MCU 通信- 吃透 UART-SPI-I²C-CAN 底层原理/img-029.png
attachments-evidence	attachment-evidence	3046233	72137bb27a9b5bd3	assets/embedded-interview/从 0 和 1 一步步推导 MCU 通信- 吃透 UART-SPI-I²C-CAN 底层原理/img-030.png
attachments-evidence	attachment-evidence	2517155	5e8978753c75e152	assets/embedded-interview/从 0 和 1 一步步推导 MCU 通信- 吃透 UART-SPI-I²C-CAN 底层原理/img-031.png
attachments-evidence	attachment-evidence	2920075	ddafb637752310d6	assets/embedded-interview/从 0 和 1 一步步推导 MCU 通信- 吃透 UART-SPI-I²C-CAN 底层原理/img-032.png
attachments-evidence	attachment-evidence	2528776	7789501cfd2b9359	assets/embedded-interview/从 0 和 1 一步步推导 MCU 通信- 吃透 UART-SPI-I²C-CAN 底层原理/img-033.png
attachments-evidence	attachment-evidence	2826967	87c383c603203ed0	assets/embedded-interview/从 0 和 1 一步步推导 MCU 通信- 吃透 UART-SPI-I²C-CAN 底层原理/img-034.png
attachments-evidence	attachment-evidence	2870372	30196cfe65466c5e	assets/embedded-interview/从 0 和 1 一步步推导 MCU 通信- 吃透 UART-SPI-I²C-CAN 底层原理/img-035.png
attachments-evidence	attachment-evidence	2780414	32ca2b93cd38f1e7	assets/embedded-interview/从 0 和 1 一步步推导 MCU 通信- 吃透 UART-SPI-I²C-CAN 底层原理/img-036.png
attachments-evidence	attachment-evidence	2868006	7ae0a0e2bd12ce7c	assets/embedded-interview/从 0 和 1 一步步推导 MCU 通信- 吃透 UART-SPI-I²C-CAN 底层原理/img-037.png
attachments-evidence	attachment-evidence	2912931	307cc6f32d388598	assets/embedded-interview/从 0 和 1 一步步推导 MCU 通信- 吃透 UART-SPI-I²C-CAN 底层原理/img-038.png
attachments-evidence	attachment-evidence	2762925	4721f2771f0160c5	assets/embedded-interview/从 0 和 1 一步步推导 MCU 通信- 吃透 UART-SPI-I²C-CAN 底层原理/img-039.png
attachments-evidence	attachment-evidence	2730950	b302284c966d21b0	assets/embedded-interview/从 0 和 1 一步步推导 MCU 通信- 吃透 UART-SPI-I²C-CAN 底层原理/img-040.png
attachments-evidence	attachment-evidence	2653362	695ac84d899ec61e	assets/embedded-interview/从 0 和 1 一步步推导 MCU 通信- 吃透 UART-SPI-I²C-CAN 底层原理/img-041.png
attachments-evidence	attachment-evidence	2610424	9407fec606bfe141	assets/embedded-interview/从 0 和 1 一步步推导 MCU 通信- 吃透 UART-SPI-I²C-CAN 底层原理/img-042.png
attachments-evidence	attachment-evidence	2978516	b574b8a2a3d8e917	assets/embedded-interview/从 0 和 1 一步步推导 MCU 通信- 吃透 UART-SPI-I²C-CAN 底层原理/img-043.png
attachments-evidence	attachment-evidence	2788083	07f43cc3f377a172	assets/embedded-interview/从 0 和 1 一步步推导 MCU 通信- 吃透 UART-SPI-I²C-CAN 底层原理/img-044.png
attachments-evidence	attachment-evidence	2893302	5778b3a4aced1851	assets/embedded-interview/从 0 和 1 一步步推导 MCU 通信- 吃透 UART-SPI-I²C-CAN 底层原理/img-045.png
attachments-evidence	attachment-evidence	2825899	87b70e6ed96145f7	assets/embedded-interview/从 0 和 1 一步步推导 MCU 通信- 吃透 UART-SPI-I²C-CAN 底层原理/img-046.png
attachments-evidence	attachment-evidence	2933833	2b455aa006415b0f	assets/embedded-interview/从 0 和 1 一步步推导 MCU 通信- 吃透 UART-SPI-I²C-CAN 底层原理/img-047.png
attachments-evidence	attachment-evidence	2675742	d24a9ba1e90bb9bb	assets/embedded-interview/从 0 和 1 一步步推导 MCU 通信- 吃透 UART-SPI-I²C-CAN 底层原理/img-048.png
attachments-evidence	attachment-evidence	2714074	bfbe400edf1f8e47	assets/embedded-interview/从 0 和 1 一步步推导 MCU 通信- 吃透 UART-SPI-I²C-CAN 底层原理/img-049.png
attachments-evidence	attachment-evidence	2773986	582c72061ad75f50	assets/embedded-interview/从 0 和 1 一步步推导 MCU 通信- 吃透 UART-SPI-I²C-CAN 底层原理/img-050.png
attachments-evidence	attachment-evidence	2761375	1e6b4d8bdf44da87	assets/embedded-interview/从 0 和 1 一步步推导 MCU 通信- 吃透 UART-SPI-I²C-CAN 底层原理/img-051.png
attachments-evidence	attachment-evidence	2772258	5e6435bb837ed9ce	assets/embedded-interview/从 0 和 1 一步步推导 MCU 通信- 吃透 UART-SPI-I²C-CAN 底层原理/img-052.png
attachments-evidence	attachment-evidence	2872586	f811b83923215586	assets/embedded-interview/从 0 和 1 一步步推导 MCU 通信- 吃透 UART-SPI-I²C-CAN 底层原理/img-053.png
attachments-evidence	attachment-evidence	2755317	53441b3f834da67d	assets/embedded-interview/从 0 和 1 一步步推导 MCU 通信- 吃透 UART-SPI-I²C-CAN 底层原理/img-054.png
attachments-evidence	attachment-evidence	3391590	6a577e248b72d07c	assets/embedded-interview/从 0 和 1 一步步推导 MCU 通信- 吃透 UART-SPI-I²C-CAN 底层原理/img-055.png
attachments-evidence	attachment-evidence	2985019	f9bed4f39e1bd43f	assets/embedded-interview/从 0 和 1 一步步推导 MCU 通信- 吃透 UART-SPI-I²C-CAN 底层原理/img-056.png
attachments-evidence	attachment-evidence	2826695	ffaf07c87bcedea8	assets/embedded-interview/从 0 和 1 一步步推导 MCU 通信- 吃透 UART-SPI-I²C-CAN 底层原理/img-057.png
attachments-evidence	attachment-evidence	2897760	6e4d7755c4a8b052	assets/embedded-interview/从 0 和 1 一步步推导 MCU 通信- 吃透 UART-SPI-I²C-CAN 底层原理/img-058.png
attachments-evidence	attachment-evidence	2858230	8cc6a1a32a53cdc7	assets/embedded-interview/从 0 和 1 一步步推导 MCU 通信- 吃透 UART-SPI-I²C-CAN 底层原理/img-059.png
attachments-evidence	attachment-evidence	2877536	fef28420bd7ea878	assets/embedded-interview/从 0 和 1 一步步推导 MCU 通信- 吃透 UART-SPI-I²C-CAN 底层原理/img-060.png
attachments-evidence	attachment-evidence	3040986	dd6b89e8cda99d6a	assets/embedded-interview/从 0 和 1 一步步推导 MCU 通信- 吃透 UART-SPI-I²C-CAN 底层原理/img-061.png
attachments-evidence	attachment-evidence	2894096	f8655cb2b006f92e	assets/embedded-interview/从 0 和 1 一步步推导 MCU 通信- 吃透 UART-SPI-I²C-CAN 底层原理/img-062.png
attachments-evidence	attachment-evidence	2813059	7b5bf4adeab74484	assets/embedded-interview/从 0 和 1 一步步推导 MCU 通信- 吃透 UART-SPI-I²C-CAN 底层原理/img-063.png
attachments-evidence	attachment-evidence	3025998	97be5b066b2c7098	assets/embedded-interview/从 0 和 1 一步步推导 MCU 通信- 吃透 UART-SPI-I²C-CAN 底层原理/img-064.png
attachments-evidence	attachment-evidence	3080729	cac23e6447df2b9c	assets/embedded-interview/从 0 和 1 一步步推导 MCU 通信- 吃透 UART-SPI-I²C-CAN 底层原理/img-065.png
attachments-evidence	attachment-evidence	2697964	7381a32fe4a91979	assets/embedded-interview/从 0 和 1 一步步推导 MCU 通信- 吃透 UART-SPI-I²C-CAN 底层原理/img-066.png
attachments-evidence	attachment-evidence	2860123	7f79421491f3fd88	assets/embedded-interview/从 0 和 1 一步步推导 MCU 通信- 吃透 UART-SPI-I²C-CAN 底层原理/img-067.png
attachments-evidence	attachment-evidence	2891747	e73b3a9d24abefd3	assets/embedded-interview/从 0 和 1 一步步推导 MCU 通信- 吃透 UART-SPI-I²C-CAN 底层原理/img-068.png
attachments-evidence	attachment-evidence	3002756	49876c418d454dda	assets/embedded-interview/从 0 和 1 一步步推导 MCU 通信- 吃透 UART-SPI-I²C-CAN 底层原理/img-069.png
attachments-evidence	attachment-evidence	3001372	62efdf0d65c8b63a	assets/embedded-interview/从 0 和 1 一步步推导 MCU 通信- 吃透 UART-SPI-I²C-CAN 底层原理/img-070.png
attachments-evidence	attachment-evidence	2982040	9c61144587c49512	assets/embedded-interview/从 0 和 1 一步步推导 MCU 通信- 吃透 UART-SPI-I²C-CAN 底层原理/img-071.png
attachments-evidence	attachment-evidence	2838055	9b29e55a42e67105	assets/embedded-interview/从 0 和 1 一步步推导 MCU 通信- 吃透 UART-SPI-I²C-CAN 底层原理/img-072.png
attachments-evidence	attachment-evidence	2632497	a90ad590dd572634	assets/embedded-interview/从 0 和 1 一步步推导 MCU 通信- 吃透 UART-SPI-I²C-CAN 底层原理/img-073.png
attachments-evidence	attachment-evidence	2823493	18ecc6c43dcd7363	assets/embedded-interview/从 0 和 1 一步步推导 MCU 通信- 吃透 UART-SPI-I²C-CAN 底层原理/img-074.png
attachments-evidence	attachment-evidence	2987263	fa49d415d2178026	assets/embedded-interview/从 0 和 1 一步步推导 MCU 通信- 吃透 UART-SPI-I²C-CAN 底层原理/img-075.png
attachments-evidence	attachment-evidence	2923185	647d047c74e8c193	assets/embedded-interview/从 0 和 1 一步步推导 MCU 通信- 吃透 UART-SPI-I²C-CAN 底层原理/img-076.png
attachments-evidence	attachment-evidence	2967577	9ba431b2777aa6d4	assets/embedded-interview/从 0 和 1 一步步推导 MCU 通信- 吃透 UART-SPI-I²C-CAN 底层原理/img-077.png
attachments-evidence	attachment-evidence	2918775	e84d262a418b23ca	assets/embedded-interview/从 0 和 1 一步步推导 MCU 通信- 吃透 UART-SPI-I²C-CAN 底层原理/img-078.png
attachments-evidence	attachment-evidence	2910320	71b384540f57700c	assets/embedded-interview/从 0 和 1 一步步推导 MCU 通信- 吃透 UART-SPI-I²C-CAN 底层原理/img-079.png
attachments-evidence	attachment-evidence	2786647	6ab1bcb455db1969	assets/embedded-interview/从 0 和 1 一步步推导 MCU 通信- 吃透 UART-SPI-I²C-CAN 底层原理/img-080.png
attachments-evidence	attachment-evidence	2995723	258afab759fd9a6a	assets/embedded-interview/从 0 和 1 一步步推导 MCU 通信- 吃透 UART-SPI-I²C-CAN 底层原理/img-081.png
attachments-evidence	attachment-evidence	2763240	b84fc9ce9eebdf20	assets/embedded-interview/从 0 和 1 一步步推导 MCU 通信- 吃透 UART-SPI-I²C-CAN 底层原理/img-082.png
attachments-evidence	attachment-evidence	2758249	ef8dc65566793ba9	assets/embedded-interview/从 0 和 1 一步步推导 MCU 通信- 吃透 UART-SPI-I²C-CAN 底层原理/img-083.png
attachments-evidence	attachment-evidence	2469153	0d5823f36a5b1dc5	assets/embedded-interview/从 0 和 1 一步步推导 MCU 通信- 吃透 UART-SPI-I²C-CAN 底层原理/img-084.png
attachments-evidence	attachment-evidence	3005266	276ed3afb1a7a3a2	assets/embedded-interview/从 0 和 1 一步步推导 MCU 通信- 吃透 UART-SPI-I²C-CAN 底层原理/img-085.png
attachments-evidence	attachment-evidence	2748332	261fd0340c67437b	assets/embedded-interview/图解 ADC：工作原理、架构分类与核心性能指标/img-001.jpg
attachments-evidence	attachment-evidence	2900694	3982a4ffe7a3dfe3	assets/embedded-interview/图解 ADC：工作原理、架构分类与核心性能指标/img-002.jpg
attachments-evidence	attachment-evidence	2677754	f8e3f65db5876f73	assets/embedded-interview/图解 ADC：工作原理、架构分类与核心性能指标/img-003.jpg
attachments-evidence	attachment-evidence	2609544	4292fac72b687715	assets/embedded-interview/图解 ADC：工作原理、架构分类与核心性能指标/img-004.jpg
attachments-evidence	attachment-evidence	2628716	18e2dbe6e72909f9	assets/embedded-interview/图解 ADC：工作原理、架构分类与核心性能指标/img-005.jpg
attachments-evidence	attachment-evidence	2725537	ca8d1757846c802f	assets/embedded-interview/图解 ADC：工作原理、架构分类与核心性能指标/img-006.jpg
attachments-evidence	attachment-evidence	2746017	10c290912385a50c	assets/embedded-interview/图解 ADC：工作原理、架构分类与核心性能指标/img-007.jpg
attachments-evidence	attachment-evidence	2755759	eac33b275b9c3e01	assets/embedded-interview/图解 ADC：工作原理、架构分类与核心性能指标/img-008.jpg
attachments-evidence	attachment-evidence	2634188	f7c8a83a67aecd04	assets/embedded-interview/图解 ADC：工作原理、架构分类与核心性能指标/img-009.jpg
attachments-evidence	attachment-evidence	2985106	c7d438738b4113c0	assets/embedded-interview/图解 ADC：工作原理、架构分类与核心性能指标/img-010.jpg
attachments-evidence	attachment-evidence	2805956	0e15307f0b76bb27	assets/embedded-interview/图解 ADC：工作原理、架构分类与核心性能指标/img-011.jpg
attachments-evidence	attachment-evidence	2743178	665448dd13cec8b7	assets/embedded-interview/图解 ADC：工作原理、架构分类与核心性能指标/img-012.jpg
attachments-evidence	attachment-evidence	2697167	cc4363fe2718524c	assets/embedded-interview/图解 ADC：工作原理、架构分类与核心性能指标/img-013.jpg
attachments-evidence	attachment-evidence	2658992	8d35df902dbe69fb	assets/embedded-interview/图解 ADC：工作原理、架构分类与核心性能指标/img-014.jpg
attachments-evidence	attachment-evidence	2700294	09fff6c9119a4ce7	assets/embedded-interview/图解 ADC：工作原理、架构分类与核心性能指标/img-015.jpg
attachments-evidence	attachment-evidence	2734335	b47aaa770afd2547	assets/embedded-interview/图解 ADC：工作原理、架构分类与核心性能指标/img-016.jpg
attachments-evidence	attachment-evidence	2715216	ac8a09ddfad8672d	assets/embedded-interview/图解 ADC：工作原理、架构分类与核心性能指标/img-017.jpg
attachments-evidence	attachment-evidence	3124776	3d4de170b01a2367	assets/embedded-interview/图解 ADC：工作原理、架构分类与核心性能指标/img-018.jpg
attachments-evidence	attachment-evidence	2754425	c95fb14f4a95a05c	assets/embedded-interview/图解 ADC：工作原理、架构分类与核心性能指标/img-019.jpg
attachments-evidence	attachment-evidence	2810383	650a4fbfdd24fd12	assets/embedded-interview/图解 ADC：工作原理、架构分类与核心性能指标/img-020.jpg
attachments-evidence	attachment-evidence	2616458	3f691bf839676c19	assets/embedded-interview/图解 ADC：工作原理、架构分类与核心性能指标/img-021.jpg
attachments-evidence	attachment-evidence	2382418	d6749c1a43f6122f	assets/embedded-interview/图解 ADC：工作原理、架构分类与核心性能指标/img-022.jpg
attachments-evidence	attachment-evidence	2622146	3824cbf62bfc59b8	assets/embedded-interview/图解 ADC：工作原理、架构分类与核心性能指标/img-023.jpg
attachments-evidence	attachment-evidence	2498076	0fc038a53899b6ad	assets/embedded-interview/图解 ADC：工作原理、架构分类与核心性能指标/img-024.jpg
attachments-evidence	attachment-evidence	2605067	431f57905d107e2d	assets/embedded-interview/图解 ADC：工作原理、架构分类与核心性能指标/img-025.jpg
attachments-evidence	attachment-evidence	2677228	30af5d111115d937	assets/embedded-interview/图解 ADC：工作原理、架构分类与核心性能指标/img-026.jpg
attachments-evidence	attachment-evidence	2885308	1be6a204fd73b031	assets/embedded-interview/图解 ADC：工作原理、架构分类与核心性能指标/img-027.jpg
attachments-evidence	attachment-evidence	2843046	3043941853fe0d97	assets/embedded-interview/图解 ADC：工作原理、架构分类与核心性能指标/img-028.jpg
attachments-evidence	attachment-evidence	2727152	d573a6ace336fa86	assets/embedded-interview/图解 ADC：工作原理、架构分类与核心性能指标/img-029.jpg
attachments-evidence	attachment-evidence	2567314	5c83aaae6cb89779	assets/embedded-interview/图解 ADC：工作原理、架构分类与核心性能指标/img-030.jpg
attachments-evidence	attachment-evidence	2800486	a9008aba2daf4fbc	assets/embedded-interview/图解 ADC：工作原理、架构分类与核心性能指标/img-031.jpg
attachments-evidence	attachment-evidence	2779110	e7f30a73523b6260	assets/embedded-interview/图解 ADC：工作原理、架构分类与核心性能指标/img-032.jpg
attachments-evidence	attachment-evidence	2726958	0d2cddab362976e0	assets/embedded-interview/图解 ADC：工作原理、架构分类与核心性能指标/img-033.jpg
attachments-evidence	attachment-evidence	2902845	791acf50101f53bf	assets/embedded-interview/图解 ADC：工作原理、架构分类与核心性能指标/img-034.jpg
attachments-evidence	attachment-evidence	2623817	f7fdf1340014e3ca	assets/embedded-interview/图解 ADC：工作原理、架构分类与核心性能指标/img-035.jpg
attachments-evidence	attachment-evidence	2605790	4e3b55a7aa9b0672	assets/embedded-interview/图解 ADC：工作原理、架构分类与核心性能指标/img-036.jpg
attachments-evidence	attachment-evidence	2856416	567ce61388f8b53d	assets/embedded-interview/图解 ADC：工作原理、架构分类与核心性能指标/img-037.jpg
attachments-evidence	attachment-evidence	2688753	22fad55fc67f7bac	assets/embedded-interview/图解 ADC：工作原理、架构分类与核心性能指标/img-038.jpg
attachments-evidence	attachment-evidence	2829609	880263ffec7aa488	assets/embedded-interview/图解 ADC：工作原理、架构分类与核心性能指标/img-039.jpg
attachments-evidence	attachment-evidence	2824907	8522fc195647cb3c	assets/embedded-interview/图解 ADC：工作原理、架构分类与核心性能指标/img-040.jpg
attachments-evidence	attachment-evidence	2865297	78e9781016ed66c7	assets/embedded-interview/图解 ADC：工作原理、架构分类与核心性能指标/img-041.jpg
attachments-evidence	attachment-evidence	2920067	889354f423f45116	assets/embedded-interview/图解 ADC：工作原理、架构分类与核心性能指标/img-042.jpg
attachments-evidence	attachment-evidence	2875535	59b9ce5240160ae3	assets/embedded-interview/图解 ADC：工作原理、架构分类与核心性能指标/img-043.jpg
attachments-evidence	attachment-evidence	2801485	d3c40db9051fe036	assets/embedded-interview/图解 ADC：工作原理、架构分类与核心性能指标/img-044.jpg
attachments-evidence	attachment-evidence	2858000	8f5aca1d9c4df0ec	assets/embedded-interview/图解 ADC：工作原理、架构分类与核心性能指标/img-045.jpg
attachments-evidence	attachment-evidence	2928958	d885dc525ef539d5	assets/embedded-interview/图解 ADC：工作原理、架构分类与核心性能指标/img-046.jpg
attachments-evidence	attachment-evidence	2885122	fe8c06db4056c657	assets/embedded-interview/图解 ADC：工作原理、架构分类与核心性能指标/img-047.jpg
attachments-evidence	attachment-evidence	2928736	f8f6b3baecdfb854	assets/embedded-interview/图解 ADC：工作原理、架构分类与核心性能指标/img-048.jpg
attachments-evidence	attachment-evidence	2893857	eed9d3f756f76a80	assets/embedded-interview/图解 ADC：工作原理、架构分类与核心性能指标/img-049.jpg
attachments-evidence	attachment-evidence	2604721	03d41594031d93b0	assets/embedded-interview/图解 ADC：工作原理、架构分类与核心性能指标/img-050.jpg
attachments-evidence	attachment-evidence	2505310	1428e8b828633297	assets/embedded-interview/图解 ADC：工作原理、架构分类与核心性能指标/img-051.jpg
attachments-evidence	attachment-evidence	2819066	480088d71379cc28	assets/embedded-interview/图解 ADC：工作原理、架构分类与核心性能指标/img-052.jpg
attachments-evidence	attachment-evidence	2852895	cf5627d3c6480221	assets/embedded-interview/图解 ADC：工作原理、架构分类与核心性能指标/img-053.jpg
attachments-evidence	attachment-evidence	2752474	72c78af15b1ce312	assets/embedded-interview/图解 ADC：工作原理、架构分类与核心性能指标/img-054.jpg
attachments-evidence	attachment-evidence	2840382	b7fa30a26b2e390e	assets/embedded-interview/图解 ADC：工作原理、架构分类与核心性能指标/img-055.jpg
attachments-evidence	attachment-evidence	2847787	712c5afecdcc88da	assets/embedded-interview/图解 ADC：工作原理、架构分类与核心性能指标/img-056.jpg
attachments-evidence	attachment-evidence	2932152	8947d6fee2c64502	assets/embedded-interview/图解 ADC：工作原理、架构分类与核心性能指标/img-057.jpg
attachments-evidence	attachment-evidence	2929301	c074edf427f8667e	assets/embedded-interview/图解 ADC：工作原理、架构分类与核心性能指标/img-058.jpg
attachments-evidence	attachment-evidence	2963273	c96f4e091bcab24e	assets/embedded-interview/图解 ADC：工作原理、架构分类与核心性能指标/img-059.jpg
attachments-evidence	attachment-evidence	3051742	a07ee4e2a697b751	assets/embedded-interview/图解 ADC：工作原理、架构分类与核心性能指标/img-060.jpg
attachments-evidence	attachment-evidence	2582269	572b781e63f6b615	assets/embedded-interview/图解 ADC：工作原理、架构分类与核心性能指标/img-061.jpg
attachments-evidence	attachment-evidence	2566512	5890c0f7899c63e6	assets/embedded-interview/图解 ADC：工作原理、架构分类与核心性能指标/img-062.jpg
attachments-evidence	attachment-evidence	2620456	5d4edba6036c3cc3	assets/embedded-interview/图解 ADC：工作原理、架构分类与核心性能指标/img-063.jpg
attachments-evidence	attachment-evidence	2971247	67bb133af6a4548c	assets/embedded-interview/图解 ADC：工作原理、架构分类与核心性能指标/img-064.jpg
attachments-evidence	attachment-evidence	3076195	66cb2ad531e06042	assets/embedded-interview/图解 ADC：工作原理、架构分类与核心性能指标/img-065.jpg
attachments-evidence	attachment-evidence	2819930	82a5111221cdeb3f	assets/embedded-interview/图解 ADC：工作原理、架构分类与核心性能指标/img-066.jpg
attachments-evidence	attachment-evidence	2957517	72a8552e08cf604b	assets/embedded-interview/图解 ADC：工作原理、架构分类与核心性能指标/img-067.jpg
attachments-evidence	attachment-evidence	2620272	97e5146fc5149556	assets/embedded-interview/图解 ADC：工作原理、架构分类与核心性能指标/img-068.jpg
attachments-evidence	attachment-evidence	3081679	c7f2e50f44353627	assets/embedded-interview/图解 ADC：工作原理、架构分类与核心性能指标/img-069.jpg
attachments-evidence	attachment-evidence	2977233	e05a877e78ebfb6a	assets/embedded-interview/图解 ADC：工作原理、架构分类与核心性能指标/img-070.jpg
attachments-evidence	attachment-evidence	2690708	f23fffea500f1a6a	assets/embedded-interview/图解 ADC：工作原理、架构分类与核心性能指标/img-071.jpg
attachments-evidence	attachment-evidence	2897306	65a3dea4cc0ccff9	assets/embedded-interview/图解 ADC：工作原理、架构分类与核心性能指标/img-072.jpg
attachments-evidence	attachment-evidence	3018403	48e8c9461bfb4ba4	assets/embedded-interview/图解 ADC：工作原理、架构分类与核心性能指标/img-073.jpg
attachments-evidence	attachment-evidence	2701411	08f9633476ea5401	assets/embedded-interview/图解 ADC：工作原理、架构分类与核心性能指标/img-074.jpg
attachments-evidence	attachment-evidence	2701411	08f9633476ea5401	assets/embedded-interview/图解 ADC：工作原理、架构分类与核心性能指标/img-075.jpg
attachments-evidence	attachment-evidence	2673817	968c3e643958da4e	assets/embedded-interview/图解 ADC：工作原理、架构分类与核心性能指标/img-076.jpg
attachments-evidence	attachment-evidence	677474	f74b78eed66d2c70	assets/embedded-interview/图解 TCP-IP协议，看图秒懂/img-001.gif
attachments-evidence	attachment-evidence	2444305	02810dbb461e9bf9	assets/embedded-interview/图解 TCP-IP协议，看图秒懂/img-002.png
attachments-evidence	attachment-evidence	2693874	10c22b96e79298b6	assets/embedded-interview/图解 TCP-IP协议，看图秒懂/img-003.png
attachments-evidence	attachment-evidence	3087372	5168048e8cd1d9a3	assets/embedded-interview/图解 TCP-IP协议，看图秒懂/img-004.png
attachments-evidence	attachment-evidence	3014678	5c5f1781175f30cd	assets/embedded-interview/图解 TCP-IP协议，看图秒懂/img-005.png
attachments-evidence	attachment-evidence	2500107	c065f99d3a895206	assets/embedded-interview/图解 TCP-IP协议，看图秒懂/img-006.png
attachments-evidence	attachment-evidence	2726879	e104fce74836b766	assets/embedded-interview/图解 TCP-IP协议，看图秒懂/img-007.png
attachments-evidence	attachment-evidence	2828815	c17bcfa25bf5e037	assets/embedded-interview/图解 TCP-IP协议，看图秒懂/img-008.png
attachments-evidence	attachment-evidence	2646469	3da30f33f7434de5	assets/embedded-interview/图解 TCP-IP协议，看图秒懂/img-009.png
attachments-evidence	attachment-evidence	2839313	3a8c2ff228f3293c	assets/embedded-interview/图解 TCP-IP协议，看图秒懂/img-010.png
attachments-evidence	attachment-evidence	2943154	916cc3f52a2da0e0	assets/embedded-interview/图解 TCP-IP协议，看图秒懂/img-011.png
attachments-evidence	attachment-evidence	3138610	a8980f835bc239f4	assets/embedded-interview/图解 TCP-IP协议，看图秒懂/img-012.png
attachments-evidence	attachment-evidence	2725693	231eca0ed75e1f21	assets/embedded-interview/图解 TCP-IP协议，看图秒懂/img-013.png
attachments-evidence	attachment-evidence	3019506	56e71f4b44c88230	assets/embedded-interview/图解 TCP-IP协议，看图秒懂/img-014.png
attachments-evidence	attachment-evidence	2997528	5a5a02fb4e6b2c3c	assets/embedded-interview/图解 TCP-IP协议，看图秒懂/img-015.png
attachments-evidence	attachment-evidence	79943	a876248e5335b788	assets/embedded-interview/图解 TCP-IP协议，看图秒懂/img-016.jpg
attachments-evidence	attachment-evidence	3118528	3ea1c9dfa0733bdd	assets/embedded-interview/图解 TCP-IP协议，看图秒懂/img-017.png
attachments-evidence	attachment-evidence	2952361	a88158da1847138f	assets/embedded-interview/图解 TCP-IP协议，看图秒懂/img-018.png
attachments-evidence	attachment-evidence	3057385	22672b82b7730ca9	assets/embedded-interview/图解 TCP-IP协议，看图秒懂/img-019.png
attachments-evidence	attachment-evidence	3101578	f453627ac93eae8f	assets/embedded-interview/图解 TCP-IP协议，看图秒懂/img-020.png
attachments-evidence	attachment-evidence	3078572	90c91564f0c0f083	assets/embedded-interview/图解 TCP-IP协议，看图秒懂/img-021.png
attachments-evidence	attachment-evidence	3068394	2b67f31bd03c4c12	assets/embedded-interview/图解 TCP-IP协议，看图秒懂/img-022.png
attachments-evidence	attachment-evidence	2991921	47b0b3937e72c60a	assets/embedded-interview/图解 TCP-IP协议，看图秒懂/img-023.png
attachments-evidence	attachment-evidence	2967085	41888048a1eaf50c	assets/embedded-interview/图解 TCP-IP协议，看图秒懂/img-024.png
attachments-evidence	attachment-evidence	2710031	debb87a9a47db88c	assets/embedded-interview/图解 TCP-IP协议，看图秒懂/img-025.png
attachments-evidence	attachment-evidence	2994677	4bad1c36e44aef01	assets/embedded-interview/图解 TCP-IP协议，看图秒懂/img-026.png
attachments-evidence	attachment-evidence	2749401	9c9affce865e3d4e	assets/embedded-interview/图解 TCP-IP协议，看图秒懂/img-027.png
attachments-evidence	attachment-evidence	2505528	3e6679d1a92b2b8c	assets/embedded-interview/图解 TCP-IP协议，看图秒懂/img-028.png
attachments-evidence	attachment-evidence	2565548	2b8307bb675e9f95	assets/embedded-interview/图解 TCP-IP协议，看图秒懂/img-029.png
attachments-evidence	attachment-evidence	2817196	e208457a7fbb345a	assets/embedded-interview/图解 TCP-IP协议，看图秒懂/img-030.png
attachments-evidence	attachment-evidence	2855286	4c319cb3f3f972f9	assets/embedded-interview/图解 TCP-IP协议，看图秒懂/img-031.png
attachments-evidence	attachment-evidence	2805362	0d2a832150ef77d7	assets/embedded-interview/图解 TCP-IP协议，看图秒懂/img-032.png
attachments-evidence	attachment-evidence	224239	d8aa1a9a369764b0	assets/embedded-interview/图解 TCP-IP协议，看图秒懂/img-033.jpg
attachments-evidence	attachment-evidence	2706770	6e77aae0e5413bc8	assets/embedded-interview/图解 UART 异步通信/img-001.jpg
attachments-evidence	attachment-evidence	2849689	6deb477514f793be	assets/embedded-interview/图解 UART 异步通信/img-002.jpg
attachments-evidence	attachment-evidence	2952156	a9433410ffc6a68c	assets/embedded-interview/图解 UART 异步通信/img-003.jpg
attachments-evidence	attachment-evidence	2680823	40e0c8db801ffd85	assets/embedded-interview/图解 UART 异步通信/img-004.jpg
attachments-evidence	attachment-evidence	2908195	5baa86b0898a9985	assets/embedded-interview/图解 UART 异步通信/img-005.jpg
attachments-evidence	attachment-evidence	2671792	9a1337317a32fb89	assets/embedded-interview/图解 UART 异步通信/img-006.jpg
attachments-evidence	attachment-evidence	2517431	2e015471960e96f2	assets/embedded-interview/图解 UART 异步通信/img-007.jpg
attachments-evidence	attachment-evidence	2600050	9c31b1954410f32d	assets/embedded-interview/图解 UART 异步通信/img-008.jpg
attachments-evidence	attachment-evidence	2609044	40c1233be1fefa1c	assets/embedded-interview/图解 UART 异步通信/img-009.jpg
attachments-evidence	attachment-evidence	2802162	b03edacddb4bca29	assets/embedded-interview/图解 UART 异步通信/img-010.jpg
attachments-evidence	attachment-evidence	2600019	14ca8b5cbc2c03bf	assets/embedded-interview/图解 UART 异步通信/img-011.jpg
attachments-evidence	attachment-evidence	2728343	647d017a94656df8	assets/embedded-interview/图解 UART 异步通信/img-012.jpg
attachments-evidence	attachment-evidence	2635445	e05c69b508c7ef17	assets/embedded-interview/图解 UART 异步通信/img-013.jpg
attachments-evidence	attachment-evidence	2737409	f25bc6462415118e	assets/embedded-interview/图解 UART 异步通信/img-014.jpg
attachments-evidence	attachment-evidence	2826771	47d96c11b413c2f6	assets/embedded-interview/图解 UART 异步通信/img-015.jpg
attachments-evidence	attachment-evidence	2877288	cf0d85cf78b3da20	assets/embedded-interview/图解 UART 异步通信/img-016.jpg
attachments-evidence	attachment-evidence	2839717	a9b70d1881a9e841	assets/embedded-interview/图解 UART 异步通信/img-017.jpg
attachments-evidence	attachment-evidence	2918230	e9f63c548d3e2553	assets/embedded-interview/图解 UART 异步通信/img-018.jpg
attachments-evidence	attachment-evidence	2791144	092c8a8b7c9a4e9a	assets/embedded-interview/图解 UART 异步通信/img-019.jpg
attachments-evidence	attachment-evidence	2988084	08192c44ca74c2f0	assets/embedded-interview/图解 UART 异步通信/img-020.jpg
attachments-evidence	attachment-evidence	2827559	de91ad8b02c2a1d5	assets/embedded-interview/图解 UART 异步通信/img-021.jpg
attachments-evidence	attachment-evidence	2860883	0d238c7aecdfa7dd	assets/embedded-interview/图解 UART 异步通信/img-022.jpg
attachments-evidence	attachment-evidence	2513542	7b3732ba418442b8	assets/embedded-interview/图解 UART 异步通信/img-023.jpg
attachments-evidence	attachment-evidence	2769768	0ade7d6ff749129f	assets/embedded-interview/图解 UART 异步通信/img-024.jpg
attachments-evidence	attachment-evidence	3095124	f01e82b15f1e0ff7	assets/embedded-interview/图解 UART 异步通信/img-025.jpg
attachments-evidence	attachment-evidence	3031513	43a7b40d6d419f4d	assets/embedded-interview/图解 UART 异步通信/img-026.jpg
attachments-evidence	attachment-evidence	3036242	ea8cbae0e0bb6d74	assets/embedded-interview/图解 UART 异步通信/img-027.jpg
attachments-evidence	attachment-evidence	3115922	d57a8f1048035edb	assets/embedded-interview/图解 UART 异步通信/img-028.jpg
attachments-evidence	attachment-evidence	849443	49223f3c3344c358	assets/embedded-interview/图解计算机原理- 一文看懂IO 多路复用，select、poll、epoll/img-001.png
attachments-evidence	attachment-evidence	875328	3263b962a3af7127	assets/embedded-interview/图解计算机原理- 一文看懂IO 多路复用，select、poll、epoll/img-002.png
attachments-evidence	attachment-evidence	793780	4b8fbe972b0ef275	assets/embedded-interview/图解计算机原理- 一文看懂IO 多路复用，select、poll、epoll/img-003.png
attachments-evidence	attachment-evidence	854548	852e1138c6736f60	assets/embedded-interview/图解计算机原理- 一文看懂IO 多路复用，select、poll、epoll/img-004.png
attachments-evidence	attachment-evidence	648560	5f2397b6f16bf3f6	assets/embedded-interview/图解计算机原理- 一文看懂IO 多路复用，select、poll、epoll/img-005.png
attachments-evidence	attachment-evidence	739880	a9a3624c39b83502	assets/embedded-interview/图解计算机原理- 一文看懂IO 多路复用，select、poll、epoll/img-006.png
attachments-evidence	attachment-evidence	759251	963e957f1c6c4469	assets/embedded-interview/图解计算机原理- 一文看懂IO 多路复用，select、poll、epoll/img-007.png
attachments-evidence	attachment-evidence	831225	8c7f0c200542ab01	assets/embedded-interview/图解计算机原理- 一文看懂IO 多路复用，select、poll、epoll/img-008.png
attachments-evidence	attachment-evidence	748313	41adf7c1a452a9e2	assets/embedded-interview/图解计算机原理- 一文看懂IO 多路复用，select、poll、epoll/img-009.png
attachments-evidence	attachment-evidence	802320	1b0d8a50a7378d04	assets/embedded-interview/图解计算机原理- 一文看懂IO 多路复用，select、poll、epoll/img-010.png
attachments-evidence	attachment-evidence	824610	ef3d1859f0cc58da	assets/embedded-interview/图解计算机原理- 一文看懂IO 多路复用，select、poll、epoll/img-011.png
attachments-evidence	attachment-evidence	786329	4e660fb902184a26	assets/embedded-interview/图解计算机原理- 一文看懂IO 多路复用，select、poll、epoll/img-012.png
attachments-evidence	attachment-evidence	920349	ea1fb86f38ab55da	assets/embedded-interview/图解计算机原理- 一文看懂IO 多路复用，select、poll、epoll/img-013.png
attachments-evidence	attachment-evidence	840607	7e19f03fca4b538e	assets/embedded-interview/图解计算机原理- 一文看懂IO 多路复用，select、poll、epoll/img-014.png
attachments-evidence	attachment-evidence	921741	c2e694439b2497fb	assets/embedded-interview/图解计算机原理- 一文看懂IO 多路复用，select、poll、epoll/img-015.png
attachments-evidence	attachment-evidence	816018	6a737d9041226319	assets/embedded-interview/图解计算机原理- 一文看懂IO 多路复用，select、poll、epoll/img-016.png
attachments-evidence	attachment-evidence	2907432	728e91eafcfce4d1	assets/embedded-interview/嵌入式 ARM Linux 系统架构全解：一文讲透硬件、U-Boot、内核、驱动与应用/img-001.jpg
attachments-evidence	attachment-evidence	3074908	04e920c3a90f50bb	assets/embedded-interview/嵌入式 ARM Linux 系统架构全解：一文讲透硬件、U-Boot、内核、驱动与应用/img-002.jpg
attachments-evidence	attachment-evidence	3055141	ed00a0767bb97183	assets/embedded-interview/嵌入式 ARM Linux 系统架构全解：一文讲透硬件、U-Boot、内核、驱动与应用/img-003.jpg
attachments-evidence	attachment-evidence	2626491	a8d46a3b036b5058	assets/embedded-interview/嵌入式 ARM Linux 系统架构全解：一文讲透硬件、U-Boot、内核、驱动与应用/img-004.jpg
attachments-evidence	attachment-evidence	2784148	de3c206fe9d2a44c	assets/embedded-interview/嵌入式 ARM Linux 系统架构全解：一文讲透硬件、U-Boot、内核、驱动与应用/img-005.jpg
attachments-evidence	attachment-evidence	3014571	3ae1cf5dea709ddf	assets/embedded-interview/嵌入式 ARM Linux 系统架构全解：一文讲透硬件、U-Boot、内核、驱动与应用/img-006.jpg
attachments-evidence	attachment-evidence	2675494	10fce73b5c7fe588	assets/embedded-interview/嵌入式 ARM Linux 系统架构全解：一文讲透硬件、U-Boot、内核、驱动与应用/img-007.jpg
attachments-evidence	attachment-evidence	2653320	0032cb6803f0993a	assets/embedded-interview/嵌入式 ARM Linux 系统架构全解：一文讲透硬件、U-Boot、内核、驱动与应用/img-008.jpg
attachments-evidence	attachment-evidence	2900279	858fe4bc5d905a25	assets/embedded-interview/嵌入式 ARM Linux 系统架构全解：一文讲透硬件、U-Boot、内核、驱动与应用/img-009.jpg
attachments-evidence	attachment-evidence	2890745	05b75e56812d7513	assets/embedded-interview/嵌入式 ARM Linux 系统架构全解：一文讲透硬件、U-Boot、内核、驱动与应用/img-010.jpg
attachments-evidence	attachment-evidence	2884904	509e5b16c11c3e6d	assets/embedded-interview/嵌入式 ARM Linux 系统架构全解：一文讲透硬件、U-Boot、内核、驱动与应用/img-011.jpg
attachments-evidence	attachment-evidence	2813967	567ada05009ee086	assets/embedded-interview/嵌入式 ARM Linux 系统架构全解：一文讲透硬件、U-Boot、内核、驱动与应用/img-012.jpg
attachments-evidence	attachment-evidence	2749986	5241349aad4060b0	assets/embedded-interview/嵌入式 ARM Linux 系统架构全解：一文讲透硬件、U-Boot、内核、驱动与应用/img-013.jpg
attachments-evidence	attachment-evidence	2604901	d93f4fba34f490b6	assets/embedded-interview/嵌入式 ARM Linux 系统架构全解：一文讲透硬件、U-Boot、内核、驱动与应用/img-014.jpg
attachments-evidence	attachment-evidence	2706570	e9b6fbff2effab04	assets/embedded-interview/嵌入式 ARM Linux 系统架构全解：一文讲透硬件、U-Boot、内核、驱动与应用/img-015.jpg
attachments-evidence	attachment-evidence	2881665	bf7b42462aaf9798	assets/embedded-interview/嵌入式 ARM Linux 系统架构全解：一文讲透硬件、U-Boot、内核、驱动与应用/img-016.jpg
attachments-evidence	attachment-evidence	2919247	25776c5fbb9b2d73	assets/embedded-interview/嵌入式 ARM Linux 系统架构全解：一文讲透硬件、U-Boot、内核、驱动与应用/img-017.jpg
attachments-evidence	attachment-evidence	2718790	9d9ae829a0ad1bf0	assets/embedded-interview/嵌入式 ARM Linux 系统架构全解：一文讲透硬件、U-Boot、内核、驱动与应用/img-018.jpg
attachments-evidence	attachment-evidence	2745272	21672223f78bb7a2	assets/embedded-interview/嵌入式 ARM Linux 系统架构全解：一文讲透硬件、U-Boot、内核、驱动与应用/img-019.jpg
attachments-evidence	attachment-evidence	2440876	f5dd9a51a6e09da4	assets/embedded-interview/嵌入式 ARM Linux 系统架构全解：一文讲透硬件、U-Boot、内核、驱动与应用/img-020.jpg
attachments-evidence	attachment-evidence	2745418	5accb0733fbb5b38	assets/embedded-interview/嵌入式 ARM Linux 系统架构全解：一文讲透硬件、U-Boot、内核、驱动与应用/img-021.jpg
attachments-evidence	attachment-evidence	2843250	9a77165f610219ae	assets/embedded-interview/嵌入式 ARM Linux 系统架构全解：一文讲透硬件、U-Boot、内核、驱动与应用/img-022.jpg
attachments-evidence	attachment-evidence	2790797	6f78228770e9808d	assets/embedded-interview/嵌入式 ARM Linux 系统架构全解：一文讲透硬件、U-Boot、内核、驱动与应用/img-023.jpg
attachments-evidence	attachment-evidence	2611307	489a28c816240853	assets/embedded-interview/嵌入式 ARM Linux 系统架构全解：一文讲透硬件、U-Boot、内核、驱动与应用/img-024.jpg
attachments-evidence	attachment-evidence	2698748	595a28866010ba9c	assets/embedded-interview/嵌入式 ARM Linux 系统架构全解：一文讲透硬件、U-Boot、内核、驱动与应用/img-025.jpg
attachments-evidence	attachment-evidence	2905990	00516cce3390f67a	assets/embedded-interview/嵌入式 ARM Linux 系统架构全解：一文讲透硬件、U-Boot、内核、驱动与应用/img-026.jpg
attachments-evidence	attachment-evidence	2803888	4d4e8f83a3999c77	assets/embedded-interview/嵌入式 ARM Linux 系统架构全解：一文讲透硬件、U-Boot、内核、驱动与应用/img-027.jpg
attachments-evidence	attachment-evidence	2685111	9f627e16db06ed24	assets/embedded-interview/嵌入式 ARM Linux 系统架构全解：一文讲透硬件、U-Boot、内核、驱动与应用/img-028.jpg
attachments-evidence	attachment-evidence	2744499	46a017bb2c36b2da	assets/embedded-interview/嵌入式 ARM Linux 系统架构全解：一文讲透硬件、U-Boot、内核、驱动与应用/img-029.jpg
attachments-evidence	attachment-evidence	2511329	cc04c6b630aea9c5	assets/embedded-interview/嵌入式 ARM Linux 系统架构全解：一文讲透硬件、U-Boot、内核、驱动与应用/img-030.jpg
attachments-evidence	attachment-evidence	2761716	a289303906be81bd	assets/embedded-interview/嵌入式 ARM Linux 系统架构全解：一文讲透硬件、U-Boot、内核、驱动与应用/img-031.jpg
attachments-evidence	attachment-evidence	2653435	2bbf7437d2cd1806	assets/embedded-interview/嵌入式 ARM Linux 系统架构全解：一文讲透硬件、U-Boot、内核、驱动与应用/img-032.jpg
attachments-evidence	attachment-evidence	2648072	501284ca7cce2a15	assets/embedded-interview/嵌入式 ARM Linux 系统架构全解：一文讲透硬件、U-Boot、内核、驱动与应用/img-033.jpg
attachments-evidence	attachment-evidence	2872717	fe806ebc82c5aa5b	assets/embedded-interview/嵌入式 ARM Linux 系统架构全解：一文讲透硬件、U-Boot、内核、驱动与应用/img-034.jpg
attachments-evidence	attachment-evidence	2651243	68a732943d3d3015	assets/embedded-interview/嵌入式 ARM Linux 系统架构全解：一文讲透硬件、U-Boot、内核、驱动与应用/img-035.jpg
attachments-evidence	attachment-evidence	2587510	ae7a8fb2025ad491	assets/embedded-interview/嵌入式 ARM Linux 系统架构全解：一文讲透硬件、U-Boot、内核、驱动与应用/img-036.jpg
attachments-evidence	attachment-evidence	2768699	c2b1ce30ed27aca7	assets/embedded-interview/嵌入式 ARM Linux 系统架构全解：一文讲透硬件、U-Boot、内核、驱动与应用/img-037.jpg
attachments-evidence	attachment-evidence	2919970	7a2259d216a3328b	assets/embedded-interview/嵌入式 ARM Linux 系统架构全解：一文讲透硬件、U-Boot、内核、驱动与应用/img-038.jpg
attachments-evidence	attachment-evidence	2739047	8df943cb5c6d72a6	assets/embedded-interview/嵌入式 ARM Linux 系统架构全解：一文讲透硬件、U-Boot、内核、驱动与应用/img-039.jpg
attachments-evidence	attachment-evidence	2771869	3bf0ea6d0879a56c	assets/embedded-interview/嵌入式 ARM Linux 系统架构全解：一文讲透硬件、U-Boot、内核、驱动与应用/img-040.jpg
attachments-evidence	attachment-evidence	2616425	f3f3e97f2b8dfb29	assets/embedded-interview/嵌入式 ARM Linux 系统架构全解：一文讲透硬件、U-Boot、内核、驱动与应用/img-041.jpg
attachments-evidence	attachment-evidence	2783064	6ac22d144d30ff07	assets/embedded-interview/嵌入式 ARM Linux 系统架构全解：一文讲透硬件、U-Boot、内核、驱动与应用/img-042.jpg
attachments-evidence	attachment-evidence	2792746	575aaee07a15753b	assets/embedded-interview/嵌入式 ARM Linux 系统架构全解：一文讲透硬件、U-Boot、内核、驱动与应用/img-043.jpg
attachments-evidence	attachment-evidence	2859425	410c6dabe953316d	assets/embedded-interview/嵌入式 ARM Linux 系统架构全解：一文讲透硬件、U-Boot、内核、驱动与应用/img-044.jpg
attachments-evidence	attachment-evidence	2614366	09778550c9f752cb	assets/embedded-interview/嵌入式 ARM Linux 系统架构全解：一文讲透硬件、U-Boot、内核、驱动与应用/img-045.jpg
attachments-evidence	attachment-evidence	2809668	0457ae7ae99fe229	assets/embedded-interview/嵌入式 ARM Linux 系统架构全解：一文讲透硬件、U-Boot、内核、驱动与应用/img-046.jpg
attachments-evidence	attachment-evidence	3064640	a59259efe4bd3a76	assets/embedded-interview/嵌入式 ARM Linux 系统架构全解：一文讲透硬件、U-Boot、内核、驱动与应用/img-047.jpg
attachments-evidence	attachment-evidence	2837338	8195ac2025b5d74a	assets/embedded-interview/嵌入式 ARM Linux 系统架构全解：一文讲透硬件、U-Boot、内核、驱动与应用/img-048.jpg
attachments-evidence	attachment-evidence	3323739	f0bfd578f4512054	assets/embedded-interview/嵌入式 ARM Linux 系统架构全解：一文讲透硬件、U-Boot、内核、驱动与应用/img-049.jpg
attachments-evidence	attachment-evidence	2129351	53894fd583a865e9	assets/embedded-interview/嵌入式 STM32 时钟体系全解：从硬件底层到量产实战/img-001.jpg
attachments-evidence	attachment-evidence	2607714	e84291dd4ccf3e12	assets/embedded-interview/嵌入式 STM32 时钟体系全解：从硬件底层到量产实战/img-002.jpg
attachments-evidence	attachment-evidence	2724648	c55df5f21c032a32	assets/embedded-interview/嵌入式 STM32 时钟体系全解：从硬件底层到量产实战/img-003.jpg
attachments-evidence	attachment-evidence	6280	3a55510038673527	assets/embedded-interview/嵌入式 STM32 时钟体系全解：从硬件底层到量产实战/img-004.jpg
attachments-evidence	attachment-evidence	3890	b2d51e8fe6afdd46	assets/embedded-interview/嵌入式 STM32 时钟体系全解：从硬件底层到量产实战/img-005.jpg
attachments-evidence	attachment-evidence	4590	2e336e38a130805b	assets/embedded-interview/嵌入式 STM32 时钟体系全解：从硬件底层到量产实战/img-006.jpg
attachments-evidence	attachment-evidence	5894	3238c10ea6a44d73	assets/embedded-interview/嵌入式 STM32 时钟体系全解：从硬件底层到量产实战/img-007.jpg
attachments-evidence	attachment-evidence	2961921	25fe844690523492	assets/embedded-interview/嵌入式 STM32 时钟体系全解：从硬件底层到量产实战/img-008.jpg
attachments-evidence	attachment-evidence	2645256	8068316af669fbef	assets/embedded-interview/嵌入式 STM32 时钟体系全解：从硬件底层到量产实战/img-009.jpg
attachments-evidence	attachment-evidence	18368	5b4f05fcb4a46db8	assets/embedded-interview/嵌入式 STM32 时钟体系全解：从硬件底层到量产实战/img-010.jpg
attachments-evidence	attachment-evidence	2711712	66ca6fe6624e6fd8	assets/embedded-interview/嵌入式 STM32 时钟体系全解：从硬件底层到量产实战/img-011.jpg
attachments-evidence	attachment-evidence	2817592	46640a7448f656a3	assets/embedded-interview/嵌入式 STM32 时钟体系全解：从硬件底层到量产实战/img-012.jpg
attachments-evidence	attachment-evidence	4251	5a3ea76e17e5a0ed	assets/embedded-interview/嵌入式 STM32 时钟体系全解：从硬件底层到量产实战/img-013.jpg
attachments-evidence	attachment-evidence	3114869	11881af44e05f678	assets/embedded-interview/嵌入式 STM32 时钟体系全解：从硬件底层到量产实战/img-014.jpg
attachments-evidence	attachment-evidence	5601	cd7166f9f7b896f8	assets/embedded-interview/嵌入式 STM32 时钟体系全解：从硬件底层到量产实战/img-015.jpg
attachments-evidence	attachment-evidence	2731539	cbdf07571069840f	assets/embedded-interview/嵌入式 STM32 时钟体系全解：从硬件底层到量产实战/img-016.jpg
attachments-evidence	attachment-evidence	2973263	bc85e9c61c87cd13	assets/embedded-interview/嵌入式 STM32 时钟体系全解：从硬件底层到量产实战/img-017.jpg
attachments-evidence	attachment-evidence	3005699	5894b7ee52974ad6	assets/embedded-interview/嵌入式 STM32 时钟体系全解：从硬件底层到量产实战/img-018.jpg
attachments-evidence	attachment-evidence	2933339	ece0f6358d808cdb	assets/embedded-interview/嵌入式 STM32 时钟体系全解：从硬件底层到量产实战/img-019.jpg
attachments-evidence	attachment-evidence	3079453	5efc26ffc67dd62b	assets/embedded-interview/嵌入式 STM32 时钟体系全解：从硬件底层到量产实战/img-020.jpg
attachments-evidence	attachment-evidence	2670841	65bcb96bbc605242	assets/embedded-interview/嵌入式 STM32 时钟体系全解：从硬件底层到量产实战/img-021.jpg
attachments-evidence	attachment-evidence	3579	6a07eec23e964fbf	assets/embedded-interview/嵌入式 STM32 时钟体系全解：从硬件底层到量产实战/img-022.jpg
attachments-evidence	attachment-evidence	3202	74af2fa3395f1439	assets/embedded-interview/嵌入式 STM32 时钟体系全解：从硬件底层到量产实战/img-023.jpg
attachments-evidence	attachment-evidence	3478	db6ed295655df99f	assets/embedded-interview/嵌入式 STM32 时钟体系全解：从硬件底层到量产实战/img-024.jpg
attachments-evidence	attachment-evidence	2661598	2d4e629733bb9569	assets/embedded-interview/嵌入式 STM32 时钟体系全解：从硬件底层到量产实战/img-025.jpg
attachments-evidence	attachment-evidence	3060902	abb853a1bbbd1021	assets/embedded-interview/嵌入式 STM32 时钟体系全解：从硬件底层到量产实战/img-026.jpg
attachments-evidence	attachment-evidence	2726653	d05931e3727b8f47	assets/embedded-interview/嵌入式 STM32 时钟体系全解：从硬件底层到量产实战/img-027.jpg
attachments-evidence	attachment-evidence	4108	5803c14738c40bc9	assets/embedded-interview/嵌入式 STM32 时钟体系全解：从硬件底层到量产实战/img-028.jpg
attachments-evidence	attachment-evidence	4321	0a40874447c57605	assets/embedded-interview/嵌入式 STM32 时钟体系全解：从硬件底层到量产实战/img-029.jpg
attachments-evidence	attachment-evidence	4176	b67b7652dd1a5334	assets/embedded-interview/嵌入式 STM32 时钟体系全解：从硬件底层到量产实战/img-030.jpg
attachments-evidence	attachment-evidence	4158	67334f8a83cc6823	assets/embedded-interview/嵌入式 STM32 时钟体系全解：从硬件底层到量产实战/img-031.jpg
attachments-evidence	attachment-evidence	4064	9dd2c6aa01c1a15f	assets/embedded-interview/嵌入式 STM32 时钟体系全解：从硬件底层到量产实战/img-032.jpg
attachments-evidence	attachment-evidence	36430	6405a413bb518db1	assets/embedded-interview/嵌入式 STM32 时钟体系全解：从硬件底层到量产实战/img-033.jpg
attachments-evidence	attachment-evidence	2648661	4cb3123ba4ee8a0b	assets/embedded-interview/嵌入式 STM32 时钟体系全解：从硬件底层到量产实战/img-034.jpg
attachments-evidence	attachment-evidence	2672796	b68505b9a691f517	assets/embedded-interview/嵌入式 STM32 时钟体系全解：从硬件底层到量产实战/img-035.jpg
attachments-evidence	attachment-evidence	3684	f3ab37b728b7f861	assets/embedded-interview/嵌入式 STM32 时钟体系全解：从硬件底层到量产实战/img-036.jpg
attachments-evidence	attachment-evidence	3811	92f16e95129c92d2	assets/embedded-interview/嵌入式 STM32 时钟体系全解：从硬件底层到量产实战/img-037.jpg
attachments-evidence	attachment-evidence	4183	5cd2f1cb512f3164	assets/embedded-interview/嵌入式 STM32 时钟体系全解：从硬件底层到量产实战/img-038.jpg
attachments-evidence	attachment-evidence	4377	4220a3b20b9b57aa	assets/embedded-interview/嵌入式 STM32 时钟体系全解：从硬件底层到量产实战/img-039.jpg
attachments-evidence	attachment-evidence	3064	3fb552a7dfe56cfd	assets/embedded-interview/嵌入式 STM32 时钟体系全解：从硬件底层到量产实战/img-040.jpg
attachments-evidence	attachment-evidence	3309	281f5caeae423d36	assets/embedded-interview/嵌入式 STM32 时钟体系全解：从硬件底层到量产实战/img-041.jpg
attachments-evidence	attachment-evidence	4465	c6e5b3b2f4941340	assets/embedded-interview/嵌入式 STM32 时钟体系全解：从硬件底层到量产实战/img-042.jpg
attachments-evidence	attachment-evidence	5503	e52d85a76a13541b	assets/embedded-interview/嵌入式 STM32 时钟体系全解：从硬件底层到量产实战/img-043.jpg
attachments-evidence	attachment-evidence	3907	19682b41665b4402	assets/embedded-interview/嵌入式 STM32 时钟体系全解：从硬件底层到量产实战/img-044.jpg
attachments-evidence	attachment-evidence	4153	fa2497fb876c6ef2	assets/embedded-interview/嵌入式 STM32 时钟体系全解：从硬件底层到量产实战/img-045.jpg
attachments-evidence	attachment-evidence	2617606	7918bd9f106bdd9a	assets/embedded-interview/嵌入式 STM32 时钟体系全解：从硬件底层到量产实战/img-046.jpg
attachments-evidence	attachment-evidence	2460292	81227b9fa6ba0283	assets/embedded-interview/嵌入式 STM32 时钟体系全解：从硬件底层到量产实战/img-047.jpg
attachments-evidence	attachment-evidence	2418651	2702ee2164afbeda	assets/embedded-interview/嵌入式 STM32 时钟体系全解：从硬件底层到量产实战/img-048.jpg
attachments-evidence	attachment-evidence	2714433	8fe0ef12e5bf0ff7	assets/embedded-interview/嵌入式 STM32 时钟体系全解：从硬件底层到量产实战/img-049.jpg
attachments-evidence	attachment-evidence	2864	7c4086790f276acf	assets/embedded-interview/嵌入式 STM32 时钟体系全解：从硬件底层到量产实战/img-050.jpg
attachments-evidence	attachment-evidence	4913	26b9faa8da353326	assets/embedded-interview/嵌入式 STM32 时钟体系全解：从硬件底层到量产实战/img-051.jpg
attachments-evidence	attachment-evidence	2604	44ca34f3de2d7c32	assets/embedded-interview/嵌入式 STM32 时钟体系全解：从硬件底层到量产实战/img-052.jpg
attachments-evidence	attachment-evidence	3557	19f8ab5b6a9aa042	assets/embedded-interview/嵌入式 STM32 时钟体系全解：从硬件底层到量产实战/img-053.jpg
attachments-evidence	attachment-evidence	5307	a8f1d9d096189199	assets/embedded-interview/嵌入式 STM32 时钟体系全解：从硬件底层到量产实战/img-054.jpg
attachments-evidence	attachment-evidence	3876	5f08993df5044914	assets/embedded-interview/嵌入式 STM32 时钟体系全解：从硬件底层到量产实战/img-055.jpg
attachments-evidence	attachment-evidence	28760	a3f018b41d34df7b	assets/embedded-interview/嵌入式 STM32 时钟体系全解：从硬件底层到量产实战/img-056.jpg
attachments-evidence	attachment-evidence	2888	cbe1bc32ef9446a3	assets/embedded-interview/嵌入式 STM32 时钟体系全解：从硬件底层到量产实战/img-057.jpg
attachments-evidence	attachment-evidence	8190	864c7596d4b8bf1c	assets/embedded-interview/嵌入式 STM32 时钟体系全解：从硬件底层到量产实战/img-058.jpg
attachments-evidence	attachment-evidence	2561665	ae8cc9c0131b622c	assets/embedded-interview/嵌入式 STM32 时钟体系全解：从硬件底层到量产实战/img-059.jpg
attachments-evidence	attachment-evidence	2513996	2579a8da122c7329	assets/embedded-interview/嵌入式 STM32 时钟体系全解：从硬件底层到量产实战/img-060.jpg
attachments-evidence	attachment-evidence	2428362	048d0e0207443953	assets/embedded-interview/嵌入式 STM32 时钟体系全解：从硬件底层到量产实战/img-061.jpg
attachments-evidence	attachment-evidence	2758500	92dab8956e61e7b1	assets/embedded-interview/嵌入式 STM32 时钟体系全解：从硬件底层到量产实战/img-062.jpg
attachments-evidence	attachment-evidence	2458394	5cc96763a941c95b	assets/embedded-interview/嵌入式 STM32 时钟体系全解：从硬件底层到量产实战/img-063.jpg
attachments-evidence	attachment-evidence	2785096	1b7935c006c572c6	assets/embedded-interview/嵌入式 STM32 时钟体系全解：从硬件底层到量产实战/img-064.jpg
attachments-evidence	attachment-evidence	2566930	2a76cbd0ca810239	assets/embedded-interview/嵌入式 STM32 时钟体系全解：从硬件底层到量产实战/img-065.jpg
attachments-evidence	attachment-evidence	10276	64f958e914da9b1c	assets/embedded-interview/嵌入式 STM32 时钟体系全解：从硬件底层到量产实战/img-066.jpg
attachments-evidence	attachment-evidence	7435	9b2d26258dd0a3cb	assets/embedded-interview/嵌入式 STM32 时钟体系全解：从硬件底层到量产实战/img-067.jpg
attachments-evidence	attachment-evidence	2667722	596792543688b4a3	assets/embedded-interview/嵌入式开发，最值得精通的28个结构体/img-001.jpg
attachments-evidence	attachment-evidence	2820418	f67f9edb5631ec27	assets/embedded-interview/嵌入式开发，最值得精通的28个结构体/img-002.jpg
attachments-evidence	attachment-evidence	2693930	5531ca4392d2c874	assets/embedded-interview/嵌入式开发，最值得精通的28个结构体/img-003.jpg
attachments-evidence	attachment-evidence	2668803	3dfea7922a5c742e	assets/embedded-interview/嵌入式开发，最值得精通的28个结构体/img-004.jpg
attachments-evidence	attachment-evidence	2735800	78cdebd62d0c293b	assets/embedded-interview/嵌入式开发，最值得精通的28个结构体/img-005.jpg
attachments-evidence	attachment-evidence	2646980	b94e0d6d7acf2ea2	assets/embedded-interview/嵌入式开发，最值得精通的28个结构体/img-006.jpg
attachments-evidence	attachment-evidence	2705661	3563dc4ffbbee9a4	assets/embedded-interview/嵌入式开发，最值得精通的28个结构体/img-007.jpg
attachments-evidence	attachment-evidence	2789112	b1c74c4b56f90f2f	assets/embedded-interview/嵌入式开发，最值得精通的28个结构体/img-008.jpg
attachments-evidence	attachment-evidence	3001735	b036ee6778559d99	assets/embedded-interview/嵌入式开发，最值得精通的28个结构体/img-009.jpg
attachments-evidence	attachment-evidence	2958501	3a27e265121cb9b2	assets/embedded-interview/嵌入式开发，最值得精通的28个结构体/img-010.jpg
attachments-evidence	attachment-evidence	2756961	48ca2c5f14fe103e	assets/embedded-interview/嵌入式开发，最值得精通的28个结构体/img-011.jpg
attachments-evidence	attachment-evidence	2951010	63e5fd34beec7d89	assets/embedded-interview/嵌入式开发，最值得精通的28个结构体/img-012.jpg
attachments-evidence	attachment-evidence	2748586	86caeba1989d459d	assets/embedded-interview/嵌入式开发，最值得精通的28个结构体/img-013.jpg
attachments-evidence	attachment-evidence	2897207	c352bfd4064663df	assets/embedded-interview/嵌入式开发，最值得精通的28个结构体/img-014.jpg
attachments-evidence	attachment-evidence	2889746	83601e126d6dca37	assets/embedded-interview/嵌入式开发，最值得精通的28个结构体/img-015.jpg
attachments-evidence	attachment-evidence	2464901	fbbb3ec1703d40d3	assets/embedded-interview/嵌入式开发，最值得精通的28个结构体/img-016.jpg
attachments-evidence	attachment-evidence	2925673	c45d5ee0e875da38	assets/embedded-interview/嵌入式开发，最值得精通的28个结构体/img-017.jpg
attachments-evidence	attachment-evidence	2759404	4e2b182215e7e23d	assets/embedded-interview/嵌入式开发，最值得精通的28个结构体/img-018.jpg
attachments-evidence	attachment-evidence	2735999	ab19ac849e22ef97	assets/embedded-interview/嵌入式开发，最值得精通的28个结构体/img-019.jpg
attachments-evidence	attachment-evidence	2881464	c4e0ed1e39d5ebc1	assets/embedded-interview/嵌入式开发，最值得精通的28个结构体/img-020.jpg
attachments-evidence	attachment-evidence	2715263	6250810519474c49	assets/embedded-interview/嵌入式开发，最值得精通的28个结构体/img-021.jpg
attachments-evidence	attachment-evidence	2761735	93fb636f63d76541	assets/embedded-interview/嵌入式开发，最值得精通的28个结构体/img-022.jpg
attachments-evidence	attachment-evidence	2931888	990939ead9092242	assets/embedded-interview/嵌入式开发，最值得精通的28个结构体/img-023.jpg
attachments-evidence	attachment-evidence	2813625	59199fd63f85d811	assets/embedded-interview/嵌入式开发，最值得精通的28个结构体/img-024.jpg
attachments-evidence	attachment-evidence	3071326	af81929e81f5ca5a	assets/embedded-interview/嵌入式开发，最值得精通的28个结构体/img-025.jpg
attachments-evidence	attachment-evidence	3196829	61ad73a6f0c10c12	assets/embedded-interview/嵌入式开发，最值得精通的28个结构体/img-026.jpg
attachments-evidence	attachment-evidence	2663493	6a7b4f238935348d	assets/embedded-interview/嵌入式开发，最值得精通的28个结构体/img-027.jpg
attachments-evidence	attachment-evidence	2894811	7975c35ac7ef2dd2	assets/embedded-interview/嵌入式开发，最值得精通的28个结构体/img-028.jpg
attachments-evidence	attachment-evidence	2932023	fd4165cffc9d381c	assets/embedded-interview/嵌入式系统开发，必知的10个内存管理策略/img-001.jpg
attachments-evidence	attachment-evidence	2768345	0c7530a100a2ac02	assets/embedded-interview/嵌入式系统开发，必知的10个内存管理策略/img-002.jpg
attachments-evidence	attachment-evidence	3010176	ad078094b35d50fb	assets/embedded-interview/嵌入式系统开发，必知的10个内存管理策略/img-003.jpg
attachments-evidence	attachment-evidence	3050670	71485eb705b09ffa	assets/embedded-interview/嵌入式系统开发，必知的10个内存管理策略/img-004.jpg
attachments-evidence	attachment-evidence	2994738	e0ae07f4ca07070a	assets/embedded-interview/嵌入式系统开发，必知的10个内存管理策略/img-005.jpg
attachments-evidence	attachment-evidence	2875840	ffa5bebe72da199f	assets/embedded-interview/嵌入式系统开发，必知的10个内存管理策略/img-006.jpg
attachments-evidence	attachment-evidence	2882960	b4ec83f61d3ec39d	assets/embedded-interview/嵌入式系统开发，必知的10个内存管理策略/img-007.jpg
attachments-evidence	attachment-evidence	2779971	d3aaa6e164762e6e	assets/embedded-interview/嵌入式系统开发，必知的10个内存管理策略/img-008.jpg
attachments-evidence	attachment-evidence	2756579	17c58139d796133d	assets/embedded-interview/嵌入式系统开发，必知的10个内存管理策略/img-009.jpg
attachments-evidence	attachment-evidence	2784842	bb830efd64ee02a4	assets/embedded-interview/嵌入式系统开发，必知的10个内存管理策略/img-010.jpg
attachments-evidence	attachment-evidence	2542475	a7d58c71a632b8e0	assets/embedded-interview/嵌入式系统开发，必知的10个内存管理策略/img-011.jpg
attachments-evidence	attachment-evidence	2753232	a6ec0c7b1f8ae8f0	assets/embedded-interview/嵌入式系统开发，必知的10个内存管理策略/img-012.jpg
attachments-evidence	attachment-evidence	2946303	fa99105ae9ef8750	assets/embedded-interview/嵌入式系统开发，必知的10个内存管理策略/img-013.jpg
attachments-evidence	attachment-evidence	2788842	3ac0bfb86671d16d	assets/embedded-interview/嵌入式系统开发，必知的10个内存管理策略/img-014.jpg
attachments-evidence	attachment-evidence	2887780	d6a02704acdb5243	assets/embedded-interview/嵌入式系统开发，必知的10个内存管理策略/img-015.jpg
attachments-evidence	attachment-evidence	2919409	71277014946d489a	assets/embedded-interview/嵌入式系统开发，必知的10个内存管理策略/img-016.jpg
attachments-evidence	attachment-evidence	3070013	901c33ea37039831	assets/embedded-interview/嵌入式系统开发，必知的10个内存管理策略/img-017.jpg
attachments-evidence	attachment-evidence	3079478	89f8784b155bd88a	assets/embedded-interview/嵌入式系统开发，必知的10个内存管理策略/img-018.jpg
attachments-evidence	attachment-evidence	3043809	cb9189b50ff9ce4c	assets/embedded-interview/嵌入式系统开发，必知的10个内存管理策略/img-019.jpg
attachments-evidence	attachment-evidence	2632900	55d7fddc8b75a0b0	assets/embedded-interview/嵌入式系统开发，必知的10个内存管理策略/img-020.jpg
attachments-evidence	attachment-evidence	2752834	f30428187b39de91	assets/embedded-interview/嵌入式系统开发，必知的10个内存管理策略/img-021.jpg
attachments-evidence	attachment-evidence	2732292	97cb0f68c54b100f	assets/embedded-interview/嵌入式系统开发，必知的10个内存管理策略/img-022.jpg
attachments-evidence	attachment-evidence	2735097	06f1a7caa9f08597	assets/embedded-interview/嵌入式系统开发，必知的10个内存管理策略/img-023.jpg
attachments-evidence	attachment-evidence	2719031	db7f8c9bb5c34e7c	assets/embedded-interview/嵌入式系统开发，必知的10个内存管理策略/img-024.jpg
attachments-evidence	attachment-evidence	2876130	0818acdd2262d9cf	assets/embedded-interview/嵌入式系统开发，必知的10个内存管理策略/img-025.jpg
attachments-evidence	attachment-evidence	2681985	e258077133dca5bb	assets/embedded-interview/嵌入式系统开发，必知的10个内存管理策略/img-026.jpg
attachments-evidence	attachment-evidence	2964746	ce7e19245933a93a	assets/embedded-interview/嵌入式系统开发，必知的10个内存管理策略/img-027.jpg
attachments-evidence	attachment-evidence	2891533	25582fe1a5f90c18	assets/embedded-interview/嵌入式系统开发，必知的10个内存管理策略/img-028.jpg
attachments-evidence	attachment-evidence	2917823	213fc1fcab1e302c	assets/embedded-interview/嵌入式系统开发，必知的10个内存管理策略/img-029.jpg
attachments-evidence	attachment-evidence	2790948	28c5930151b44028	assets/embedded-interview/嵌入式系统开发，必知的10个内存管理策略/img-030.jpg
attachments-evidence	attachment-evidence	3156202	4b110362bd2a6588	assets/embedded-interview/嵌入式系统开发，必知的10个内存管理策略/img-031.jpg
attachments-evidence	attachment-evidence	3164893	9b1122f644085cdf	assets/embedded-interview/嵌入式系统开发，必知的10个内存管理策略/img-032.jpg
attachments-evidence	attachment-evidence	3330197	ba667b4a4aa92003	assets/embedded-interview/嵌入式系统开发，必知的10个内存管理策略/img-033.jpg
attachments-evidence	attachment-evidence	3181327	7d540cfd97f4780f	assets/embedded-interview/嵌入式系统开发，必知的10个内存管理策略/img-034.jpg
attachments-evidence	attachment-evidence	3194712	aa76fa7bc60baaec	assets/embedded-interview/嵌入式系统开发，必知的10个内存管理策略/img-035.jpg
attachments-evidence	attachment-evidence	3261478	4d635cd9c21b8d0b	assets/embedded-interview/嵌入式系统开发，必知的10个内存管理策略/img-036.jpg
attachments-evidence	attachment-evidence	3043203	2ee1a17a670ea500	assets/embedded-interview/嵌入式系统开发，必知的10个内存管理策略/img-037.jpg
attachments-evidence	attachment-evidence	2821411	41ae2282f6d82a61	assets/embedded-interview/嵌入式系统开发，必知的10个内存管理策略/img-038.jpg
attachments-evidence	attachment-evidence	2810933	248f1e9989df68c0	assets/embedded-interview/嵌入式系统开发，必知的10个内存管理策略/img-039.jpg
attachments-evidence	attachment-evidence	2743928	38976426139de0b3	assets/embedded-interview/嵌入式系统开发，必知的10个内存管理策略/img-040.jpg
attachments-evidence	attachment-evidence	2871951	2b4ef187cee4c251	assets/embedded-interview/嵌入式系统开发，必知的10个内存管理策略/img-041.jpg
attachments-evidence	attachment-evidence	3006588	7bbd0ca00775cc25	assets/embedded-interview/嵌入式系统开发，必知的10个内存管理策略/img-042.jpg
attachments-evidence	attachment-evidence	2703629	3526f686096f4fe5	assets/embedded-interview/嵌入式系统开发，必知的10个内存管理策略/img-043.jpg
attachments-evidence	attachment-evidence	2919158	4f451c120cfd9c85	assets/embedded-interview/嵌入式系统开发，必知的10个内存管理策略/img-044.jpg
attachments-evidence	attachment-evidence	2759050	da4cecb698ad41a6	assets/embedded-interview/嵌入式系统开发，必知的10个内存管理策略/img-045.jpg
attachments-evidence	attachment-evidence	2814797	1a387f70ec91af4b	assets/embedded-interview/嵌入式系统开发，必知的10个内存管理策略/img-046.jpg
attachments-evidence	attachment-evidence	66241	2dd2ee4c50feefae	assets/feishu-freertos-source-analysis/img-001.jpg
attachments-evidence	attachment-evidence	51619	0f661ad04f0c9e38	assets/feishu-freertos-source-analysis/img-002.jpg
attachments-evidence	attachment-evidence	72950	1330a79e3e68bc3f	assets/feishu-freertos-source-analysis/img-003.jpg
attachments-evidence	attachment-evidence	57410	838433c53167ad36	assets/feishu-freertos-source-analysis/img-004.jpg
attachments-evidence	attachment-evidence	54684	642a3d6738de7532	assets/feishu-freertos-source-analysis/img-005.jpg
attachments-evidence	attachment-evidence	52656	22c1bc3e054be428	assets/feishu-freertos-source-analysis/img-006.jpg
attachments-evidence	attachment-evidence	50974	a2d826a460f2ef85	assets/feishu-freertos-source-analysis/img-007.jpg
attachments-evidence	attachment-evidence	50729	e9861afdce271fd3	assets/feishu-freertos-source-analysis/img-008.jpg
attachments-evidence	attachment-evidence	64366	507d4aa309acef26	assets/feishu-freertos-source-analysis/img-009.jpg
attachments-evidence	attachment-evidence	25847	79ca7593d949b6dd	assets/feishu-freertos-source-analysis/img-010.jpg
attachments-evidence	attachment-evidence	63485	12674a37359bb37b	assets/feishu-freertos-source-analysis/img-011.jpg
attachments-evidence	attachment-evidence	34478	4c8a03062da8c991	assets/feishu-freertos-source-analysis/img-012.jpg
attachments-evidence	attachment-evidence	78516	d26f9bd8ddacfca1	assets/feishu-freertos-source-analysis/img-013.jpg
attachments-evidence	attachment-evidence	48667	55575cad81bddb11	assets/feishu-freertos-source-analysis/img-014.jpg
attachments-evidence	attachment-evidence	67350	38d8709acd3aab81	assets/feishu-freertos-source-analysis/img-015.jpg
attachments-evidence	attachment-evidence	39393	c5afdc863f1af398	assets/feishu-freertos-source-analysis/img-016.jpg
attachments-evidence	attachment-evidence	34565	9b4720d0244ab291	assets/feishu-freertos-source-analysis/img-017.jpg
attachments-evidence	attachment-evidence	21748	3efc42087c0e63e3	assets/feishu-freertos-source-analysis/img-018.jpg
attachments-evidence	attachment-evidence	15473	b961c089d022d52b	assets/feishu-freertos-source-analysis/img-019.jpg
attachments-evidence	attachment-evidence	29408	8bed458c3254ad2c	assets/feishu-freertos-source-analysis/img-020.jpg
attachments-evidence	attachment-evidence	41201	b848d2214017cab6	assets/feishu-freertos-source-analysis/img-021.jpg
attachments-evidence	attachment-evidence	38375	75bbfbf8dc30ae43	assets/feishu-freertos-source-analysis/img-022.jpg
attachments-evidence	attachment-evidence	30792	3c768dad0002b6bd	assets/feishu-freertos-source-analysis/img-023.jpg
attachments-evidence	attachment-evidence	60667	ef38ff03161a88aa	assets/feishu-freertos-source-analysis/img-024.jpg
attachments-evidence	attachment-evidence	31114	5e2ee9ab84edd285	assets/feishu-freertos-source-analysis/img-025.jpg
attachments-evidence	attachment-evidence	26553	8e3f1c4b42ba0fd1	assets/feishu-freertos-source-analysis/img-026.jpg
attachments-evidence	attachment-evidence	19040	a19dcbf6a1ddda05	assets/feishu-freertos-source-analysis/img-027.jpg
attachments-evidence	attachment-evidence	37809	d9d45f1fe4060ead	assets/feishu-freertos-source-analysis/img-028.jpg
attachments-evidence	attachment-evidence	31753	e37763e86bb58e5c	assets/feishu-freertos-source-analysis/img-029.jpg
attachments-evidence	attachment-evidence	40049	7cefef94b475d954	assets/feishu-freertos-source-analysis/img-030.jpg
attachments-evidence	attachment-evidence	43859	d11bf44ebd45be91	assets/feishu-freertos-source-analysis/img-031.jpg
attachments-evidence	attachment-evidence	51234	4a3c6e98513ff655	assets/feishu-freertos-source-analysis/img-032.jpg
attachments-evidence	attachment-evidence	70917	bdd53f6dfe88a7cf	assets/feishu-freertos-source-analysis/img-033.jpg
attachments-evidence	attachment-evidence	83586	c8b08557d5e978dc	assets/feishu-freertos-source-analysis/img-034.jpg
attachments-evidence	attachment-evidence	81961	00fc0bd34a9d19e7	assets/feishu-freertos-source-analysis/img-035.jpg
attachments-evidence	attachment-evidence	89207	a22b27a1a8a4f9e3	assets/feishu-freertos-source-analysis/img-036.jpg
attachments-evidence	attachment-evidence	47486	78b2836838424d35	assets/feishu-freertos-source-analysis/img-037.jpg
attachments-evidence	attachment-evidence	23563	e5469922d0525717	assets/feishu-freertos-source-analysis/img-038.jpg
attachments-evidence	attachment-evidence	34804	132b50dc717ee774	assets/feishu-freertos-source-analysis/img-039.jpg
attachments-evidence	attachment-evidence	48162	6d6cecf8d641fc7f	assets/feishu-freertos-source-analysis/img-040.jpg
attachments-evidence	attachment-evidence	49331	230dc4e70737317b	assets/feishu-freertos-source-analysis/img-041.jpg
attachments-evidence	attachment-evidence	36582	8cfb98fc59619b83	assets/feishu-freertos-source-analysis/img-042.jpg
attachments-evidence	attachment-evidence	30022	cdde1be42a31ba2e	assets/feishu-freertos-source-analysis/img-043.jpg
attachments-evidence	attachment-evidence	34257	3ea487caf0210a91	assets/feishu-freertos-source-analysis/img-044.jpg
attachments-evidence	attachment-evidence	20678	e0799d0830f3dc10	assets/feishu-freertos-source-analysis/img-045.jpg
attachments-evidence	attachment-evidence	26780	21bc964bf556c6bb	assets/feishu-freertos-source-analysis/img-046.jpg
attachments-evidence	attachment-evidence	33099	e4e9fa062feae96b	assets/feishu-freertos-source-analysis/img-047.jpg
attachments-evidence	attachment-evidence	34718	808efd4bdb02f386	assets/feishu-freertos-source-analysis/img-048.jpg
attachments-evidence	attachment-evidence	28934	785eaa6cbf6cd49c	assets/feishu-freertos-source-analysis/img-049.jpg
attachments-evidence	attachment-evidence	39252	571fb0d9a921be56	assets/feishu-freertos-source-analysis/img-050.jpg
attachments-evidence	attachment-evidence	33256	f9b0e07cfb9ccf17	assets/feishu-freertos-source-analysis/img-051.jpg
attachments-evidence	attachment-evidence	41036	51f41dd9ccb6b724	assets/feishu-freertos-source-analysis/img-052.jpg
attachments-evidence	attachment-evidence	29642	47a944b422071e67	assets/feishu-freertos-source-analysis/img-053.jpg
attachments-evidence	attachment-evidence	47370	424ff94f343a4cc8	assets/feishu-freertos-source-analysis/img-054.jpg
attachments-evidence	attachment-evidence	54056	e6c70bb98dfb5e5c	assets/feishu-freertos-source-analysis/img-055.jpg
attachments-evidence	attachment-evidence	35414	69045c27e5909ccd	assets/feishu-freertos-source-analysis/img-056.jpg
attachments-evidence	attachment-evidence	43096	81184e1e6ea02047	assets/feishu-freertos-source-analysis/img-057.jpg
attachments-evidence	attachment-evidence	48400	5a3b298197a1138d	assets/feishu-freertos-source-analysis/img-058.jpg
attachments-evidence	attachment-evidence	41413	be1aab46e034bd83	assets/feishu-freertos-source-analysis/img-059.jpg
attachments-evidence	attachment-evidence	41557	63d153c1cee0abc5	assets/feishu-freertos-source-analysis/img-060.jpg
attachments-evidence	attachment-evidence	41536	19caf7379c762d5d	assets/feishu-freertos-source-analysis/img-061.jpg
attachments-evidence	attachment-evidence	52621	83afac1f88b6c8d9	assets/feishu-freertos-source-analysis/img-062.jpg
attachments-evidence	attachment-evidence	52377	01abff18bc8713a2	assets/feishu-freertos-source-analysis/img-063.jpg
attachments-evidence	attachment-evidence	37602	b908afc96bb9c75a	assets/feishu-freertos-source-analysis/img-064.jpg
attachments-evidence	attachment-evidence	31492	6395af24702c7edc	assets/feishu-freertos-source-analysis/img-065.jpg
attachments-evidence	attachment-evidence	56966	34ab78bcb7457d1f	assets/feishu-freertos-source-analysis/img-066.jpg
attachments-evidence	attachment-evidence	34313	c3ec28dae2420cb5	assets/feishu-freertos-source-analysis/img-067.jpg
attachments-evidence	attachment-evidence	54137	d9a3839fadc6d110	assets/feishu-freertos-source-analysis/img-068.jpg
attachments-evidence	attachment-evidence	20239	037f34c7ae5cb19d	assets/feishu-freertos-source-analysis/img-069.jpg
attachments-evidence	attachment-evidence	52861	9da5a92fff5de258	assets/feishu-freertos-source-analysis/img-070.jpg
attachments-evidence	attachment-evidence	58842	ca8ac6d65fafa6c9	assets/feishu-freertos-source-analysis/img-071.jpg
attachments-evidence	attachment-evidence	90814	d3a2a8a21bfd8cf9	assets/feishu-freertos-source-analysis/img-072.jpg
attachments-evidence	attachment-evidence	41370	c43e017a30f2d473	assets/feishu-freertos-source-analysis/img-073.jpg
attachments-evidence	attachment-evidence	34311	6ee2fc1f01782f20	assets/feishu-freertos-source-analysis/img-074.jpg
attachments-evidence	attachment-evidence	44154	1311500abf7c4c93	assets/feishu-freertos-source-analysis/img-075.jpg
attachments-evidence	attachment-evidence	33326	624764b8767e2981	assets/feishu-freertos-source-analysis/img-076.jpg
attachments-evidence	attachment-evidence	29553	5fa6677e971e19d0	assets/feishu-freertos-source-analysis/img-077.jpg
attachments-evidence	attachment-evidence	43089	93e8fd89cc8ab007	assets/feishu-freertos-source-analysis/img-078.jpg
attachments-evidence	attachment-evidence	33937	b588a3d38c270d22	assets/feishu-freertos-source-analysis/img-079.jpg
attachments-evidence	attachment-evidence	43221	328ac77a9a9f4d46	assets/feishu-freertos-source-analysis/img-080.jpg
attachments-evidence	attachment-evidence	44756	b7c7ba0588f14dec	assets/feishu-freertos-source-analysis/img-081.jpg
attachments-evidence	attachment-evidence	43339	767cc0d18c9a59ca	assets/feishu-freertos-source-analysis/img-082.jpg
attachments-evidence	attachment-evidence	46311	87a77d9f6bf8981f	assets/feishu-freertos-source-analysis/img-083.jpg
attachments-evidence	attachment-evidence	37849	3eb907e3cacf3b17	assets/feishu-freertos-source-analysis/img-084.jpg
attachments-evidence	attachment-evidence	51817	92c259343bc5940e	assets/feishu-freertos-source-analysis/img-085.jpg
attachments-evidence	attachment-evidence	53723	463640d2b2946f1a	assets/feishu-freertos-source-analysis/img-086.jpg
attachments-evidence	attachment-evidence	54326	fea3a457b1daa87e	assets/feishu-freertos-source-analysis/img-087.jpg
attachments-evidence	attachment-evidence	62311	93f7038c3e448a8b	assets/feishu-freertos-source-analysis/img-088.jpg
attachments-evidence	attachment-evidence	52551	39883dcb28f23420	assets/feishu-freertos-source-analysis/img-089.jpg
attachments-evidence	attachment-evidence	65142	d5b700cf97bff8b9	assets/feishu-freertos-source-analysis/img-090.jpg
attachments-evidence	attachment-evidence	35863	01db00d65e6d582c	assets/feishu-freertos-source-analysis/img-091.jpg
attachments-evidence	attachment-evidence	36907	7379687011afeeba	assets/feishu-freertos-source-analysis/img-092.jpg
attachments-evidence	attachment-evidence	41533	1e2773aac5c229e3	assets/feishu-freertos-source-analysis/img-093.jpg
attachments-evidence	attachment-evidence	22698	6be961154e3989b8	assets/feishu-freertos-source-analysis/img-094.jpg
attachments-evidence	attachment-evidence	54485	900a910edb0be8b5	assets/feishu-freertos-source-analysis/img-095.jpg
attachments-evidence	attachment-evidence	36312	cc5c4a719b5fba11	assets/feishu-freertos-source-analysis/img-096.jpg
attachments-evidence	attachment-evidence	45356	30578a35e30e20ec	assets/feishu-freertos-source-analysis/img-097.jpg
attachments-evidence	attachment-evidence	19846	48181284df2658de	assets/feishu-freertos-source-analysis/img-098.jpg
attachments-evidence	attachment-evidence	20096	5eda92981882a84f	assets/feishu-freertos-source-analysis/img-099.jpg
attachments-evidence	attachment-evidence	47924	1e8449d07513b482	assets/feishu-freertos-source-analysis/img-100.jpg
attachments-evidence	attachment-evidence	73956	34f7fd19d07754c2	assets/feishu-freertos-source-analysis/img-101.jpg
attachments-evidence	attachment-evidence	48040	5bdf49fedcc6f45f	assets/feishu-freertos-source-analysis/img-102.jpg
attachments-evidence	attachment-evidence	69987	ca8fe59824fdaac5	assets/feishu-freertos-source-analysis/img-103.jpg
attachments-evidence	attachment-evidence	88223	e962cdd659e634d6	assets/feishu-freertos-source-analysis/img-104.jpg
attachments-evidence	attachment-evidence	28147	51409298cfca069a	assets/feishu-freertos-source-analysis/img-105.jpg
attachments-evidence	attachment-evidence	25634	329a4df2f607c1f6	assets/feishu-freertos-source-analysis/img-106.jpg
attachments-evidence	attachment-evidence	34402	a05a636601a534b8	assets/feishu-freertos-source-analysis/img-107.jpg
attachments-evidence	attachment-evidence	68103	2fe024f6316c66e2	assets/feishu-freertos-source-analysis/img-108.jpg
attachments-evidence	attachment-evidence	64977	c0d60ae618b18cac	assets/feishu-freertos-source-analysis/img-109.jpg
attachments-evidence	attachment-evidence	33871	cbb68b85af856fae	assets/feishu-freertos-source-analysis/img-110.jpg
attachments-evidence	attachment-evidence	58251	bb89de8b88bde0bd	assets/feishu-freertos-source-analysis/img-111.jpg
attachments-evidence	attachment-evidence	21826	dfbd161d97710d8d	assets/feishu-freertos-source-analysis/img-112.jpg
attachments-evidence	attachment-evidence	23643	bf202fbd933923ac	assets/feishu-freertos-source-analysis/img-113.jpg
attachments-evidence	attachment-evidence	57581	871b4b9f9443f529	assets/feishu-freertos-source-analysis/img-114.jpg
attachments-evidence	attachment-evidence	14697	e30b41c10b28db73	assets/feishu-freertos-source-analysis/img-115.jpg
attachments-evidence	attachment-evidence	22722	761b1f5ee68f4c0c	assets/feishu-freertos-source-analysis/img-116.jpg
attachments-evidence	attachment-evidence	25586	504a0d704dae4935	assets/feishu-freertos-source-analysis/img-117.jpg
attachments-evidence	attachment-evidence	48874	85d3c828746f6a07	assets/feishu-freertos-source-analysis/img-118.jpg
attachments-evidence	attachment-evidence	31753	e37763e86bb58e5c	assets/feishu-freertos-source-analysis/img-119.jpg
attachments-evidence	attachment-evidence	26223	d236fcaaf12fac7d	assets/feishu-freertos-source-analysis/img-120.jpg
attachments-evidence	attachment-evidence	22102	3956ee19d32ee392	assets/feishu-freertos-source-analysis/img-121.jpg
attachments-evidence	attachment-evidence	77279	53c0ae79fa9e1d32	assets/feishu-freertos-source-analysis/img-122.jpg
attachments-evidence	attachment-evidence	40084	967f7e50c1fc567e	assets/feishu-freertos-source-analysis/img-123.jpg
attachments-evidence	attachment-evidence	23685	819413bb949f0349	assets/feishu-freertos-source-analysis/img-124.jpg
attachments-evidence	attachment-evidence	40057	e348489f931dc5d3	assets/feishu-freertos-source-analysis/img-125.jpg
attachments-evidence	attachment-evidence	28542	97a6e3ce530d4a9a	assets/feishu-freertos-source-analysis/img-126.jpg
attachments-evidence	attachment-evidence	58281	2b75108764d56a99	assets/feishu-freertos-source-analysis/img-127.jpg
attachments-evidence	attachment-evidence	37685	dd2d242c5046066c	assets/feishu-freertos-source-analysis/img-128.jpg
attachments-evidence	attachment-evidence	43858	618122c8bee026bf	assets/feishu-freertos-source-analysis/img-129.jpg
attachments-evidence	attachment-evidence	38963	7402885d53ce3379	assets/feishu-freertos-source-analysis/img-130.jpg
attachments-evidence	attachment-evidence	23991	641cb657de77b9a9	assets/feishu-freertos-source-analysis/img-131.jpg
attachments-evidence	attachment-evidence	44777	b97f36089408465a	assets/feishu-freertos-source-analysis/img-132.jpg
attachments-evidence	attachment-evidence	38008	feafabc2213abf9a	assets/feishu-freertos-source-analysis/img-133.jpg
attachments-evidence	attachment-evidence	66435	d61da860a7be77a3	assets/feishu-freertos-source-analysis/img-134.jpg
attachments-evidence	attachment-evidence	15865	4afe594507d42482	assets/feishu-freertos-source-analysis/img-135.jpg
attachments-evidence	attachment-evidence	20944	bd4978cede0141a4	assets/feishu-freertos-source-analysis/img-136.jpg
attachments-evidence	attachment-evidence	26405	8fe6fa64e592f3c8	assets/feishu-freertos-source-analysis/img-137.jpg
attachments-evidence	attachment-evidence	22907	b89ba72ee02be272	assets/feishu-freertos-source-analysis/img-138.jpg
attachments-evidence	attachment-evidence	34150	da82f22b81c7776b	assets/feishu-freertos-source-analysis/img-139.jpg
attachments-evidence	attachment-evidence	51108	da0fe05a79923bb2	assets/feishu-freertos-source-analysis/img-140.jpg
attachments-evidence	attachment-evidence	79459	4f28cf287e73a0bc	assets/feishu-freertos-source-analysis/img-141.jpg
attachments-evidence	attachment-evidence	63328	5ac1ba03fa76d758	assets/feishu-freertos-source-analysis/img-142.jpg
attachments-evidence	attachment-evidence	16469	f53c86ea96d22577	assets/feishu-freertos-source-analysis/img-143.jpg
attachments-evidence	attachment-evidence	17971	4597fdf8da9932ba	assets/feishu-freertos-source-analysis/img-144.jpg
attachments-evidence	attachment-evidence	23233	df582eaafaa801ef	assets/feishu-freertos-source-analysis/img-145.jpg
attachments-evidence	attachment-evidence	51443	1838e330c61c26c5	assets/feishu-freertos-source-analysis/img-146.jpg
attachments-evidence	attachment-evidence	38424	ecdc8af81feefff6	assets/feishu-freertos-source-analysis/img-147.jpg
attachments-evidence	attachment-evidence	41334	6e1f8ebf959264d2	assets/feishu-freertos-source-analysis/img-148.jpg
attachments-evidence	attachment-evidence	61789	0c641f34064c82bc	assets/feishu-freertos-source-analysis/img-149.jpg
attachments-evidence	attachment-evidence	34661	d4d8cbe9816296ad	assets/feishu-freertos-source-analysis/img-150.jpg
attachments-evidence	attachment-evidence	21030	23e7655e9900fd24	assets/feishu-freertos-source-analysis/img-151.jpg
attachments-evidence	attachment-evidence	15507	332627c40db32fe1	assets/feishu-freertos-source-analysis/img-152.jpg
attachments-evidence	attachment-evidence	44240	441603df65873912	assets/feishu-freertos-source-analysis/img-153.jpg
attachments-evidence	attachment-evidence	38382	e6d2a06fbf12c5d1	assets/feishu-freertos-source-analysis/img-154.jpg
attachments-evidence	attachment-evidence	20948	cb95867a1d090056	assets/feishu-freertos-source-analysis/img-155.jpg
attachments-evidence	attachment-evidence	55376	6d67fc02db4f236a	assets/feishu-freertos-source-analysis/img-156.jpg
attachments-evidence	attachment-evidence	19275	c30c10940c4ef755	assets/feishu-freertos-source-analysis/img-157.jpg
attachments-evidence	attachment-evidence	44950	eb96df3f46669c43	assets/feishu-freertos-source-analysis/img-158.jpg
attachments-evidence	attachment-evidence	27754	701203b47c0fca3a	assets/feishu-freertos-source-analysis/img-159.jpg
attachments-evidence	attachment-evidence	29727	f58a838695c4c510	assets/feishu-freertos-source-analysis/img-160.jpg
attachments-evidence	attachment-evidence	38771	02453111faa27317	assets/feishu-freertos-source-analysis/img-161.jpg
attachments-evidence	attachment-evidence	16274	62d2f0298fb5363c	assets/feishu-freertos-source-analysis/img-162.jpg
attachments-evidence	attachment-evidence	49808	5ea8866514377559	assets/feishu-freertos-source-analysis/img-163.jpg
attachments-evidence	attachment-evidence	70293	049e888221fd2d93	assets/feishu-freertos-source-analysis/img-164.jpg
attachments-evidence	attachment-evidence	44254	8310d090475fec4d	assets/feishu-freertos-source-analysis/img-165.jpg
attachments-evidence	attachment-evidence	22074	c495d8078c170f9b	assets/feishu-freertos-source-analysis/img-166.jpg
attachments-evidence	attachment-evidence	52278	c49c2223f05fb353	assets/feishu-freertos-source-analysis/img-167.jpg
attachments-evidence	attachment-evidence	59648	e6e83930e6f373d1	assets/feishu-freertos-source-analysis/img-168.jpg
attachments-evidence	attachment-evidence	51735	6478ef9317a24272	assets/feishu-freertos-source-analysis/img-169.jpg
attachments-evidence	attachment-evidence	21608	f1ec07b0faed7a2e	assets/feishu-freertos-source-analysis/img-170.jpg
attachments-evidence	attachment-evidence	44401	d55728c664bbe159	assets/feishu-freertos-source-analysis/img-171.jpg
attachments-evidence	attachment-evidence	24656	0169159e03369ec5	assets/feishu-freertos-source-analysis/img-172.jpg
attachments-evidence	attachment-evidence	66738	f12f861a4cb054b8	assets/feishu-freertos-source-analysis/img-173.jpg
attachments-evidence	attachment-evidence	58237	cdc94cb25f65993c	assets/feishu-freertos-source-analysis/img-174.jpg
attachments-evidence	attachment-evidence	38448	99244d4742342141	assets/feishu-freertos-source-analysis/img-175.jpg
attachments-evidence	attachment-evidence	20409	bcdf4d96770b8765	assets/feishu-freertos-source-analysis/img-176.jpg
attachments-evidence	attachment-evidence	46754	1a20782c19ceae22	assets/feishu-freertos-source-analysis/img-177.jpg
attachments-evidence	attachment-evidence	58275	b28b9828540ee58a	assets/feishu-freertos-source-analysis/img-178.jpg
attachments-evidence	attachment-evidence	22548	694b12485dca38ae	assets/feishu-freertos-source-analysis/img-179.jpg
attachments-evidence	attachment-evidence	77063	9867098c8ab2ef59	assets/feishu-freertos-source-analysis/img-180.jpg
attachments-evidence	attachment-evidence	55244	02ad2c373dd63333	assets/feishu-freertos-source-analysis/img-181.jpg
attachments-evidence	attachment-evidence	63022	98d24364df8db935	assets/feishu-freertos-source-analysis/img-182.jpg
attachments-evidence	attachment-evidence	57860	a2a86a7a0a7190df	assets/feishu-freertos-source-analysis/img-183.jpg
attachments-evidence	attachment-evidence	52246	925b2310dad95b3a	assets/feishu-freertos-source-analysis/img-184.jpg
attachments-evidence	attachment-evidence	40233	78f7ba222922f640	assets/feishu-freertos-source-analysis/img-185.jpg
attachments-evidence	attachment-evidence	49632	fff2492b9a00f19f	assets/feishu-freertos-source-analysis/img-186.jpg
attachments-evidence	attachment-evidence	52220	5cd35d322ce92927	assets/feishu-freertos-source-analysis/img-187.jpg
attachments-evidence	attachment-evidence	25572	91a4e7c2338b482e	assets/feishu-freertos-source-analysis/img-188.jpg
attachments-evidence	attachment-evidence	46280	96139cc20d7c2386	assets/feishu-freertos-source-analysis/img-189.jpg
attachments-evidence	attachment-evidence	60349	578a45f632a8f58f	assets/feishu-freertos-source-analysis/img-190.jpg
attachments-evidence	attachment-evidence	20871	ddb13fdaac25cb56	assets/feishu-freertos-source-analysis/img-191.jpg
attachments-evidence	attachment-evidence	30571	b582106bbe78cf48	assets/feishu-freertos-source-analysis/img-192.jpg
attachments-evidence	attachment-evidence	20064	36d3bc02c64352f2	assets/feishu-freertos-source-analysis/img-193.jpg
attachments-evidence	attachment-evidence	53428	763b791abca0c2fb	assets/feishu-freertos-source-analysis/img-194.jpg
attachments-evidence	attachment-evidence	48552	1659e7cb15906068	assets/feishu-freertos-source-analysis/img-195.jpg
attachments-evidence	attachment-evidence	42176	3fedf10a4dbffe32	assets/feishu-freertos-source-analysis/img-196.jpg
attachments-evidence	attachment-evidence	17177	996af61a5dbd2134	assets/feishu-freertos-source-analysis/img-197.jpg
attachments-evidence	attachment-evidence	67312	e796a9a7a4810d8d	assets/feishu-freertos-source-analysis/img-198.jpg
attachments-evidence	attachment-evidence	58179	ae728af3751583df	assets/feishu-freertos-source-analysis/img-199.jpg
attachments-evidence	attachment-evidence	52300	00b12d5e7792cffc	assets/feishu-freertos-source-analysis/img-200.jpg
attachments-evidence	attachment-evidence	53692	0858afe1bde97f91	assets/feishu-freertos-source-analysis/img-201.jpg
attachments-evidence	attachment-evidence	14574	d4ae1d4c86817381	assets/feishu-freertos-source-analysis/img-202.jpg
attachments-evidence	attachment-evidence	57089	36d5765174e23ba9	assets/feishu-freertos-source-analysis/img-203.jpg
attachments-evidence	attachment-evidence	55506	08017423b49edde0	assets/feishu-freertos-source-analysis/img-204.jpg
attachments-evidence	attachment-evidence	61411	93b9fbb434998d69	assets/feishu-freertos-source-analysis/img-205.jpg
attachments-evidence	attachment-evidence	43301	42fb0e2a8ff5cbf4	assets/feishu-freertos-source-analysis/img-206.jpg
attachments-evidence	attachment-evidence	23394	4c6d3f22d3574652	assets/feishu-freertos-source-analysis/img-207.jpg
attachments-evidence	attachment-evidence	76365	2a78e3d3aa97a26c	assets/feishu-freertos-source-analysis/img-208.jpg
attachments-evidence	attachment-evidence	46264	4ee6928f1f0909ac	assets/feishu-freertos-source-analysis/img-209.jpg
attachments-evidence	attachment-evidence	48558	83be553763410f97	assets/feishu-freertos-source-analysis/img-210.jpg
attachments-evidence	attachment-evidence	17471	8f3c2cfaff0a3716	assets/feishu-freertos-source-analysis/img-211.jpg
attachments-evidence	attachment-evidence	65863	b982ffd043464330	assets/feishu-freertos-source-analysis/img-212.jpg
attachments-evidence	attachment-evidence	52348	d785530984e5bcde	assets/feishu-freertos-source-analysis/img-213.jpg
attachments-evidence	attachment-evidence	45145	d3beeefed61e1d05	assets/feishu-freertos-source-analysis/img-214.jpg
attachments-evidence	attachment-evidence	46477	9c15fb25ad739076	assets/feishu-freertos-source-analysis/img-215.jpg
attachments-evidence	attachment-evidence	27999	371b6d94305a53bf	assets/feishu-freertos-source-analysis/img-216.jpg
attachments-evidence	attachment-evidence	54306	d7689845ff27b24f	assets/feishu-freertos-source-analysis/img-217.jpg
attachments-evidence	attachment-evidence	42960	7734b8dd768a733a	assets/feishu-freertos-source-analysis/img-218.jpg
attachments-evidence	attachment-evidence	49905	c8e0a0857950ad07	assets/feishu-freertos-source-analysis/img-219.jpg
attachments-evidence	attachment-evidence	12937	7c3707d5458cf187	assets/feishu-freertos-source-analysis/img-220.jpg
attachments-evidence	attachment-evidence	18794	2c42aa552bcc4b41	assets/feishu-freertos-source-analysis/img-221.jpg
attachments-evidence	attachment-evidence	94713	aea82e148f3b5315	assets/feishu-freertos-source-analysis/img-222.jpg
attachments-evidence	attachment-evidence	20918	a6d6976a2f880c5e	assets/feishu-freertos-source-analysis/img-223.jpg
attachments-evidence	attachment-evidence	21237	e7cf89b0ad1b5503	assets/feishu-freertos-source-analysis/img-224.jpg
attachments-evidence	attachment-evidence	72589	7458c1911c8e4b02	assets/feishu-freertos-source-analysis/img-225.jpg
attachments-evidence	attachment-evidence	65509	57714b945381a533	assets/feishu-freertos-source-analysis/img-226.jpg
attachments-evidence	attachment-evidence	20057	c76d49a806d4c4ca	assets/feishu-freertos-source-analysis/img-227.jpg
attachments-evidence	attachment-evidence	90033	b54945502d3fa759	assets/feishu-freertos-source-analysis/img-228.jpg
attachments-evidence	attachment-evidence	52497	f7977e9e9d0a5eb6	assets/feishu-freertos-source-analysis/img-229.jpg
attachments-evidence	attachment-evidence	17397	daaf350a7e112017	assets/feishu-freertos-source-analysis/img-230.jpg
attachments-evidence	attachment-evidence	24970	bbfd651bbd7f191d	assets/feishu-freertos-source-analysis/img-231.jpg
attachments-evidence	attachment-evidence	68820	e6699f1d4a5bbc46	assets/feishu-freertos-source-analysis/img-232.jpg
attachments-evidence	attachment-evidence	67214	7cd2510173709cc5	assets/feishu-freertos-source-analysis/img-233.jpg
attachments-evidence	attachment-evidence	62096	51157baf8a86ea6b	assets/feishu-freertos-source-analysis/img-234.jpg
attachments-evidence	attachment-evidence	45373	5693f0359ae610f6	assets/feishu-freertos-source-analysis/img-235.jpg
attachments-evidence	attachment-evidence	22690	802a7e9cfddbea83	assets/feishu-freertos-source-analysis/img-236.jpg
attachments-evidence	attachment-evidence	17302	4bbdea9e0f3899b3	assets/feishu-freertos-source-analysis/img-237.jpg
attachments-evidence	attachment-evidence	71653	1ac405fda1531db5	assets/feishu-freertos-source-analysis/img-238.jpg
attachments-evidence	attachment-evidence	59735	1faacb51f5ad539e	assets/feishu-freertos-source-analysis/img-239.jpg
attachments-evidence	attachment-evidence	19057	3c35ff463dc6cf9b	assets/feishu-freertos-source-analysis/img-240.jpg
attachments-evidence	attachment-evidence	72694	81edc3f1edcc070a	assets/feishu-freertos-source-analysis/img-241.jpg
attachments-evidence	attachment-evidence	74137	27591580cbe69723	assets/feishu-freertos-source-analysis/img-242.jpg
attachments-evidence	attachment-evidence	77007	943ffd7b49ec4f59	assets/feishu-freertos-source-analysis/img-243.jpg
attachments-evidence	attachment-evidence	20428	8e49648790753cab	assets/feishu-freertos-source-analysis/img-244.jpg
attachments-evidence	attachment-evidence	19831	92db34cc5e219cd5	assets/feishu-freertos-source-analysis/img-245.jpg
attachments-evidence	attachment-evidence	23174	b678dcd4a5a87adc	assets/feishu-freertos-source-analysis/img-246.jpg
attachments-evidence	attachment-evidence	73476	935a57000beb31a2	assets/feishu-freertos-source-analysis/img-247.jpg
attachments-evidence	attachment-evidence	17247	addc2d743491e138	assets/feishu-freertos-source-analysis/img-248.jpg
attachments-evidence	attachment-evidence	88518	23363e3a64a7d5ff	assets/feishu-freertos-source-analysis/img-249.jpg
attachments-evidence	attachment-evidence	20970	ca395b3c2efbe96b	assets/feishu-freertos-source-analysis/img-250.jpg
attachments-evidence	attachment-evidence	65987	65717096dd7ce3c5	assets/feishu-freertos-source-analysis/img-251.jpg
attachments-evidence	attachment-evidence	60760	7d14c4998fbedcd2	assets/feishu-freertos-source-analysis/img-252.jpg
attachments-evidence	attachment-evidence	32480	8ec5a6a43f3243e9	assets/feishu-freertos-source-analysis/img-253.jpg
attachments-evidence	attachment-evidence	56515	51d589f86f6facf7	assets/feishu-freertos-source-analysis/img-254.jpg
attachments-evidence	attachment-evidence	69274	b1529c5619842e21	assets/feishu-freertos-source-analysis/img-255.jpg
attachments-evidence	attachment-evidence	29191	45c0006a198984d8	assets/feishu-stm32-freertos-smoke-control/feishu-image-0117.png
attachments-evidence	attachment-evidence	62162	d2124cac043c02af	assets/feishu-stm32-freertos-smoke-control/feishu-image-0120.png
attachments-evidence	attachment-evidence	31363	46992ef7307e5a7e	assets/feishu-stm32-freertos-smoke-control/feishu-image-0123.png
attachments-evidence	attachment-evidence	39940	899e07f7897e98be	assets/feishu-stm32-freertos-smoke-control/feishu-image-0127.png
attachments-evidence	attachment-evidence	18385	0c4cb772c4c16aea	assets/feishu-stm32-freertos-smoke-control/feishu-image-0130.png
attachments-evidence	attachment-evidence	55120	e99cb5fb34e8f391	assets/feishu-stm32-freertos-smoke-control/feishu-image-0165.png
attachments-evidence	attachment-evidence	51806	b2ce9aacfba8c040	assets/feishu-stm32-freertos-smoke-control/feishu-image-0170.png
attachments-evidence	attachment-evidence	36345	a76735cfe0c0caec	assets/feishu-stm32-freertos-smoke-control/feishu-image-0171.png
attachments-evidence	attachment-evidence	134088	edb575c8ff403540	assets/feishu-stm32-freertos-smoke-control/feishu-image-0174.png
attachments-evidence	attachment-evidence	58260	478f3cf3f969663d	assets/feishu-stm32-freertos-smoke-control/feishu-image-0179.png
attachments-evidence	attachment-evidence	18187	4ad613ed1d917911	assets/feishu-stm32-freertos-smoke-control/feishu-image-0209.png
attachments-evidence	attachment-evidence	59633	f1600e2f173bce0d	assets/feishu-stm32-freertos-smoke-control/feishu-image-0213.png
attachments-evidence	attachment-evidence	26533	e9f59068b1ea5b1a	assets/feishu-stm32-freertos-smoke-control/feishu-image-0217.png
attachments-evidence	attachment-evidence	47629	7a4c62c7926435bf	assets/feishu-stm32-freertos-smoke-control/feishu-image-0222.png
attachments-evidence	attachment-evidence	19988	11b785f40153cf58	assets/feishu-stm32-freertos-smoke-control/feishu-image-0226.png
attachments-evidence	attachment-evidence	27301	8381214153979fbd	assets/feishu-stm32-freertos-smoke-control/feishu-image-0231.png
attachments-evidence	attachment-evidence	24079	600039da9824369b	assets/feishu-stm32-freertos-smoke-control/feishu-image-0237.png
attachments-evidence	attachment-evidence	54343	9c20a69f77fd00c3	assets/feishu-stm32-freertos-smoke-control/feishu-image-0242.png
attachments-evidence	attachment-evidence	23536	fae2d9ea0fad4b7b	assets/feishu-stm32-freertos-smoke-control/feishu-image-0247.png
attachments-evidence	attachment-evidence	71665	ab17e4d1045efba2	assets/feishu-stm32-freertos-smoke-control/feishu-image-0262.png
attachments-evidence	attachment-evidence	29478	f57153c63e7099a2	assets/feishu-stm32-freertos-smoke-control/feishu-image-0267.png
attachments-evidence	attachment-evidence	55470	c09807a7695de57c	assets/feishu-stm32-freertos-smoke-control/feishu-image-0273.png
attachments-evidence	attachment-evidence	16753	9d532327189b54e3	assets/feishu-stm32-freertos-smoke-control/feishu-image-0279.png
attachments-evidence	attachment-evidence	21556	5aa59c072c0b4cee	assets/feishu-stm32-freertos-smoke-control/feishu-image-0282.png
attachments-evidence	attachment-evidence	63335	e6c032c9c7f9fff8	assets/feishu-stm32-freertos-smoke-control/feishu-image-0286.png
attachments-evidence	attachment-evidence	18316	2796aa6fd17486ba	assets/feishu-stm32-freertos-smoke-control/feishu-image-0289.png
attachments-evidence	attachment-evidence	26362	2ea4c1b87de65bca	assets/feishu-stm32-freertos-smoke-control/feishu-image-0295.png
attachments-evidence	attachment-evidence	33670	df2185f73af9f53b	assets/feishu-stm32-freertos-smoke-control/feishu-image-0301.png
attachments-evidence	attachment-evidence	82333	5f296b3fa3d47bd6	assets/feishu-stm32-freertos-smoke-control/feishu-image-0310.png
attachments-evidence	attachment-evidence	91595	301fca3bfedeab05	assets/feishu-stm32-freertos-smoke-control/feishu-image-0316.png
attachments-evidence	attachment-evidence	40511	c7fbbdf6dc9242de	assets/feishu-stm32-freertos-smoke-control/feishu-image-0322.png
attachments-evidence	attachment-evidence	40501	ff28292756f66367	assets/feishu-stm32-freertos-smoke-control/feishu-image-0324.png
attachments-evidence	attachment-evidence	67719	8e8abc118bc31797	assets/feishu-stm32-freertos-smoke-control/feishu-image-0333.png
attachments-evidence	attachment-evidence	44157	687dddeeee9b4fcc	assets/feishu-stm32-freertos-smoke-control/feishu-image-0337.png
attachments-evidence	attachment-evidence	45188	32d3a722a594ee16	assets/feishu-stm32-freertos-smoke-control/feishu-image-0340.png
attachments-evidence	attachment-evidence	66107	9a75b1e7b1874e80	assets/feishu-stm32-freertos-smoke-control/feishu-image-0344.png
attachments-evidence	attachment-evidence	71787	675e5f1f7aa217d3	assets/feishu-stm32-freertos-smoke-control/feishu-image-0348.png
attachments-evidence	attachment-evidence	69936	6cf142be75533086	assets/feishu-stm32-freertos-smoke-control/feishu-image-0354.png
attachments-evidence	attachment-evidence	75266	d4a4cc9c182fb886	assets/feishu-stm32-freertos-smoke-control/feishu-image-0358.png
attachments-evidence	attachment-evidence	56678	bb281dda143f1331	assets/feishu-stm32-freertos-smoke-control/feishu-image-0362.png
attachments-evidence	attachment-evidence	34803	09375ac5a9dcd0b1	assets/feishu-stm32-freertos-smoke-control/feishu-image-0366.png
attachments-evidence	attachment-evidence	325379	be931ecdb50e8ad3	assets/feishu-stm32-freertos-smoke-control/feishu-image-0372.png
attachments-evidence	attachment-evidence	83439	41de38852e4ce6f9	assets/feishu-stm32-freertos-smoke-control/feishu-image-0377.png
attachments-evidence	attachment-evidence	72146	4eafadfc59e1fe62	assets/feishu-stm32-freertos-smoke-control/feishu-image-0382.png
attachments-evidence	attachment-evidence	79057	cdc25eac9a70bce0	assets/feishu-stm32-freertos-smoke-control/feishu-image-0386.png
attachments-evidence	attachment-evidence	15410	53f5939e892f6284	assets/feishu-stm32-freertos-smoke-control/feishu-image-0390.png
attachments-evidence	attachment-evidence	86782	a1175ca6716f3b71	assets/feishu-stm32-freertos-smoke-control/feishu-image-0396.png
attachments-evidence	attachment-evidence	147563	8c8b86f830c43a43	assets/feishu-stm32-freertos-smoke-control/feishu-image-0423.png
attachments-evidence	attachment-evidence	38987	138b0e4afd6b4908	assets/feishu-stm32-freertos-smoke-control/feishu-image-0426.png
attachments-evidence	attachment-evidence	25488	330f37e9313731b3	assets/feishu-stm32-freertos-smoke-control/feishu-image-0430.png
attachments-evidence	attachment-evidence	111859	ae8315692ee1d00c	assets/feishu-stm32-freertos-smoke-control/feishu-image-0433.png
attachments-evidence	attachment-evidence	11956	13a04ea16935d3b0	assets/feishu-stm32-freertos-smoke-control/feishu-image-0436.png
attachments-evidence	attachment-evidence	25266	2dbe3844e0651c11	assets/feishu-stm32-freertos-smoke-control/feishu-image-0440.png
attachments-evidence	attachment-evidence	10314	86c0ed6398ed5ef9	assets/feishu-stm32-freertos-smoke-control/feishu-image-0446.png
attachments-evidence	attachment-evidence	43850	6e2d216050347032	assets/feishu-stm32-freertos-smoke-control/feishu-image-0455.png
attachments-evidence	attachment-evidence	72072	18a2c3d2eb03ce24	assets/feishu-stm32-freertos-smoke-control/feishu-image-0460.png
attachments-evidence	attachment-evidence	24368	71a6d8da64a7b5d5	assets/feishu-stm32-freertos-smoke-control/feishu-image-0462.png
attachments-evidence	attachment-evidence	43514	d120146c50dcffbb	assets/feishu-stm32-freertos-smoke-control/feishu-image-0468.png
attachments-evidence	attachment-evidence	44521	468c7a2c68e02b0b	assets/feishu-stm32-freertos-smoke-control/feishu-image-0487.png
attachments-evidence	attachment-evidence	57239	0932130007a54df0	assets/feishu-stm32-freertos-smoke-control/feishu-image-0491.png
attachments-evidence	attachment-evidence	29213	0760d90a36f48324	assets/feishu-stm32-freertos-smoke-control/feishu-image-0504.png
attachments-evidence	attachment-evidence	38223	0211a2cc8579cfc0	assets/feishu-stm32-freertos-smoke-control/feishu-image-0518.png
attachments-evidence	attachment-evidence	27916	5187d5e062f6253f	assets/feishu-stm32-freertos-smoke-control/feishu-image-0523.png
attachments-evidence	attachment-evidence	28411	178b9466062a3a32	assets/feishu-stm32-freertos-smoke-control/feishu-image-0526.png
attachments-evidence	attachment-evidence	60143	c5487374bf8d224a	assets/feishu-stm32-freertos-smoke-control/feishu-image-0531.png
attachments-evidence	attachment-evidence	30808	589c6b3750ecefa5	assets/feishu-stm32-freertos-smoke-control/feishu-image-0532.png
attachments-evidence	attachment-evidence	74151	d236f3d88a787d73	assets/feishu-stm32-freertos-smoke-control/feishu-image-0537.png
attachments-evidence	attachment-evidence	43597	f2b96e3517a6cacd	assets/feishu-stm32-freertos-smoke-control/feishu-image-0542.png
attachments-evidence	attachment-evidence	31917	bf6c296152d050e0	assets/feishu-stm32-freertos-smoke-control/feishu-image-0545.png
attachments-evidence	attachment-evidence	21512	83b2312892606d91	assets/feishu-stm32-freertos-smoke-control/feishu-image-0550.png
attachments-evidence	attachment-evidence	65068	60cbe89f24c233ed	assets/feishu-stm32-freertos-smoke-control/feishu-image-0556.png
attachments-evidence	attachment-evidence	74043	dd135da648e2a5f2	assets/feishu-stm32-freertos-smoke-control/feishu-image-0559.png
attachments-evidence	attachment-evidence	31653	8990cdd8fca9a34f	assets/feishu-stm32-freertos-smoke-control/feishu-image-0566.png
attachments-evidence	attachment-evidence	69103	a9cc59284cdd1c16	assets/feishu-stm32-freertos-smoke-control/feishu-image-0578.png
attachments-evidence	attachment-evidence	22801	3654f5ecff420848	assets/feishu-stm32-freertos-smoke-control/feishu-image-0581.png
attachments-evidence	attachment-evidence	19595	6925e315e71d54d3	assets/feishu-stm32-freertos-smoke-control/feishu-image-0584.png
attachments-evidence	attachment-evidence	73636	8b4fa8999a281f0d	assets/feishu-stm32-freertos-smoke-control/feishu-image-0590.png
attachments-evidence	attachment-evidence	134292	da117e071cbea213	assets/feishu-stm32-freertos-smoke-control/feishu-image-0595.png
attachments-evidence	attachment-evidence	59627	eb6d4d671d431287	assets/feishu-stm32-freertos-smoke-control/feishu-image-0598.png
attachments-evidence	attachment-evidence	82663	490ed83fc3b34fd9	assets/feishu-stm32-freertos-smoke-control/feishu-image-0601.png
attachments-evidence	attachment-evidence	37712	acc27d2d4bd21ed6	assets/feishu-stm32-freertos-smoke-control/feishu-image-0622.png
attachments-evidence	attachment-evidence	18467	1efec3f63b85739f	assets/feishu-stm32-freertos-smoke-control/feishu-image-0626.png
attachments-evidence	attachment-evidence	33672	224d9d81b9171fbc	assets/feishu-stm32-freertos-smoke-control/feishu-image-0629.png
attachments-evidence	attachment-evidence	28738	28e6cb29134ba35c	assets/feishu-stm32-freertos-smoke-control/feishu-image-0649.png
attachments-evidence	attachment-evidence	25193	633282d4df69c1f7	assets/feishu-stm32-freertos-smoke-control/feishu-image-0652.png
attachments-evidence	attachment-evidence	27368	b5a2b3ba55fc2504	assets/feishu-stm32-freertos-smoke-control/feishu-image-0656.png
attachments-evidence	attachment-evidence	30004	e4f04d1f6f020fd1	assets/feishu-stm32-freertos-smoke-control/feishu-image-0659.png
attachments-evidence	attachment-evidence	23774	29c4f1345d895779	assets/feishu-stm32-freertos-smoke-control/feishu-image-0663.png
attachments-evidence	attachment-evidence	34464	141c67111d82fc5e	assets/feishu-stm32-freertos-smoke-control/feishu-image-0711.png
attachments-evidence	attachment-evidence	40375	a24acd02258c74cb	assets/feishu-stm32-freertos-smoke-control/feishu-image-0714.png
attachments-evidence	attachment-evidence	89283	120b4133d26b97d5	assets/feishu-stm32-freertos-smoke-control/feishu-image-0829.png
attachments-evidence	attachment-evidence	70514	d275b01f96a840a6	assets/feishu-stm32-freertos-smoke-control/feishu-image-0832.png
attachments-evidence	attachment-evidence	46648	1931d7b7abab61f1	assets/feishu-stm32-freertos-smoke-control/feishu-image-0835.png
attachments-evidence	attachment-evidence	21011	b7b6ccb314d3a989	assets/feishu-stm32-freertos-smoke-control/feishu-image-0839.png
attachments-evidence	attachment-evidence	93631	e436cae0b01cc007	assets/feishu-stm32-freertos-smoke-control/feishu-image-0842.png
attachments-evidence	attachment-evidence	45268	6fa4148f30bfc714	assets/feishu-stm32-freertos-smoke-control/feishu-image-0845.png
attachments-evidence	attachment-evidence	42675	1fdd77dafc9c6039	assets/feishu-stm32-freertos-smoke-control/feishu-image-0866.png
attachments-evidence	attachment-evidence	60235	581e41c8be4c4255	assets/feishu-stm32-freertos-smoke-control/feishu-image-0870.png
attachments-evidence	attachment-evidence	463330	2526f3a412f17009	assets/feishu-stm32-freertos-smoke-control/feishu-image-0874.png
attachments-evidence	attachment-evidence	95615	1171ad83a3cac8b0	assets/feishu-stm32-freertos-smoke-control/feishu-image-0877.png
attachments-evidence	attachment-evidence	131185	d0a240f05261d947	assets/feishu-stm32-freertos-smoke-control/feishu-image-0884.png
attachments-evidence	attachment-evidence	73284	9fdf62116ed75767	assets/feishu-stm32-freertos-smoke-control/feishu-image-0888.png
attachments-evidence	attachment-evidence	21060	944e99e4905fb401	assets/feishu-stm32-freertos-smoke-control/feishu-image-0893.png
attachments-evidence	attachment-evidence	808647	8ae2a7832e638fe1	assets/feishu-stm32-freertos-smoke-control/feishu-image-0900.png
attachments-evidence	attachment-evidence	103948	ad168e98da03f4d6	assets/feishu-stm32-freertos-smoke-control/feishu-image-0903.png
attachments-evidence	attachment-evidence	100023	160b439d1563443e	assets/feishu-stm32-freertos-smoke-control/feishu-image-0908.png
attachments-evidence	attachment-evidence	42318	f404fda53a4b55d9	assets/feishu-stm32-freertos-smoke-control/feishu-image-0911.png
attachments-evidence	attachment-evidence	41942	c2b0379756ac86c4	assets/feishu-stm32-freertos-smoke-control/feishu-image-0914.png
attachments-evidence	attachment-evidence	29139	dc6aca9ade7328da	assets/feishu-stm32-freertos-smoke-control/feishu-image-0917.png
attachments-evidence	attachment-evidence	42276	8ed3d92375dd5a7e	assets/feishu-stm32-freertos-smoke-control/feishu-image-0920.png
attachments-evidence	attachment-evidence	24564	19d0bdede5ad5aac	assets/feishu-stm32-freertos-smoke-control/feishu-image-0928.png
attachments-evidence	attachment-evidence	746417	89606ae3f4966a1b	assets/feishu-stm32-freertos-smoke-control/feishu-image-0932.png
attachments-evidence	attachment-evidence	23511	82fe513dd43dbf07	assets/feishu-stm32-freertos-smoke-control/feishu-image-0935.png
attachments-evidence	attachment-evidence	59414	e038faef82b04098	assets/feishu-stm32-freertos-smoke-control/feishu-image-0938.png
attachments-evidence	attachment-evidence	37451	9c4d702967c3623a	assets/feishu-stm32-freertos-smoke-control/feishu-image-0994.png
attachments-evidence	attachment-evidence	40830	49767f7e380623e9	assets/feishu-stm32-freertos-smoke-control/feishu-image-0996.png
attachments-evidence	attachment-evidence	20938	c371e8cd4c283d84	assets/feishu-stm32-freertos-smoke-control/feishu-image-1018.png
attachments-evidence	attachment-evidence	16864	f8cde5287367a076	assets/feishu-stm32-freertos-smoke-control/feishu-image-1047.png
attachments-evidence	attachment-evidence	1583271	1afb0f3962a278d0	assets/leetcode/yxc-常用代码模板1-基础算法.jpeg
attachments-evidence	attachment-evidence	2569518	f57684edf57d40d5	assets/leetcode/yxc-常用代码模板2-数据结构.jpeg
attachments-evidence	attachment-evidence	4639290	6bd231a284a5e7ff	assets/leetcode/yxc-常用代码模板3-搜索与图论.jpeg
attachments-evidence	attachment-evidence	418911	406de4f7fb683be5	assets/leetcode/知识图谱界面参考.png
attachments-evidence	attachment-evidence	2806	b5bc413fed2dd04e	assets/linux-memory/Linux物理内存碎片高频面试题/bpf-map-data-flow_animated.svg
attachments-evidence	attachment-evidence	3874	0c30d8ced503cc1e	assets/linux-memory/Linux物理内存碎片高频面试题/buddy-allocation-path_animated.svg
attachments-evidence	attachment-evidence	2487	1776151353f4f483	assets/linux-memory/Linux物理内存碎片高频面试题/event-state-correlation_animated.svg
attachments-evidence	attachment-evidence	2538	dc4d9ca35836b359	assets/linux-memory/Linux物理内存碎片高频面试题/external-fragmentation_animated.svg
attachments-evidence	attachment-evidence	3773	ab1e669d8f7989e4	assets/linux-memory/Linux物理内存碎片高频面试题/fragmentation-index-logic_animated.svg
attachments-evidence	attachment-evidence	3874	3ad8ef48a00b775b	assets/linux-memory/Linux物理内存碎片高频面试题/project-data-flow_animated.svg
attachments-evidence	attachment-evidence	3319	b29189ca24585c32	assets/linux-memory/Linux物理内存碎片高频面试题/sampling-throttle_animated.svg
attachments-evidence	attachment-evidence	2373	3f1df33eb4f2d026	assets/linux-memory/Linux物理内存碎片高频面试题/tracepoint-kprobe_animated.svg
attachments-evidence	attachment-evidence	12451	ce62d8a448415365	assets/linux-vision/Linux视觉感知处理原作者文档 1.jpeg
attachments-evidence	attachment-evidence	130366	d5af40a851af1f55	assets/linux-vision/Linux视觉感知处理原作者文档 1.png
attachments-evidence	attachment-evidence	22850	9596555e9659706b	assets/linux-vision/Linux视觉感知处理原作者文档 10.jpeg
attachments-evidence	attachment-evidence	171392	f23f2c6d2573f7d4	assets/linux-vision/Linux视觉感知处理原作者文档 10.png
attachments-evidence	attachment-evidence	46718	f8382f848768abb1	assets/linux-vision/Linux视觉感知处理原作者文档 11.jpeg
attachments-evidence	attachment-evidence	154759	5e96a889f5773833	assets/linux-vision/Linux视觉感知处理原作者文档 11.png
attachments-evidence	attachment-evidence	8211	08bdd23380829325	assets/linux-vision/Linux视觉感知处理原作者文档 12.jpeg
attachments-evidence	attachment-evidence	333984	6a1cee50c3cc4883	assets/linux-vision/Linux视觉感知处理原作者文档 12.png
attachments-evidence	attachment-evidence	7279	5eca2f4d9dfc6d2b	assets/linux-vision/Linux视觉感知处理原作者文档 13.jpeg
attachments-evidence	attachment-evidence	16706	121a85324a1ce6e7	assets/linux-vision/Linux视觉感知处理原作者文档 13.png
attachments-evidence	attachment-evidence	8020	33299e0e18e2a4b4	assets/linux-vision/Linux视觉感知处理原作者文档 14.jpeg
attachments-evidence	attachment-evidence	28974	56487d192fabaa09	assets/linux-vision/Linux视觉感知处理原作者文档 14.png
attachments-evidence	attachment-evidence	83620	c369bd1bb312734d	assets/linux-vision/Linux视觉感知处理原作者文档 15.jpeg
attachments-evidence	attachment-evidence	253467	35d9135ab9d683b6	assets/linux-vision/Linux视觉感知处理原作者文档 15.png
attachments-evidence	attachment-evidence	38189	6731c44c5572c8a5	assets/linux-vision/Linux视觉感知处理原作者文档 16.jpeg
attachments-evidence	attachment-evidence	14311	df75a5eebb01d7e5	assets/linux-vision/Linux视觉感知处理原作者文档 16.png
attachments-evidence	attachment-evidence	8680	5a248fb329acfb45	assets/linux-vision/Linux视觉感知处理原作者文档 17.png
attachments-evidence	attachment-evidence	52514	4eb45176a83a48ae	assets/linux-vision/Linux视觉感知处理原作者文档 18.png
attachments-evidence	attachment-evidence	11930	a46da11a747a0bc1	assets/linux-vision/Linux视觉感知处理原作者文档 19.png
attachments-evidence	attachment-evidence	33665	1d6115c0166aaff0	assets/linux-vision/Linux视觉感知处理原作者文档 2.jpeg
attachments-evidence	attachment-evidence	153769	f17148e6d2c01944	assets/linux-vision/Linux视觉感知处理原作者文档 2.png
attachments-evidence	attachment-evidence	32522	e945dbc2299a694b	assets/linux-vision/Linux视觉感知处理原作者文档 20.png
attachments-evidence	attachment-evidence	70070	c67d035991045df0	assets/linux-vision/Linux视觉感知处理原作者文档 21.png
attachments-evidence	attachment-evidence	3715	270f270b926b18a3	assets/linux-vision/Linux视觉感知处理原作者文档 22.png
attachments-evidence	attachment-evidence	86021	9acbf1ea93cad6a2	assets/linux-vision/Linux视觉感知处理原作者文档 23.png
attachments-evidence	attachment-evidence	40612	815bde4eb38fdbe2	assets/linux-vision/Linux视觉感知处理原作者文档 24.png
attachments-evidence	attachment-evidence	40951	38c6ef5d51da47c7	assets/linux-vision/Linux视觉感知处理原作者文档 25.png
attachments-evidence	attachment-evidence	3687	ef0e37bc0fef25ed	assets/linux-vision/Linux视觉感知处理原作者文档 26.png
attachments-evidence	attachment-evidence	7787	455145b91ab318c3	assets/linux-vision/Linux视觉感知处理原作者文档 27.png
attachments-evidence	attachment-evidence	3694	32b201997920c626	assets/linux-vision/Linux视觉感知处理原作者文档 28.png
attachments-evidence	attachment-evidence	95645	b0bf1eb96c50f12a	assets/linux-vision/Linux视觉感知处理原作者文档 29.png
attachments-evidence	attachment-evidence	46106	f514212806b04125	assets/linux-vision/Linux视觉感知处理原作者文档 3.jpeg
attachments-evidence	attachment-evidence	17966	ec83bbffe10dbfb5	assets/linux-vision/Linux视觉感知处理原作者文档 3.png
attachments-evidence	attachment-evidence	37335	01257e7c163032ac	assets/linux-vision/Linux视觉感知处理原作者文档 30.png
attachments-evidence	attachment-evidence	47668	2c244cd4fb30748e	assets/linux-vision/Linux视觉感知处理原作者文档 31.png
attachments-evidence	attachment-evidence	4446	1caa2f442ef353a7	assets/linux-vision/Linux视觉感知处理原作者文档 32.png
attachments-evidence	attachment-evidence	374504	f3b09b113b9da1dd	assets/linux-vision/Linux视觉感知处理原作者文档 33.png
attachments-evidence	attachment-evidence	535777	79b6b795b440d5f0	assets/linux-vision/Linux视觉感知处理原作者文档 34.png
attachments-evidence	attachment-evidence	232077	5c08edeeea7cef10	assets/linux-vision/Linux视觉感知处理原作者文档 35.png
attachments-evidence	attachment-evidence	227032	204b00421b0b305e	assets/linux-vision/Linux视觉感知处理原作者文档 36.png
attachments-evidence	attachment-evidence	344586	4317c015e72e0128	assets/linux-vision/Linux视觉感知处理原作者文档 37.png
attachments-evidence	attachment-evidence	328908	97d315439a421345	assets/linux-vision/Linux视觉感知处理原作者文档 38.png
attachments-evidence	attachment-evidence	194469	5a69a0663cbfa75b	assets/linux-vision/Linux视觉感知处理原作者文档 39.png
attachments-evidence	attachment-evidence	14833	d00e09c406674297	assets/linux-vision/Linux视觉感知处理原作者文档 4.jpeg
attachments-evidence	attachment-evidence	51341	f8484c19cd42a1f3	assets/linux-vision/Linux视觉感知处理原作者文档 4.png
attachments-evidence	attachment-evidence	164932	e2b72b3fb3428a91	assets/linux-vision/Linux视觉感知处理原作者文档 40.png
attachments-evidence	attachment-evidence	336269	64c5839ce5a8b858	assets/linux-vision/Linux视觉感知处理原作者文档 41.png
attachments-evidence	attachment-evidence	300649	3a588a7c37d200a1	assets/linux-vision/Linux视觉感知处理原作者文档 42.png
attachments-evidence	attachment-evidence	779962	11945ee977c5fa24	assets/linux-vision/Linux视觉感知处理原作者文档 43.png
attachments-evidence	attachment-evidence	13646	796726af283de7ba	assets/linux-vision/Linux视觉感知处理原作者文档 44.png
attachments-evidence	attachment-evidence	13652	ddb39275762258a8	assets/linux-vision/Linux视觉感知处理原作者文档 5.jpeg
attachments-evidence	attachment-evidence	94865	214d8df8836c21c5	assets/linux-vision/Linux视觉感知处理原作者文档 5.png
attachments-evidence	attachment-evidence	51512	b298e669ca6de957	assets/linux-vision/Linux视觉感知处理原作者文档 6.jpeg
attachments-evidence	attachment-evidence	70156	df3ee1645f260d41	assets/linux-vision/Linux视觉感知处理原作者文档 6.png
attachments-evidence	attachment-evidence	32499	17f6c6b0cea2c03d	assets/linux-vision/Linux视觉感知处理原作者文档 7.jpeg
attachments-evidence	attachment-evidence	1210958	a1f76433111fe49c	assets/linux-vision/Linux视觉感知处理原作者文档 7.png
attachments-evidence	attachment-evidence	30615	66273fed08eda5c8	assets/linux-vision/Linux视觉感知处理原作者文档 8.jpeg
attachments-evidence	attachment-evidence	25078	2d539d6e8d191c09	assets/linux-vision/Linux视觉感知处理原作者文档 8.png
attachments-evidence	attachment-evidence	83620	c369bd1bb312734d	assets/linux-vision/Linux视觉感知处理原作者文档 9.jpeg
attachments-evidence	attachment-evidence	15312	0fb64223cc43d618	assets/linux-vision/Linux视觉感知处理原作者文档 9.png
attachments-evidence	attachment-evidence	28662	a5a5fd0d7cf43c6f	assets/linux-vision/Linux视觉感知处理原作者文档.jpeg
attachments-evidence	attachment-evidence	170759	3824b6d05ab71a6c	assets/linux-vision/Linux视觉感知处理原作者文档.png
attachments-evidence	attachment-evidence	4062	d8c65fa9d7c28a20	assets/rtos/adc-conversion-principle.svg
attachments-evidence	attachment-evidence	4278	188d5c8e11deafb5	assets/rtos/adc-init-flow.svg
attachments-evidence	attachment-evidence	13762	0027e2479ad6348f	assets/rtos/boot-vs-freertos-startup.svg
attachments-evidence	attachment-evidence	9439	450ad56111dadb86	assets/rtos/code-lifecycle-overview.svg
attachments-evidence	attachment-evidence	4505	35c9bb00bb952f00	assets/rtos/complementary-deadtime.svg
attachments-evidence	attachment-evidence	4816	f5cb0969e6a2a39f	assets/rtos/context-switch_animated.svg
attachments-evidence	attachment-evidence	3427	c65b0f6a0d3d8965	assets/rtos/dht11-bit-decision.svg
attachments-evidence	attachment-evidence	5275	bc82e5c5dc4868e4	assets/rtos/dht11-read-flow.svg
attachments-evidence	attachment-evidence	4699	cb12c62ff5c7958b	assets/rtos/dht11-timing.svg
attachments-evidence	attachment-evidence	5095	e5149b9b6182392a	assets/rtos/encoder-pid-loop_animated.svg
attachments-evidence	attachment-evidence	4293	b77a9254e2f8e349	assets/rtos/flash-ram-layout.svg
attachments-evidence	attachment-evidence	12193	ec00446993371909	assets/rtos/freertos-porting-steps.svg
attachments-evidence	attachment-evidence	4877	f3faa03bf25b2691	assets/rtos/freertos-startup_animated.svg
attachments-evidence	attachment-evidence	7975	74286903c42e14af	assets/rtos/gpio-key-state-machine.svg
attachments-evidence	attachment-evidence	12871	937298994c705a0b	assets/rtos/h-bridge-motor-driver.svg
attachments-evidence	attachment-evidence	5275	16b8c955c275f6e1	assets/rtos/hbridge-circuit.svg
attachments-evidence	attachment-evidence	6363	52395203f4036502	assets/rtos/iap-power-recovery_animated.svg
attachments-evidence	attachment-evidence	6897	d613e7214521d8ef	assets/rtos/iap-upgrade-flow.svg
attachments-evidence	attachment-evidence	3750	8d2402f5df33f976	assets/rtos/isr-task-handoff_animated.svg
attachments-evidence	attachment-evidence	4595	ff7fd791b3ed3842	assets/rtos/lcd-spi-display-flow.svg
attachments-evidence	attachment-evidence	5307	f11781019d989298	assets/rtos/main-startup-flow.svg
attachments-evidence	attachment-evidence	10096	0a2f882fc47507c7	assets/rtos/motor-module-flow.svg
attachments-evidence	attachment-evidence	6486	6f1b2fa3d9fc3730	assets/rtos/mq2-adc-sampling-flow.svg
attachments-evidence	attachment-evidence	6139	81b12b5fad0b4ea5	assets/rtos/pid-closed-loop-flow.svg
attachments-evidence	attachment-evidence	4527	b4e2f2ba565fd9b0	assets/rtos/pwm-wave-principle.svg
attachments-evidence	attachment-evidence	11212	65cefd88c8cfa01d	assets/rtos/runtime-task-topology.svg
attachments-evidence	attachment-evidence	6007	6d1c4361d09abba7	assets/rtos/speed-calc-flow.svg
attachments-evidence	attachment-evidence	4660	03fe1115c762d755	assets/rtos/state-sharing_animated.svg
attachments-evidence	attachment-evidence	7637	762e9087528d63a7	assets/rtos/system-data-flow.svg
attachments-evidence	attachment-evidence	6762	9d93bb15faefb24b	assets/rtos/system-state-data-flow.svg
attachments-evidence	attachment-evidence	5439	28372d4cc781a0f6	assets/rtos/task-cadence-timeline.svg
attachments-evidence	attachment-evidence	7155	be33ecf77cf89f9f	assets/rtos/three-layer-architecture.svg
attachments-evidence	attachment-evidence	17173	1356785c11c1756f	assets/rtos/tim1-hbridge-pwm.svg
attachments-evidence	attachment-evidence	409946	b8dcc7f61e2d4647	assets/style-context/background-beach.jpg
attachments-evidence	attachment-evidence	12480032	0a8b01f43b97d440	assets/style-context/background-do-more.jpg
attachments-evidence	attachment-evidence	13940613	380c19910461a768	assets/style-context/background-mcd-mountain.png
attachments-evidence	attachment-evidence	11875284	827ac5670b1bdb84	assets/style-context/background-mcd-night.png
attachments-evidence	attachment-evidence	21456019	c591e2240c26df12	assets/style-context/obsidian-background-mountain.jpg
attachments-evidence	attachment-evidence	80385	49bdd49d6e8b1bce	assets/xiaolincoding/图解系统/02｜硬件结构篇-2.1 CPU 是如何执行程序的？/img-001 2.png
attachments-evidence	attachment-evidence	80385	49bdd49d6e8b1bce	assets/xiaolincoding/图解系统/02｜硬件结构篇-2.1 CPU 是如何执行程序的？/img-001.png
attachments-evidence	attachment-evidence	122985	f5acca8dc126ff74	assets/xiaolincoding/图解系统/02｜硬件结构篇-2.1 CPU 是如何执行程序的？/img-002 2.jpeg
attachments-evidence	attachment-evidence	122985	f5acca8dc126ff74	assets/xiaolincoding/图解系统/02｜硬件结构篇-2.1 CPU 是如何执行程序的？/img-002.jpeg
attachments-evidence	attachment-evidence	63184	bc8af98d4271309c	assets/xiaolincoding/图解系统/02｜硬件结构篇-2.1 CPU 是如何执行程序的？/img-003 2.png
attachments-evidence	attachment-evidence	63184	bc8af98d4271309c	assets/xiaolincoding/图解系统/02｜硬件结构篇-2.1 CPU 是如何执行程序的？/img-003.png
attachments-evidence	attachment-evidence	95052	186629e68be11cff	assets/xiaolincoding/图解系统/02｜硬件结构篇-2.1 CPU 是如何执行程序的？/img-004 2.png
attachments-evidence	attachment-evidence	95052	186629e68be11cff	assets/xiaolincoding/图解系统/02｜硬件结构篇-2.1 CPU 是如何执行程序的？/img-004.png
attachments-evidence	attachment-evidence	95770	79168a383f363ae2	assets/xiaolincoding/图解系统/02｜硬件结构篇-2.1 CPU 是如何执行程序的？/img-005 2.png
attachments-evidence	attachment-evidence	95770	79168a383f363ae2	assets/xiaolincoding/图解系统/02｜硬件结构篇-2.1 CPU 是如何执行程序的？/img-005.png
attachments-evidence	attachment-evidence	129737	f5334281e742987a	assets/xiaolincoding/图解系统/02｜硬件结构篇-2.1 CPU 是如何执行程序的？/img-006 2.png
attachments-evidence	attachment-evidence	129737	f5334281e742987a	assets/xiaolincoding/图解系统/02｜硬件结构篇-2.1 CPU 是如何执行程序的？/img-006.png
attachments-evidence	attachment-evidence	63850	e007481cc7d10662	assets/xiaolincoding/图解系统/02｜硬件结构篇-2.1 CPU 是如何执行程序的？/img-007 2.png
attachments-evidence	attachment-evidence	63850	e007481cc7d10662	assets/xiaolincoding/图解系统/02｜硬件结构篇-2.1 CPU 是如何执行程序的？/img-007.png
attachments-evidence	attachment-evidence	11639	7f5c1219757110fc	assets/xiaolincoding/图解系统/02｜硬件结构篇-2.1 CPU 是如何执行程序的？/img-008 2.svg
attachments-evidence	attachment-evidence	11639	7f5c1219757110fc	assets/xiaolincoding/图解系统/02｜硬件结构篇-2.1 CPU 是如何执行程序的？/img-008.svg
attachments-evidence	attachment-evidence	27900	2e8794ba59502591	assets/xiaolincoding/图解系统/02｜硬件结构篇-2.1 CPU 是如何执行程序的？/img-009 2.png
attachments-evidence	attachment-evidence	27900	2e8794ba59502591	assets/xiaolincoding/图解系统/02｜硬件结构篇-2.1 CPU 是如何执行程序的？/img-009.png
attachments-evidence	attachment-evidence	48333	94b31e8258870a3e	assets/xiaolincoding/图解系统/02｜硬件结构篇-2.1 CPU 是如何执行程序的？/img-010 2.png
attachments-evidence	attachment-evidence	48333	94b31e8258870a3e	assets/xiaolincoding/图解系统/02｜硬件结构篇-2.1 CPU 是如何执行程序的？/img-010.png
attachments-evidence	attachment-evidence	71966	90c1156be024a19f	assets/xiaolincoding/图解系统/02｜硬件结构篇-2.1 CPU 是如何执行程序的？/img-011 2.png
attachments-evidence	attachment-evidence	71966	90c1156be024a19f	assets/xiaolincoding/图解系统/02｜硬件结构篇-2.1 CPU 是如何执行程序的？/img-011.png
attachments-evidence	attachment-evidence	50174	bad326ff91d77553	assets/xiaolincoding/图解系统/02｜硬件结构篇-2.1 CPU 是如何执行程序的？/img-012 2.png
attachments-evidence	attachment-evidence	50174	bad326ff91d77553	assets/xiaolincoding/图解系统/02｜硬件结构篇-2.1 CPU 是如何执行程序的？/img-012.png
attachments-evidence	attachment-evidence	31330	12f633e371bcbb70	assets/xiaolincoding/图解系统/02｜硬件结构篇-2.1 CPU 是如何执行程序的？/img-013 2.png
attachments-evidence	attachment-evidence	31330	12f633e371bcbb70	assets/xiaolincoding/图解系统/02｜硬件结构篇-2.1 CPU 是如何执行程序的？/img-013.png
attachments-evidence	attachment-evidence	24708	1e77dae53d0e77c4	assets/xiaolincoding/图解系统/02｜硬件结构篇-2.1 CPU 是如何执行程序的？/img-014 2.png
attachments-evidence	attachment-evidence	24708	1e77dae53d0e77c4	assets/xiaolincoding/图解系统/02｜硬件结构篇-2.1 CPU 是如何执行程序的？/img-014.png
attachments-evidence	attachment-evidence	101103	07b5246765a35fdc	assets/xiaolincoding/图解系统/02｜硬件结构篇-2.1 CPU 是如何执行程序的？/img-015 2.png
attachments-evidence	attachment-evidence	101103	07b5246765a35fdc	assets/xiaolincoding/图解系统/02｜硬件结构篇-2.1 CPU 是如何执行程序的？/img-015.png
attachments-evidence	attachment-evidence	20101	777ed4dbebcde7e8	assets/xiaolincoding/图解系统/02｜硬件结构篇-2.1 CPU 是如何执行程序的？/img-016 2.png
attachments-evidence	attachment-evidence	20101	777ed4dbebcde7e8	assets/xiaolincoding/图解系统/02｜硬件结构篇-2.1 CPU 是如何执行程序的？/img-016.png
attachments-evidence	attachment-evidence	20268	231bce3112c7a7ea	assets/xiaolincoding/图解系统/02｜硬件结构篇-2.1 CPU 是如何执行程序的？/img-017 2.png
attachments-evidence	attachment-evidence	20268	231bce3112c7a7ea	assets/xiaolincoding/图解系统/02｜硬件结构篇-2.1 CPU 是如何执行程序的？/img-017.png
attachments-evidence	attachment-evidence	89343	3956e270f6de8d24	assets/xiaolincoding/图解系统/02｜硬件结构篇-2.2 磁盘比内存慢几万倍？/img-001 2.png
attachments-evidence	attachment-evidence	89343	3956e270f6de8d24	assets/xiaolincoding/图解系统/02｜硬件结构篇-2.2 磁盘比内存慢几万倍？/img-001.png
attachments-evidence	attachment-evidence	84219	acb14c7ac72781c3	assets/xiaolincoding/图解系统/02｜硬件结构篇-2.2 磁盘比内存慢几万倍？/img-002 2.png
attachments-evidence	attachment-evidence	84219	acb14c7ac72781c3	assets/xiaolincoding/图解系统/02｜硬件结构篇-2.2 磁盘比内存慢几万倍？/img-002.png
attachments-evidence	attachment-evidence	114176	2def158e5a1b177c	assets/xiaolincoding/图解系统/02｜硬件结构篇-2.2 磁盘比内存慢几万倍？/img-003 2.png
attachments-evidence	attachment-evidence	114176	2def158e5a1b177c	assets/xiaolincoding/图解系统/02｜硬件结构篇-2.2 磁盘比内存慢几万倍？/img-003.png
attachments-evidence	attachment-evidence	41676	09ffcaa303a845b0	assets/xiaolincoding/图解系统/02｜硬件结构篇-2.2 磁盘比内存慢几万倍？/img-004 2.png
attachments-evidence	attachment-evidence	41676	09ffcaa303a845b0	assets/xiaolincoding/图解系统/02｜硬件结构篇-2.2 磁盘比内存慢几万倍？/img-004.png
attachments-evidence	attachment-evidence	70981	040cec19abebbe1a	assets/xiaolincoding/图解系统/02｜硬件结构篇-2.2 磁盘比内存慢几万倍？/img-005 2.png
attachments-evidence	attachment-evidence	70981	040cec19abebbe1a	assets/xiaolincoding/图解系统/02｜硬件结构篇-2.2 磁盘比内存慢几万倍？/img-005.png
attachments-evidence	attachment-evidence	137460	2e0ae7d9124680fb	assets/xiaolincoding/图解系统/02｜硬件结构篇-2.2 磁盘比内存慢几万倍？/img-006 2.png
attachments-evidence	attachment-evidence	137460	2e0ae7d9124680fb	assets/xiaolincoding/图解系统/02｜硬件结构篇-2.2 磁盘比内存慢几万倍？/img-006.png
attachments-evidence	attachment-evidence	47061	0ba296b3419fb532	assets/xiaolincoding/图解系统/02｜硬件结构篇-2.2 磁盘比内存慢几万倍？/img-007 2.png
attachments-evidence	attachment-evidence	47061	0ba296b3419fb532	assets/xiaolincoding/图解系统/02｜硬件结构篇-2.2 磁盘比内存慢几万倍？/img-007.png
attachments-evidence	attachment-evidence	107711	d8c365a4ab50ea27	assets/xiaolincoding/图解系统/02｜硬件结构篇-2.3 如何写出让 CPU 跑得更快的代码？/img-001 2.png
attachments-evidence	attachment-evidence	107711	d8c365a4ab50ea27	assets/xiaolincoding/图解系统/02｜硬件结构篇-2.3 如何写出让 CPU 跑得更快的代码？/img-001.png
attachments-evidence	attachment-evidence	115707	5e54161153586181	assets/xiaolincoding/图解系统/02｜硬件结构篇-2.3 如何写出让 CPU 跑得更快的代码？/img-002 2.png
attachments-evidence	attachment-evidence	115707	5e54161153586181	assets/xiaolincoding/图解系统/02｜硬件结构篇-2.3 如何写出让 CPU 跑得更快的代码？/img-002.png
attachments-evidence	attachment-evidence	41676	09ffcaa303a845b0	assets/xiaolincoding/图解系统/02｜硬件结构篇-2.3 如何写出让 CPU 跑得更快的代码？/img-003 2.png
attachments-evidence	attachment-evidence	41676	09ffcaa303a845b0	assets/xiaolincoding/图解系统/02｜硬件结构篇-2.3 如何写出让 CPU 跑得更快的代码？/img-003.png
attachments-evidence	attachment-evidence	59775	48ef9e9ad8bf28c3	assets/xiaolincoding/图解系统/02｜硬件结构篇-2.3 如何写出让 CPU 跑得更快的代码？/img-004 2.png
attachments-evidence	attachment-evidence	59775	48ef9e9ad8bf28c3	assets/xiaolincoding/图解系统/02｜硬件结构篇-2.3 如何写出让 CPU 跑得更快的代码？/img-004.png
attachments-evidence	attachment-evidence	55362	02b0ea83bf1b7c7f	assets/xiaolincoding/图解系统/02｜硬件结构篇-2.3 如何写出让 CPU 跑得更快的代码？/img-005 2.png
attachments-evidence	attachment-evidence	55362	02b0ea83bf1b7c7f	assets/xiaolincoding/图解系统/02｜硬件结构篇-2.3 如何写出让 CPU 跑得更快的代码？/img-005.png
attachments-evidence	attachment-evidence	40437	086a02d925e1f5d8	assets/xiaolincoding/图解系统/02｜硬件结构篇-2.3 如何写出让 CPU 跑得更快的代码？/img-006 2.png
attachments-evidence	attachment-evidence	40437	086a02d925e1f5d8	assets/xiaolincoding/图解系统/02｜硬件结构篇-2.3 如何写出让 CPU 跑得更快的代码？/img-006.png
attachments-evidence	attachment-evidence	46323	b40249219d9947b4	assets/xiaolincoding/图解系统/02｜硬件结构篇-2.3 如何写出让 CPU 跑得更快的代码？/img-007 2.png
attachments-evidence	attachment-evidence	46323	b40249219d9947b4	assets/xiaolincoding/图解系统/02｜硬件结构篇-2.3 如何写出让 CPU 跑得更快的代码？/img-007.png
attachments-evidence	attachment-evidence	47764	1c89fb90116a0f46	assets/xiaolincoding/图解系统/02｜硬件结构篇-2.3 如何写出让 CPU 跑得更快的代码？/img-008 2.png
attachments-evidence	attachment-evidence	47764	1c89fb90116a0f46	assets/xiaolincoding/图解系统/02｜硬件结构篇-2.3 如何写出让 CPU 跑得更快的代码？/img-008.png
attachments-evidence	attachment-evidence	92599	0200bd1303f0d0ba	assets/xiaolincoding/图解系统/02｜硬件结构篇-2.3 如何写出让 CPU 跑得更快的代码？/img-009 2.png
attachments-evidence	attachment-evidence	92599	0200bd1303f0d0ba	assets/xiaolincoding/图解系统/02｜硬件结构篇-2.3 如何写出让 CPU 跑得更快的代码？/img-009.png
attachments-evidence	attachment-evidence	51187	c063b886f9722c42	assets/xiaolincoding/图解系统/02｜硬件结构篇-2.3 如何写出让 CPU 跑得更快的代码？/img-010 2.png
attachments-evidence	attachment-evidence	51187	c063b886f9722c42	assets/xiaolincoding/图解系统/02｜硬件结构篇-2.3 如何写出让 CPU 跑得更快的代码？/img-010.png
attachments-evidence	attachment-evidence	21275	ae04818db4965c79	assets/xiaolincoding/图解系统/02｜硬件结构篇-2.3 如何写出让 CPU 跑得更快的代码？/img-011 2.png
attachments-evidence	attachment-evidence	21275	ae04818db4965c79	assets/xiaolincoding/图解系统/02｜硬件结构篇-2.3 如何写出让 CPU 跑得更快的代码？/img-011.png
attachments-evidence	attachment-evidence	21682	03e072a14b336d9c	assets/xiaolincoding/图解系统/02｜硬件结构篇-2.3 如何写出让 CPU 跑得更快的代码？/img-012 2.png
attachments-evidence	attachment-evidence	21682	03e072a14b336d9c	assets/xiaolincoding/图解系统/02｜硬件结构篇-2.3 如何写出让 CPU 跑得更快的代码？/img-012.png
attachments-evidence	attachment-evidence	40437	086a02d925e1f5d8	assets/xiaolincoding/图解系统/02｜硬件结构篇-2.3 如何写出让 CPU 跑得更快的代码？/img-013 2.png
attachments-evidence	attachment-evidence	40437	086a02d925e1f5d8	assets/xiaolincoding/图解系统/02｜硬件结构篇-2.3 如何写出让 CPU 跑得更快的代码？/img-013.png
attachments-evidence	attachment-evidence	20030	198ae5647e3a727e	assets/xiaolincoding/图解系统/02｜硬件结构篇-2.3 如何写出让 CPU 跑得更快的代码？/img-014 2.png
attachments-evidence	attachment-evidence	20030	198ae5647e3a727e	assets/xiaolincoding/图解系统/02｜硬件结构篇-2.3 如何写出让 CPU 跑得更快的代码？/img-014.png
attachments-evidence	attachment-evidence	37195	028956800001ef09	assets/xiaolincoding/图解系统/02｜硬件结构篇-2.3 如何写出让 CPU 跑得更快的代码？/img-015 2.png
attachments-evidence	attachment-evidence	37195	028956800001ef09	assets/xiaolincoding/图解系统/02｜硬件结构篇-2.3 如何写出让 CPU 跑得更快的代码？/img-015.png
attachments-evidence	attachment-evidence	45293	55b2b606ae47b8b7	assets/xiaolincoding/图解系统/02｜硬件结构篇-2.3 如何写出让 CPU 跑得更快的代码？/img-016 2.png
attachments-evidence	attachment-evidence	45293	55b2b606ae47b8b7	assets/xiaolincoding/图解系统/02｜硬件结构篇-2.3 如何写出让 CPU 跑得更快的代码？/img-016.png
attachments-evidence	attachment-evidence	34881	f6ffcb1e5e423656	assets/xiaolincoding/图解系统/02｜硬件结构篇-2.3 如何写出让 CPU 跑得更快的代码？/img-017 2.png
attachments-evidence	attachment-evidence	34881	f6ffcb1e5e423656	assets/xiaolincoding/图解系统/02｜硬件结构篇-2.3 如何写出让 CPU 跑得更快的代码？/img-017.png
attachments-evidence	attachment-evidence	99490	8430695c16a05be4	assets/xiaolincoding/图解系统/02｜硬件结构篇-2.4 CPU 缓存一致性/img-001 2.png
attachments-evidence	attachment-evidence	99490	8430695c16a05be4	assets/xiaolincoding/图解系统/02｜硬件结构篇-2.4 CPU 缓存一致性/img-001.png
attachments-evidence	attachment-evidence	41676	09ffcaa303a845b0	assets/xiaolincoding/图解系统/02｜硬件结构篇-2.4 CPU 缓存一致性/img-002 2.png
attachments-evidence	attachment-evidence	41676	09ffcaa303a845b0	assets/xiaolincoding/图解系统/02｜硬件结构篇-2.4 CPU 缓存一致性/img-002.png
attachments-evidence	attachment-evidence	55362	02b0ea83bf1b7c7f	assets/xiaolincoding/图解系统/02｜硬件结构篇-2.4 CPU 缓存一致性/img-003 2.png
attachments-evidence	attachment-evidence	55362	02b0ea83bf1b7c7f	assets/xiaolincoding/图解系统/02｜硬件结构篇-2.4 CPU 缓存一致性/img-003.png
attachments-evidence	attachment-evidence	47563	0a551eaae0062887	assets/xiaolincoding/图解系统/02｜硬件结构篇-2.4 CPU 缓存一致性/img-004 2.png
attachments-evidence	attachment-evidence	47563	0a551eaae0062887	assets/xiaolincoding/图解系统/02｜硬件结构篇-2.4 CPU 缓存一致性/img-004.png
attachments-evidence	attachment-evidence	49523	cbe0a4c59a210962	assets/xiaolincoding/图解系统/02｜硬件结构篇-2.4 CPU 缓存一致性/img-005 2.png
attachments-evidence	attachment-evidence	49523	cbe0a4c59a210962	assets/xiaolincoding/图解系统/02｜硬件结构篇-2.4 CPU 缓存一致性/img-005.png
attachments-evidence	attachment-evidence	63877	c6b57be41ddbfbb8	assets/xiaolincoding/图解系统/02｜硬件结构篇-2.4 CPU 缓存一致性/img-006 2.png
attachments-evidence	attachment-evidence	63877	c6b57be41ddbfbb8	assets/xiaolincoding/图解系统/02｜硬件结构篇-2.4 CPU 缓存一致性/img-006.png
attachments-evidence	attachment-evidence	44777	1a3933e56d748eb8	assets/xiaolincoding/图解系统/02｜硬件结构篇-2.4 CPU 缓存一致性/img-007 2.png
attachments-evidence	attachment-evidence	44777	1a3933e56d748eb8	assets/xiaolincoding/图解系统/02｜硬件结构篇-2.4 CPU 缓存一致性/img-007.png
attachments-evidence	attachment-evidence	70446	98fc6af5ecdd0679	assets/xiaolincoding/图解系统/02｜硬件结构篇-2.4 CPU 缓存一致性/img-008 2.png
attachments-evidence	attachment-evidence	70446	98fc6af5ecdd0679	assets/xiaolincoding/图解系统/02｜硬件结构篇-2.4 CPU 缓存一致性/img-008.png
attachments-evidence	attachment-evidence	120959	958398c9d26b8dd0	assets/xiaolincoding/图解系统/02｜硬件结构篇-2.4 CPU 缓存一致性/img-009 2.png
attachments-evidence	attachment-evidence	120959	958398c9d26b8dd0	assets/xiaolincoding/图解系统/02｜硬件结构篇-2.4 CPU 缓存一致性/img-009.png
attachments-evidence	attachment-evidence	123982	6b1d7d7e74c8f82e	assets/xiaolincoding/图解系统/02｜硬件结构篇-2.4 CPU 缓存一致性/img-010 2.png
attachments-evidence	attachment-evidence	123982	6b1d7d7e74c8f82e	assets/xiaolincoding/图解系统/02｜硬件结构篇-2.4 CPU 缓存一致性/img-010.png
attachments-evidence	attachment-evidence	432250	9936b2eec821fcaa	assets/xiaolincoding/图解系统/02｜硬件结构篇-2.4 CPU 缓存一致性/img-011 2.png
attachments-evidence	attachment-evidence	432250	9936b2eec821fcaa	assets/xiaolincoding/图解系统/02｜硬件结构篇-2.4 CPU 缓存一致性/img-011.png
attachments-evidence	attachment-evidence	110111	dd1463aa71e9870a	assets/xiaolincoding/图解系统/02｜硬件结构篇-2.5 CPU 是如何执行任务的？/img-001 2.png
attachments-evidence	attachment-evidence	110111	dd1463aa71e9870a	assets/xiaolincoding/图解系统/02｜硬件结构篇-2.5 CPU 是如何执行任务的？/img-001.png
attachments-evidence	attachment-evidence	39580	f5d3bc662136d367	assets/xiaolincoding/图解系统/02｜硬件结构篇-2.5 CPU 是如何执行任务的？/img-002 2.png
attachments-evidence	attachment-evidence	39580	f5d3bc662136d367	assets/xiaolincoding/图解系统/02｜硬件结构篇-2.5 CPU 是如何执行任务的？/img-002.png
attachments-evidence	attachment-evidence	70981	040cec19abebbe1a	assets/xiaolincoding/图解系统/02｜硬件结构篇-2.5 CPU 是如何执行任务的？/img-003 2.png
attachments-evidence	attachment-evidence	70981	040cec19abebbe1a	assets/xiaolincoding/图解系统/02｜硬件结构篇-2.5 CPU 是如何执行任务的？/img-003.png
attachments-evidence	attachment-evidence	47061	0ba296b3419fb532	assets/xiaolincoding/图解系统/02｜硬件结构篇-2.5 CPU 是如何执行任务的？/img-004 2.png
attachments-evidence	attachment-evidence	47061	0ba296b3419fb532	assets/xiaolincoding/图解系统/02｜硬件结构篇-2.5 CPU 是如何执行任务的？/img-004.png
attachments-evidence	attachment-evidence	40437	086a02d925e1f5d8	assets/xiaolincoding/图解系统/02｜硬件结构篇-2.5 CPU 是如何执行任务的？/img-005 2.png
attachments-evidence	attachment-evidence	40437	086a02d925e1f5d8	assets/xiaolincoding/图解系统/02｜硬件结构篇-2.5 CPU 是如何执行任务的？/img-005.png
attachments-evidence	attachment-evidence	39192	689fa02a0c41f331	assets/xiaolincoding/图解系统/02｜硬件结构篇-2.5 CPU 是如何执行任务的？/img-006 2.png
attachments-evidence	attachment-evidence	39192	689fa02a0c41f331	assets/xiaolincoding/图解系统/02｜硬件结构篇-2.5 CPU 是如何执行任务的？/img-006.png
attachments-evidence	attachment-evidence	36560	0813c323935e3391	assets/xiaolincoding/图解系统/02｜硬件结构篇-2.5 CPU 是如何执行任务的？/img-007 2.png
attachments-evidence	attachment-evidence	36560	0813c323935e3391	assets/xiaolincoding/图解系统/02｜硬件结构篇-2.5 CPU 是如何执行任务的？/img-007.png
attachments-evidence	attachment-evidence	58124	2efd032b3e600db8	assets/xiaolincoding/图解系统/02｜硬件结构篇-2.5 CPU 是如何执行任务的？/img-008 2.png
attachments-evidence	attachment-evidence	58124	2efd032b3e600db8	assets/xiaolincoding/图解系统/02｜硬件结构篇-2.5 CPU 是如何执行任务的？/img-008.png
attachments-evidence	attachment-evidence	61871	d069cf3061a32559	assets/xiaolincoding/图解系统/02｜硬件结构篇-2.5 CPU 是如何执行任务的？/img-009 2.png
attachments-evidence	attachment-evidence	61871	d069cf3061a32559	assets/xiaolincoding/图解系统/02｜硬件结构篇-2.5 CPU 是如何执行任务的？/img-009.png
attachments-evidence	attachment-evidence	58491	49866287d001aacb	assets/xiaolincoding/图解系统/02｜硬件结构篇-2.5 CPU 是如何执行任务的？/img-010 2.png
attachments-evidence	attachment-evidence	58491	49866287d001aacb	assets/xiaolincoding/图解系统/02｜硬件结构篇-2.5 CPU 是如何执行任务的？/img-010.png
attachments-evidence	attachment-evidence	70793	a2a5f10670163b6f	assets/xiaolincoding/图解系统/02｜硬件结构篇-2.5 CPU 是如何执行任务的？/img-011 2.png
attachments-evidence	attachment-evidence	70793	a2a5f10670163b6f	assets/xiaolincoding/图解系统/02｜硬件结构篇-2.5 CPU 是如何执行任务的？/img-011.png
attachments-evidence	attachment-evidence	36072	b12990cf82029675	assets/xiaolincoding/图解系统/02｜硬件结构篇-2.5 CPU 是如何执行任务的？/img-012 2.png
attachments-evidence	attachment-evidence	36072	b12990cf82029675	assets/xiaolincoding/图解系统/02｜硬件结构篇-2.5 CPU 是如何执行任务的？/img-012.png
attachments-evidence	attachment-evidence	10788	ac5fd17778d3f636	assets/xiaolincoding/图解系统/02｜硬件结构篇-2.5 CPU 是如何执行任务的？/img-013 2.png
attachments-evidence	attachment-evidence	10788	ac5fd17778d3f636	assets/xiaolincoding/图解系统/02｜硬件结构篇-2.5 CPU 是如何执行任务的？/img-013.png
attachments-evidence	attachment-evidence	9153	98cc10b66af6a98c	assets/xiaolincoding/图解系统/02｜硬件结构篇-2.5 CPU 是如何执行任务的？/img-014 2.png
attachments-evidence	attachment-evidence	9153	98cc10b66af6a98c	assets/xiaolincoding/图解系统/02｜硬件结构篇-2.5 CPU 是如何执行任务的？/img-014.png
attachments-evidence	attachment-evidence	17695	4ff8eb98153bb595	assets/xiaolincoding/图解系统/02｜硬件结构篇-2.5 CPU 是如何执行任务的？/img-015 2.png
attachments-evidence	attachment-evidence	17695	4ff8eb98153bb595	assets/xiaolincoding/图解系统/02｜硬件结构篇-2.5 CPU 是如何执行任务的？/img-015.png
attachments-evidence	attachment-evidence	10323	67f9225c6fb99185	assets/xiaolincoding/图解系统/02｜硬件结构篇-2.5 CPU 是如何执行任务的？/img-016 2.png
attachments-evidence	attachment-evidence	10323	67f9225c6fb99185	assets/xiaolincoding/图解系统/02｜硬件结构篇-2.5 CPU 是如何执行任务的？/img-016.png
attachments-evidence	attachment-evidence	147234	0caecf4e91bf0fe1	assets/xiaolincoding/图解系统/02｜硬件结构篇-2.5 CPU 是如何执行任务的？/img-017 2.png
attachments-evidence	attachment-evidence	147234	0caecf4e91bf0fe1	assets/xiaolincoding/图解系统/02｜硬件结构篇-2.5 CPU 是如何执行任务的？/img-017.png
attachments-evidence	attachment-evidence	59360	b9164be882602369	assets/xiaolincoding/图解系统/02｜硬件结构篇-2.5 CPU 是如何执行任务的？/img-018 2.png
attachments-evidence	attachment-evidence	59360	b9164be882602369	assets/xiaolincoding/图解系统/02｜硬件结构篇-2.5 CPU 是如何执行任务的？/img-018.png
attachments-evidence	attachment-evidence	31495	fc6372ae3d973e09	assets/xiaolincoding/图解系统/02｜硬件结构篇-2.5 CPU 是如何执行任务的？/img-019 2.png
attachments-evidence	attachment-evidence	31495	fc6372ae3d973e09	assets/xiaolincoding/图解系统/02｜硬件结构篇-2.5 CPU 是如何执行任务的？/img-019.png
attachments-evidence	attachment-evidence	47414	d00043fc23a91eb7	assets/xiaolincoding/图解系统/02｜硬件结构篇-2.5 CPU 是如何执行任务的？/img-020 2.png
attachments-evidence	attachment-evidence	47414	d00043fc23a91eb7	assets/xiaolincoding/图解系统/02｜硬件结构篇-2.5 CPU 是如何执行任务的？/img-020.png
attachments-evidence	attachment-evidence	23224	6dca58139677e5b8	assets/xiaolincoding/图解系统/02｜硬件结构篇-2.5 CPU 是如何执行任务的？/img-021 2.png
attachments-evidence	attachment-evidence	23224	6dca58139677e5b8	assets/xiaolincoding/图解系统/02｜硬件结构篇-2.5 CPU 是如何执行任务的？/img-021.png
attachments-evidence	attachment-evidence	68227	0efd0a1a45f4256d	assets/xiaolincoding/图解系统/02｜硬件结构篇-2.5 CPU 是如何执行任务的？/img-022 2.png
attachments-evidence	attachment-evidence	68227	0efd0a1a45f4256d	assets/xiaolincoding/图解系统/02｜硬件结构篇-2.5 CPU 是如何执行任务的？/img-022.png
attachments-evidence	attachment-evidence	15566	8f513c16ca53ca2c	assets/xiaolincoding/图解系统/02｜硬件结构篇-2.5 CPU 是如何执行任务的？/img-023 2.png
attachments-evidence	attachment-evidence	15566	8f513c16ca53ca2c	assets/xiaolincoding/图解系统/02｜硬件结构篇-2.5 CPU 是如何执行任务的？/img-023.png
attachments-evidence	attachment-evidence	11883	54f3d4033c240c73	assets/xiaolincoding/图解系统/02｜硬件结构篇-2.5 CPU 是如何执行任务的？/img-024 2.png
attachments-evidence	attachment-evidence	11883	54f3d4033c240c73	assets/xiaolincoding/图解系统/02｜硬件结构篇-2.5 CPU 是如何执行任务的？/img-024.png
attachments-evidence	attachment-evidence	11216	6d4c22fb2022e20d	assets/xiaolincoding/图解系统/02｜硬件结构篇-2.5 CPU 是如何执行任务的？/img-025 2.png
attachments-evidence	attachment-evidence	11216	6d4c22fb2022e20d	assets/xiaolincoding/图解系统/02｜硬件结构篇-2.5 CPU 是如何执行任务的？/img-025.png
attachments-evidence	attachment-evidence	23559	8e1bd350f821d76e	assets/xiaolincoding/图解系统/02｜硬件结构篇-2.5 CPU 是如何执行任务的？/img-026 2.png
attachments-evidence	attachment-evidence	23559	8e1bd350f821d76e	assets/xiaolincoding/图解系统/02｜硬件结构篇-2.5 CPU 是如何执行任务的？/img-026.png
attachments-evidence	attachment-evidence	56179	a698745dd82d4a0a	assets/xiaolincoding/图解系统/02｜硬件结构篇-2.6 什么是软中断？/img-001 2.png
attachments-evidence	attachment-evidence	56179	a698745dd82d4a0a	assets/xiaolincoding/图解系统/02｜硬件结构篇-2.6 什么是软中断？/img-001.png
attachments-evidence	attachment-evidence	125888	743c68f5daf553e7	assets/xiaolincoding/图解系统/02｜硬件结构篇-2.6 什么是软中断？/img-002 2.png
attachments-evidence	attachment-evidence	125888	743c68f5daf553e7	assets/xiaolincoding/图解系统/02｜硬件结构篇-2.6 什么是软中断？/img-002.png
attachments-evidence	attachment-evidence	87169	84e8bc1fc8df1699	assets/xiaolincoding/图解系统/02｜硬件结构篇-2.6 什么是软中断？/img-003 2.png
attachments-evidence	attachment-evidence	87169	84e8bc1fc8df1699	assets/xiaolincoding/图解系统/02｜硬件结构篇-2.6 什么是软中断？/img-003.png
attachments-evidence	attachment-evidence	125227	1906597ff257a854	assets/xiaolincoding/图解系统/02｜硬件结构篇-2.6 什么是软中断？/img-004 2.png
attachments-evidence	attachment-evidence	125227	1906597ff257a854	assets/xiaolincoding/图解系统/02｜硬件结构篇-2.6 什么是软中断？/img-004.png
attachments-evidence	attachment-evidence	10495	3b46d7859c02bb43	assets/xiaolincoding/图解系统/02｜硬件结构篇-2.6 什么是软中断？/img-005 2.png
attachments-evidence	attachment-evidence	10495	3b46d7859c02bb43	assets/xiaolincoding/图解系统/02｜硬件结构篇-2.6 什么是软中断？/img-005.png
attachments-evidence	attachment-evidence	120013	b0a2565c7fb142e5	assets/xiaolincoding/图解系统/02｜硬件结构篇-2.6 什么是软中断？/img-006 2.png
attachments-evidence	attachment-evidence	120013	b0a2565c7fb142e5	assets/xiaolincoding/图解系统/02｜硬件结构篇-2.6 什么是软中断？/img-006.png
attachments-evidence	attachment-evidence	19376	2b5b413624eec77c	assets/xiaolincoding/图解系统/02｜硬件结构篇-2.7 为什么 0.1 + 0.2 不等于 0.3 ？/img-001 2.png
attachments-evidence	attachment-evidence	19376	2b5b413624eec77c	assets/xiaolincoding/图解系统/02｜硬件结构篇-2.7 为什么 0.1 + 0.2 不等于 0.3 ？/img-001.png
attachments-evidence	attachment-evidence	26397	26ac78eb38a71012	assets/xiaolincoding/图解系统/02｜硬件结构篇-2.7 为什么 0.1 + 0.2 不等于 0.3 ？/img-002 2.png
attachments-evidence	attachment-evidence	26397	26ac78eb38a71012	assets/xiaolincoding/图解系统/02｜硬件结构篇-2.7 为什么 0.1 + 0.2 不等于 0.3 ？/img-002.png
attachments-evidence	attachment-evidence	46783	3266fc6c4b0aae9f	assets/xiaolincoding/图解系统/02｜硬件结构篇-2.7 为什么 0.1 + 0.2 不等于 0.3 ？/img-003 2.png
attachments-evidence	attachment-evidence	46783	3266fc6c4b0aae9f	assets/xiaolincoding/图解系统/02｜硬件结构篇-2.7 为什么 0.1 + 0.2 不等于 0.3 ？/img-003.png
attachments-evidence	attachment-evidence	58065	f405288fffd37baf	assets/xiaolincoding/图解系统/02｜硬件结构篇-2.7 为什么 0.1 + 0.2 不等于 0.3 ？/img-004 2.png
attachments-evidence	attachment-evidence	58065	f405288fffd37baf	assets/xiaolincoding/图解系统/02｜硬件结构篇-2.7 为什么 0.1 + 0.2 不等于 0.3 ？/img-004.png
attachments-evidence	attachment-evidence	88497	10b551e0e131afb8	assets/xiaolincoding/图解系统/02｜硬件结构篇-2.7 为什么 0.1 + 0.2 不等于 0.3 ？/img-005 2.png
attachments-evidence	attachment-evidence	88497	10b551e0e131afb8	assets/xiaolincoding/图解系统/02｜硬件结构篇-2.7 为什么 0.1 + 0.2 不等于 0.3 ？/img-005.png
attachments-evidence	attachment-evidence	67117	7f875b8424edffd9	assets/xiaolincoding/图解系统/02｜硬件结构篇-2.7 为什么 0.1 + 0.2 不等于 0.3 ？/img-006 2.png
attachments-evidence	attachment-evidence	67117	7f875b8424edffd9	assets/xiaolincoding/图解系统/02｜硬件结构篇-2.7 为什么 0.1 + 0.2 不等于 0.3 ？/img-006.png
attachments-evidence	attachment-evidence	80878	d8df77d1927f8d2f	assets/xiaolincoding/图解系统/02｜硬件结构篇-2.7 为什么 0.1 + 0.2 不等于 0.3 ？/img-007 2.png
attachments-evidence	attachment-evidence	80878	d8df77d1927f8d2f	assets/xiaolincoding/图解系统/02｜硬件结构篇-2.7 为什么 0.1 + 0.2 不等于 0.3 ？/img-007.png
attachments-evidence	attachment-evidence	71607	07dd07d20d40a3c7	assets/xiaolincoding/图解系统/02｜硬件结构篇-2.7 为什么 0.1 + 0.2 不等于 0.3 ？/img-008 2.png
attachments-evidence	attachment-evidence	71607	07dd07d20d40a3c7	assets/xiaolincoding/图解系统/02｜硬件结构篇-2.7 为什么 0.1 + 0.2 不等于 0.3 ？/img-008.png
attachments-evidence	attachment-evidence	23209	e309b3953ab98cb5	assets/xiaolincoding/图解系统/02｜硬件结构篇-2.7 为什么 0.1 + 0.2 不等于 0.3 ？/img-009 2.png
attachments-evidence	attachment-evidence	23209	e309b3953ab98cb5	assets/xiaolincoding/图解系统/02｜硬件结构篇-2.7 为什么 0.1 + 0.2 不等于 0.3 ？/img-009.png
attachments-evidence	attachment-evidence	8786	8ddfffdd7c4ef7bc	assets/xiaolincoding/图解系统/02｜硬件结构篇-2.7 为什么 0.1 + 0.2 不等于 0.3 ？/img-010 2.png
attachments-evidence	attachment-evidence	8786	8ddfffdd7c4ef7bc	assets/xiaolincoding/图解系统/02｜硬件结构篇-2.7 为什么 0.1 + 0.2 不等于 0.3 ？/img-010.png
attachments-evidence	attachment-evidence	41029	ef6ed10943a9c54d	assets/xiaolincoding/图解系统/02｜硬件结构篇-2.7 为什么 0.1 + 0.2 不等于 0.3 ？/img-011 2.png
attachments-evidence	attachment-evidence	41029	ef6ed10943a9c54d	assets/xiaolincoding/图解系统/02｜硬件结构篇-2.7 为什么 0.1 + 0.2 不等于 0.3 ？/img-011.png
attachments-evidence	attachment-evidence	79566	3d9134314cae66d0	assets/xiaolincoding/图解系统/02｜硬件结构篇-2.7 为什么 0.1 + 0.2 不等于 0.3 ？/img-012 2.png
attachments-evidence	attachment-evidence	79566	3d9134314cae66d0	assets/xiaolincoding/图解系统/02｜硬件结构篇-2.7 为什么 0.1 + 0.2 不等于 0.3 ？/img-012.png
attachments-evidence	attachment-evidence	19493	e099348867dfd5c4	assets/xiaolincoding/图解系统/02｜硬件结构篇-2.7 为什么 0.1 + 0.2 不等于 0.3 ？/img-013 2.png
attachments-evidence	attachment-evidence	19493	e099348867dfd5c4	assets/xiaolincoding/图解系统/02｜硬件结构篇-2.7 为什么 0.1 + 0.2 不等于 0.3 ？/img-013.png
attachments-evidence	attachment-evidence	90411	6fc91667ea5c2fcc	assets/xiaolincoding/图解系统/02｜硬件结构篇-2.7 为什么 0.1 + 0.2 不等于 0.3 ？/img-014 2.png
attachments-evidence	attachment-evidence	90411	6fc91667ea5c2fcc	assets/xiaolincoding/图解系统/02｜硬件结构篇-2.7 为什么 0.1 + 0.2 不等于 0.3 ？/img-014.png
attachments-evidence	attachment-evidence	202453	b4af4cc92e455412	assets/xiaolincoding/图解系统/02｜硬件结构篇-2.7 为什么 0.1 + 0.2 不等于 0.3 ？/img-015 2.png
attachments-evidence	attachment-evidence	202453	b4af4cc92e455412	assets/xiaolincoding/图解系统/02｜硬件结构篇-2.7 为什么 0.1 + 0.2 不等于 0.3 ？/img-015.png
attachments-evidence	attachment-evidence	54700	0d9d9b5f6aff676c	assets/xiaolincoding/图解系统/02｜硬件结构篇-2.7 为什么 0.1 + 0.2 不等于 0.3 ？/img-016 2.png
attachments-evidence	attachment-evidence	54700	0d9d9b5f6aff676c	assets/xiaolincoding/图解系统/02｜硬件结构篇-2.7 为什么 0.1 + 0.2 不等于 0.3 ？/img-016.png
attachments-evidence	attachment-evidence	78158	10849c2571a656d5	assets/xiaolincoding/图解系统/02｜硬件结构篇-2.7 为什么 0.1 + 0.2 不等于 0.3 ？/img-017 2.png
attachments-evidence	attachment-evidence	78158	10849c2571a656d5	assets/xiaolincoding/图解系统/02｜硬件结构篇-2.7 为什么 0.1 + 0.2 不等于 0.3 ？/img-017.png
attachments-evidence	attachment-evidence	79849	83d299173f1a1c0e	assets/xiaolincoding/图解系统/02｜硬件结构篇-2.7 为什么 0.1 + 0.2 不等于 0.3 ？/img-018 2.png
attachments-evidence	attachment-evidence	79849	83d299173f1a1c0e	assets/xiaolincoding/图解系统/02｜硬件结构篇-2.7 为什么 0.1 + 0.2 不等于 0.3 ？/img-018.png
attachments-evidence	attachment-evidence	35417	0dca1571aac4ebd2	assets/xiaolincoding/图解系统/02｜硬件结构篇-2.7 为什么 0.1 + 0.2 不等于 0.3 ？/img-019 2.png
attachments-evidence	attachment-evidence	35417	0dca1571aac4ebd2	assets/xiaolincoding/图解系统/02｜硬件结构篇-2.7 为什么 0.1 + 0.2 不等于 0.3 ？/img-019.png
attachments-evidence	attachment-evidence	1101	65a80fb6f1bcd88f	assets/xiaolincoding/图解系统/02｜硬件结构篇-2.7 为什么 0.1 + 0.2 不等于 0.3 ？/img-020 2.png
attachments-evidence	attachment-evidence	1101	65a80fb6f1bcd88f	assets/xiaolincoding/图解系统/02｜硬件结构篇-2.7 为什么 0.1 + 0.2 不等于 0.3 ？/img-020.png
attachments-evidence	attachment-evidence	54621	eee397d3b0d896c3	assets/xiaolincoding/图解系统/03｜系统结构篇-3.1 Linux 内核 vs Windows 内核/img-001 2.png
attachments-evidence	attachment-evidence	54621	eee397d3b0d896c3	assets/xiaolincoding/图解系统/03｜系统结构篇-3.1 Linux 内核 vs Windows 内核/img-001.png
attachments-evidence	attachment-evidence	41885	3306a80d877bef14	assets/xiaolincoding/图解系统/03｜系统结构篇-3.1 Linux 内核 vs Windows 内核/img-002 2.png
attachments-evidence	attachment-evidence	41885	3306a80d877bef14	assets/xiaolincoding/图解系统/03｜系统结构篇-3.1 Linux 内核 vs Windows 内核/img-002.png
attachments-evidence	attachment-evidence	56590	30dc6071e2819403	assets/xiaolincoding/图解系统/03｜系统结构篇-3.1 Linux 内核 vs Windows 内核/img-003 2.png
attachments-evidence	attachment-evidence	56590	30dc6071e2819403	assets/xiaolincoding/图解系统/03｜系统结构篇-3.1 Linux 内核 vs Windows 内核/img-003.png
attachments-evidence	attachment-evidence	122107	d882e0af4d6eb246	assets/xiaolincoding/图解系统/03｜系统结构篇-3.1 Linux 内核 vs Windows 内核/img-004 2.png
attachments-evidence	attachment-evidence	122107	d882e0af4d6eb246	assets/xiaolincoding/图解系统/03｜系统结构篇-3.1 Linux 内核 vs Windows 内核/img-004.png
attachments-evidence	attachment-evidence	101935	7cd4952f8d45385a	assets/xiaolincoding/图解系统/03｜系统结构篇-3.1 Linux 内核 vs Windows 内核/img-005 2.png
attachments-evidence	attachment-evidence	101935	7cd4952f8d45385a	assets/xiaolincoding/图解系统/03｜系统结构篇-3.1 Linux 内核 vs Windows 内核/img-005.png
attachments-evidence	attachment-evidence	32935	8423b70ded03e479	assets/xiaolincoding/图解系统/03｜系统结构篇-3.1 Linux 内核 vs Windows 内核/img-006 2.png
attachments-evidence	attachment-evidence	32935	8423b70ded03e479	assets/xiaolincoding/图解系统/03｜系统结构篇-3.1 Linux 内核 vs Windows 内核/img-006.png
attachments-evidence	attachment-evidence	70666	23ad08e558220367	assets/xiaolincoding/图解系统/04｜内存管理篇-4.1 为什么要有虚拟内存？/img-001 2.png
attachments-evidence	attachment-evidence	70666	23ad08e558220367	assets/xiaolincoding/图解系统/04｜内存管理篇-4.1 为什么要有虚拟内存？/img-001.png
attachments-evidence	attachment-evidence	19997	b757c247b4fde71c	assets/xiaolincoding/图解系统/04｜内存管理篇-4.1 为什么要有虚拟内存？/img-002 2.png
attachments-evidence	attachment-evidence	19997	b757c247b4fde71c	assets/xiaolincoding/图解系统/04｜内存管理篇-4.1 为什么要有虚拟内存？/img-002.png
attachments-evidence	attachment-evidence	12204	908c9f005f56eefa	assets/xiaolincoding/图解系统/04｜内存管理篇-4.1 为什么要有虚拟内存？/img-003 2.png
attachments-evidence	attachment-evidence	12204	908c9f005f56eefa	assets/xiaolincoding/图解系统/04｜内存管理篇-4.1 为什么要有虚拟内存？/img-003.png
attachments-evidence	attachment-evidence	35370	cee42487d60d1dc8	assets/xiaolincoding/图解系统/04｜内存管理篇-4.1 为什么要有虚拟内存？/img-004 2.png
attachments-evidence	attachment-evidence	35370	cee42487d60d1dc8	assets/xiaolincoding/图解系统/04｜内存管理篇-4.1 为什么要有虚拟内存？/img-004.png
attachments-evidence	attachment-evidence	69339	7cccea2baf6e3d48	assets/xiaolincoding/图解系统/04｜内存管理篇-4.1 为什么要有虚拟内存？/img-005 2.png
attachments-evidence	attachment-evidence	69339	7cccea2baf6e3d48	assets/xiaolincoding/图解系统/04｜内存管理篇-4.1 为什么要有虚拟内存？/img-005.png
attachments-evidence	attachment-evidence	80386	ae81c7611720f1d0	assets/xiaolincoding/图解系统/04｜内存管理篇-4.1 为什么要有虚拟内存？/img-006 2.png
attachments-evidence	attachment-evidence	80386	ae81c7611720f1d0	assets/xiaolincoding/图解系统/04｜内存管理篇-4.1 为什么要有虚拟内存？/img-006.png
attachments-evidence	attachment-evidence	236483	a14e2f0adf3eca6c	assets/xiaolincoding/图解系统/04｜内存管理篇-4.1 为什么要有虚拟内存？/img-007 2.png
attachments-evidence	attachment-evidence	236483	a14e2f0adf3eca6c	assets/xiaolincoding/图解系统/04｜内存管理篇-4.1 为什么要有虚拟内存？/img-007.png
attachments-evidence	attachment-evidence	57301	96792c3d84d60ce1	assets/xiaolincoding/图解系统/04｜内存管理篇-4.1 为什么要有虚拟内存？/img-008 2.png
attachments-evidence	attachment-evidence	57301	96792c3d84d60ce1	assets/xiaolincoding/图解系统/04｜内存管理篇-4.1 为什么要有虚拟内存？/img-008.png
attachments-evidence	attachment-evidence	71767	d31afe64a0fa90c0	assets/xiaolincoding/图解系统/04｜内存管理篇-4.1 为什么要有虚拟内存？/img-009 2.png
attachments-evidence	attachment-evidence	71767	d31afe64a0fa90c0	assets/xiaolincoding/图解系统/04｜内存管理篇-4.1 为什么要有虚拟内存？/img-009.png
attachments-evidence	attachment-evidence	48141	c7168b071457ade2	assets/xiaolincoding/图解系统/04｜内存管理篇-4.1 为什么要有虚拟内存？/img-010 2.png
attachments-evidence	attachment-evidence	48141	c7168b071457ade2	assets/xiaolincoding/图解系统/04｜内存管理篇-4.1 为什么要有虚拟内存？/img-010.png
attachments-evidence	attachment-evidence	108620	7030234b1157db5f	assets/xiaolincoding/图解系统/04｜内存管理篇-4.1 为什么要有虚拟内存？/img-011 2.png
attachments-evidence	attachment-evidence	108620	7030234b1157db5f	assets/xiaolincoding/图解系统/04｜内存管理篇-4.1 为什么要有虚拟内存？/img-011.png
attachments-evidence	attachment-evidence	161473	07f839643972f96a	assets/xiaolincoding/图解系统/04｜内存管理篇-4.1 为什么要有虚拟内存？/img-012 2.png
attachments-evidence	attachment-evidence	161473	07f839643972f96a	assets/xiaolincoding/图解系统/04｜内存管理篇-4.1 为什么要有虚拟内存？/img-012.png
attachments-evidence	attachment-evidence	70806	1d79a3a51a3cf832	assets/xiaolincoding/图解系统/04｜内存管理篇-4.1 为什么要有虚拟内存？/img-013 2.png
attachments-evidence	attachment-evidence	70806	1d79a3a51a3cf832	assets/xiaolincoding/图解系统/04｜内存管理篇-4.1 为什么要有虚拟内存？/img-013.png
attachments-evidence	attachment-evidence	13683	a75c54888926c1a6	assets/xiaolincoding/图解系统/04｜内存管理篇-4.1 为什么要有虚拟内存？/img-014 2.png
attachments-evidence	attachment-evidence	13683	a75c54888926c1a6	assets/xiaolincoding/图解系统/04｜内存管理篇-4.1 为什么要有虚拟内存？/img-014.png
attachments-evidence	attachment-evidence	39118	f785f26653c35a8f	assets/xiaolincoding/图解系统/04｜内存管理篇-4.1 为什么要有虚拟内存？/img-015 2.png
attachments-evidence	attachment-evidence	39118	f785f26653c35a8f	assets/xiaolincoding/图解系统/04｜内存管理篇-4.1 为什么要有虚拟内存？/img-015.png
attachments-evidence	attachment-evidence	23426	2769b04d7134d465	assets/xiaolincoding/图解系统/04｜内存管理篇-4.1 为什么要有虚拟内存？/img-016 2.png
attachments-evidence	attachment-evidence	23426	2769b04d7134d465	assets/xiaolincoding/图解系统/04｜内存管理篇-4.1 为什么要有虚拟内存？/img-016.png
attachments-evidence	attachment-evidence	91860	f46e10dbd588229b	assets/xiaolincoding/图解系统/04｜内存管理篇-4.1 为什么要有虚拟内存？/img-017 2.png
attachments-evidence	attachment-evidence	91860	f46e10dbd588229b	assets/xiaolincoding/图解系统/04｜内存管理篇-4.1 为什么要有虚拟内存？/img-017.png
attachments-evidence	attachment-evidence	35075	31d6defae07bc351	assets/xiaolincoding/图解系统/04｜内存管理篇-4.1 为什么要有虚拟内存？/img-018 2.png
attachments-evidence	attachment-evidence	35075	31d6defae07bc351	assets/xiaolincoding/图解系统/04｜内存管理篇-4.1 为什么要有虚拟内存？/img-018.png
attachments-evidence	attachment-evidence	49062	812f279e12ea585d	assets/xiaolincoding/图解系统/04｜内存管理篇-4.1 为什么要有虚拟内存？/img-019 2.png
attachments-evidence	attachment-evidence	49062	812f279e12ea585d	assets/xiaolincoding/图解系统/04｜内存管理篇-4.1 为什么要有虚拟内存？/img-019.png
attachments-evidence	attachment-evidence	32593	f094c8c3e6a1e8e1	assets/xiaolincoding/图解系统/04｜内存管理篇-4.1 为什么要有虚拟内存？/img-020 2.png
attachments-evidence	attachment-evidence	32593	f094c8c3e6a1e8e1	assets/xiaolincoding/图解系统/04｜内存管理篇-4.1 为什么要有虚拟内存？/img-020.png
attachments-evidence	attachment-evidence	69135	fdaa82f5910706d0	assets/xiaolincoding/图解系统/04｜内存管理篇-4.1 为什么要有虚拟内存？/img-021 2.png
attachments-evidence	attachment-evidence	69135	fdaa82f5910706d0	assets/xiaolincoding/图解系统/04｜内存管理篇-4.1 为什么要有虚拟内存？/img-021.png
attachments-evidence	attachment-evidence	41990	1bdb835daaf7196c	assets/xiaolincoding/图解系统/04｜内存管理篇-4.2 malloc 是如何分配内存的？/img-001 2.jpg
attachments-evidence	attachment-evidence	41990	1bdb835daaf7196c	assets/xiaolincoding/图解系统/04｜内存管理篇-4.2 malloc 是如何分配内存的？/img-001.jpg
attachments-evidence	attachment-evidence	30180	88a1ee64c81dacdb	assets/xiaolincoding/图解系统/04｜内存管理篇-4.2 malloc 是如何分配内存的？/img-002 2.jpg
attachments-evidence	attachment-evidence	30180	88a1ee64c81dacdb	assets/xiaolincoding/图解系统/04｜内存管理篇-4.2 malloc 是如何分配内存的？/img-002.jpg
attachments-evidence	attachment-evidence	69135	fdaa82f5910706d0	assets/xiaolincoding/图解系统/04｜内存管理篇-4.2 malloc 是如何分配内存的？/img-003 2.png
attachments-evidence	attachment-evidence	69135	fdaa82f5910706d0	assets/xiaolincoding/图解系统/04｜内存管理篇-4.2 malloc 是如何分配内存的？/img-003.png
attachments-evidence	attachment-evidence	194227	f63814aae6805f14	assets/xiaolincoding/图解系统/04｜内存管理篇-4.2 malloc 是如何分配内存的？/img-004 2.png
attachments-evidence	attachment-evidence	194227	f63814aae6805f14	assets/xiaolincoding/图解系统/04｜内存管理篇-4.2 malloc 是如何分配内存的？/img-004.png
attachments-evidence	attachment-evidence	150260	cf743f4e9b6018f4	assets/xiaolincoding/图解系统/04｜内存管理篇-4.2 malloc 是如何分配内存的？/img-005 2.png
attachments-evidence	attachment-evidence	150260	cf743f4e9b6018f4	assets/xiaolincoding/图解系统/04｜内存管理篇-4.2 malloc 是如何分配内存的？/img-005.png
attachments-evidence	attachment-evidence	39004	fcb2dcdeb4dfad73	assets/xiaolincoding/图解系统/04｜内存管理篇-4.2 malloc 是如何分配内存的？/img-006 2.png
attachments-evidence	attachment-evidence	39004	fcb2dcdeb4dfad73	assets/xiaolincoding/图解系统/04｜内存管理篇-4.2 malloc 是如何分配内存的？/img-006.png
attachments-evidence	attachment-evidence	52645	fee70dfdb1077a1c	assets/xiaolincoding/图解系统/04｜内存管理篇-4.2 malloc 是如何分配内存的？/img-007 2.png
attachments-evidence	attachment-evidence	52645	fee70dfdb1077a1c	assets/xiaolincoding/图解系统/04｜内存管理篇-4.2 malloc 是如何分配内存的？/img-007.png
attachments-evidence	attachment-evidence	52369	8edb89ae72dd2111	assets/xiaolincoding/图解系统/04｜内存管理篇-4.2 malloc 是如何分配内存的？/img-008 2.png
attachments-evidence	attachment-evidence	52369	8edb89ae72dd2111	assets/xiaolincoding/图解系统/04｜内存管理篇-4.2 malloc 是如何分配内存的？/img-008.png
attachments-evidence	attachment-evidence	41276	b2a35d88f2c3ffda	assets/xiaolincoding/图解系统/04｜内存管理篇-4.2 malloc 是如何分配内存的？/img-009 2.png
attachments-evidence	attachment-evidence	41276	b2a35d88f2c3ffda	assets/xiaolincoding/图解系统/04｜内存管理篇-4.2 malloc 是如何分配内存的？/img-009.png
attachments-evidence	attachment-evidence	54087	47da8f96d75abb85	assets/xiaolincoding/图解系统/04｜内存管理篇-4.2 malloc 是如何分配内存的？/img-010 2.png
attachments-evidence	attachment-evidence	54087	47da8f96d75abb85	assets/xiaolincoding/图解系统/04｜内存管理篇-4.2 malloc 是如何分配内存的？/img-010.png
attachments-evidence	attachment-evidence	59944	c4d719d192c19edf	assets/xiaolincoding/图解系统/04｜内存管理篇-4.2 malloc 是如何分配内存的？/img-011 2.png
attachments-evidence	attachment-evidence	59944	c4d719d192c19edf	assets/xiaolincoding/图解系统/04｜内存管理篇-4.2 malloc 是如何分配内存的？/img-011.png
attachments-evidence	attachment-evidence	18857	eadb3f562da971f0	assets/xiaolincoding/图解系统/04｜内存管理篇-4.2 malloc 是如何分配内存的？/img-012 2.png
attachments-evidence	attachment-evidence	18857	eadb3f562da971f0	assets/xiaolincoding/图解系统/04｜内存管理篇-4.2 malloc 是如何分配内存的？/img-012.png
attachments-evidence	attachment-evidence	44543	8b81fc3b15b8f7bb	assets/xiaolincoding/图解系统/04｜内存管理篇-4.2 malloc 是如何分配内存的？/img-013 2.png
attachments-evidence	attachment-evidence	44543	8b81fc3b15b8f7bb	assets/xiaolincoding/图解系统/04｜内存管理篇-4.2 malloc 是如何分配内存的？/img-013.png
attachments-evidence	attachment-evidence	17353	b31fa5eb32b6c4c9	assets/xiaolincoding/图解系统/04｜内存管理篇-4.2 malloc 是如何分配内存的？/img-014 2.png
attachments-evidence	attachment-evidence	17353	b31fa5eb32b6c4c9	assets/xiaolincoding/图解系统/04｜内存管理篇-4.2 malloc 是如何分配内存的？/img-014.png
attachments-evidence	attachment-evidence	97736	62ca3872a940126c	assets/xiaolincoding/图解系统/04｜内存管理篇-4.3 内存满了，会发生什么？/img-001 2.png
attachments-evidence	attachment-evidence	97736	62ca3872a940126c	assets/xiaolincoding/图解系统/04｜内存管理篇-4.3 内存满了，会发生什么？/img-001.png
attachments-evidence	attachment-evidence	70459	eb0c05889182dcce	assets/xiaolincoding/图解系统/04｜内存管理篇-4.3 内存满了，会发生什么？/img-002 2.png
attachments-evidence	attachment-evidence	70459	eb0c05889182dcce	assets/xiaolincoding/图解系统/04｜内存管理篇-4.3 内存满了，会发生什么？/img-002.png
attachments-evidence	attachment-evidence	243935	f6febb057cf81484	assets/xiaolincoding/图解系统/04｜内存管理篇-4.3 内存满了，会发生什么？/img-003 2.png
attachments-evidence	attachment-evidence	243935	f6febb057cf81484	assets/xiaolincoding/图解系统/04｜内存管理篇-4.3 内存满了，会发生什么？/img-003.png
attachments-evidence	attachment-evidence	77754	3f3465d39eb8e5a7	assets/xiaolincoding/图解系统/04｜内存管理篇-4.3 内存满了，会发生什么？/img-004 2.png
attachments-evidence	attachment-evidence	77754	3f3465d39eb8e5a7	assets/xiaolincoding/图解系统/04｜内存管理篇-4.3 内存满了，会发生什么？/img-004.png
attachments-evidence	attachment-evidence	205003	124c43863d2d0521	assets/xiaolincoding/图解系统/04｜内存管理篇-4.3 内存满了，会发生什么？/img-005 2.png
attachments-evidence	attachment-evidence	205003	124c43863d2d0521	assets/xiaolincoding/图解系统/04｜内存管理篇-4.3 内存满了，会发生什么？/img-005.png
attachments-evidence	attachment-evidence	30332	209d0998df65c971	assets/xiaolincoding/图解系统/04｜内存管理篇-4.3 内存满了，会发生什么？/img-006 2.png
attachments-evidence	attachment-evidence	30332	209d0998df65c971	assets/xiaolincoding/图解系统/04｜内存管理篇-4.3 内存满了，会发生什么？/img-006.png
attachments-evidence	attachment-evidence	28378	fe12fc2ae894edf2	assets/xiaolincoding/图解系统/04｜内存管理篇-4.3 内存满了，会发生什么？/img-007 2.png
attachments-evidence	attachment-evidence	28378	fe12fc2ae894edf2	assets/xiaolincoding/图解系统/04｜内存管理篇-4.3 内存满了，会发生什么？/img-007.png
attachments-evidence	attachment-evidence	149330	6e0e33f9cf6dd28d	assets/xiaolincoding/图解系统/04｜内存管理篇-4.4 在 4GB 物理内存的机器上，申请 8G 内存会怎么样？/img-001.png
attachments-evidence	attachment-evidence	49062	b7b999f82ea344c8	assets/xiaolincoding/图解系统/04｜内存管理篇-4.4 在 4GB 物理内存的机器上，申请 8G 内存会怎么样？/img-002.png
attachments-evidence	attachment-evidence	39467	f56237892b928d6d	assets/xiaolincoding/图解系统/04｜内存管理篇-4.4 在 4GB 物理内存的机器上，申请 8G 内存会怎么样？/img-003 2.png
attachments-evidence	attachment-evidence	39467	f56237892b928d6d	assets/xiaolincoding/图解系统/04｜内存管理篇-4.4 在 4GB 物理内存的机器上，申请 8G 内存会怎么样？/img-003.png
attachments-evidence	attachment-evidence	103307	c1e2a349741db970	assets/xiaolincoding/图解系统/04｜内存管理篇-4.4 在 4GB 物理内存的机器上，申请 8G 内存会怎么样？/img-004.png
attachments-evidence	attachment-evidence	20352	85b172572b3b6431	assets/xiaolincoding/图解系统/04｜内存管理篇-4.4 在 4GB 物理内存的机器上，申请 8G 内存会怎么样？/img-005 2.png
attachments-evidence	attachment-evidence	20352	85b172572b3b6431	assets/xiaolincoding/图解系统/04｜内存管理篇-4.4 在 4GB 物理内存的机器上，申请 8G 内存会怎么样？/img-005.png
attachments-evidence	attachment-evidence	92877	6fd63cb08dca7104	assets/xiaolincoding/图解系统/04｜内存管理篇-4.4 在 4GB 物理内存的机器上，申请 8G 内存会怎么样？/img-006 2.png
attachments-evidence	attachment-evidence	92877	6fd63cb08dca7104	assets/xiaolincoding/图解系统/04｜内存管理篇-4.4 在 4GB 物理内存的机器上，申请 8G 内存会怎么样？/img-006.png
attachments-evidence	attachment-evidence	396077	bedcbd84c8723432	assets/xiaolincoding/图解系统/04｜内存管理篇-4.4 在 4GB 物理内存的机器上，申请 8G 内存会怎么样？/img-007.png
attachments-evidence	attachment-evidence	42111	c11a2d7ed70e2ca3	assets/xiaolincoding/图解系统/04｜内存管理篇-4.4 在 4GB 物理内存的机器上，申请 8G 内存会怎么样？/img-008.png
attachments-evidence	attachment-evidence	13680	546fe3db9119683b	assets/xiaolincoding/图解系统/04｜内存管理篇-4.4 在 4GB 物理内存的机器上，申请 8G 内存会怎么样？/img-009 2.png
attachments-evidence	attachment-evidence	13680	546fe3db9119683b	assets/xiaolincoding/图解系统/04｜内存管理篇-4.4 在 4GB 物理内存的机器上，申请 8G 内存会怎么样？/img-009.png
attachments-evidence	attachment-evidence	13907	28bad23fc348090f	assets/xiaolincoding/图解系统/04｜内存管理篇-4.4 在 4GB 物理内存的机器上，申请 8G 内存会怎么样？/img-010 2.png
attachments-evidence	attachment-evidence	13907	28bad23fc348090f	assets/xiaolincoding/图解系统/04｜内存管理篇-4.4 在 4GB 物理内存的机器上，申请 8G 内存会怎么样？/img-010.png
attachments-evidence	attachment-evidence	13255	9a3059660a6ff915	assets/xiaolincoding/图解系统/04｜内存管理篇-4.4 在 4GB 物理内存的机器上，申请 8G 内存会怎么样？/img-011.png
attachments-evidence	attachment-evidence	31250	024ba486f394fe9e	assets/xiaolincoding/图解系统/04｜内存管理篇-4.4 在 4GB 物理内存的机器上，申请 8G 内存会怎么样？/img-012 2.png
attachments-evidence	attachment-evidence	31250	024ba486f394fe9e	assets/xiaolincoding/图解系统/04｜内存管理篇-4.4 在 4GB 物理内存的机器上，申请 8G 内存会怎么样？/img-012.png
attachments-evidence	attachment-evidence	437714	8ff5c6a48ece89f1	assets/xiaolincoding/图解系统/04｜内存管理篇-4.4 在 4GB 物理内存的机器上，申请 8G 内存会怎么样？/img-013 2.png
attachments-evidence	attachment-evidence	437714	8ff5c6a48ece89f1	assets/xiaolincoding/图解系统/04｜内存管理篇-4.4 在 4GB 物理内存的机器上，申请 8G 内存会怎么样？/img-013.png
attachments-evidence	attachment-evidence	3376	f769386762819071	assets/xiaolincoding/图解系统/04｜内存管理篇-4.4 在 4GB 物理内存的机器上，申请 8G 内存会怎么样？/img-014 2.png
attachments-evidence	attachment-evidence	3376	f769386762819071	assets/xiaolincoding/图解系统/04｜内存管理篇-4.4 在 4GB 物理内存的机器上，申请 8G 内存会怎么样？/img-014.png
attachments-evidence	attachment-evidence	331725	4baa690d35e491dc	assets/xiaolincoding/图解系统/04｜内存管理篇-4.4 在 4GB 物理内存的机器上，申请 8G 内存会怎么样？/img-015 2.png
attachments-evidence	attachment-evidence	331725	4baa690d35e491dc	assets/xiaolincoding/图解系统/04｜内存管理篇-4.4 在 4GB 物理内存的机器上，申请 8G 内存会怎么样？/img-015.png
attachments-evidence	attachment-evidence	1329	a5607faec44db543	assets/xiaolincoding/图解系统/04｜内存管理篇-4.4 在 4GB 物理内存的机器上，申请 8G 内存会怎么样？/img-016.png
attachments-evidence	attachment-evidence	61560	5d672f610f78171b	assets/xiaolincoding/图解系统/04｜内存管理篇-4.4 在 4GB 物理内存的机器上，申请 8G 内存会怎么样？/img-017.png
attachments-evidence	attachment-evidence	71767	30cd60f54ca53012	assets/xiaolincoding/图解系统/04｜内存管理篇-4.4 在 4GB 物理内存的机器上，申请 8G 内存会怎么样？/img-018 2.png
attachments-evidence	attachment-evidence	71767	30cd60f54ca53012	assets/xiaolincoding/图解系统/04｜内存管理篇-4.4 在 4GB 物理内存的机器上，申请 8G 内存会怎么样？/img-018.png
attachments-evidence	attachment-evidence	39467	f56237892b928d6d	assets/xiaolincoding/图解系统/04｜内存管理篇-4.4 在 4GB 物理内存的机器上，申请 8G 内存会怎么样？/img-019.png
attachments-evidence	attachment-evidence	141580	ba912cdf5541ce70	assets/xiaolincoding/图解系统/04｜内存管理篇-4.4 在 4GB 物理内存的机器上，申请 8G 内存会怎么样？/img-020.png
attachments-evidence	attachment-evidence	61505	6599c77445292247	assets/xiaolincoding/图解系统/04｜内存管理篇-4.4 在 4GB 物理内存的机器上，申请 8G 内存会怎么样？/img-021.png
attachments-evidence	attachment-evidence	368144	d2452992db3a78f5	assets/xiaolincoding/图解系统/04｜内存管理篇-4.4 在 4GB 物理内存的机器上，申请 8G 内存会怎么样？/img-022 2.png
attachments-evidence	attachment-evidence	368144	d2452992db3a78f5	assets/xiaolincoding/图解系统/04｜内存管理篇-4.4 在 4GB 物理内存的机器上，申请 8G 内存会怎么样？/img-022.png
attachments-evidence	attachment-evidence	167027	b25a487d2cf9a6ef	assets/xiaolincoding/图解系统/04｜内存管理篇-4.4 在 4GB 物理内存的机器上，申请 8G 内存会怎么样？/img-023 2.png
attachments-evidence	attachment-evidence	167027	b25a487d2cf9a6ef	assets/xiaolincoding/图解系统/04｜内存管理篇-4.4 在 4GB 物理内存的机器上，申请 8G 内存会怎么样？/img-023.png
attachments-evidence	attachment-evidence	356881	2c912deed6f4f5f1	assets/xiaolincoding/图解系统/04｜内存管理篇-4.4 在 4GB 物理内存的机器上，申请 8G 内存会怎么样？/img-024.png
attachments-evidence	attachment-evidence	157944	b5da869681bdb9d4	assets/xiaolincoding/图解系统/04｜内存管理篇-4.4 在 4GB 物理内存的机器上，申请 8G 内存会怎么样？/img-025 2.png
attachments-evidence	attachment-evidence	157944	b5da869681bdb9d4	assets/xiaolincoding/图解系统/04｜内存管理篇-4.4 在 4GB 物理内存的机器上，申请 8G 内存会怎么样？/img-025.png
attachments-evidence	attachment-evidence	468381	38ca643eb4124dea	assets/xiaolincoding/图解系统/04｜内存管理篇-4.4 在 4GB 物理内存的机器上，申请 8G 内存会怎么样？/img-026 2.png
attachments-evidence	attachment-evidence	468381	38ca643eb4124dea	assets/xiaolincoding/图解系统/04｜内存管理篇-4.4 在 4GB 物理内存的机器上，申请 8G 内存会怎么样？/img-026.png
attachments-evidence	attachment-evidence	110395	87a2742aced729f0	assets/xiaolincoding/图解系统/04｜内存管理篇-4.5 如何避免预读失效和缓存污染的问题？/img-001.png
attachments-evidence	attachment-evidence	301196	5275c732ead703e3	assets/xiaolincoding/图解系统/04｜内存管理篇-4.5 如何避免预读失效和缓存污染的问题？/img-002.png
attachments-evidence	attachment-evidence	115010	7b8d3686a14f73f4	assets/xiaolincoding/图解系统/04｜内存管理篇-4.5 如何避免预读失效和缓存污染的问题？/img-003.png
attachments-evidence	attachment-evidence	37753	48428da0cae3b5b0	assets/xiaolincoding/图解系统/04｜内存管理篇-4.5 如何避免预读失效和缓存污染的问题？/img-004.png
attachments-evidence	attachment-evidence	10341	8bb25d16f928d028	assets/xiaolincoding/图解系统/04｜内存管理篇-4.5 如何避免预读失效和缓存污染的问题？/img-005.png
attachments-evidence	attachment-evidence	10572	c80a0272841927f9	assets/xiaolincoding/图解系统/04｜内存管理篇-4.5 如何避免预读失效和缓存污染的问题？/img-006.png
attachments-evidence	attachment-evidence	14222	f4b8039a9d57045f	assets/xiaolincoding/图解系统/04｜内存管理篇-4.5 如何避免预读失效和缓存污染的问题？/img-007.png
attachments-evidence	attachment-evidence	94844	5a0ea4b55df64f8a	assets/xiaolincoding/图解系统/04｜内存管理篇-4.5 如何避免预读失效和缓存污染的问题？/img-008.png
attachments-evidence	attachment-evidence	29186	9cdc08c1defa6b8d	assets/xiaolincoding/图解系统/04｜内存管理篇-4.5 如何避免预读失效和缓存污染的问题？/img-009.png
attachments-evidence	attachment-evidence	34704	f5451b34c09f0a3d	assets/xiaolincoding/图解系统/04｜内存管理篇-4.5 如何避免预读失效和缓存污染的问题？/img-010.png
attachments-evidence	attachment-evidence	30225	244d780fc920f829	assets/xiaolincoding/图解系统/04｜内存管理篇-4.5 如何避免预读失效和缓存污染的问题？/img-011.png
attachments-evidence	attachment-evidence	24955	f052063324632849	assets/xiaolincoding/图解系统/04｜内存管理篇-4.5 如何避免预读失效和缓存污染的问题？/img-012.png
attachments-evidence	attachment-evidence	30304	ee4f606321994553	assets/xiaolincoding/图解系统/04｜内存管理篇-4.5 如何避免预读失效和缓存污染的问题？/img-013 2.png
attachments-evidence	attachment-evidence	30304	ee4f606321994553	assets/xiaolincoding/图解系统/04｜内存管理篇-4.5 如何避免预读失效和缓存污染的问题？/img-013.png
attachments-evidence	attachment-evidence	34752	7dec396733724076	assets/xiaolincoding/图解系统/04｜内存管理篇-4.5 如何避免预读失效和缓存污染的问题？/img-014.png
attachments-evidence	attachment-evidence	31429	12fba795b3ef8f0a	assets/xiaolincoding/图解系统/04｜内存管理篇-4.5 如何避免预读失效和缓存污染的问题？/img-015.png
attachments-evidence	attachment-evidence	40880	1f4c89bce71058a2	assets/xiaolincoding/图解系统/04｜内存管理篇-4.5 如何避免预读失效和缓存污染的问题？/img-016.png
attachments-evidence	attachment-evidence	38007	5ee2f3b61c51641f	assets/xiaolincoding/图解系统/04｜内存管理篇-4.5 如何避免预读失效和缓存污染的问题？/img-017.png
attachments-evidence	attachment-evidence	583925	313d6b89a4f8fc96	assets/xiaolincoding/图解系统/04｜内存管理篇-4.6 深入理解 Linux 虚拟内存管理/img-001.png
attachments-evidence	attachment-evidence	41907	de1a93a35ac81921	assets/xiaolincoding/图解系统/04｜内存管理篇-4.6 深入理解 Linux 虚拟内存管理/img-002.png
attachments-evidence	attachment-evidence	115197	b911627dd2b7b660	assets/xiaolincoding/图解系统/04｜内存管理篇-4.6 深入理解 Linux 虚拟内存管理/img-003.png
attachments-evidence	attachment-evidence	499163	601edec38d3a0729	assets/xiaolincoding/图解系统/04｜内存管理篇-4.6 深入理解 Linux 虚拟内存管理/img-004.png
attachments-evidence	attachment-evidence	323717	5b17a99f2ec5fca3	assets/xiaolincoding/图解系统/04｜内存管理篇-4.6 深入理解 Linux 虚拟内存管理/img-005.png
attachments-evidence	attachment-evidence	575205	e75c70c52b4c9489	assets/xiaolincoding/图解系统/04｜内存管理篇-4.6 深入理解 Linux 虚拟内存管理/img-006.png
attachments-evidence	attachment-evidence	1657180	051415c4d3b9d964	assets/xiaolincoding/图解系统/04｜内存管理篇-4.6 深入理解 Linux 虚拟内存管理/img-007.png
attachments-evidence	attachment-evidence	640925	32eb4218652407ae	assets/xiaolincoding/图解系统/04｜内存管理篇-4.6 深入理解 Linux 虚拟内存管理/img-008.png
attachments-evidence	attachment-evidence	96516	4060cb406491b76d	assets/xiaolincoding/图解系统/04｜内存管理篇-4.6 深入理解 Linux 虚拟内存管理/img-009.png
attachments-evidence	attachment-evidence	178658	aa465bf8b97e31a9	assets/xiaolincoding/图解系统/04｜内存管理篇-4.6 深入理解 Linux 虚拟内存管理/img-010.png
attachments-evidence	attachment-evidence	212758	b33c1478fda2bd2d	assets/xiaolincoding/图解系统/04｜内存管理篇-4.6 深入理解 Linux 虚拟内存管理/img-011.png
attachments-evidence	attachment-evidence	255003	ad09fc775554b115	assets/xiaolincoding/图解系统/04｜内存管理篇-4.6 深入理解 Linux 虚拟内存管理/img-012.png
attachments-evidence	attachment-evidence	283840	cda40999455d77be	assets/xiaolincoding/图解系统/04｜内存管理篇-4.6 深入理解 Linux 虚拟内存管理/img-013.png
attachments-evidence	attachment-evidence	563716	ba735a0242412c7b	assets/xiaolincoding/图解系统/04｜内存管理篇-4.6 深入理解 Linux 虚拟内存管理/img-014.png
attachments-evidence	attachment-evidence	207588	d6f4c3eaf6d675d3	assets/xiaolincoding/图解系统/04｜内存管理篇-4.6 深入理解 Linux 虚拟内存管理/img-015.png
attachments-evidence	attachment-evidence	404855	644e7d89862384f0	assets/xiaolincoding/图解系统/04｜内存管理篇-4.6 深入理解 Linux 虚拟内存管理/img-016.png
attachments-evidence	attachment-evidence	908943	0a277dc06983e2c3	assets/xiaolincoding/图解系统/04｜内存管理篇-4.6 深入理解 Linux 虚拟内存管理/img-017.png
attachments-evidence	attachment-evidence	283840	cda40999455d77be	assets/xiaolincoding/图解系统/04｜内存管理篇-4.6 深入理解 Linux 虚拟内存管理/img-018.png
attachments-evidence	attachment-evidence	283840	5a68cd802806cc5b	assets/xiaolincoding/图解系统/04｜内存管理篇-4.6 深入理解 Linux 虚拟内存管理/img-019.png
attachments-evidence	attachment-evidence	563716	84ec9347110c2abd	assets/xiaolincoding/图解系统/04｜内存管理篇-4.6 深入理解 Linux 虚拟内存管理/img-020.png
attachments-evidence	attachment-evidence	252184	e40c1cfa1f03e7e6	assets/xiaolincoding/图解系统/04｜内存管理篇-4.6 深入理解 Linux 虚拟内存管理/img-021.png
attachments-evidence	attachment-evidence	908943	e409ffc02ebde38f	assets/xiaolincoding/图解系统/04｜内存管理篇-4.6 深入理解 Linux 虚拟内存管理/img-022.png
attachments-evidence	attachment-evidence	1323253	d146e7d3d83e52ee	assets/xiaolincoding/图解系统/04｜内存管理篇-4.6 深入理解 Linux 虚拟内存管理/img-023.png
attachments-evidence	attachment-evidence	1444305	8049ecc3ba15700d	assets/xiaolincoding/图解系统/04｜内存管理篇-4.6 深入理解 Linux 虚拟内存管理/img-024.png
attachments-evidence	attachment-evidence	283840	fa86c4f3b9a03e31	assets/xiaolincoding/图解系统/04｜内存管理篇-4.6 深入理解 Linux 虚拟内存管理/img-025.png
attachments-evidence	attachment-evidence	1352542	76c82ab2d0567e96	assets/xiaolincoding/图解系统/04｜内存管理篇-4.6 深入理解 Linux 虚拟内存管理/img-026.png
attachments-evidence	attachment-evidence	1364689	c42c24d0fc76caec	assets/xiaolincoding/图解系统/04｜内存管理篇-4.6 深入理解 Linux 虚拟内存管理/img-027.png
attachments-evidence	attachment-evidence	1444305	884714a5328feb08	assets/xiaolincoding/图解系统/04｜内存管理篇-4.6 深入理解 Linux 虚拟内存管理/img-028.png
attachments-evidence	attachment-evidence	2056384	79c44e648bce9a04	assets/xiaolincoding/图解系统/04｜内存管理篇-4.6 深入理解 Linux 虚拟内存管理/img-029.png
attachments-evidence	attachment-evidence	3521833	2c2b5716b841185e	assets/xiaolincoding/图解系统/04｜内存管理篇-4.6 深入理解 Linux 虚拟内存管理/img-030.png
attachments-evidence	attachment-evidence	2366751	ef00efc220a69836	assets/xiaolincoding/图解系统/04｜内存管理篇-4.6 深入理解 Linux 虚拟内存管理/img-031.png
attachments-evidence	attachment-evidence	283840	7fb62a601d130348	assets/xiaolincoding/图解系统/04｜内存管理篇-4.6 深入理解 Linux 虚拟内存管理/img-032.png
attachments-evidence	attachment-evidence	2167651	8c02b03bf7d4eabb	assets/xiaolincoding/图解系统/04｜内存管理篇-4.6 深入理解 Linux 虚拟内存管理/img-033.png
attachments-evidence	attachment-evidence	2246705	a93d5d2c06d8537a	assets/xiaolincoding/图解系统/04｜内存管理篇-4.6 深入理解 Linux 虚拟内存管理/img-034.png
attachments-evidence	attachment-evidence	1444305	884714a5328feb08	assets/xiaolincoding/图解系统/04｜内存管理篇-4.6 深入理解 Linux 虚拟内存管理/img-035.png
attachments-evidence	attachment-evidence	353832	9e4e3d9dd6b86bc8	assets/xiaolincoding/图解系统/04｜内存管理篇-4.6 深入理解 Linux 虚拟内存管理/img-036.png
attachments-evidence	attachment-evidence	762813	928077a65f5d47c8	assets/xiaolincoding/图解系统/04｜内存管理篇-4.6 深入理解 Linux 虚拟内存管理/img-037.png
attachments-evidence	attachment-evidence	379618	05764f927685cb06	assets/xiaolincoding/图解系统/04｜内存管理篇-4.6 深入理解 Linux 虚拟内存管理/img-038.png
attachments-evidence	attachment-evidence	2246705	2d1da2ec5ab08d1e	assets/xiaolincoding/图解系统/04｜内存管理篇-4.6 深入理解 Linux 虚拟内存管理/img-039.png
attachments-evidence	attachment-evidence	574223	f1461ec29d024509	assets/xiaolincoding/图解系统/04｜内存管理篇-4.6 深入理解 Linux 虚拟内存管理/img-040.png
attachments-evidence	attachment-evidence	647989	e6a46700d3fa8e0e	assets/xiaolincoding/图解系统/04｜内存管理篇-4.6 深入理解 Linux 虚拟内存管理/img-041.png
attachments-evidence	attachment-evidence	925657	49aefa9ecc31507d	assets/xiaolincoding/图解系统/04｜内存管理篇-4.6 深入理解 Linux 虚拟内存管理/img-042.png
attachments-evidence	attachment-evidence	831113	e8dbc8402ff9ec86	assets/xiaolincoding/图解系统/04｜内存管理篇-4.6 深入理解 Linux 虚拟内存管理/img-043.png
attachments-evidence	attachment-evidence	906363	c2ad988c31816aae	assets/xiaolincoding/图解系统/04｜内存管理篇-4.6 深入理解 Linux 虚拟内存管理/img-044.png
attachments-evidence	attachment-evidence	1000154	a3c977e36194b8f5	assets/xiaolincoding/图解系统/04｜内存管理篇-4.6 深入理解 Linux 虚拟内存管理/img-045.png
attachments-evidence	attachment-evidence	2313193	206266147716da7b	assets/xiaolincoding/图解系统/04｜内存管理篇-4.6 深入理解 Linux 虚拟内存管理/img-046.png
attachments-evidence	attachment-evidence	1232169	967320584e89f512	assets/xiaolincoding/图解系统/04｜内存管理篇-4.6 深入理解 Linux 虚拟内存管理/img-047.png
attachments-evidence	attachment-evidence	908943	215a71192a075ef3	assets/xiaolincoding/图解系统/04｜内存管理篇-4.6 深入理解 Linux 虚拟内存管理/img-048.png
attachments-evidence	attachment-evidence	771019	6e9e1c85755a36dd	assets/xiaolincoding/图解系统/04｜内存管理篇-4.6 深入理解 Linux 虚拟内存管理/img-049.png
attachments-evidence	attachment-evidence	1409455	5a793b7c6e275764	assets/xiaolincoding/图解系统/04｜内存管理篇-4.6 深入理解 Linux 虚拟内存管理/img-050.png
attachments-evidence	attachment-evidence	1949194	cfd6573770762e34	assets/xiaolincoding/图解系统/04｜内存管理篇-4.6 深入理解 Linux 虚拟内存管理/img-051.png
attachments-evidence	attachment-evidence	252711	8fa2fcf8dc67b68c	assets/xiaolincoding/图解系统/04｜内存管理篇-4.6 深入理解 Linux 虚拟内存管理/img-052.png
attachments-evidence	attachment-evidence	540717	991ffc7f1977cb3d	assets/xiaolincoding/图解系统/04｜内存管理篇-4.6 深入理解 Linux 虚拟内存管理/img-053.png
attachments-evidence	attachment-evidence	1148614	2468a61a6c1d980f	assets/xiaolincoding/图解系统/04｜内存管理篇-4.6 深入理解 Linux 虚拟内存管理/img-054.png
attachments-evidence	attachment-evidence	395246	c8ebe9f24dd7dd1f	assets/xiaolincoding/图解系统/04｜内存管理篇-4.6 深入理解 Linux 虚拟内存管理/img-055.png
attachments-evidence	attachment-evidence	747557	b7cf0f4cbade777d	assets/xiaolincoding/图解系统/04｜内存管理篇-4.6 深入理解 Linux 虚拟内存管理/img-056.png
attachments-evidence	attachment-evidence	735346	f9ca65e0ecc537c5	assets/xiaolincoding/图解系统/04｜内存管理篇-4.6 深入理解 Linux 虚拟内存管理/img-057.png
attachments-evidence	attachment-evidence	942217	c0fe329410df8b20	assets/xiaolincoding/图解系统/04｜内存管理篇-4.6 深入理解 Linux 虚拟内存管理/img-058.png
attachments-evidence	attachment-evidence	540717	9435f34719505151	assets/xiaolincoding/图解系统/04｜内存管理篇-4.6 深入理解 Linux 虚拟内存管理/img-059.png
attachments-evidence	attachment-evidence	1148614	2468a61a6c1d980f	assets/xiaolincoding/图解系统/04｜内存管理篇-4.6 深入理解 Linux 虚拟内存管理/img-060.png
attachments-evidence	attachment-evidence	747557	fe4f77f9044611c3	assets/xiaolincoding/图解系统/04｜内存管理篇-4.6 深入理解 Linux 虚拟内存管理/img-061.png
attachments-evidence	attachment-evidence	561315	60682f143227934b	assets/xiaolincoding/图解系统/04｜内存管理篇-4.6 深入理解 Linux 虚拟内存管理/img-062.png
attachments-evidence	attachment-evidence	340239	95c62e6ded9bf4d0	assets/xiaolincoding/图解系统/04｜内存管理篇-4.6 深入理解 Linux 虚拟内存管理/img-063.png
attachments-evidence	attachment-evidence	323717	a0e07facd31a1b2e	assets/xiaolincoding/图解系统/04｜内存管理篇-4.7 深入理解 Linux 物理内存管理/img-001.png
attachments-evidence	attachment-evidence	499163	5a73eab7c34032bb	assets/xiaolincoding/图解系统/04｜内存管理篇-4.7 深入理解 Linux 物理内存管理/img-002.png
attachments-evidence	attachment-evidence	575205	813e93bccefb9ec7	assets/xiaolincoding/图解系统/04｜内存管理篇-4.7 深入理解 Linux 物理内存管理/img-003.png
attachments-evidence	attachment-evidence	640925	582b948c5208375f	assets/xiaolincoding/图解系统/04｜内存管理篇-4.7 深入理解 Linux 物理内存管理/img-004.png
attachments-evidence	attachment-evidence	563716	d817876c07b2c782	assets/xiaolincoding/图解系统/04｜内存管理篇-4.7 深入理解 Linux 物理内存管理/img-005.png
attachments-evidence	attachment-evidence	908943	f09e093b41a427da	assets/xiaolincoding/图解系统/04｜内存管理篇-4.7 深入理解 Linux 物理内存管理/img-006.png
attachments-evidence	attachment-evidence	2246705	b4cea0efb56c2fcd	assets/xiaolincoding/图解系统/04｜内存管理篇-4.7 深入理解 Linux 物理内存管理/img-007.png
attachments-evidence	attachment-evidence	1232169	ff873f3bdf3af8e7	assets/xiaolincoding/图解系统/04｜内存管理篇-4.7 深入理解 Linux 物理内存管理/img-008.png
attachments-evidence	attachment-evidence	1409455	4a3cf7b7da9f513b	assets/xiaolincoding/图解系统/04｜内存管理篇-4.7 深入理解 Linux 物理内存管理/img-009.png
attachments-evidence	attachment-evidence	340239	a228e7e58efa3c42	assets/xiaolincoding/图解系统/04｜内存管理篇-4.7 深入理解 Linux 物理内存管理/img-010.png
attachments-evidence	attachment-evidence	942217	b440d7249c74f455	assets/xiaolincoding/图解系统/04｜内存管理篇-4.7 深入理解 Linux 物理内存管理/img-011.png
attachments-evidence	attachment-evidence	518526	c98a6f9660cdba21	assets/xiaolincoding/图解系统/04｜内存管理篇-4.7 深入理解 Linux 物理内存管理/img-012.png
attachments-evidence	attachment-evidence	720732	35c7c4f5f552d952	assets/xiaolincoding/图解系统/04｜内存管理篇-4.7 深入理解 Linux 物理内存管理/img-013.png
attachments-evidence	attachment-evidence	674317	2493a1bf775b3a2d	assets/xiaolincoding/图解系统/04｜内存管理篇-4.7 深入理解 Linux 物理内存管理/img-014.png
attachments-evidence	attachment-evidence	3114646	ed137d3968c52be1	assets/xiaolincoding/图解系统/04｜内存管理篇-4.7 深入理解 Linux 物理内存管理/img-015.png
attachments-evidence	attachment-evidence	3110019	1159fab832682e3c	assets/xiaolincoding/图解系统/04｜内存管理篇-4.7 深入理解 Linux 物理内存管理/img-016.png
attachments-evidence	attachment-evidence	1602148	ac22b44dfa9b5bdd	assets/xiaolincoding/图解系统/04｜内存管理篇-4.7 深入理解 Linux 物理内存管理/img-017.png
attachments-evidence	attachment-evidence	1666892	76306345e4ed7ea8	assets/xiaolincoding/图解系统/04｜内存管理篇-4.7 深入理解 Linux 物理内存管理/img-018.png
attachments-evidence	attachment-evidence	1000154	e9c99d9a13399a64	assets/xiaolincoding/图解系统/04｜内存管理篇-4.7 深入理解 Linux 物理内存管理/img-019.png
attachments-evidence	attachment-evidence	735346	606a11a0cad91a60	assets/xiaolincoding/图解系统/04｜内存管理篇-4.7 深入理解 Linux 物理内存管理/img-020.png
attachments-evidence	attachment-evidence	879437	7711208fa57cb2bd	assets/xiaolincoding/图解系统/04｜内存管理篇-4.7 深入理解 Linux 物理内存管理/img-021.png
attachments-evidence	attachment-evidence	568750	eb78ea1b0516df3c	assets/xiaolincoding/图解系统/04｜内存管理篇-4.7 深入理解 Linux 物理内存管理/img-022.png
attachments-evidence	attachment-evidence	568750	cf39c95e56d40d77	assets/xiaolincoding/图解系统/04｜内存管理篇-4.7 深入理解 Linux 物理内存管理/img-023.png
attachments-evidence	attachment-evidence	301139	2ece5b1b00b66af4	assets/xiaolincoding/图解系统/04｜内存管理篇-4.7 深入理解 Linux 物理内存管理/img-024.png
attachments-evidence	attachment-evidence	2961187	21853edb8871b82a	assets/xiaolincoding/图解系统/04｜内存管理篇-4.7 深入理解 Linux 物理内存管理/img-025.png
attachments-evidence	attachment-evidence	3936888	6e21358a0f00741c	assets/xiaolincoding/图解系统/04｜内存管理篇-4.7 深入理解 Linux 物理内存管理/img-026.png
attachments-evidence	attachment-evidence	3959725	e909cb6b41b6bce4	assets/xiaolincoding/图解系统/04｜内存管理篇-4.7 深入理解 Linux 物理内存管理/img-027.png
attachments-evidence	attachment-evidence	1000154	467fe4a465526774	assets/xiaolincoding/图解系统/04｜内存管理篇-4.7 深入理解 Linux 物理内存管理/img-028.png
attachments-evidence	attachment-evidence	198701	08523f28230bd246	assets/xiaolincoding/图解系统/04｜内存管理篇-4.7 深入理解 Linux 物理内存管理/img-029.png
attachments-evidence	attachment-evidence	396776	c65b4a8e9ca0f063	assets/xiaolincoding/图解系统/04｜内存管理篇-4.7 深入理解 Linux 物理内存管理/img-030.png
attachments-evidence	attachment-evidence	1000154	e19876bf035baf8f	assets/xiaolincoding/图解系统/04｜内存管理篇-4.7 深入理解 Linux 物理内存管理/img-031.png
attachments-evidence	attachment-evidence	576214	7efb141996c3c5ae	assets/xiaolincoding/图解系统/04｜内存管理篇-4.7 深入理解 Linux 物理内存管理/img-032.png
attachments-evidence	attachment-evidence	1634721	9f1ab2ac3bec7851	assets/xiaolincoding/图解系统/04｜内存管理篇-4.7 深入理解 Linux 物理内存管理/img-033.png
attachments-evidence	attachment-evidence	576214	6a9eefe9e02a2df0	assets/xiaolincoding/图解系统/04｜内存管理篇-4.7 深入理解 Linux 物理内存管理/img-034.png
attachments-evidence	attachment-evidence	39667	4f14ef7432efb693	assets/xiaolincoding/图解系统/04｜内存管理篇-4.7 深入理解 Linux 物理内存管理/img-035.png
attachments-evidence	attachment-evidence	63116	35c05e8a233417a3	assets/xiaolincoding/图解系统/04｜内存管理篇-4.7 深入理解 Linux 物理内存管理/img-036.png
attachments-evidence	attachment-evidence	321897	919bbebf479054a1	assets/xiaolincoding/图解系统/04｜内存管理篇-4.7 深入理解 Linux 物理内存管理/img-037.png
attachments-evidence	attachment-evidence	1295448	5a665c5df8a637d5	assets/xiaolincoding/图解系统/04｜内存管理篇-4.7 深入理解 Linux 物理内存管理/img-038.png
attachments-evidence	attachment-evidence	63116	ab642d5b92e3b758	assets/xiaolincoding/图解系统/04｜内存管理篇-4.7 深入理解 Linux 物理内存管理/img-039.png
attachments-evidence	attachment-evidence	404311	8499e51c53b14751	assets/xiaolincoding/图解系统/04｜内存管理篇-4.7 深入理解 Linux 物理内存管理/img-040.png
attachments-evidence	attachment-evidence	12862	189e09576e1ad468	assets/xiaolincoding/图解系统/04｜内存管理篇-4.7 深入理解 Linux 物理内存管理/img-041.png
attachments-evidence	attachment-evidence	87163	244d8be38e2b9953	assets/xiaolincoding/图解系统/04｜内存管理篇-4.7 深入理解 Linux 物理内存管理/img-042.png
attachments-evidence	attachment-evidence	1295448	0d4a87d2a91bd834	assets/xiaolincoding/图解系统/04｜内存管理篇-4.7 深入理解 Linux 物理内存管理/img-043.png
attachments-evidence	attachment-evidence	1033518	4c74d74ff087e957	assets/xiaolincoding/图解系统/04｜内存管理篇-4.7 深入理解 Linux 物理内存管理/img-044.png
attachments-evidence	attachment-evidence	22583	1138f43c50e2ea7b	assets/xiaolincoding/图解系统/04｜内存管理篇-4.7 深入理解 Linux 物理内存管理/img-045.png
attachments-evidence	attachment-evidence	12663	6012999c73f8a09a	assets/xiaolincoding/图解系统/04｜内存管理篇-4.7 深入理解 Linux 物理内存管理/img-046.png
attachments-evidence	attachment-evidence	45043	84dcb74c00d2a7bf	assets/xiaolincoding/图解系统/04｜内存管理篇-4.7 深入理解 Linux 物理内存管理/img-047.png
attachments-evidence	attachment-evidence	1033518	0f7494538a8341f8	assets/xiaolincoding/图解系统/04｜内存管理篇-4.7 深入理解 Linux 物理内存管理/img-048.png
attachments-evidence	attachment-evidence	13180	eccd96a5182b8eaa	assets/xiaolincoding/图解系统/04｜内存管理篇-4.7 深入理解 Linux 物理内存管理/img-049.png
attachments-evidence	attachment-evidence	1949194	970bd5072ad52548	assets/xiaolincoding/图解系统/04｜内存管理篇-4.7 深入理解 Linux 物理内存管理/img-050.png
attachments-evidence	attachment-evidence	576214	b4105fd85936b4b0	assets/xiaolincoding/图解系统/04｜内存管理篇-4.7 深入理解 Linux 物理内存管理/img-051.png
attachments-evidence	attachment-evidence	1295448	d01975e0918ae195	assets/xiaolincoding/图解系统/04｜内存管理篇-4.7 深入理解 Linux 物理内存管理/img-052.png
attachments-evidence	attachment-evidence	3521833	6e8fe717f2a40846	assets/xiaolincoding/图解系统/04｜内存管理篇-4.7 深入理解 Linux 物理内存管理/img-053.png
attachments-evidence	attachment-evidence	315692	5856c5ce98f76eeb	assets/xiaolincoding/图解系统/04｜内存管理篇-4.7 深入理解 Linux 物理内存管理/img-054.png
attachments-evidence	attachment-evidence	2246705	69d92912da92b636	assets/xiaolincoding/图解系统/04｜内存管理篇-4.7 深入理解 Linux 物理内存管理/img-055.png
attachments-evidence	attachment-evidence	2257225	8dc149ff31b49148	assets/xiaolincoding/图解系统/04｜内存管理篇-4.7 深入理解 Linux 物理内存管理/img-056.png
attachments-evidence	attachment-evidence	640925	b8157144d7916bd5	assets/xiaolincoding/图解系统/04｜内存管理篇-4.7 深入理解 Linux 物理内存管理/img-057.png
attachments-evidence	attachment-evidence	2496303	40af172789785e10	assets/xiaolincoding/图解系统/04｜内存管理篇-4.7 深入理解 Linux 物理内存管理/img-058.png
attachments-evidence	attachment-evidence	3040512	261c40a9c5510639	assets/xiaolincoding/图解系统/04｜内存管理篇-4.7 深入理解 Linux 物理内存管理/img-059.png
attachments-evidence	attachment-evidence	3040512	a6f5246e9266f75a	assets/xiaolincoding/图解系统/04｜内存管理篇-4.7 深入理解 Linux 物理内存管理/img-060.png
attachments-evidence	attachment-evidence	22583	4df354e6ff5c3ba2	assets/xiaolincoding/图解系统/04｜内存管理篇-4.7 深入理解 Linux 物理内存管理/img-061.png
attachments-evidence	attachment-evidence	1585467	2a40a6f64a4e8ee0	assets/xiaolincoding/图解系统/04｜内存管理篇-4.7 深入理解 Linux 物理内存管理/img-062.png
attachments-evidence	attachment-evidence	1295448	10ef1db242f73c80	assets/xiaolincoding/图解系统/04｜内存管理篇-4.7 深入理解 Linux 物理内存管理/img-063.png
attachments-evidence	attachment-evidence	398952	786d6cd1ee4a5464	assets/xiaolincoding/图解系统/04｜内存管理篇-4.7 深入理解 Linux 物理内存管理/img-064.png
attachments-evidence	attachment-evidence	65308	8cbc71776e1d7e35	assets/xiaolincoding/图解系统/05｜进程管理篇-5.1 进程、线程基础知识/img-001.jpg
attachments-evidence	attachment-evidence	126910	5003e16df7eb1368	assets/xiaolincoding/图解系统/05｜进程管理篇-5.1 进程、线程基础知识/img-002.png
attachments-evidence	attachment-evidence	46084	525b708ed8d54cb8	assets/xiaolincoding/图解系统/05｜进程管理篇-5.1 进程、线程基础知识/img-003.png
attachments-evidence	attachment-evidence	34789	47db722b335f1ff1	assets/xiaolincoding/图解系统/05｜进程管理篇-5.1 进程、线程基础知识/img-004.png
attachments-evidence	attachment-evidence	17848	da38191db4626194	assets/xiaolincoding/图解系统/05｜进程管理篇-5.1 进程、线程基础知识/img-005.png
attachments-evidence	attachment-evidence	61502	6f7c462bbd8817f1	assets/xiaolincoding/图解系统/05｜进程管理篇-5.1 进程、线程基础知识/img-006.png
attachments-evidence	attachment-evidence	57215	478e82f6eeeac8f6	assets/xiaolincoding/图解系统/05｜进程管理篇-5.1 进程、线程基础知识/img-007.png
attachments-evidence	attachment-evidence	73713	94aad81b2ab2a97b	assets/xiaolincoding/图解系统/05｜进程管理篇-5.1 进程、线程基础知识/img-008.png
attachments-evidence	attachment-evidence	110089	7682f2e4f685a9a7	assets/xiaolincoding/图解系统/05｜进程管理篇-5.1 进程、线程基础知识/img-009.png
attachments-evidence	attachment-evidence	3514	d550c3a655f80b79	assets/xiaolincoding/图解系统/05｜进程管理篇-5.1 进程、线程基础知识/img-010.png
attachments-evidence	attachment-evidence	13553	c4c2e72ee94414b7	assets/xiaolincoding/图解系统/05｜进程管理篇-5.1 进程、线程基础知识/img-011.png
attachments-evidence	attachment-evidence	26348	0d22e836f46da082	assets/xiaolincoding/图解系统/05｜进程管理篇-5.1 进程、线程基础知识/img-012.png
attachments-evidence	attachment-evidence	33710	011f2361460bf4a8	assets/xiaolincoding/图解系统/05｜进程管理篇-5.1 进程、线程基础知识/img-013.png
attachments-evidence	attachment-evidence	11534	293e624943eea4e2	assets/xiaolincoding/图解系统/05｜进程管理篇-5.1 进程、线程基础知识/img-014.png
attachments-evidence	attachment-evidence	72191	3bb91a27dd3ffc0e	assets/xiaolincoding/图解系统/05｜进程管理篇-5.2 进程间有哪些通信方式？/img-001.png
attachments-evidence	attachment-evidence	29141	30988351b4702ff1	assets/xiaolincoding/图解系统/05｜进程管理篇-5.2 进程间有哪些通信方式？/img-002.png
attachments-evidence	attachment-evidence	32103	7784e6aa3d7520f0	assets/xiaolincoding/图解系统/05｜进程管理篇-5.2 进程间有哪些通信方式？/img-003.png
attachments-evidence	attachment-evidence	56590	0a0ebfaf0d398843	assets/xiaolincoding/图解系统/05｜进程管理篇-5.2 进程间有哪些通信方式？/img-004.png
attachments-evidence	attachment-evidence	54884	4903b0036e0300de	assets/xiaolincoding/图解系统/05｜进程管理篇-5.2 进程间有哪些通信方式？/img-005.png
attachments-evidence	attachment-evidence	89529	ad0d47c6f5d78274	assets/xiaolincoding/图解系统/05｜进程管理篇-5.2 进程间有哪些通信方式？/img-006.png
attachments-evidence	attachment-evidence	31896	76e1e8d0a577e5a4	assets/xiaolincoding/图解系统/05｜进程管理篇-5.2 进程间有哪些通信方式？/img-007.png
attachments-evidence	attachment-evidence	19284	0e38050ced0563b0	assets/xiaolincoding/图解系统/05｜进程管理篇-5.2 进程间有哪些通信方式？/img-008.png
attachments-evidence	attachment-evidence	17996	fe2c2f17dd190687	assets/xiaolincoding/图解系统/05｜进程管理篇-5.2 进程间有哪些通信方式？/img-009.png
attachments-evidence	attachment-evidence	79200	cc9c8b6605b06c47	assets/xiaolincoding/图解系统/05｜进程管理篇-5.2 进程间有哪些通信方式？/img-010.png
attachments-evidence	attachment-evidence	34354	505c404bd8cb9318	assets/xiaolincoding/图解系统/05｜进程管理篇-5.2 进程间有哪些通信方式？/img-011.png
attachments-evidence	attachment-evidence	81535	9b9afa16e616e4b4	assets/xiaolincoding/图解系统/05｜进程管理篇-5.3 多线程冲突了怎么办？/img-001.png
attachments-evidence	attachment-evidence	18904	9587bcd4013a3c7a	assets/xiaolincoding/图解系统/05｜进程管理篇-5.3 多线程冲突了怎么办？/img-002.png
attachments-evidence	attachment-evidence	73713	b1b47ea3f60cb937	assets/xiaolincoding/图解系统/05｜进程管理篇-5.3 多线程冲突了怎么办？/img-003.png
attachments-evidence	attachment-evidence	69062	8496c94aaed50de2	assets/xiaolincoding/图解系统/05｜进程管理篇-5.3 多线程冲突了怎么办？/img-004.png
attachments-evidence	attachment-evidence	331199	949370bb4b186264	assets/xiaolincoding/图解系统/05｜进程管理篇-5.3 多线程冲突了怎么办？/img-005.png
attachments-evidence	attachment-evidence	100756	d19d247dbdaa2178	assets/xiaolincoding/图解系统/05｜进程管理篇-5.3 多线程冲突了怎么办？/img-006.png
attachments-evidence	attachment-evidence	25055	969fe9f47baba1ef	assets/xiaolincoding/图解系统/05｜进程管理篇-5.3 多线程冲突了怎么办？/img-007.png
attachments-evidence	attachment-evidence	148475	ec25e9a973d4094c	assets/xiaolincoding/图解系统/05｜进程管理篇-5.3 多线程冲突了怎么办？/img-008.png
attachments-evidence	attachment-evidence	49137	ca7d1d7e3d20570b	assets/xiaolincoding/图解系统/05｜进程管理篇-5.3 多线程冲突了怎么办？/img-009.png
attachments-evidence	attachment-evidence	55668	479d40cf30650612	assets/xiaolincoding/图解系统/05｜进程管理篇-5.3 多线程冲突了怎么办？/img-010.png
attachments-evidence	attachment-evidence	20485	822b443627eccd94	assets/xiaolincoding/图解系统/05｜进程管理篇-5.3 多线程冲突了怎么办？/img-011.png
attachments-evidence	attachment-evidence	62884	9a0fda284fc29d65	assets/xiaolincoding/图解系统/05｜进程管理篇-5.3 多线程冲突了怎么办？/img-012.png
attachments-evidence	attachment-evidence	153954	00df25de0e7fd43d	assets/xiaolincoding/图解系统/05｜进程管理篇-5.3 多线程冲突了怎么办？/img-013.png
attachments-evidence	attachment-evidence	362375	467566359e673dbd	assets/xiaolincoding/图解系统/05｜进程管理篇-5.3 多线程冲突了怎么办？/img-014.png
attachments-evidence	attachment-evidence	319351	716d2a904386009c	assets/xiaolincoding/图解系统/05｜进程管理篇-5.3 多线程冲突了怎么办？/img-015.png
attachments-evidence	attachment-evidence	406915	ad1e5b1ed2acf610	assets/xiaolincoding/图解系统/05｜进程管理篇-5.3 多线程冲突了怎么办？/img-016.png
attachments-evidence	attachment-evidence	33839	1e3f9cbf1c6dbef3	assets/xiaolincoding/图解系统/05｜进程管理篇-5.3 多线程冲突了怎么办？/img-017.png
attachments-evidence	attachment-evidence	259898	ae61326df3c31942	assets/xiaolincoding/图解系统/05｜进程管理篇-5.3 多线程冲突了怎么办？/img-018.png
attachments-evidence	attachment-evidence	15535	eb0eccee6f54423e	assets/xiaolincoding/图解系统/05｜进程管理篇-5.3 多线程冲突了怎么办？/img-019.png
attachments-evidence	attachment-evidence	462386	821126d7483f7e8b	assets/xiaolincoding/图解系统/05｜进程管理篇-5.3 多线程冲突了怎么办？/img-020.png
attachments-evidence	attachment-evidence	10550	7beb3b3984a3b424	assets/xiaolincoding/图解系统/05｜进程管理篇-5.3 多线程冲突了怎么办？/img-021.jpg
attachments-evidence	attachment-evidence	42863	1e33365fd1e87877	assets/xiaolincoding/图解系统/05｜进程管理篇-5.3 多线程冲突了怎么办？/img-022.png
attachments-evidence	attachment-evidence	243413	b9f1f19d50f48caf	assets/xiaolincoding/图解系统/05｜进程管理篇-5.3 多线程冲突了怎么办？/img-023.png
attachments-evidence	attachment-evidence	88499	8188df825a5427cf	assets/xiaolincoding/图解系统/05｜进程管理篇-5.3 多线程冲突了怎么办？/img-024.png
attachments-evidence	attachment-evidence	296539	23b6e03ebaa93912	assets/xiaolincoding/图解系统/05｜进程管理篇-5.3 多线程冲突了怎么办？/img-025.png
attachments-evidence	attachment-evidence	131855	a30c888b4521e71c	assets/xiaolincoding/图解系统/05｜进程管理篇-5.3 多线程冲突了怎么办？/img-026.png
attachments-evidence	attachment-evidence	313609	786b370828a0dc2d	assets/xiaolincoding/图解系统/05｜进程管理篇-5.3 多线程冲突了怎么办？/img-027.png
attachments-evidence	attachment-evidence	176129	cab40527c1eb0871	assets/xiaolincoding/图解系统/05｜进程管理篇-5.3 多线程冲突了怎么办？/img-028.png
attachments-evidence	attachment-evidence	993599	5d5e201fe70e1fde	assets/xiaolincoding/图解系统/05｜进程管理篇-5.3 多线程冲突了怎么办？/img-029.png
attachments-evidence	attachment-evidence	352407	49387271a2b74873	assets/xiaolincoding/图解系统/05｜进程管理篇-5.3 多线程冲突了怎么办？/img-030.png
attachments-evidence	attachment-evidence	513489	ddce211deb7cb6a7	assets/xiaolincoding/图解系统/05｜进程管理篇-5.3 多线程冲突了怎么办？/img-031.png
attachments-evidence	attachment-evidence	901890	fe68e403ba6e0b86	assets/xiaolincoding/图解系统/05｜进程管理篇-5.3 多线程冲突了怎么办？/img-032.png
attachments-evidence	attachment-evidence	603939	ebb2a3ac7c69d9b6	assets/xiaolincoding/图解系统/05｜进程管理篇-5.3 多线程冲突了怎么办？/img-033.png
attachments-evidence	attachment-evidence	29265	2e838d95d3e94bb3	assets/xiaolincoding/图解系统/05｜进程管理篇-5.4 怎么避免死锁？/img-001.png
attachments-evidence	attachment-evidence	38829	1e65200f6f297a8d	assets/xiaolincoding/图解系统/05｜进程管理篇-5.4 怎么避免死锁？/img-002.png
attachments-evidence	attachment-evidence	34394	e1141961f6b57e2b	assets/xiaolincoding/图解系统/05｜进程管理篇-5.4 怎么避免死锁？/img-003.png
attachments-evidence	attachment-evidence	28329	fc2cbe6eb3fb60c4	assets/xiaolincoding/图解系统/05｜进程管理篇-5.4 怎么避免死锁？/img-004.png
attachments-evidence	attachment-evidence	29309	849d795ee00eb35c	assets/xiaolincoding/图解系统/05｜进程管理篇-5.4 怎么避免死锁？/img-005.png
attachments-evidence	attachment-evidence	19799	07472d31fafbda76	assets/xiaolincoding/图解系统/05｜进程管理篇-5.5 什么是悲观锁、乐观锁？/img-001.jpg
attachments-evidence	attachment-evidence	48180	5963066fe118ef2b	assets/xiaolincoding/图解系统/05｜进程管理篇-5.5 什么是悲观锁、乐观锁？/img-002.png
attachments-evidence	attachment-evidence	78651	f2102d7f2bb3031d	assets/xiaolincoding/图解系统/05｜进程管理篇-5.5 什么是悲观锁、乐观锁？/img-003.png
attachments-evidence	attachment-evidence	98358	f2ea9897666f7cad	assets/xiaolincoding/图解系统/05｜进程管理篇-5.5 什么是悲观锁、乐观锁？/img-004.png
attachments-evidence	attachment-evidence	111537	299092c44309e9fb	assets/xiaolincoding/图解系统/05｜进程管理篇-5.5 什么是悲观锁、乐观锁？/img-005.png
attachments-evidence	attachment-evidence	315433	61d05aca5f309c30	assets/xiaolincoding/图解系统/05｜进程管理篇-5.6 一个进程最多可以创建多少个线程？/img-001.png
attachments-evidence	attachment-evidence	416349	807ad3cdb0b033a4	assets/xiaolincoding/图解系统/05｜进程管理篇-5.6 一个进程最多可以创建多少个线程？/img-002.png
attachments-evidence	attachment-evidence	82475	d9b255f2183fae3a	assets/xiaolincoding/图解系统/05｜进程管理篇-5.6 一个进程最多可以创建多少个线程？/img-003.png
attachments-evidence	attachment-evidence	108694	01e2f0caa4c34c3e	assets/xiaolincoding/图解系统/05｜进程管理篇-5.6 一个进程最多可以创建多少个线程？/img-004.png
attachments-evidence	attachment-evidence	192054	f37344b6a8d2318e	assets/xiaolincoding/图解系统/05｜进程管理篇-5.6 一个进程最多可以创建多少个线程？/img-005.png
attachments-evidence	attachment-evidence	55765	2bc8af5206cbbcf7	assets/xiaolincoding/图解系统/05｜进程管理篇-5.6 一个进程最多可以创建多少个线程？/img-006.png
attachments-evidence	attachment-evidence	42831	e32784e731c12ff9	assets/xiaolincoding/图解系统/05｜进程管理篇-5.6 一个进程最多可以创建多少个线程？/img-007.png
attachments-evidence	attachment-evidence	27285	63635e890e6b6c34	assets/xiaolincoding/图解系统/05｜进程管理篇-5.6 一个进程最多可以创建多少个线程？/img-008.png
attachments-evidence	attachment-evidence	44060	8dc0204652c0081c	assets/xiaolincoding/图解系统/05｜进程管理篇-5.6 一个进程最多可以创建多少个线程？/img-009.png
attachments-evidence	attachment-evidence	16086	8a12a1d2da2a70ec	assets/xiaolincoding/图解系统/05｜进程管理篇-5.6 一个进程最多可以创建多少个线程？/img-010.png
attachments-evidence	attachment-evidence	99640	451efad3de1de736	assets/xiaolincoding/图解系统/05｜进程管理篇-5.6 一个进程最多可以创建多少个线程？/img-011.png
attachments-evidence	attachment-evidence	92620	5eee7672824e2eff	assets/xiaolincoding/图解系统/05｜进程管理篇-5.7 线程崩溃了，进程也会崩溃吗？/img-001.png
attachments-evidence	attachment-evidence	25356	6aa08ef46703c174	assets/xiaolincoding/图解系统/05｜进程管理篇-5.7 线程崩溃了，进程也会崩溃吗？/img-002.jpg
attachments-evidence	attachment-evidence	44402	0bb964372781e7a2	assets/xiaolincoding/图解系统/05｜进程管理篇-5.7 线程崩溃了，进程也会崩溃吗？/img-003.jpg
attachments-evidence	attachment-evidence	25965	f3740b8a806e2734	assets/xiaolincoding/图解系统/05｜进程管理篇-5.7 线程崩溃了，进程也会崩溃吗？/img-004.jpg
attachments-evidence	attachment-evidence	22718	131db081168a8b59	assets/xiaolincoding/图解系统/05｜进程管理篇-5.7 线程崩溃了，进程也会崩溃吗？/img-005.jpg
attachments-evidence	attachment-evidence	54230	52f6892ef9ea7818	assets/xiaolincoding/图解系统/05｜进程管理篇-5.7 线程崩溃了，进程也会崩溃吗？/img-006.jpg
attachments-evidence	attachment-evidence	284530	276170d5115ebc92	assets/xiaolincoding/图解系统/06｜调度算法篇-6.1 进程调度-页面置换-磁盘调度算法/img-001.png
attachments-evidence	attachment-evidence	9931	024f19b166c88f34	assets/xiaolincoding/图解系统/06｜调度算法篇-6.1 进程调度-页面置换-磁盘调度算法/img-002.png
attachments-evidence	attachment-evidence	14577	7cf9b9bbce7cec9b	assets/xiaolincoding/图解系统/06｜调度算法篇-6.1 进程调度-页面置换-磁盘调度算法/img-003.png
attachments-evidence	attachment-evidence	16341	3ebf1d4140ac1895	assets/xiaolincoding/图解系统/06｜调度算法篇-6.1 进程调度-页面置换-磁盘调度算法/img-004.png
attachments-evidence	attachment-evidence	23253	f7de721dff43dfad	assets/xiaolincoding/图解系统/06｜调度算法篇-6.1 进程调度-页面置换-磁盘调度算法/img-005.png
attachments-evidence	attachment-evidence	55460	e235f5953e798951	assets/xiaolincoding/图解系统/06｜调度算法篇-6.1 进程调度-页面置换-磁盘调度算法/img-006.png
attachments-evidence	attachment-evidence	98098	6485dbabced2a968	assets/xiaolincoding/图解系统/06｜调度算法篇-6.1 进程调度-页面置换-磁盘调度算法/img-007.png
attachments-evidence	attachment-evidence	26086	e52c37da923df32f	assets/xiaolincoding/图解系统/06｜调度算法篇-6.1 进程调度-页面置换-磁盘调度算法/img-008.png
attachments-evidence	attachment-evidence	234745	2032057e7493b1af	assets/xiaolincoding/图解系统/06｜调度算法篇-6.1 进程调度-页面置换-磁盘调度算法/img-009.png
attachments-evidence	attachment-evidence	128596	41b4ec6af415fa6d	assets/xiaolincoding/图解系统/06｜调度算法篇-6.1 进程调度-页面置换-磁盘调度算法/img-010.png
attachments-evidence	attachment-evidence	87598	f82c839ebee51152	assets/xiaolincoding/图解系统/06｜调度算法篇-6.1 进程调度-页面置换-磁盘调度算法/img-011.png
attachments-evidence	attachment-evidence	91117	2701e5ccf94e0f0f	assets/xiaolincoding/图解系统/06｜调度算法篇-6.1 进程调度-页面置换-磁盘调度算法/img-012.png
attachments-evidence	attachment-evidence	150956	c7394f938a7eb110	assets/xiaolincoding/图解系统/06｜调度算法篇-6.1 进程调度-页面置换-磁盘调度算法/img-013.png
attachments-evidence	attachment-evidence	91928	00b06ad909d9f562	assets/xiaolincoding/图解系统/06｜调度算法篇-6.1 进程调度-页面置换-磁盘调度算法/img-014.jpg
attachments-evidence	attachment-evidence	60289	b8c89887a11299bc	assets/xiaolincoding/图解系统/06｜调度算法篇-6.1 进程调度-页面置换-磁盘调度算法/img-015.png
attachments-evidence	attachment-evidence	54741	1c386d01bd16eeb9	assets/xiaolincoding/图解系统/06｜调度算法篇-6.1 进程调度-页面置换-磁盘调度算法/img-016.png
attachments-evidence	attachment-evidence	59708	1c06f5d18d0c155b	assets/xiaolincoding/图解系统/06｜调度算法篇-6.1 进程调度-页面置换-磁盘调度算法/img-017.png
attachments-evidence	attachment-evidence	57935	3d90a4e18b9dcb04	assets/xiaolincoding/图解系统/06｜调度算法篇-6.1 进程调度-页面置换-磁盘调度算法/img-018.png
attachments-evidence	attachment-evidence	97199	28ca167d10b0a512	assets/xiaolincoding/图解系统/06｜调度算法篇-6.1 进程调度-页面置换-磁盘调度算法/img-019.png
attachments-evidence	attachment-evidence	90974	0e7aad7d6b68784b	assets/xiaolincoding/图解系统/06｜调度算法篇-6.1 进程调度-页面置换-磁盘调度算法/img-020.png
attachments-evidence	attachment-evidence	60830	8c60b2f39d9b2e52	assets/xiaolincoding/图解系统/07｜文件系统篇-7.1 文件系统全家桶/img-001.png
attachments-evidence	attachment-evidence	99430	68f49defaea6a24d	assets/xiaolincoding/图解系统/07｜文件系统篇-7.1 文件系统全家桶/img-002.png
attachments-evidence	attachment-evidence	115010	7b8d3686a14f73f4	assets/xiaolincoding/图解系统/07｜文件系统篇-7.1 文件系统全家桶/img-003.png
attachments-evidence	attachment-evidence	32023	01a98273c513a46d	assets/xiaolincoding/图解系统/07｜文件系统篇-7.1 文件系统全家桶/img-004.png
attachments-evidence	attachment-evidence	4804	077e088d9710b570	assets/xiaolincoding/图解系统/07｜文件系统篇-7.1 文件系统全家桶/img-005.png
attachments-evidence	attachment-evidence	9440	b2bca57748373a5f	assets/xiaolincoding/图解系统/07｜文件系统篇-7.1 文件系统全家桶/img-006.png
attachments-evidence	attachment-evidence	94239	538c0281d3d03ee3	assets/xiaolincoding/图解系统/07｜文件系统篇-7.1 文件系统全家桶/img-007.png
attachments-evidence	attachment-evidence	9404	f22a639298bd3cac	assets/xiaolincoding/图解系统/07｜文件系统篇-7.1 文件系统全家桶/img-008.png
attachments-evidence	attachment-evidence	35894	ea8cd3a22aea486d	assets/xiaolincoding/图解系统/07｜文件系统篇-7.1 文件系统全家桶/img-009.png
attachments-evidence	attachment-evidence	45538	10112acde2d00799	assets/xiaolincoding/图解系统/07｜文件系统篇-7.1 文件系统全家桶/img-010.png
attachments-evidence	attachment-evidence	24171	74b9bc201e10436b	assets/xiaolincoding/图解系统/07｜文件系统篇-7.1 文件系统全家桶/img-011.png
attachments-evidence	attachment-evidence	35477	664b0f00f1b41830	assets/xiaolincoding/图解系统/07｜文件系统篇-7.1 文件系统全家桶/img-012.png
attachments-evidence	attachment-evidence	128385	0c15574f3fb32110	assets/xiaolincoding/图解系统/07｜文件系统篇-7.1 文件系统全家桶/img-013.png
attachments-evidence	attachment-evidence	121847	73253f2a2f9815c9	assets/xiaolincoding/图解系统/07｜文件系统篇-7.1 文件系统全家桶/img-014.png
attachments-evidence	attachment-evidence	136124	35db0ce43f113d1f	assets/xiaolincoding/图解系统/07｜文件系统篇-7.1 文件系统全家桶/img-015.png
attachments-evidence	attachment-evidence	10982	e3b4a40396c3189d	assets/xiaolincoding/图解系统/07｜文件系统篇-7.1 文件系统全家桶/img-016.png
attachments-evidence	attachment-evidence	52099	d39a16655e4331c2	assets/xiaolincoding/图解系统/07｜文件系统篇-7.1 文件系统全家桶/img-017.png
attachments-evidence	attachment-evidence	794667	1a0145d12389c9cd	assets/xiaolincoding/图解系统/07｜文件系统篇-7.1 文件系统全家桶/img-018.png
attachments-evidence	attachment-evidence	41596	6e7dee54a2fbb906	assets/xiaolincoding/图解系统/07｜文件系统篇-7.1 文件系统全家桶/img-019.png
attachments-evidence	attachment-evidence	55566	89387901c8aeb664	assets/xiaolincoding/图解系统/07｜文件系统篇-7.1 文件系统全家桶/img-020.png
attachments-evidence	attachment-evidence	13585	21d0514cd8826bc3	assets/xiaolincoding/图解系统/07｜文件系统篇-7.1 文件系统全家桶/img-021.png
attachments-evidence	attachment-evidence	29591	7248aa0418bc1a77	assets/xiaolincoding/图解系统/07｜文件系统篇-7.1 文件系统全家桶/img-022.png
attachments-evidence	attachment-evidence	57971	901eb1b173ea9670	assets/xiaolincoding/图解系统/07｜文件系统篇-7.1 文件系统全家桶/img-023.png
attachments-evidence	attachment-evidence	44957	eb4bc1f83cbf1ff8	assets/xiaolincoding/图解系统/07｜文件系统篇-7.1 文件系统全家桶/img-024.png
attachments-evidence	attachment-evidence	33923	484f7461318fad05	assets/xiaolincoding/图解系统/07｜文件系统篇-7.1 文件系统全家桶/img-025.png
attachments-evidence	attachment-evidence	66864	c8f58f0b5d1cbaef	assets/xiaolincoding/图解系统/07｜文件系统篇-7.2 进程写文件时，进程发生了崩溃，已写入的数据会丢失吗？/img-001 3.jpg
attachments-evidence	attachment-evidence	66864	c8f58f0b5d1cbaef	assets/xiaolincoding/图解系统/07｜文件系统篇-7.2 进程写文件时，进程发生了崩溃，已写入的数据会丢失吗？/img-001.jpg
attachments-evidence	attachment-evidence	61497	f4225059b9028dd8	assets/xiaolincoding/图解系统/07｜文件系统篇-7.2 进程写文件时，进程发生了崩溃，已写入的数据会丢失吗？/img-002.png
attachments-evidence	attachment-evidence	56954	3764d333b3a97e91	assets/xiaolincoding/图解系统/07｜文件系统篇-7.2 进程写文件时，进程发生了崩溃，已写入的数据会丢失吗？/img-003 3.jpg
attachments-evidence	attachment-evidence	56954	3764d333b3a97e91	assets/xiaolincoding/图解系统/07｜文件系统篇-7.2 进程写文件时，进程发生了崩溃，已写入的数据会丢失吗？/img-003.jpg
attachments-evidence	attachment-evidence	28497	1d69f4a1a00d5a36	assets/xiaolincoding/图解系统/07｜文件系统篇-7.2 进程写文件时，进程发生了崩溃，已写入的数据会丢失吗？/img-004 3.jpg
attachments-evidence	attachment-evidence	28497	1d69f4a1a00d5a36	assets/xiaolincoding/图解系统/07｜文件系统篇-7.2 进程写文件时，进程发生了崩溃，已写入的数据会丢失吗？/img-004.jpg
attachments-evidence	attachment-evidence	49452	75e87603a6252ea3	assets/xiaolincoding/图解系统/07｜文件系统篇-7.2 进程写文件时，进程发生了崩溃，已写入的数据会丢失吗？/img-005 3.jpg
attachments-evidence	attachment-evidence	49452	75e87603a6252ea3	assets/xiaolincoding/图解系统/07｜文件系统篇-7.2 进程写文件时，进程发生了崩溃，已写入的数据会丢失吗？/img-005.jpg
attachments-evidence	attachment-evidence	48440	cbbaa7e41fd29f4d	assets/xiaolincoding/图解系统/07｜文件系统篇-7.2 进程写文件时，进程发生了崩溃，已写入的数据会丢失吗？/img-006.jpg
attachments-evidence	attachment-evidence	94844	840d4bd327429879	assets/xiaolincoding/图解系统/07｜文件系统篇-7.2 进程写文件时，进程发生了崩溃，已写入的数据会丢失吗？/img-007 3.png
attachments-evidence	attachment-evidence	94844	840d4bd327429879	assets/xiaolincoding/图解系统/07｜文件系统篇-7.2 进程写文件时，进程发生了崩溃，已写入的数据会丢失吗？/img-007.png
attachments-evidence	attachment-evidence	56994	c04cf2f04d2970f8	assets/xiaolincoding/图解系统/07｜文件系统篇-7.2 进程写文件时，进程发生了崩溃，已写入的数据会丢失吗？/img-008 3.jpg
attachments-evidence	attachment-evidence	56994	c04cf2f04d2970f8	assets/xiaolincoding/图解系统/07｜文件系统篇-7.2 进程写文件时，进程发生了崩溃，已写入的数据会丢失吗？/img-008.jpg
attachments-evidence	attachment-evidence	92123	1649006c93c426d3	assets/xiaolincoding/图解系统/08｜设备管理篇-8.1 键盘敲入 A 字母时，操作系统期间发生了什么？/img-001 3.png
attachments-evidence	attachment-evidence	92123	1649006c93c426d3	assets/xiaolincoding/图解系统/08｜设备管理篇-8.1 键盘敲入 A 字母时，操作系统期间发生了什么？/img-001.png
attachments-evidence	attachment-evidence	39905	cd9df6a90705ea11	assets/xiaolincoding/图解系统/08｜设备管理篇-8.1 键盘敲入 A 字母时，操作系统期间发生了什么？/img-002 3.png
attachments-evidence	attachment-evidence	39905	cd9df6a90705ea11	assets/xiaolincoding/图解系统/08｜设备管理篇-8.1 键盘敲入 A 字母时，操作系统期间发生了什么？/img-002.png
attachments-evidence	attachment-evidence	47873	fe83aa4c700c3b2b	assets/xiaolincoding/图解系统/08｜设备管理篇-8.1 键盘敲入 A 字母时，操作系统期间发生了什么？/img-003 3.png
attachments-evidence	attachment-evidence	47873	fe83aa4c700c3b2b	assets/xiaolincoding/图解系统/08｜设备管理篇-8.1 键盘敲入 A 字母时，操作系统期间发生了什么？/img-003.png
attachments-evidence	attachment-evidence	160582	b671aa929d3c29ce	assets/xiaolincoding/图解系统/08｜设备管理篇-8.1 键盘敲入 A 字母时，操作系统期间发生了什么？/img-004 3.png
attachments-evidence	attachment-evidence	160582	b671aa929d3c29ce	assets/xiaolincoding/图解系统/08｜设备管理篇-8.1 键盘敲入 A 字母时，操作系统期间发生了什么？/img-004.png
attachments-evidence	attachment-evidence	65038	8e17add715e5be05	assets/xiaolincoding/图解系统/08｜设备管理篇-8.1 键盘敲入 A 字母时，操作系统期间发生了什么？/img-005 3.png
attachments-evidence	attachment-evidence	65038	8e17add715e5be05	assets/xiaolincoding/图解系统/08｜设备管理篇-8.1 键盘敲入 A 字母时，操作系统期间发生了什么？/img-005.png
attachments-evidence	attachment-evidence	39820	ff8458747e47cecd	assets/xiaolincoding/图解系统/08｜设备管理篇-8.1 键盘敲入 A 字母时，操作系统期间发生了什么？/img-006 3.png
attachments-evidence	attachment-evidence	39820	ff8458747e47cecd	assets/xiaolincoding/图解系统/08｜设备管理篇-8.1 键盘敲入 A 字母时，操作系统期间发生了什么？/img-006.png
attachments-evidence	attachment-evidence	59134	97e46e8004b4f7eb	assets/xiaolincoding/图解系统/08｜设备管理篇-8.1 键盘敲入 A 字母时，操作系统期间发生了什么？/img-007 3.png
attachments-evidence	attachment-evidence	59134	97e46e8004b4f7eb	assets/xiaolincoding/图解系统/08｜设备管理篇-8.1 键盘敲入 A 字母时，操作系统期间发生了什么？/img-007.png
attachments-evidence	attachment-evidence	67000	72587d27b1f492c6	assets/xiaolincoding/图解系统/08｜设备管理篇-8.1 键盘敲入 A 字母时，操作系统期间发生了什么？/img-008 3.png
attachments-evidence	attachment-evidence	67000	72587d27b1f492c6	assets/xiaolincoding/图解系统/08｜设备管理篇-8.1 键盘敲入 A 字母时，操作系统期间发生了什么？/img-008.png
attachments-evidence	attachment-evidence	95153	7efc2165e2c06f63	assets/xiaolincoding/图解系统/08｜设备管理篇-8.1 键盘敲入 A 字母时，操作系统期间发生了什么？/img-009 3.png
attachments-evidence	attachment-evidence	95153	7efc2165e2c06f63	assets/xiaolincoding/图解系统/08｜设备管理篇-8.1 键盘敲入 A 字母时，操作系统期间发生了什么？/img-009.png
attachments-evidence	attachment-evidence	106806	e2f24181b93a0ee0	assets/xiaolincoding/图解系统/09｜网络系统篇-9.1 什么是零拷贝？/img-001 3.png
attachments-evidence	attachment-evidence	106806	e2f24181b93a0ee0	assets/xiaolincoding/图解系统/09｜网络系统篇-9.1 什么是零拷贝？/img-001.png
attachments-evidence	attachment-evidence	111211	f8796dadfef7b52d	assets/xiaolincoding/图解系统/09｜网络系统篇-9.1 什么是零拷贝？/img-002 3.png
attachments-evidence	attachment-evidence	111211	f8796dadfef7b52d	assets/xiaolincoding/图解系统/09｜网络系统篇-9.1 什么是零拷贝？/img-002.png
attachments-evidence	attachment-evidence	140959	e3159bebb8b7c13e	assets/xiaolincoding/图解系统/09｜网络系统篇-9.1 什么是零拷贝？/img-003 3.png
attachments-evidence	attachment-evidence	140959	e3159bebb8b7c13e	assets/xiaolincoding/图解系统/09｜网络系统篇-9.1 什么是零拷贝？/img-003.png
attachments-evidence	attachment-evidence	73556	2cc1841c8707a884	assets/xiaolincoding/图解系统/09｜网络系统篇-9.1 什么是零拷贝？/img-004 3.png
attachments-evidence	attachment-evidence	73556	2cc1841c8707a884	assets/xiaolincoding/图解系统/09｜网络系统篇-9.1 什么是零拷贝？/img-004.png
attachments-evidence	attachment-evidence	76799	a6b515303feae03b	assets/xiaolincoding/图解系统/09｜网络系统篇-9.1 什么是零拷贝？/img-005 3.png
attachments-evidence	attachment-evidence	76799	a6b515303feae03b	assets/xiaolincoding/图解系统/09｜网络系统篇-9.1 什么是零拷贝？/img-005.png
attachments-evidence	attachment-evidence	109991	83973469c921ee40	assets/xiaolincoding/图解系统/09｜网络系统篇-9.1 什么是零拷贝？/img-006 3.png
attachments-evidence	attachment-evidence	109991	83973469c921ee40	assets/xiaolincoding/图解系统/09｜网络系统篇-9.1 什么是零拷贝？/img-006.png
attachments-evidence	attachment-evidence	117836	c3fe4cbb9b458dcc	assets/xiaolincoding/图解系统/09｜网络系统篇-9.1 什么是零拷贝？/img-007 3.png
attachments-evidence	attachment-evidence	117836	c3fe4cbb9b458dcc	assets/xiaolincoding/图解系统/09｜网络系统篇-9.1 什么是零拷贝？/img-007.png
attachments-evidence	attachment-evidence	6582	e1482c02d67048fb	assets/xiaolincoding/图解系统/09｜网络系统篇-9.1 什么是零拷贝？/img-008 3.png
attachments-evidence	attachment-evidence	6582	e1482c02d67048fb	assets/xiaolincoding/图解系统/09｜网络系统篇-9.1 什么是零拷贝？/img-008.png
attachments-evidence	attachment-evidence	97279	03b331bbb321411d	assets/xiaolincoding/图解系统/09｜网络系统篇-9.1 什么是零拷贝？/img-009 3.png
attachments-evidence	attachment-evidence	97279	03b331bbb321411d	assets/xiaolincoding/图解系统/09｜网络系统篇-9.1 什么是零拷贝？/img-009.png
attachments-evidence	attachment-evidence	83500	7aa8c61ef402824f	assets/xiaolincoding/图解系统/09｜网络系统篇-9.1 什么是零拷贝？/img-010 3.png
attachments-evidence	attachment-evidence	83500	7aa8c61ef402824f	assets/xiaolincoding/图解系统/09｜网络系统篇-9.1 什么是零拷贝？/img-010.png
attachments-evidence	attachment-evidence	55438	2883401a70652309	assets/xiaolincoding/图解系统/09｜网络系统篇-9.2 I-O 多路复用：select-poll-epoll/img-001 3.png
attachments-evidence	attachment-evidence	55438	2883401a70652309	assets/xiaolincoding/图解系统/09｜网络系统篇-9.2 I-O 多路复用：select-poll-epoll/img-001.png
attachments-evidence	attachment-evidence	35097	31949bd6f2a32e3d	assets/xiaolincoding/图解系统/09｜网络系统篇-9.2 I-O 多路复用：select-poll-epoll/img-002 3.png
attachments-evidence	attachment-evidence	35097	31949bd6f2a32e3d	assets/xiaolincoding/图解系统/09｜网络系统篇-9.2 I-O 多路复用：select-poll-epoll/img-002.png
attachments-evidence	attachment-evidence	42249	33bb057bba099006	assets/xiaolincoding/图解系统/09｜网络系统篇-9.2 I-O 多路复用：select-poll-epoll/img-003 3.jpg
attachments-evidence	attachment-evidence	42249	33bb057bba099006	assets/xiaolincoding/图解系统/09｜网络系统篇-9.2 I-O 多路复用：select-poll-epoll/img-003.jpg
attachments-evidence	attachment-evidence	60811	73337941c8d05167	assets/xiaolincoding/图解系统/09｜网络系统篇-9.2 I-O 多路复用：select-poll-epoll/img-004 3.png
attachments-evidence	attachment-evidence	60811	73337941c8d05167	assets/xiaolincoding/图解系统/09｜网络系统篇-9.2 I-O 多路复用：select-poll-epoll/img-004.png
attachments-evidence	attachment-evidence	95054	d8ba04f341c80d07	assets/xiaolincoding/图解系统/09｜网络系统篇-9.2 I-O 多路复用：select-poll-epoll/img-005 3.png
attachments-evidence	attachment-evidence	95054	d8ba04f341c80d07	assets/xiaolincoding/图解系统/09｜网络系统篇-9.2 I-O 多路复用：select-poll-epoll/img-005.png
attachments-evidence	attachment-evidence	15160	d958144c46362d6a	assets/xiaolincoding/图解系统/09｜网络系统篇-9.2 I-O 多路复用：select-poll-epoll/img-006 3.png
attachments-evidence	attachment-evidence	15160	d958144c46362d6a	assets/xiaolincoding/图解系统/09｜网络系统篇-9.2 I-O 多路复用：select-poll-epoll/img-006.png
attachments-evidence	attachment-evidence	65726	e8f73b0c7dffd9ff	assets/xiaolincoding/图解系统/09｜网络系统篇-9.2 I-O 多路复用：select-poll-epoll/img-007 3.png
attachments-evidence	attachment-evidence	65726	e8f73b0c7dffd9ff	assets/xiaolincoding/图解系统/09｜网络系统篇-9.2 I-O 多路复用：select-poll-epoll/img-007.png
attachments-evidence	attachment-evidence	57177	b879f1e3a5fad04e	assets/xiaolincoding/图解系统/09｜网络系统篇-9.2 I-O 多路复用：select-poll-epoll/img-008 3.png
attachments-evidence	attachment-evidence	57177	b879f1e3a5fad04e	assets/xiaolincoding/图解系统/09｜网络系统篇-9.2 I-O 多路复用：select-poll-epoll/img-008.png
attachments-evidence	attachment-evidence	63681	85f33c78ee9584aa	assets/xiaolincoding/图解系统/09｜网络系统篇-9.3 高性能网络模式：Reactor 和 Proactor/img-001 2.jpeg
attachments-evidence	attachment-evidence	63681	85f33c78ee9584aa	assets/xiaolincoding/图解系统/09｜网络系统篇-9.3 高性能网络模式：Reactor 和 Proactor/img-001.jpeg
attachments-evidence	attachment-evidence	15160	d958144c46362d6a	assets/xiaolincoding/图解系统/09｜网络系统篇-9.3 高性能网络模式：Reactor 和 Proactor/img-002 3.png
attachments-evidence	attachment-evidence	15160	d958144c46362d6a	assets/xiaolincoding/图解系统/09｜网络系统篇-9.3 高性能网络模式：Reactor 和 Proactor/img-002.png
attachments-evidence	attachment-evidence	97426	9ac5a1b4f781f9f8	assets/xiaolincoding/图解系统/09｜网络系统篇-9.3 高性能网络模式：Reactor 和 Proactor/img-003 3.png
attachments-evidence	attachment-evidence	97426	9ac5a1b4f781f9f8	assets/xiaolincoding/图解系统/09｜网络系统篇-9.3 高性能网络模式：Reactor 和 Proactor/img-003.png
attachments-evidence	attachment-evidence	150910	b81fca7544aba0ee	assets/xiaolincoding/图解系统/09｜网络系统篇-9.3 高性能网络模式：Reactor 和 Proactor/img-004 3.png
attachments-evidence	attachment-evidence	150910	b81fca7544aba0ee	assets/xiaolincoding/图解系统/09｜网络系统篇-9.3 高性能网络模式：Reactor 和 Proactor/img-004.png
attachments-evidence	attachment-evidence	148647	a8c85d592447a76e	assets/xiaolincoding/图解系统/09｜网络系统篇-9.3 高性能网络模式：Reactor 和 Proactor/img-005 3.png
attachments-evidence	attachment-evidence	148647	a8c85d592447a76e	assets/xiaolincoding/图解系统/09｜网络系统篇-9.3 高性能网络模式：Reactor 和 Proactor/img-005.png
attachments-evidence	attachment-evidence	13585	21d0514cd8826bc3	assets/xiaolincoding/图解系统/09｜网络系统篇-9.3 高性能网络模式：Reactor 和 Proactor/img-006 3.png
attachments-evidence	attachment-evidence	13585	21d0514cd8826bc3	assets/xiaolincoding/图解系统/09｜网络系统篇-9.3 高性能网络模式：Reactor 和 Proactor/img-006.png
attachments-evidence	attachment-evidence	29591	7248aa0418bc1a77	assets/xiaolincoding/图解系统/09｜网络系统篇-9.3 高性能网络模式：Reactor 和 Proactor/img-007 3.png
attachments-evidence	attachment-evidence	29591	7248aa0418bc1a77	assets/xiaolincoding/图解系统/09｜网络系统篇-9.3 高性能网络模式：Reactor 和 Proactor/img-007.png
attachments-evidence	attachment-evidence	44957	eb4bc1f83cbf1ff8	assets/xiaolincoding/图解系统/09｜网络系统篇-9.3 高性能网络模式：Reactor 和 Proactor/img-008 3.png
attachments-evidence	attachment-evidence	44957	eb4bc1f83cbf1ff8	assets/xiaolincoding/图解系统/09｜网络系统篇-9.3 高性能网络模式：Reactor 和 Proactor/img-008.png
attachments-evidence	attachment-evidence	93039	6a0bc7a6b57aed78	assets/xiaolincoding/图解系统/09｜网络系统篇-9.3 高性能网络模式：Reactor 和 Proactor/img-009 3.png
attachments-evidence	attachment-evidence	93039	6a0bc7a6b57aed78	assets/xiaolincoding/图解系统/09｜网络系统篇-9.3 高性能网络模式：Reactor 和 Proactor/img-009.png
attachments-evidence	attachment-evidence	13959	0c539cdab2ab5caf	assets/xiaolincoding/图解系统/09｜网络系统篇-9.4 什么是一致性哈希？/img-001 3.png
attachments-evidence	attachment-evidence	13959	0c539cdab2ab5caf	assets/xiaolincoding/图解系统/09｜网络系统篇-9.4 什么是一致性哈希？/img-001.png
attachments-evidence	attachment-evidence	96416	1514696fe9ba7fe2	assets/xiaolincoding/图解系统/09｜网络系统篇-9.4 什么是一致性哈希？/img-002 3.png
attachments-evidence	attachment-evidence	96416	1514696fe9ba7fe2	assets/xiaolincoding/图解系统/09｜网络系统篇-9.4 什么是一致性哈希？/img-002.png
attachments-evidence	attachment-evidence	52273	16e71d3c2a1e1a1d	assets/xiaolincoding/图解系统/09｜网络系统篇-9.4 什么是一致性哈希？/img-003 3.png
attachments-evidence	attachment-evidence	52273	16e71d3c2a1e1a1d	assets/xiaolincoding/图解系统/09｜网络系统篇-9.4 什么是一致性哈希？/img-003.png
attachments-evidence	attachment-evidence	53334	0ed17bd37c4c486a	assets/xiaolincoding/图解系统/09｜网络系统篇-9.4 什么是一致性哈希？/img-004 3.png
attachments-evidence	attachment-evidence	53334	0ed17bd37c4c486a	assets/xiaolincoding/图解系统/09｜网络系统篇-9.4 什么是一致性哈希？/img-004.png
attachments-evidence	attachment-evidence	15927	c36e0ef6027970b1	assets/xiaolincoding/图解系统/09｜网络系统篇-9.4 什么是一致性哈希？/img-005 3.png
attachments-evidence	attachment-evidence	15927	c36e0ef6027970b1	assets/xiaolincoding/图解系统/09｜网络系统篇-9.4 什么是一致性哈希？/img-005.png
attachments-evidence	attachment-evidence	37968	459da62781dcb323	assets/xiaolincoding/图解系统/09｜网络系统篇-9.4 什么是一致性哈希？/img-006 3.png
attachments-evidence	attachment-evidence	37968	459da62781dcb323	assets/xiaolincoding/图解系统/09｜网络系统篇-9.4 什么是一致性哈希？/img-006.png
attachments-evidence	attachment-evidence	91181	b3099d6495b81fc6	assets/xiaolincoding/图解系统/09｜网络系统篇-9.4 什么是一致性哈希？/img-007 3.png
attachments-evidence	attachment-evidence	91181	b3099d6495b81fc6	assets/xiaolincoding/图解系统/09｜网络系统篇-9.4 什么是一致性哈希？/img-007.png
attachments-evidence	attachment-evidence	26735	062880596a16cf5c	assets/xiaolincoding/图解系统/09｜网络系统篇-9.4 什么是一致性哈希？/img-008 3.png
attachments-evidence	attachment-evidence	26735	062880596a16cf5c	assets/xiaolincoding/图解系统/09｜网络系统篇-9.4 什么是一致性哈希？/img-008.png
attachments-evidence	attachment-evidence	34683	5c2839097cb434d9	assets/xiaolincoding/图解系统/09｜网络系统篇-9.4 什么是一致性哈希？/img-009 3.png
attachments-evidence	attachment-evidence	34683	5c2839097cb434d9	assets/xiaolincoding/图解系统/09｜网络系统篇-9.4 什么是一致性哈希？/img-009.png
attachments-evidence	attachment-evidence	45276	6dcd2e1f228b68ff	assets/xiaolincoding/图解系统/09｜网络系统篇-9.4 什么是一致性哈希？/img-010 3.png
attachments-evidence	attachment-evidence	45276	6dcd2e1f228b68ff	assets/xiaolincoding/图解系统/09｜网络系统篇-9.4 什么是一致性哈希？/img-010.png
attachments-evidence	attachment-evidence	45723	069b8fb3070d5360	assets/xiaolincoding/图解系统/09｜网络系统篇-9.4 什么是一致性哈希？/img-011 3.png
attachments-evidence	attachment-evidence	45723	069b8fb3070d5360	assets/xiaolincoding/图解系统/09｜网络系统篇-9.4 什么是一致性哈希？/img-011.png
attachments-evidence	attachment-evidence	47726	2a3a593a5b536c04	assets/xiaolincoding/图解系统/09｜网络系统篇-9.4 什么是一致性哈希？/img-012 3.png
attachments-evidence	attachment-evidence	47726	2a3a593a5b536c04	assets/xiaolincoding/图解系统/09｜网络系统篇-9.4 什么是一致性哈希？/img-012.png
attachments-evidence	attachment-evidence	51048	82854cf6b93762cf	assets/xiaolincoding/图解系统/09｜网络系统篇-9.4 什么是一致性哈希？/img-013 3.png
attachments-evidence	attachment-evidence	51048	82854cf6b93762cf	assets/xiaolincoding/图解系统/09｜网络系统篇-9.4 什么是一致性哈希？/img-013.png
attachments-evidence	attachment-evidence	44734	3f65654ef7c72a8f	assets/xiaolincoding/图解系统/09｜网络系统篇-9.4 什么是一致性哈希？/img-014 3.png
attachments-evidence	attachment-evidence	44734	3f65654ef7c72a8f	assets/xiaolincoding/图解系统/09｜网络系统篇-9.4 什么是一致性哈希？/img-014.png
attachments-evidence	attachment-evidence	39859	8497303f81818cc7	assets/xiaolincoding/图解系统/10｜Linux 命令篇-10.1 如何查看网络的性能指标？/img-001 3.png
attachments-evidence	attachment-evidence	39859	8497303f81818cc7	assets/xiaolincoding/图解系统/10｜Linux 命令篇-10.1 如何查看网络的性能指标？/img-001.png
attachments-evidence	attachment-evidence	58255	86d1b274f8fe4ce0	assets/xiaolincoding/图解系统/10｜Linux 命令篇-10.1 如何查看网络的性能指标？/img-002 3.png
attachments-evidence	attachment-evidence	58255	86d1b274f8fe4ce0	assets/xiaolincoding/图解系统/10｜Linux 命令篇-10.1 如何查看网络的性能指标？/img-002.png
attachments-evidence	attachment-evidence	202208	174573afa59b8695	assets/xiaolincoding/图解系统/10｜Linux 命令篇-10.1 如何查看网络的性能指标？/img-003 3.png
attachments-evidence	attachment-evidence	202208	174573afa59b8695	assets/xiaolincoding/图解系统/10｜Linux 命令篇-10.1 如何查看网络的性能指标？/img-003.png
attachments-evidence	attachment-evidence	152096	5a1f8cb16be81fd1	assets/xiaolincoding/图解系统/10｜Linux 命令篇-10.1 如何查看网络的性能指标？/img-004 3.png
attachments-evidence	attachment-evidence	152096	5a1f8cb16be81fd1	assets/xiaolincoding/图解系统/10｜Linux 命令篇-10.1 如何查看网络的性能指标？/img-004.png
attachments-evidence	attachment-evidence	87234	76dd635818609a31	assets/xiaolincoding/图解系统/10｜Linux 命令篇-10.1 如何查看网络的性能指标？/img-005 3.png
attachments-evidence	attachment-evidence	87234	76dd635818609a31	assets/xiaolincoding/图解系统/10｜Linux 命令篇-10.1 如何查看网络的性能指标？/img-005.png
attachments-evidence	attachment-evidence	245260	957a523e41cdaf68	assets/xiaolincoding/图解系统/10｜Linux 命令篇-10.1 如何查看网络的性能指标？/img-006 3.png
attachments-evidence	attachment-evidence	245260	957a523e41cdaf68	assets/xiaolincoding/图解系统/10｜Linux 命令篇-10.1 如何查看网络的性能指标？/img-006.png
attachments-evidence	attachment-evidence	108311	93c3a6a000fbb6b8	assets/xiaolincoding/图解系统/10｜Linux 命令篇-10.1 如何查看网络的性能指标？/img-007 3.png
attachments-evidence	attachment-evidence	108311	93c3a6a000fbb6b8	assets/xiaolincoding/图解系统/10｜Linux 命令篇-10.1 如何查看网络的性能指标？/img-007.png
attachments-evidence	attachment-evidence	160873	47c5375fce3d7789	assets/xiaolincoding/图解系统/10｜Linux 命令篇-10.1 如何查看网络的性能指标？/img-008 3.png
attachments-evidence	attachment-evidence	160873	47c5375fce3d7789	assets/xiaolincoding/图解系统/10｜Linux 命令篇-10.1 如何查看网络的性能指标？/img-008.png
attachments-evidence	attachment-evidence	44943	0325237679fde8e8	assets/xiaolincoding/图解系统/10｜Linux 命令篇-10.2 如何从日志分析 PV、UV？/img-001 3.png
attachments-evidence	attachment-evidence	44943	0325237679fde8e8	assets/xiaolincoding/图解系统/10｜Linux 命令篇-10.2 如何从日志分析 PV、UV？/img-001.png
attachments-evidence	attachment-evidence	25130	91b415d5be51962d	assets/xiaolincoding/图解系统/10｜Linux 命令篇-10.2 如何从日志分析 PV、UV？/img-002.png
attachments-evidence	attachment-evidence	111125	387539ae12599ebd	assets/xiaolincoding/图解系统/10｜Linux 命令篇-10.2 如何从日志分析 PV、UV？/img-003 3.png
attachments-evidence	attachment-evidence	111125	387539ae12599ebd	assets/xiaolincoding/图解系统/10｜Linux 命令篇-10.2 如何从日志分析 PV、UV？/img-003.png
attachments-evidence	attachment-evidence	404065	d2897d37c35b9b33	assets/xiaolincoding/图解系统/10｜Linux 命令篇-10.2 如何从日志分析 PV、UV？/img-004.png
attachments-evidence	attachment-evidence	186149	94e6961b31ac4a12	assets/xiaolincoding/图解系统/10｜Linux 命令篇-10.2 如何从日志分析 PV、UV？/img-005.png
attachments-evidence	attachment-evidence	17176	5932c924f15fe2fd	assets/xiaolincoding/图解系统/10｜Linux 命令篇-10.2 如何从日志分析 PV、UV？/img-006.png
attachments-evidence	attachment-evidence	74083	f85cf20f1805718e	assets/xiaolincoding/图解系统/10｜Linux 命令篇-10.2 如何从日志分析 PV、UV？/img-007 3.png
attachments-evidence	attachment-evidence	74083	f85cf20f1805718e	assets/xiaolincoding/图解系统/10｜Linux 命令篇-10.2 如何从日志分析 PV、UV？/img-007.png
attachments-evidence	attachment-evidence	54946	d2673c8443ec5063	assets/xiaolincoding/图解系统/10｜Linux 命令篇-10.2 如何从日志分析 PV、UV？/img-008 3.png
attachments-evidence	attachment-evidence	54946	d2673c8443ec5063	assets/xiaolincoding/图解系统/10｜Linux 命令篇-10.2 如何从日志分析 PV、UV？/img-008.png
attachments-evidence	attachment-evidence	151682	3bef70226f0de346	assets/xiaolincoding/图解系统/10｜Linux 命令篇-10.2 如何从日志分析 PV、UV？/img-009 3.png
attachments-evidence	attachment-evidence	151682	3bef70226f0de346	assets/xiaolincoding/图解系统/10｜Linux 命令篇-10.2 如何从日志分析 PV、UV？/img-009.png
attachments-evidence	attachment-evidence	19021	277bec6781d23558	assets/xiaolincoding/图解系统/10｜Linux 命令篇-10.2 如何从日志分析 PV、UV？/img-010 3.png
attachments-evidence	attachment-evidence	19021	277bec6781d23558	assets/xiaolincoding/图解系统/10｜Linux 命令篇-10.2 如何从日志分析 PV、UV？/img-010.png
attachments-evidence	attachment-evidence	217459	b49b377154b899fb	assets/xiaolincoding/图解系统/10｜Linux 命令篇-10.2 如何从日志分析 PV、UV？/img-011 3.png
attachments-evidence	attachment-evidence	217459	b49b377154b899fb	assets/xiaolincoding/图解系统/10｜Linux 命令篇-10.2 如何从日志分析 PV、UV？/img-011.png
attachments-evidence	attachment-evidence	148435	876a1470d964811b	assets/xiaolincoding/图解系统/10｜Linux 命令篇-10.2 如何从日志分析 PV、UV？/img-012 3.png
attachments-evidence	attachment-evidence	148435	876a1470d964811b	assets/xiaolincoding/图解系统/10｜Linux 命令篇-10.2 如何从日志分析 PV、UV？/img-012.png
attachments-evidence	attachment-evidence	254829	26f267a78d9fba67	assets/xiaolincoding/图解系统/10｜Linux 命令篇-10.2 如何从日志分析 PV、UV？/img-013 3.png
attachments-evidence	attachment-evidence	254829	26f267a78d9fba67	assets/xiaolincoding/图解系统/10｜Linux 命令篇-10.2 如何从日志分析 PV、UV？/img-013.png
attachments-evidence	attachment-evidence	50986	c86d894c1d93ba54	assets/xiaolincoding/图解系统/10｜Linux 命令篇-10.2 如何从日志分析 PV、UV？/img-014 3.png
attachments-evidence	attachment-evidence	50986	c86d894c1d93ba54	assets/xiaolincoding/图解系统/10｜Linux 命令篇-10.2 如何从日志分析 PV、UV？/img-014.png
attachments-evidence	attachment-evidence	613420	5e4c867eed759c68	assets/xiaolincoding/图解系统/11｜学习心得-11.1 操作系统怎么学？/img-001 3.png
attachments-evidence	attachment-evidence	613420	5e4c867eed759c68	assets/xiaolincoding/图解系统/11｜学习心得-11.1 操作系统怎么学？/img-001.png
attachments-evidence	attachment-evidence	447970	882dfba8b6e8ac12	assets/xiaolincoding/图解系统/11｜学习心得-11.1 操作系统怎么学？/img-002 3.png
attachments-evidence	attachment-evidence	447970	882dfba8b6e8ac12	assets/xiaolincoding/图解系统/11｜学习心得-11.1 操作系统怎么学？/img-002.png
attachments-evidence	attachment-evidence	377715	44c095b2bcd43c24	assets/xiaolincoding/图解系统/11｜学习心得-11.1 操作系统怎么学？/img-003 3.png
attachments-evidence	attachment-evidence	377715	44c095b2bcd43c24	assets/xiaolincoding/图解系统/11｜学习心得-11.1 操作系统怎么学？/img-003.png
attachments-evidence	attachment-evidence	493487	5c638f01cc1ff6e1	assets/xiaolincoding/图解系统/11｜学习心得-11.1 操作系统怎么学？/img-004 3.png
attachments-evidence	attachment-evidence	493487	5c638f01cc1ff6e1	assets/xiaolincoding/图解系统/11｜学习心得-11.1 操作系统怎么学？/img-004.png
attachments-evidence	attachment-evidence	43865	8b97ce6480aee8a7	assets/xiaolincoding/图解系统/11｜学习心得-11.1 操作系统怎么学？/img-005 3.jpg
attachments-evidence	attachment-evidence	43865	8b97ce6480aee8a7	assets/xiaolincoding/图解系统/11｜学习心得-11.1 操作系统怎么学？/img-005.jpg
attachments-evidence	attachment-evidence	113403	4d86db262ac04144	assets/xiaolincoding/图解系统/11｜学习心得-11.2 画图经验分享/img-001 3.png
attachments-evidence	attachment-evidence	113403	4d86db262ac04144	assets/xiaolincoding/图解系统/11｜学习心得-11.2 画图经验分享/img-001.png
attachments-evidence	attachment-evidence	95047	c3e8fe15cbecae3b	assets/xiaolincoding/图解系统/11｜学习心得-11.2 画图经验分享/img-002 3.png
attachments-evidence	attachment-evidence	95047	c3e8fe15cbecae3b	assets/xiaolincoding/图解系统/11｜学习心得-11.2 画图经验分享/img-002.png
attachments-evidence	attachment-evidence	1571	2d4a0c4779b666f1	assets/xiaolincoding/图解系统/11｜学习心得-11.2 画图经验分享/img-003 3.png
attachments-evidence	attachment-evidence	1571	2d4a0c4779b666f1	assets/xiaolincoding/图解系统/11｜学习心得-11.2 画图经验分享/img-003.png
attachments-evidence	attachment-evidence	4024	88b5303daefe6b5f	assets/xiaolincoding/图解系统/11｜学习心得-11.2 画图经验分享/img-004 3.png
attachments-evidence	attachment-evidence	4024	88b5303daefe6b5f	assets/xiaolincoding/图解系统/11｜学习心得-11.2 画图经验分享/img-004.png
attachments-evidence	attachment-evidence	116626	4ebae9aec70dbe2b	assets/xiaolincoding/图解系统/11｜学习心得-11.2 画图经验分享/img-005 3.png
attachments-evidence	attachment-evidence	116626	4ebae9aec70dbe2b	assets/xiaolincoding/图解系统/11｜学习心得-11.2 画图经验分享/img-005.png
attachments-evidence	attachment-evidence	39616	816daa4a457690b7	assets/xiaolincoding/图解系统/11｜学习心得-11.2 画图经验分享/img-006 3.png
attachments-evidence	attachment-evidence	39616	816daa4a457690b7	assets/xiaolincoding/图解系统/11｜学习心得-11.2 画图经验分享/img-006.png
attachments-evidence	attachment-evidence	41676	09ffcaa303a845b0	assets/xiaolincoding/图解系统/11｜学习心得-11.2 画图经验分享/img-007 3.png
attachments-evidence	attachment-evidence	41676	09ffcaa303a845b0	assets/xiaolincoding/图解系统/11｜学习心得-11.2 画图经验分享/img-007.png
attachments-evidence	attachment-evidence	37476	2454903e8395cf99	assets/xiaolincoding/图解系统/11｜学习心得-11.2 画图经验分享/img-008 3.png
attachments-evidence	attachment-evidence	37476	2454903e8395cf99	assets/xiaolincoding/图解系统/11｜学习心得-11.2 画图经验分享/img-008.png
attachments-evidence	attachment-evidence	72092	e8f12b2fe740356c	assets/xiaolincoding/图解系统/11｜学习心得-11.2 画图经验分享/img-009 3.png
attachments-evidence	attachment-evidence	72092	e8f12b2fe740356c	assets/xiaolincoding/图解系统/11｜学习心得-11.2 画图经验分享/img-009.png
attachments-evidence	attachment-evidence	78651	f2102d7f2bb3031d	assets/xiaolincoding/图解系统/11｜学习心得-11.2 画图经验分享/img-010 3.png
attachments-evidence	attachment-evidence	78651	f2102d7f2bb3031d	assets/xiaolincoding/图解系统/11｜学习心得-11.2 画图经验分享/img-010.png
attachments-evidence	attachment-evidence	117836	c3fe4cbb9b458dcc	assets/xiaolincoding/图解系统/11｜学习心得-11.2 画图经验分享/img-011 3.png
attachments-evidence	attachment-evidence	117836	c3fe4cbb9b458dcc	assets/xiaolincoding/图解系统/11｜学习心得-11.2 画图经验分享/img-011.png
attachments-evidence	attachment-evidence	131218	5dabfbcefb032dec	assets/xiaolincoding/图解系统/11｜学习心得-11.2 画图经验分享/img-012 3.png
attachments-evidence	attachment-evidence	131218	5dabfbcefb032dec	assets/xiaolincoding/图解系统/11｜学习心得-11.2 画图经验分享/img-012.png
attachments-evidence	attachment-evidence	414200	2495ac62ee6c6690	assets/xiaolincoding/图解系统/11｜学习心得-11.2 画图经验分享/img-013 3.png
attachments-evidence	attachment-evidence	414200	2495ac62ee6c6690	assets/xiaolincoding/图解系统/11｜学习心得-11.2 画图经验分享/img-013.png
attachments-evidence	attachment-evidence	71820	a47bda97c0ed1de3	assets/xiaolincoding/图解系统/11｜学习心得-11.2 画图经验分享/img-014 3.png
attachments-evidence	attachment-evidence	71820	a47bda97c0ed1de3	assets/xiaolincoding/图解系统/11｜学习心得-11.2 画图经验分享/img-014.png
attachments-evidence	attachment-evidence	10439	7b64a58d2b904cc4	assets/图解网络-小林coding/01-tcp_ip_model/img-001.png
attachments-evidence	attachment-evidence	16788	4c3b51a48b0447d0	assets/图解网络-小林coding/01-tcp_ip_model/img-002.png
attachments-evidence	attachment-evidence	15809	928390ce670c06a9	assets/图解网络-小林coding/01-tcp_ip_model/img-003.png
attachments-evidence	attachment-evidence	98141	c36b3a9150fb97de	assets/图解网络-小林coding/01-tcp_ip_model/img-004.png
attachments-evidence	attachment-evidence	48087	cda8d9f31cdfeb1a	assets/图解网络-小林coding/01-tcp_ip_model/img-005.jpg
attachments-evidence	attachment-evidence	107527	c24fd16d932ec35a	assets/图解网络-小林coding/01-tcp_ip_model/img-006.png
attachments-evidence	attachment-evidence	66981	56f6accb79adb970	assets/图解网络-小林coding/01-tcp_ip_model/img-007.png
attachments-evidence	attachment-evidence	21461	82d158d5c6516ed9	assets/图解网络-小林coding/01-tcp_ip_model/img-008.png
attachments-evidence	attachment-evidence	28139	e1b9f14fe76e44be	assets/图解网络-小林coding/01-tcp_ip_model/img-009.png
attachments-evidence	attachment-evidence	39859	8497303f81818cc7	assets/图解网络-小林coding/01-tcp_ip_model/img-010.png
attachments-evidence	attachment-evidence	96798	ccd8599a6ade4a0a	assets/图解网络-小林coding/02-what_happen_url/img-001.png
attachments-evidence	attachment-evidence	234370	576381924a1e58a6	assets/图解网络-小林coding/02-what_happen_url/img-002.jpg
attachments-evidence	attachment-evidence	216144	9b1a50dd62533dda	assets/图解网络-小林coding/02-what_happen_url/img-003.png
attachments-evidence	attachment-evidence	27980	c90bc5e4720550fe	assets/图解网络-小林coding/02-what_happen_url/img-004.png
attachments-evidence	attachment-evidence	302784	a5605b56f691e43b	assets/图解网络-小林coding/02-what_happen_url/img-005.png
attachments-evidence	attachment-evidence	111224	20b5148193ce0e47	assets/图解网络-小林coding/02-what_happen_url/img-006.png
attachments-evidence	attachment-evidence	77715	d7620f3d12beb9a2	assets/图解网络-小林coding/02-what_happen_url/img-007.png
attachments-evidence	attachment-evidence	533746	5bb98ee0cccb0ca3	assets/图解网络-小林coding/02-what_happen_url/img-008.png
attachments-evidence	attachment-evidence	61608	4fc62df07be1337d	assets/图解网络-小林coding/02-what_happen_url/img-009.png
attachments-evidence	attachment-evidence	73104	d678cc06d2cf177f	assets/图解网络-小林coding/02-what_happen_url/img-010.png
attachments-evidence	attachment-evidence	98141	c36b3a9150fb97de	assets/图解网络-小林coding/02-what_happen_url/img-011.png
attachments-evidence	attachment-evidence	128824	76279dca01423be3	assets/图解网络-小林coding/02-what_happen_url/img-012.png
attachments-evidence	attachment-evidence	106298	80b995544df59771	assets/图解网络-小林coding/02-what_happen_url/img-013.jpg
attachments-evidence	attachment-evidence	13852	ef9f6a972ee2dacc	assets/图解网络-小林coding/02-what_happen_url/img-014.png
attachments-evidence	attachment-evidence	163499	f5c0608a24f2416c	assets/图解网络-小林coding/02-what_happen_url/img-015.png
attachments-evidence	attachment-evidence	379155	42d8b997f5bd927f	assets/图解网络-小林coding/02-what_happen_url/img-016.jpg
attachments-evidence	attachment-evidence	25890	7ea55276fd86f8e5	assets/图解网络-小林coding/02-what_happen_url/img-017.png
attachments-evidence	attachment-evidence	79184	0a880108e2383f62	assets/图解网络-小林coding/02-what_happen_url/img-018.png
attachments-evidence	attachment-evidence	28175	6bdfe26dd2a631c8	assets/图解网络-小林coding/02-what_happen_url/img-019.png
attachments-evidence	attachment-evidence	441957	08d89f42ed9c1af8	assets/图解网络-小林coding/02-what_happen_url/img-020.jpg
attachments-evidence	attachment-evidence	79871	d3d1dcde3ddb4d03	assets/图解网络-小林coding/02-what_happen_url/img-021.png
attachments-evidence	attachment-evidence	167604	31ed4c36ee10cb8c	assets/图解网络-小林coding/02-what_happen_url/img-022.jpg
attachments-evidence	attachment-evidence	125640	b693763e3d281bfc	assets/图解网络-小林coding/02-what_happen_url/img-023.png
attachments-evidence	attachment-evidence	124649	37e819040fb189c7	assets/图解网络-小林coding/02-what_happen_url/img-024.png
attachments-evidence	attachment-evidence	44310	a9efb580c275b75b	assets/图解网络-小林coding/03-how_os_deal_network_package/img-001.png
attachments-evidence	attachment-evidence	39859	8497303f81818cc7	assets/图解网络-小林coding/03-how_os_deal_network_package/img-002.png
attachments-evidence	attachment-evidence	54179	43ce6e0acf8cc1dc	assets/图解网络-小林coding/03-how_os_deal_network_package/img-003.png
attachments-evidence	attachment-evidence	173117	5dc95ea0a234ca6c	assets/图解网络-小林coding/03-how_os_deal_network_package/img-004.png
attachments-evidence	attachment-evidence	42249	33bb057bba099006	assets/图解网络-小林coding/03-how_os_deal_network_package/img-005.jpg
attachments-evidence	attachment-evidence	244668	cb0e07d9f7223a3e	assets/图解网络-小林coding/04-http_interview/img-001.png
attachments-evidence	attachment-evidence	27998	33816b47cc5ef7ff	assets/图解网络-小林coding/04-http_interview/img-002.png
attachments-evidence	attachment-evidence	22809	dfa7b00621e4ee4a	assets/图解网络-小林coding/04-http_interview/img-003.png
attachments-evidence	attachment-evidence	17528	2a730580f496357c	assets/图解网络-小林coding/04-http_interview/img-004.png
attachments-evidence	attachment-evidence	333307	c8dbb347ee37b233	assets/图解网络-小林coding/04-http_interview/img-005.png
attachments-evidence	attachment-evidence	87391	abc40ad7ac008e77	assets/图解网络-小林coding/04-http_interview/img-006.png
attachments-evidence	attachment-evidence	45226	c7dbd1e78f66ea6c	assets/图解网络-小林coding/04-http_interview/img-007.png
attachments-evidence	attachment-evidence	76400	5fbf97545045d40b	assets/图解网络-小林coding/04-http_interview/img-008.png
attachments-evidence	attachment-evidence	56155	6c330a19fbc693ac	assets/图解网络-小林coding/04-http_interview/img-009.png
attachments-evidence	attachment-evidence	96900	30d9e111305f2812	assets/图解网络-小林coding/04-http_interview/img-010.png
attachments-evidence	attachment-evidence	108290	1e6803c7bdefcc4a	assets/图解网络-小林coding/04-http_interview/img-011.png
attachments-evidence	attachment-evidence	77596	16a394f208f671bf	assets/图解网络-小林coding/04-http_interview/img-012.png
attachments-evidence	attachment-evidence	62924	7957b524b5e617a2	assets/图解网络-小林coding/04-http_interview/img-013.png
attachments-evidence	attachment-evidence	235347	4b6fefa3bb669b2b	assets/图解网络-小林coding/04-http_interview/img-014.png
attachments-evidence	attachment-evidence	191884	5cf2aaafe38666f2	assets/图解网络-小林coding/04-http_interview/img-015.png
attachments-evidence	attachment-evidence	165663	65ab7a5eb2b99d12	assets/图解网络-小林coding/04-http_interview/img-016.png
attachments-evidence	attachment-evidence	255259	2b8f74ad1981a1eb	assets/图解网络-小林coding/04-http_interview/img-017.png
attachments-evidence	attachment-evidence	130788	519fd3d60aef4d97	assets/图解网络-小林coding/04-http_interview/img-018.png
attachments-evidence	attachment-evidence	132038	39c8a38c102722b1	assets/图解网络-小林coding/04-http_interview/img-019.png
attachments-evidence	attachment-evidence	50730	75fb75862022f2a0	assets/图解网络-小林coding/04-http_interview/img-020.png
attachments-evidence	attachment-evidence	69969	b9b64d15767ae628	assets/图解网络-小林coding/04-http_interview/img-021.png
attachments-evidence	attachment-evidence	14506	50377be67f442c85	assets/图解网络-小林coding/04-http_interview/img-022.jpg
attachments-evidence	attachment-evidence	196960	6c6e0e442926b69a	assets/图解网络-小林coding/04-http_interview/img-023.png
attachments-evidence	attachment-evidence	118812	bbe6a13bff90442a	assets/图解网络-小林coding/04-http_interview/img-024.png
attachments-evidence	attachment-evidence	129642	4ebc838b0ed5d021	assets/图解网络-小林coding/04-http_interview/img-025.png
attachments-evidence	attachment-evidence	96708	64650b4d1cd39f01	assets/图解网络-小林coding/04-http_interview/img-026.jpg
attachments-evidence	attachment-evidence	361219	8f3b50a61a7268d8	assets/图解网络-小林coding/04-http_interview/img-027.jpg
attachments-evidence	attachment-evidence	147120	63b0d40cc6c18773	assets/图解网络-小林coding/04-http_interview/img-028.png
attachments-evidence	attachment-evidence	39280	0281af8afdd37ad4	assets/图解网络-小林coding/04-http_interview/img-029.png
attachments-evidence	attachment-evidence	59590	38e95ee092f444ab	assets/图解网络-小林coding/04-http_interview/img-030.png
attachments-evidence	attachment-evidence	178777	7dc2ea78a731416d	assets/图解网络-小林coding/04-http_interview/img-031.png
attachments-evidence	attachment-evidence	68902	7ddedd35eec0abb4	assets/图解网络-小林coding/04-http_interview/img-032.png
attachments-evidence	attachment-evidence	188574	a6739704d468934e	assets/图解网络-小林coding/04-http_interview/img-033.png
attachments-evidence	attachment-evidence	105649	b6e5047c0deded80	assets/图解网络-小林coding/04-http_interview/img-034.jpg
attachments-evidence	attachment-evidence	237579	f8708cf448f59b67	assets/图解网络-小林coding/04-http_interview/img-035.png
attachments-evidence	attachment-evidence	36394	41ec8fd1b0fcb0fc	assets/图解网络-小林coding/04-http_interview/img-036.png
attachments-evidence	attachment-evidence	117099	007b2a8a5a3b409b	assets/图解网络-小林coding/04-http_interview/img-037.png
attachments-evidence	attachment-evidence	22592	5606f9ebbe6646f1	assets/图解网络-小林coding/04-http_interview/img-038.jpg
attachments-evidence	attachment-evidence	156444	fa347101f63f8fd7	assets/图解网络-小林coding/04-http_interview/img-039.png
attachments-evidence	attachment-evidence	379709	9258abaacc6b63d4	assets/图解网络-小林coding/04-http_interview/img-040.png
attachments-evidence	attachment-evidence	380312	525c6762ebcb5d5b	assets/图解网络-小林coding/04-http_interview/img-041.png
attachments-evidence	attachment-evidence	9776	bc74f5b39bc4833b	assets/图解网络-小林coding/04-http_interview/img-042.png
attachments-evidence	attachment-evidence	107561	0deee2dbae195d54	assets/图解网络-小林coding/04-http_interview/img-043.png
attachments-evidence	attachment-evidence	29655	5e72990c4f3075f4	assets/图解网络-小林coding/04-http_interview/img-044.jpg
attachments-evidence	attachment-evidence	94410	3416256bac234488	assets/图解网络-小林coding/04-http_interview/img-045.png
attachments-evidence	attachment-evidence	18703	0f6df7e780e02662	assets/图解网络-小林coding/04-http_interview/img-046.png
attachments-evidence	attachment-evidence	38266	bb31151653c7d6d2	assets/图解网络-小林coding/04-http_interview/img-047.jpg
attachments-evidence	attachment-evidence	17723	580041eb4c934bb9	assets/图解网络-小林coding/04-http_interview/img-048.gif
attachments-evidence	attachment-evidence	53752	642e36242be3eba2	assets/图解网络-小林coding/04-http_interview/img-049.jpg
attachments-evidence	attachment-evidence	39522	fd9a3b86dfb567eb	assets/图解网络-小林coding/04-http_interview/img-050.jpg
attachments-evidence	attachment-evidence	58200	1d4742e8621b5f6a	assets/图解网络-小林coding/04-http_interview/img-051.jpg
attachments-evidence	attachment-evidence	45582	495124ad08a21992	assets/图解网络-小林coding/04-http_interview/img-052.png
attachments-evidence	attachment-evidence	26420	4bb49f633fc5dd08	assets/图解网络-小林coding/04-http_interview/img-053.png
attachments-evidence	attachment-evidence	68370	5efec2a93474a56f	assets/图解网络-小林coding/04-http_interview/img-054.png
attachments-evidence	attachment-evidence	98657	e886fd3965a2f270	assets/图解网络-小林coding/04-http_interview/img-055.png
attachments-evidence	attachment-evidence	204124	b9bb70fbb4bf0126	assets/图解网络-小林coding/05-http_optimize/img-001.png
attachments-evidence	attachment-evidence	144538	3dfc11ab6b4f673b	assets/图解网络-小林coding/05-http_optimize/img-002.png
attachments-evidence	attachment-evidence	191884	5cf2aaafe38666f2	assets/图解网络-小林coding/05-http_optimize/img-003.png
attachments-evidence	attachment-evidence	64322	7babbc467f9395ea	assets/图解网络-小林coding/05-http_optimize/img-004.png
attachments-evidence	attachment-evidence	55558	9a5176ad949fff72	assets/图解网络-小林coding/05-http_optimize/img-005.png
attachments-evidence	attachment-evidence	44883	2d52f06a36eb3878	assets/图解网络-小林coding/05-http_optimize/img-006.png
attachments-evidence	attachment-evidence	109531	dcaa774dec83893d	assets/图解网络-小林coding/05-http_optimize/img-007.png
attachments-evidence	attachment-evidence	150378	bb2b22a6f1f00ea7	assets/图解网络-小林coding/05-http_optimize/img-008.png
attachments-evidence	attachment-evidence	71017	5fa42f8e638a7814	assets/图解网络-小林coding/05-http_optimize/img-009.png
attachments-evidence	attachment-evidence	763055	7fe37b6e609dbb48	assets/图解网络-小林coding/05-http_optimize/img-010.png
attachments-evidence	attachment-evidence	138795	97e463da56b72114	assets/图解网络-小林coding/06-https_rsa/img-001.png
attachments-evidence	attachment-evidence	14506	50377be67f442c85	assets/图解网络-小林coding/06-https_rsa/img-002.jpg
attachments-evidence	attachment-evidence	153210	e86469d31c31ba93	assets/图解网络-小林coding/06-https_rsa/img-003.png
attachments-evidence	attachment-evidence	148710	ffd672a6d0538571	assets/图解网络-小林coding/06-https_rsa/img-004.png
attachments-evidence	attachment-evidence	687092	f84b4d1462ef27ff	assets/图解网络-小林coding/06-https_rsa/img-005.png
attachments-evidence	attachment-evidence	106578	98b17c5d852c9d35	assets/图解网络-小林coding/06-https_rsa/img-006.png
attachments-evidence	attachment-evidence	77910	a0f86d571de1ab38	assets/图解网络-小林coding/06-https_rsa/img-007.png
attachments-evidence	attachment-evidence	40184	d1732a1b04e13fc8	assets/图解网络-小林coding/06-https_rsa/img-008.png
attachments-evidence	attachment-evidence	18188	98bdeaeae9ede75d	assets/图解网络-小林coding/06-https_rsa/img-009.png
attachments-evidence	attachment-evidence	147120	63b0d40cc6c18773	assets/图解网络-小林coding/06-https_rsa/img-010.png
attachments-evidence	attachment-evidence	39280	0281af8afdd37ad4	assets/图解网络-小林coding/06-https_rsa/img-011.png
attachments-evidence	attachment-evidence	59590	38e95ee092f444ab	assets/图解网络-小林coding/06-https_rsa/img-012.png
attachments-evidence	attachment-evidence	178777	7dc2ea78a731416d	assets/图解网络-小林coding/06-https_rsa/img-013.png
attachments-evidence	attachment-evidence	68902	7ddedd35eec0abb4	assets/图解网络-小林coding/06-https_rsa/img-014.png
attachments-evidence	attachment-evidence	49321	b16afc5a0a3b752d	assets/图解网络-小林coding/06-https_rsa/img-015.png
attachments-evidence	attachment-evidence	19397	9c9c4c6b08ef8fd2	assets/图解网络-小林coding/06-https_rsa/img-016.png
attachments-evidence	attachment-evidence	20530	b28244455c1a4730	assets/图解网络-小林coding/06-https_rsa/img-017.png
attachments-evidence	attachment-evidence	100238	2229ff575d38d63b	assets/图解网络-小林coding/07-https_ecdhe/img-001.png
attachments-evidence	attachment-evidence	33156	cb0158587a30d97c	assets/图解网络-小林coding/07-https_ecdhe/img-002.png
attachments-evidence	attachment-evidence	29553	c7637ed3f7b66067	assets/图解网络-小林coding/07-https_ecdhe/img-003.png
attachments-evidence	attachment-evidence	47190	1692f1b2fe206a5e	assets/图解网络-小林coding/07-https_ecdhe/img-004.png
attachments-evidence	attachment-evidence	127289	8f5c7824abf01dbe	assets/图解网络-小林coding/07-https_ecdhe/img-005.png
attachments-evidence	attachment-evidence	150812	9015e84d20d2490f	assets/图解网络-小林coding/07-https_ecdhe/img-006.png
attachments-evidence	attachment-evidence	146796	6c0ac0521252df96	assets/图解网络-小林coding/07-https_ecdhe/img-007.png
attachments-evidence	attachment-evidence	128144	067cd2d8bc33a91d	assets/图解网络-小林coding/07-https_ecdhe/img-008.png
attachments-evidence	attachment-evidence	61290	d31a52c37a2964e0	assets/图解网络-小林coding/07-https_ecdhe/img-009.png
attachments-evidence	attachment-evidence	93276	e3e44d18f85f6e0a	assets/图解网络-小林coding/07-https_ecdhe/img-010.png
attachments-evidence	attachment-evidence	24464	3843fa8c6d27e355	assets/图解网络-小林coding/07-https_ecdhe/img-011.png
attachments-evidence	attachment-evidence	60419	44850cef1a27e950	assets/图解网络-小林coding/07-https_ecdhe/img-012.png
attachments-evidence	attachment-evidence	25051	d6941a4bcab0261f	assets/图解网络-小林coding/07-https_ecdhe/img-013.png
attachments-evidence	attachment-evidence	27525	170acc9db8197676	assets/图解网络-小林coding/07-https_ecdhe/img-014.png
attachments-evidence	attachment-evidence	126943	039db80f601dd85e	assets/图解网络-小林coding/08-https_optimize/img-001.png
attachments-evidence	attachment-evidence	252236	1fd5df27943c77c2	assets/图解网络-小林coding/08-https_optimize/img-002.png
attachments-evidence	attachment-evidence	34290	5cd02179b61198c8	assets/图解网络-小林coding/08-https_optimize/img-003.jpg
attachments-evidence	attachment-evidence	17248	3cf595f4970b7405	assets/图解网络-小林coding/08-https_optimize/img-004.png
attachments-evidence	attachment-evidence	11877	ae4c42b218eff4c2	assets/图解网络-小林coding/08-https_optimize/img-005.png
attachments-evidence	attachment-evidence	12325	a4431517835e372d	assets/图解网络-小林coding/08-https_optimize/img-006.png
attachments-evidence	attachment-evidence	716076	c8ed7ccc3bed045b	assets/图解网络-小林coding/08-https_optimize/img-007.png
attachments-evidence	attachment-evidence	44752	054da4f79f0b069a	assets/图解网络-小林coding/08-https_optimize/img-008.png
attachments-evidence	attachment-evidence	51347	e62e47dc3ec68edf	assets/图解网络-小林coding/08-https_optimize/img-009.png
attachments-evidence	attachment-evidence	34612	15d2213c49fc25f1	assets/图解网络-小林coding/08-https_optimize/img-010.png
attachments-evidence	attachment-evidence	41723	f788d31547c13c20	assets/图解网络-小林coding/08-https_optimize/img-011.png
attachments-evidence	attachment-evidence	229014	1a61e11163cdbc8f	assets/图解网络-小林coding/08-https_optimize/img-012.png
attachments-evidence	attachment-evidence	47371	dccdbbb0984dc1cf	assets/图解网络-小林coding/08-https_optimize/img-013.png
attachments-evidence	attachment-evidence	78675	a3689e9288f5e90d	assets/图解网络-小林coding/08-https_optimize/img-014.png
attachments-evidence	attachment-evidence	17801	7c6e3f350b2f8e5d	assets/图解网络-小林coding/08-https_optimize/img-015.png
attachments-evidence	attachment-evidence	52276	2db9db4600a15137	assets/图解网络-小林coding/09-http2/img-001.png
attachments-evidence	attachment-evidence	119198	d5d0acf27a8b79c3	assets/图解网络-小林coding/09-http2/img-002.png
attachments-evidence	attachment-evidence	161647	16d118b7b41e534d	assets/图解网络-小林coding/09-http2/img-003.png
attachments-evidence	attachment-evidence	23876	4591c2da9e331998	assets/图解网络-小林coding/09-http2/img-004.png
attachments-evidence	attachment-evidence	22124	a576c8108b56b411	assets/图解网络-小林coding/09-http2/img-005.png
attachments-evidence	attachment-evidence	13262	e16c378eefb7096f	assets/图解网络-小林coding/09-http2/img-006.png
attachments-evidence	attachment-evidence	99677	1bff4c00bfcf3ec5	assets/图解网络-小林coding/09-http2/img-007.png
attachments-evidence	attachment-evidence	136006	70c9c33e05c12400	assets/图解网络-小林coding/09-http2/img-008.png
attachments-evidence	attachment-evidence	156444	fa347101f63f8fd7	assets/图解网络-小林coding/09-http2/img-009.png
attachments-evidence	attachment-evidence	379709	9258abaacc6b63d4	assets/图解网络-小林coding/09-http2/img-010.png
attachments-evidence	attachment-evidence	380312	525c6762ebcb5d5b	assets/图解网络-小林coding/09-http2/img-011.png
attachments-evidence	attachment-evidence	9776	bc74f5b39bc4833b	assets/图解网络-小林coding/09-http2/img-012.png
attachments-evidence	attachment-evidence	32882	e6a075b6a7876bbb	assets/图解网络-小林coding/09-http2/img-013.png
attachments-evidence	attachment-evidence	205227	2926d60499af9d64	assets/图解网络-小林coding/09-http2/img-014.png
attachments-evidence	attachment-evidence	107772	11f3a78b320a8f4e	assets/图解网络-小林coding/09-http2/img-015.png
attachments-evidence	attachment-evidence	155706	e98332c719e57732	assets/图解网络-小林coding/09-http2/img-016.png
attachments-evidence	attachment-evidence	29655	5e72990c4f3075f4	assets/图解网络-小林coding/09-http2/img-017.jpg
attachments-evidence	attachment-evidence	180547	2d92ada6a47fe87d	assets/图解网络-小林coding/09-http2/img-018.png
attachments-evidence	attachment-evidence	26028	92ace2850eb54298	assets/图解网络-小林coding/09-http2/img-019.png
attachments-evidence	attachment-evidence	60756	207289e91b4b0cec	assets/图解网络-小林coding/09-http2/img-020.png
attachments-evidence	attachment-evidence	169023	1b96bbe89efc3163	assets/图解网络-小林coding/09-http2/img-021.png
attachments-evidence	attachment-evidence	474613	2acfc2c68b7c2de1	assets/图解网络-小林coding/10-http3/img-001.png
attachments-evidence	attachment-evidence	38266	bb31151653c7d6d2	assets/图解网络-小林coding/10-http3/img-002.jpg
attachments-evidence	attachment-evidence	267934	34886be5440650c2	assets/图解网络-小林coding/10-http3/img-003.png
attachments-evidence	attachment-evidence	33160	4a1eb61dd920aa17	assets/图解网络-小林coding/10-http3/img-004.gif
attachments-evidence	attachment-evidence	249209	9f19c778ec2ea91d	assets/图解网络-小林coding/10-http3/img-005.png
attachments-evidence	attachment-evidence	170359	cdb6cc1812e766d7	assets/图解网络-小林coding/10-http3/img-006.png
attachments-evidence	attachment-evidence	447645	c5692a224f4076fe	assets/图解网络-小林coding/10-http3/img-007.gif
attachments-evidence	attachment-evidence	384456	2e3bc2681f3f6551	assets/图解网络-小林coding/10-http3/img-008.png
attachments-evidence	attachment-evidence	343024	eea0948caf945429	assets/图解网络-小林coding/11-http_rpc/img-001.gif
attachments-evidence	attachment-evidence	42722	9fc9c551b398e623	assets/图解网络-小林coding/11-http_rpc/img-002.png
attachments-evidence	attachment-evidence	21312	002adeb82960bb79	assets/图解网络-小林coding/11-http_rpc/img-003.png
attachments-evidence	attachment-evidence	34456	12a075a07eba6cec	assets/图解网络-小林coding/11-http_rpc/img-004.png
attachments-evidence	attachment-evidence	19211	fb8a2d6542f02ee7	assets/图解网络-小林coding/11-http_rpc/img-005.png
attachments-evidence	attachment-evidence	44459	9c138b8134e627a5	assets/图解网络-小林coding/11-http_rpc/img-006.png
attachments-evidence	attachment-evidence	45325	ca0b099135d3e4fb	assets/图解网络-小林coding/11-http_rpc/img-007.png
attachments-evidence	attachment-evidence	55243	8c97b17dd9205671	assets/图解网络-小林coding/11-http_rpc/img-008.png
attachments-evidence	attachment-evidence	31668	07e61247d7e2a45d	assets/图解网络-小林coding/11-http_rpc/img-009.png
attachments-evidence	attachment-evidence	41376	42d257fc7ad87940	assets/图解网络-小林coding/11-http_rpc/img-010.png
attachments-evidence	attachment-evidence	50256	83afae708a48ddaf	assets/图解网络-小林coding/11-http_rpc/img-011.png
attachments-evidence	attachment-evidence	111815	9e0f908c3b1fb841	assets/图解网络-小林coding/11-http_rpc/img-012.png
attachments-evidence	attachment-evidence	51726	7b7f47b28f07cfb7	assets/图解网络-小林coding/11-http_rpc/img-013.png
attachments-evidence	attachment-evidence	67801	dd90cc8c4e548920	assets/图解网络-小林coding/11-http_rpc/img-014.png
attachments-evidence	attachment-evidence	141960	b784b86d90ac5db3	assets/图解网络-小林coding/12-http_websocket/img-001.png
attachments-evidence	attachment-evidence	176801	0fbc10b328981ed3	assets/图解网络-小林coding/12-http_websocket/img-002.jpg
attachments-evidence	attachment-evidence	439279	98b551176792a07c	assets/图解网络-小林coding/12-http_websocket/img-003.png
attachments-evidence	attachment-evidence	80228	1e5124cef39761fa	assets/图解网络-小林coding/12-http_websocket/img-004.png
attachments-evidence	attachment-evidence	336198	48c02ffe5020f3ec	assets/图解网络-小林coding/12-http_websocket/img-005.png
attachments-evidence	attachment-evidence	73091	6cc5c513f5353fe4	assets/图解网络-小林coding/12-http_websocket/img-006.png
attachments-evidence	attachment-evidence	48924	a659ad1804d3c77e	assets/图解网络-小林coding/12-http_websocket/img-007.png
attachments-evidence	attachment-evidence	31042	e5d4c3dc49fcafca	assets/图解网络-小林coding/12-http_websocket/img-008.png
attachments-evidence	attachment-evidence	52135	5b07bb73fa4ed14a	assets/图解网络-小林coding/12-http_websocket/img-009.png
attachments-evidence	attachment-evidence	113889	f9d38a8ca281186e	assets/图解网络-小林coding/12-http_websocket/img-010.png
attachments-evidence	attachment-evidence	281416	c0922cfc3766eb7b	assets/图解网络-小林coding/12-http_websocket/img-011.png
attachments-evidence	attachment-evidence	765122	c2d3f2276d292566	assets/图解网络-小林coding/12-http_websocket/img-012.png
attachments-evidence	attachment-evidence	267953	00849cb3f78151e3	assets/图解网络-小林coding/12-http_websocket/img-013.png
attachments-evidence	attachment-evidence	105781	b49c0a7cd1ed07a8	assets/图解网络-小林coding/12-http_websocket/img-014.png
attachments-evidence	attachment-evidence	61674	dd6f561bf2081725	assets/图解网络-小林coding/12-http_websocket/img-015.png
attachments-evidence	attachment-evidence	66617	456853c8b21566c1	assets/图解网络-小林coding/12-http_websocket/img-016.png
attachments-evidence	attachment-evidence	62983	2f7d25a9a24aa6c3	assets/图解网络-小林coding/12-http_websocket/img-017.png
attachments-evidence	attachment-evidence	60858	6dd3a79e00dba06d	assets/图解网络-小林coding/12-http_websocket/img-018.png
attachments-evidence	attachment-evidence	60931	7abdeb6b68060efa	assets/图解网络-小林coding/12-http_websocket/img-019.png
attachments-evidence	attachment-evidence	5975	1121e10f6a6a26a4	assets/图解网络-小林coding/12-http_websocket/img-020.jpg
attachments-evidence	attachment-evidence	19211	95d48e025bac437b	assets/图解网络-小林coding/12-http_websocket/img-021.png
attachments-evidence	attachment-evidence	57144	c25d907ff8919a4b	assets/图解网络-小林coding/12-http_websocket/img-022.png
attachments-evidence	attachment-evidence	139112	4b20f43e94c3dea5	assets/图解网络-小林coding/13-tcp_interview/img-001.jpg
attachments-evidence	attachment-evidence	95078	9700b3d070347a85	assets/图解网络-小林coding/13-tcp_interview/img-002.png
attachments-evidence	attachment-evidence	41222	8c72939a5bda99b7	assets/图解网络-小林coding/13-tcp_interview/img-003.png
attachments-evidence	attachment-evidence	11741	6b735d9c42165b0f	assets/图解网络-小林coding/13-tcp_interview/img-004.png
attachments-evidence	attachment-evidence	23137	8f042e9845239833	assets/图解网络-小林coding/13-tcp_interview/img-005.png
attachments-evidence	attachment-evidence	26420	294d04a384ac60b9	assets/图解网络-小林coding/13-tcp_interview/img-006.png
attachments-evidence	attachment-evidence	5036	4cc654f3130ec8b3	assets/图解网络-小林coding/13-tcp_interview/img-007.png
attachments-evidence	attachment-evidence	38506	50b871d26febbe54	assets/图解网络-小林coding/13-tcp_interview/img-008.png
attachments-evidence	attachment-evidence	7692	3b7fe0fe488c6e37	assets/图解网络-小林coding/13-tcp_interview/img-009.png
attachments-evidence	attachment-evidence	73155	9f7d0f070a9f8566	assets/图解网络-小林coding/13-tcp_interview/img-010.jpg
attachments-evidence	attachment-evidence	533746	5bb98ee0cccb0ca3	assets/图解网络-小林coding/13-tcp_interview/img-011.png
attachments-evidence	attachment-evidence	121014	ea81cd53e993e54c	assets/图解网络-小林coding/13-tcp_interview/img-012.png
attachments-evidence	attachment-evidence	148052	6b6e4f3770613ea8	assets/图解网络-小林coding/13-tcp_interview/img-013.png
attachments-evidence	attachment-evidence	126717	fac7682a6a7ddeac	assets/图解网络-小林coding/13-tcp_interview/img-014.png
attachments-evidence	attachment-evidence	60185	60058734d9f78d5d	assets/图解网络-小林coding/13-tcp_interview/img-015.png
attachments-evidence	attachment-evidence	164231	d1c767da2aed2161	assets/图解网络-小林coding/13-tcp_interview/img-016.png
attachments-evidence	attachment-evidence	183399	eeda9a22993d2b03	assets/图解网络-小林coding/13-tcp_interview/img-017.png
attachments-evidence	attachment-evidence	63633	5ecf3107db653c1f	assets/图解网络-小林coding/13-tcp_interview/img-018.png
attachments-evidence	attachment-evidence	134618	e29850ae322f2ff1	assets/图解网络-小林coding/13-tcp_interview/img-019.png
attachments-evidence	attachment-evidence	152756	d3fcd2bd75dd4c83	assets/图解网络-小林coding/13-tcp_interview/img-020.png
attachments-evidence	attachment-evidence	179976	46752dd63c078760	assets/图解网络-小林coding/13-tcp_interview/img-021.png
attachments-evidence	attachment-evidence	291840	9d98ba23143ddc7a	assets/图解网络-小林coding/13-tcp_interview/img-022.png
attachments-evidence	attachment-evidence	71764	5292d534e63c8a35	assets/图解网络-小林coding/13-tcp_interview/img-023.png
attachments-evidence	attachment-evidence	3991	1b36abb6b7da2096	assets/图解网络-小林coding/13-tcp_interview/img-024.png
attachments-evidence	attachment-evidence	141495	ab93c586e8b8c999	assets/图解网络-小林coding/13-tcp_interview/img-025.png
attachments-evidence	attachment-evidence	253177	3b6da103aa0c5911	assets/图解网络-小林coding/13-tcp_interview/img-026.png
attachments-evidence	attachment-evidence	189252	90bc0ca051183a89	assets/图解网络-小林coding/13-tcp_interview/img-027.png
attachments-evidence	attachment-evidence	101142	7f1b3fb9c35478a6	assets/图解网络-小林coding/13-tcp_interview/img-028.png
attachments-evidence	attachment-evidence	67781	49c1ed5f5d98dbb2	assets/图解网络-小林coding/13-tcp_interview/img-029.png
attachments-evidence	attachment-evidence	80139	af1c431bc1934186	assets/图解网络-小林coding/13-tcp_interview/img-030.png
attachments-evidence	attachment-evidence	72828	b31169c9e529e71f	assets/图解网络-小林coding/13-tcp_interview/img-031.png
attachments-evidence	attachment-evidence	164558	bc96aecc6b54d10d	assets/图解网络-小林coding/13-tcp_interview/img-032.png
attachments-evidence	attachment-evidence	174575	16a65fe32f0d242b	assets/图解网络-小林coding/13-tcp_interview/img-033.png
attachments-evidence	attachment-evidence	83015	029afd3bfe6c7831	assets/图解网络-小林coding/13-tcp_interview/img-034.png
attachments-evidence	attachment-evidence	77878	4434849f12992fe3	assets/图解网络-小林coding/13-tcp_interview/img-035.png
attachments-evidence	attachment-evidence	144102	3fb2cec0270505c2	assets/图解网络-小林coding/13-tcp_interview/img-036.png
attachments-evidence	attachment-evidence	168001	a5c37eded584a86c	assets/图解网络-小林coding/13-tcp_interview/img-037.png
attachments-evidence	attachment-evidence	718325	209aefc7ab79fc06	assets/图解网络-小林coding/13-tcp_interview/img-038.png
attachments-evidence	attachment-evidence	519687	5a4c784e83234b2b	assets/图解网络-小林coding/13-tcp_interview/img-039.png
attachments-evidence	attachment-evidence	340248	aed1cc89e909b27c	assets/图解网络-小林coding/13-tcp_interview/img-040.png
attachments-evidence	attachment-evidence	64135	5d1353ce24024029	assets/图解网络-小林coding/13-tcp_interview/img-041.png
attachments-evidence	attachment-evidence	67455	e8a0687db8673bca	assets/图解网络-小林coding/13-tcp_interview/img-042.png
attachments-evidence	attachment-evidence	56155	6c330a19fbc693ac	assets/图解网络-小林coding/13-tcp_interview/img-043.png
attachments-evidence	attachment-evidence	67638	5ed02e4857422d71	assets/图解网络-小林coding/13-tcp_interview/img-044.png
attachments-evidence	attachment-evidence	22172	aaa8988f6205bff6	assets/图解网络-小林coding/13-tcp_interview/img-045.png
attachments-evidence	attachment-evidence	67638	9afd4e53b516fc2c	assets/图解网络-小林coding/13-tcp_interview/img-046.png
attachments-evidence	attachment-evidence	77455	4cf9500c179f28f5	assets/图解网络-小林coding/13-tcp_interview/img-047.png
attachments-evidence	attachment-evidence	71854	33a9c644482936cd	assets/图解网络-小林coding/13-tcp_interview/img-048.png
attachments-evidence	attachment-evidence	461074	b2deebdd3ddd1472	assets/图解网络-小林coding/13-tcp_interview/img-049.png
attachments-evidence	attachment-evidence	85037	bf1e976c4681fcf4	assets/图解网络-小林coding/13-tcp_interview/img-050.png
attachments-evidence	attachment-evidence	87234	76dd635818609a31	assets/图解网络-小林coding/13-tcp_interview/img-051.png
attachments-evidence	attachment-evidence	75937	deb7adbf8834cfae	assets/图解网络-小林coding/14-tcp_feature/img-001.png
attachments-evidence	attachment-evidence	69411	203567bb3a11adc8	assets/图解网络-小林coding/14-tcp_feature/img-002.png
attachments-evidence	attachment-evidence	117099	11a00989f5d5e95e	assets/图解网络-小林coding/14-tcp_feature/img-003.png
attachments-evidence	attachment-evidence	47464	c4abb1a499cbd89d	assets/图解网络-小林coding/14-tcp_feature/img-004.jpg
attachments-evidence	attachment-evidence	126925	718a65315e78b415	assets/图解网络-小林coding/14-tcp_feature/img-005.png
attachments-evidence	attachment-evidence	38789	34fe284634667613	assets/图解网络-小林coding/14-tcp_feature/img-006.png
attachments-evidence	attachment-evidence	94438	e03d7d3345efee30	assets/图解网络-小林coding/14-tcp_feature/img-007.png
attachments-evidence	attachment-evidence	66215	a455a30ea3bca5be	assets/图解网络-小林coding/14-tcp_feature/img-008.png
attachments-evidence	attachment-evidence	137086	f86c3c1347485f79	assets/图解网络-小林coding/14-tcp_feature/img-009.png
attachments-evidence	attachment-evidence	87812	cd5db7cbf279518c	assets/图解网络-小林coding/14-tcp_feature/img-010.png
attachments-evidence	attachment-evidence	182118	4ba5fc372104f1f0	assets/图解网络-小林coding/14-tcp_feature/img-011.png
attachments-evidence	attachment-evidence	52128	06a2e5432588fcf9	assets/图解网络-小林coding/14-tcp_feature/img-012.png
attachments-evidence	attachment-evidence	83108	fbb991e9d355fdeb	assets/图解网络-小林coding/14-tcp_feature/img-013.png
attachments-evidence	attachment-evidence	96276	097d80d3acf3a139	assets/图解网络-小林coding/14-tcp_feature/img-014.png
attachments-evidence	attachment-evidence	69882	33adbe4e3bffc220	assets/图解网络-小林coding/14-tcp_feature/img-015.png
attachments-evidence	attachment-evidence	100223	dd5e1981422e2c2f	assets/图解网络-小林coding/14-tcp_feature/img-016.png
attachments-evidence	attachment-evidence	112014	3343e9a6b69473f3	assets/图解网络-小林coding/14-tcp_feature/img-017.png
attachments-evidence	attachment-evidence	94231	99a496ae46433066	assets/图解网络-小林coding/14-tcp_feature/img-018.jpg
attachments-evidence	attachment-evidence	393724	3fd0a5ab12270b5a	assets/图解网络-小林coding/14-tcp_feature/img-019.png
attachments-evidence	attachment-evidence	458604	60a7591aaad6e41d	assets/图解网络-小林coding/14-tcp_feature/img-020.png
attachments-evidence	attachment-evidence	307071	630d54308bc0b965	assets/图解网络-小林coding/14-tcp_feature/img-021.png
attachments-evidence	attachment-evidence	125027	f3167a145e50e3f0	assets/图解网络-小林coding/14-tcp_feature/img-022.png
attachments-evidence	attachment-evidence	119593	a987f35ba61dbc6f	assets/图解网络-小林coding/14-tcp_feature/img-023.png
attachments-evidence	attachment-evidence	426682	36a254d3c292fc18	assets/图解网络-小林coding/14-tcp_feature/img-024.png
attachments-evidence	attachment-evidence	70987	c057a36e07029eab	assets/图解网络-小林coding/14-tcp_feature/img-025.png
attachments-evidence	attachment-evidence	58289	6d03baefce740494	assets/图解网络-小林coding/14-tcp_feature/img-026.png
attachments-evidence	attachment-evidence	149917	28805d8146f12a66	assets/图解网络-小林coding/14-tcp_feature/img-027.png
attachments-evidence	attachment-evidence	106958	da59a632d65e5fa0	assets/图解网络-小林coding/14-tcp_feature/img-028.png
attachments-evidence	attachment-evidence	160474	ea30a1ea1c5dbf78	assets/图解网络-小林coding/14-tcp_feature/img-029.png
attachments-evidence	attachment-evidence	158633	c0f4d6413c8049de	assets/图解网络-小林coding/15-tcp_tcpdump/img-001.png
attachments-evidence	attachment-evidence	176780	567429e8f924397d	assets/图解网络-小林coding/15-tcp_tcpdump/img-002.png
attachments-evidence	attachment-evidence	50172	6aee50fcd9bf0dd9	assets/图解网络-小林coding/15-tcp_tcpdump/img-003.png
attachments-evidence	attachment-evidence	18507	419136a4e884cfd6	assets/图解网络-小林coding/15-tcp_tcpdump/img-004.png
attachments-evidence	attachment-evidence	276763	f628cdab956595a4	assets/图解网络-小林coding/15-tcp_tcpdump/img-005.png
attachments-evidence	attachment-evidence	76465	09c34d2fa2b74954	assets/图解网络-小林coding/15-tcp_tcpdump/img-006.png
attachments-evidence	attachment-evidence	89694	f4096278cee5dc54	assets/图解网络-小林coding/15-tcp_tcpdump/img-007.png
attachments-evidence	attachment-evidence	41671	f4065a4bc17e313c	assets/图解网络-小林coding/15-tcp_tcpdump/img-008.png
attachments-evidence	attachment-evidence	9491	a74df2f5841b73de	assets/图解网络-小林coding/15-tcp_tcpdump/img-009.png
attachments-evidence	attachment-evidence	85256	3fd825dfb9b64180	assets/图解网络-小林coding/15-tcp_tcpdump/img-010.png
attachments-evidence	attachment-evidence	40697	68d4ee054ed0cf6b	assets/图解网络-小林coding/15-tcp_tcpdump/img-011.png
attachments-evidence	attachment-evidence	55580	3283849ebffb67c7	assets/图解网络-小林coding/15-tcp_tcpdump/img-012.png
attachments-evidence	attachment-evidence	38694	90f1d87751b8c767	assets/图解网络-小林coding/15-tcp_tcpdump/img-013.png
attachments-evidence	attachment-evidence	46225	c22f3d2f12dba251	assets/图解网络-小林coding/15-tcp_tcpdump/img-014.png
attachments-evidence	attachment-evidence	57135	cf78e2f8bdc4e54d	assets/图解网络-小林coding/15-tcp_tcpdump/img-015.png
attachments-evidence	attachment-evidence	87945	f7a2738cf819f97e	assets/图解网络-小林coding/15-tcp_tcpdump/img-016.png
attachments-evidence	attachment-evidence	82253	49cac86d97f4e1d5	assets/图解网络-小林coding/15-tcp_tcpdump/img-017.png
attachments-evidence	attachment-evidence	230447	a9f936ae327d8768	assets/图解网络-小林coding/15-tcp_tcpdump/img-018.png
attachments-evidence	attachment-evidence	7961	b128781aa02bc74e	assets/图解网络-小林coding/15-tcp_tcpdump/img-019.png
attachments-evidence	attachment-evidence	58172	d44377dacb4373b0	assets/图解网络-小林coding/15-tcp_tcpdump/img-020.png
attachments-evidence	attachment-evidence	65281	0c5575af95ff93ee	assets/图解网络-小林coding/15-tcp_tcpdump/img-021.png
attachments-evidence	attachment-evidence	80064	a6c58b1d6fbc25c7	assets/图解网络-小林coding/15-tcp_tcpdump/img-022.png
attachments-evidence	attachment-evidence	10476	abc6a4848640d716	assets/图解网络-小林coding/15-tcp_tcpdump/img-023.png
attachments-evidence	attachment-evidence	8180	12a77853beb35efb	assets/图解网络-小林coding/15-tcp_tcpdump/img-024.png
attachments-evidence	attachment-evidence	81738	06a113e845028496	assets/图解网络-小林coding/15-tcp_tcpdump/img-025.png
attachments-evidence	attachment-evidence	45370	4cd05a3a72f7631c	assets/图解网络-小林coding/15-tcp_tcpdump/img-026.png
attachments-evidence	attachment-evidence	80410	afe03af143147182	assets/图解网络-小林coding/15-tcp_tcpdump/img-027.png
attachments-evidence	attachment-evidence	107219	42ebd9a6f5b5b72e	assets/图解网络-小林coding/15-tcp_tcpdump/img-028.png
attachments-evidence	attachment-evidence	55257	aa00806f1b42351e	assets/图解网络-小林coding/15-tcp_tcpdump/img-029.png
attachments-evidence	attachment-evidence	40550	8f1f1aa1fda15213	assets/图解网络-小林coding/15-tcp_tcpdump/img-030.png
attachments-evidence	attachment-evidence	53297	088aa481ffcddd78	assets/图解网络-小林coding/15-tcp_tcpdump/img-031.png
attachments-evidence	attachment-evidence	58347	e146194e6fcd97c7	assets/图解网络-小林coding/15-tcp_tcpdump/img-032.png
attachments-evidence	attachment-evidence	65798	2a49b7b5438ea5cb	assets/图解网络-小林coding/15-tcp_tcpdump/img-033.png
attachments-evidence	attachment-evidence	62857	9e5dff9920cab80f	assets/图解网络-小林coding/15-tcp_tcpdump/img-034.png
attachments-evidence	attachment-evidence	67374	058c5c338d3d5d70	assets/图解网络-小林coding/15-tcp_tcpdump/img-035.png
attachments-evidence	attachment-evidence	64232	76681c1edae14029	assets/图解网络-小林coding/15-tcp_tcpdump/img-036.png
attachments-evidence	attachment-evidence	67374	051da969cb053969	assets/图解网络-小林coding/15-tcp_tcpdump/img-037.png
attachments-evidence	attachment-evidence	75843	1ca431a109bcb835	assets/图解网络-小林coding/15-tcp_tcpdump/img-038.png
attachments-evidence	attachment-evidence	81143	422b9ef6f7b92852	assets/图解网络-小林coding/15-tcp_tcpdump/img-039.png
attachments-evidence	attachment-evidence	194324	cd4bbd4f3d95bd80	assets/图解网络-小林coding/15-tcp_tcpdump/img-040.png
attachments-evidence	attachment-evidence	23153	9c547fb77a45e516	assets/图解网络-小林coding/15-tcp_tcpdump/img-041.png
attachments-evidence	attachment-evidence	79836	38cec24ccfcf748d	assets/图解网络-小林coding/15-tcp_tcpdump/img-042.png
attachments-evidence	attachment-evidence	83825	aba9d41d84682073	assets/图解网络-小林coding/15-tcp_tcpdump/img-043.png
attachments-evidence	attachment-evidence	129693	c151ed63b6a8109f	assets/图解网络-小林coding/15-tcp_tcpdump/img-044.png
attachments-evidence	attachment-evidence	61426	7e39a7f8d639cc0d	assets/图解网络-小林coding/15-tcp_tcpdump/img-045.png
attachments-evidence	attachment-evidence	78514	d1e938fd37718f35	assets/图解网络-小林coding/15-tcp_tcpdump/img-046.png
attachments-evidence	attachment-evidence	94260	0e9d37f77f3f5553	assets/图解网络-小林coding/15-tcp_tcpdump/img-047.png
attachments-evidence	attachment-evidence	106699	3d59060f1047d349	assets/图解网络-小林coding/15-tcp_tcpdump/img-048.png
attachments-evidence	attachment-evidence	5641	68cd97612fad731f	assets/图解网络-小林coding/15-tcp_tcpdump/img-049.png
attachments-evidence	attachment-evidence	16101	968f653e0d99040b	assets/图解网络-小林coding/15-tcp_tcpdump/img-050.png
attachments-evidence	attachment-evidence	58631	42186045c412aa6d	assets/图解网络-小林coding/15-tcp_tcpdump/img-051.png
attachments-evidence	attachment-evidence	53536	7fb5e380ae2a3952	assets/图解网络-小林coding/15-tcp_tcpdump/img-052.png
attachments-evidence	attachment-evidence	57184	85973e7d49dce00e	assets/图解网络-小林coding/15-tcp_tcpdump/img-053.png
attachments-evidence	attachment-evidence	54754	ae48138fbd62b4bd	assets/图解网络-小林coding/15-tcp_tcpdump/img-054.png
attachments-evidence	attachment-evidence	141227	309f09a5e7548b92	assets/图解网络-小林coding/15-tcp_tcpdump/img-055.png
attachments-evidence	attachment-evidence	62839	1b9c11cf7b696934	assets/图解网络-小林coding/15-tcp_tcpdump/img-056.png
attachments-evidence	attachment-evidence	48759	d5674c0c28291b3b	assets/图解网络-小林coding/15-tcp_tcpdump/img-057.png
attachments-evidence	attachment-evidence	56772	41045ef40d3f414e	assets/图解网络-小林coding/15-tcp_tcpdump/img-058.png
attachments-evidence	attachment-evidence	41385	ae412e75283de1a7	assets/图解网络-小林coding/15-tcp_tcpdump/img-059.png
attachments-evidence	attachment-evidence	197034	8b649e6f8b22bec1	assets/图解网络-小林coding/16-tcp_queue/img-001.png
attachments-evidence	attachment-evidence	87234	76dd635818609a31	assets/图解网络-小林coding/16-tcp_queue/img-002.png
attachments-evidence	attachment-evidence	378037	f1d75be353d24bbb	assets/图解网络-小林coding/16-tcp_queue/img-003.png
attachments-evidence	attachment-evidence	120458	076303b2109f4713	assets/图解网络-小林coding/16-tcp_queue/img-004.png
attachments-evidence	attachment-evidence	97835	22b063572ae95e7d	assets/图解网络-小林coding/16-tcp_queue/img-005.png
attachments-evidence	attachment-evidence	17126	ee52b9ac5a8e3414	assets/图解网络-小林coding/16-tcp_queue/img-006.png
attachments-evidence	attachment-evidence	180746	2c4bd5c8bbdc396a	assets/图解网络-小林coding/16-tcp_queue/img-007.png
attachments-evidence	attachment-evidence	171863	ac8406d406843beb	assets/图解网络-小林coding/16-tcp_queue/img-008.png
attachments-evidence	attachment-evidence	175506	e3984c6660acbbe9	assets/图解网络-小林coding/16-tcp_queue/img-009.png
attachments-evidence	attachment-evidence	39994	45a5d45117b983e5	assets/图解网络-小林coding/16-tcp_queue/img-010.png
attachments-evidence	attachment-evidence	51527	777a81d66ba0cbf4	assets/图解网络-小林coding/16-tcp_queue/img-011.png
attachments-evidence	attachment-evidence	216710	0a25e536fb3bad53	assets/图解网络-小林coding/16-tcp_queue/img-012.png
attachments-evidence	attachment-evidence	132266	aabcf33ccbb8d0d0	assets/图解网络-小林coding/16-tcp_queue/img-013.png
attachments-evidence	attachment-evidence	61678	3350581bedd9cc75	assets/图解网络-小林coding/16-tcp_queue/img-014.png
attachments-evidence	attachment-evidence	80938	7222cc9fa81dc354	assets/图解网络-小林coding/16-tcp_queue/img-015.png
attachments-evidence	attachment-evidence	133915	64546d96a011817d	assets/图解网络-小林coding/16-tcp_queue/img-016.png
attachments-evidence	attachment-evidence	180746	7cce5cb3d8f74ac3	assets/图解网络-小林coding/16-tcp_queue/img-017.png
attachments-evidence	attachment-evidence	189699	8b17663c69f0e463	assets/图解网络-小林coding/16-tcp_queue/img-018.png
attachments-evidence	attachment-evidence	81958	756d3769685f03f9	assets/图解网络-小林coding/16-tcp_queue/img-019.png
attachments-evidence	attachment-evidence	84966	7f0ecc120569a82a	assets/图解网络-小林coding/16-tcp_queue/img-020.png
attachments-evidence	attachment-evidence	17758	4f7e69380eec6a04	assets/图解网络-小林coding/16-tcp_queue/img-021.png
attachments-evidence	attachment-evidence	209668	095e952ddf446bf1	assets/图解网络-小林coding/16-tcp_queue/img-022.png
attachments-evidence	attachment-evidence	97503	1cbba19a9934c624	assets/图解网络-小林coding/16-tcp_queue/img-023.png
attachments-evidence	attachment-evidence	93883	09ed9acd02deebb4	assets/图解网络-小林coding/16-tcp_queue/img-024.png
attachments-evidence	attachment-evidence	58331	6e1545cb91b69013	assets/图解网络-小林coding/16-tcp_queue/img-025.png
attachments-evidence	attachment-evidence	625111	f1a57177f24361ab	assets/图解网络-小林coding/16-tcp_queue/img-026.png
attachments-evidence	attachment-evidence	79969	62336492a07ebb4e	assets/图解网络-小林coding/16-tcp_queue/img-027.png
attachments-evidence	attachment-evidence	623646	4ff9d743ff5b7e22	assets/图解网络-小林coding/16-tcp_queue/img-028.png
attachments-evidence	attachment-evidence	736401	83e6f8546cf9aec1	assets/图解网络-小林coding/16-tcp_queue/img-029.png
attachments-evidence	attachment-evidence	203692	581a5223450db273	assets/图解网络-小林coding/16-tcp_queue/img-030.png
attachments-evidence	attachment-evidence	42930	d5c0f1b8b4d0e0a2	assets/图解网络-小林coding/16-tcp_queue/img-031.png
attachments-evidence	attachment-evidence	134146	75edeba25530d9d3	assets/图解网络-小林coding/16-tcp_queue/img-032.png
attachments-evidence	attachment-evidence	32237	653943c35c1e4714	assets/图解网络-小林coding/16-tcp_queue/img-033.png
attachments-evidence	attachment-evidence	50691	94622a74312c92d8	assets/图解网络-小林coding/16-tcp_queue/img-034.png
attachments-evidence	attachment-evidence	59151	956e8ad25563cb01	assets/图解网络-小林coding/16-tcp_queue/img-035.png
attachments-evidence	attachment-evidence	84828	83858659afbc7f73	assets/图解网络-小林coding/16-tcp_queue/img-036.png
attachments-evidence	attachment-evidence	1155734	e8e5e46dea94c731	assets/图解网络-小林coding/16-tcp_queue/img-037.png
attachments-evidence	attachment-evidence	51834	ca37f6f559b3ce7d	assets/图解网络-小林coding/16-tcp_queue/img-038.png
attachments-evidence	attachment-evidence	64464	88d1e5fa4c39fb13	assets/图解网络-小林coding/16-tcp_queue/img-039.png
attachments-evidence	attachment-evidence	103005	91f079dfa23b825d	assets/图解网络-小林coding/16-tcp_queue/img-040.png
attachments-evidence	attachment-evidence	80529	ff4884415af3f879	assets/图解网络-小林coding/16-tcp_queue/img-041.png
attachments-evidence	attachment-evidence	64464	99c0de27e49e9d53	assets/图解网络-小林coding/16-tcp_queue/img-042.png
attachments-evidence	attachment-evidence	62752	0ddc7ce049fc6397	assets/图解网络-小林coding/16-tcp_queue/img-043.png
attachments-evidence	attachment-evidence	15504	3818da2eea6695ce	assets/图解网络-小林coding/17-tcp_optimize/img-001.png
attachments-evidence	attachment-evidence	182199	d607a3e888df0dbc	assets/图解网络-小林coding/17-tcp_optimize/img-002.png
attachments-evidence	attachment-evidence	41980	c247461bfbefdae2	assets/图解网络-小林coding/17-tcp_optimize/img-003.png
attachments-evidence	attachment-evidence	72092	da012d89a6963948	assets/图解网络-小林coding/17-tcp_optimize/img-004.png
attachments-evidence	attachment-evidence	82355	6cc3c83c16cb9ada	assets/图解网络-小林coding/17-tcp_optimize/img-005.png
attachments-evidence	attachment-evidence	35118	e0356f6d2ab9d182	assets/图解网络-小林coding/17-tcp_optimize/img-006.png
attachments-evidence	attachment-evidence	81738	611500d0c30fc67e	assets/图解网络-小林coding/17-tcp_optimize/img-007.png
attachments-evidence	attachment-evidence	87234	c0e59884102be4c5	assets/图解网络-小林coding/17-tcp_optimize/img-008.png
attachments-evidence	attachment-evidence	47730	dff0995d731b5bc7	assets/图解网络-小林coding/17-tcp_optimize/img-009.png
attachments-evidence	attachment-evidence	49589	f41bff52ab58ad48	assets/图解网络-小林coding/17-tcp_optimize/img-010.png
attachments-evidence	attachment-evidence	35328	418c30d033c53379	assets/图解网络-小林coding/17-tcp_optimize/img-011.png
attachments-evidence	attachment-evidence	51834	509c271a4260cf47	assets/图解网络-小林coding/17-tcp_optimize/img-012.png
attachments-evidence	attachment-evidence	30410	c072cd185ef52d73	assets/图解网络-小林coding/17-tcp_optimize/img-013.png
attachments-evidence	attachment-evidence	37756	156a83eb3ab717df	assets/图解网络-小林coding/17-tcp_optimize/img-014.png
attachments-evidence	attachment-evidence	39994	9ae081e5d6f90422	assets/图解网络-小林coding/17-tcp_optimize/img-015.png
attachments-evidence	attachment-evidence	35179	75b7e51c2b919097	assets/图解网络-小林coding/17-tcp_optimize/img-016.png
attachments-evidence	attachment-evidence	148239	a84d524ce4384ebb	assets/图解网络-小林coding/17-tcp_optimize/img-017.png
attachments-evidence	attachment-evidence	55830	cee8087ccbfbb756	assets/图解网络-小林coding/17-tcp_optimize/img-018.png
attachments-evidence	attachment-evidence	81645	927998f262bbc092	assets/图解网络-小林coding/17-tcp_optimize/img-019.png
attachments-evidence	attachment-evidence	38641	be0987d1917e5f2c	assets/图解网络-小林coding/17-tcp_optimize/img-020.png
attachments-evidence	attachment-evidence	76578	21a6de0905b37fad	assets/图解网络-小林coding/17-tcp_optimize/img-021.png
attachments-evidence	attachment-evidence	199747	0cafe8fe613d2ac3	assets/图解网络-小林coding/17-tcp_optimize/img-022.png
attachments-evidence	attachment-evidence	34158	6d96511adc352095	assets/图解网络-小林coding/17-tcp_optimize/img-023.png
attachments-evidence	attachment-evidence	108347	831abefca4d5c36d	assets/图解网络-小林coding/17-tcp_optimize/img-024.png
attachments-evidence	attachment-evidence	86923	17b705a396fb0869	assets/图解网络-小林coding/17-tcp_optimize/img-025.png
attachments-evidence	attachment-evidence	13178	e3115ba0caac2fbf	assets/图解网络-小林coding/17-tcp_optimize/img-026.png
attachments-evidence	attachment-evidence	34668	36eb7c8e1516e22b	assets/图解网络-小林coding/17-tcp_optimize/img-027.png
attachments-evidence	attachment-evidence	123238	5edc1d4a3f3e1afd	assets/图解网络-小林coding/17-tcp_optimize/img-028.png
attachments-evidence	attachment-evidence	29008	fc627a0481541ca3	assets/图解网络-小林coding/17-tcp_optimize/img-029.png
attachments-evidence	attachment-evidence	34842	6e05cdd1d806740b	assets/图解网络-小林coding/17-tcp_optimize/img-030.png
attachments-evidence	attachment-evidence	519687	933cced7e0432711	assets/图解网络-小林coding/17-tcp_optimize/img-031.png
attachments-evidence	attachment-evidence	340248	aed1cc89e909b27c	assets/图解网络-小林coding/17-tcp_optimize/img-032.png
attachments-evidence	attachment-evidence	64135	5d1353ce24024029	assets/图解网络-小林coding/17-tcp_optimize/img-033.png
attachments-evidence	attachment-evidence	28976	87bd898c04529961	assets/图解网络-小林coding/17-tcp_optimize/img-034.png
attachments-evidence	attachment-evidence	23742	26861523102de121	assets/图解网络-小林coding/17-tcp_optimize/img-035.png
attachments-evidence	attachment-evidence	26793	908b1df172ddb24c	assets/图解网络-小林coding/17-tcp_optimize/img-036.png
attachments-evidence	attachment-evidence	204790	e6aacaaa399be624	assets/图解网络-小林coding/17-tcp_optimize/img-037.png
attachments-evidence	attachment-evidence	26432	a7123954d96a069e	assets/图解网络-小林coding/17-tcp_optimize/img-038.png
attachments-evidence	attachment-evidence	42527	ebb93ed2cf905505	assets/图解网络-小林coding/17-tcp_optimize/img-039.png
attachments-evidence	attachment-evidence	82047	7ccf7ea00a4c49a5	assets/图解网络-小林coding/17-tcp_optimize/img-040.png
attachments-evidence	attachment-evidence	131582	f9cbb647fa071af4	assets/图解网络-小林coding/17-tcp_optimize/img-041.png
attachments-evidence	attachment-evidence	52128	cd79549bf252ed01	assets/图解网络-小林coding/17-tcp_optimize/img-042.png
attachments-evidence	attachment-evidence	78399	c7ad74517fd1be67	assets/图解网络-小林coding/17-tcp_optimize/img-043.png
attachments-evidence	attachment-evidence	80716	d77cc76c049969a6	assets/图解网络-小林coding/17-tcp_optimize/img-044.png
attachments-evidence	attachment-evidence	201996	a1d0d8f7bbcf4162	assets/图解网络-小林coding/17-tcp_optimize/img-045.png
attachments-evidence	attachment-evidence	28677	32a01d516c938445	assets/图解网络-小林coding/17-tcp_optimize/img-046.png
attachments-evidence	attachment-evidence	5501	1b743f11ac98494d	assets/图解网络-小林coding/17-tcp_optimize/img-047.png
attachments-evidence	attachment-evidence	32385	0ec542feb32cf982	assets/图解网络-小林coding/17-tcp_optimize/img-048.png
attachments-evidence	attachment-evidence	33050	b76dd0a0fd13f75c	assets/图解网络-小林coding/17-tcp_optimize/img-049.png
attachments-evidence	attachment-evidence	29840	b65e23c3bae36946	assets/图解网络-小林coding/17-tcp_optimize/img-050.png
attachments-evidence	attachment-evidence	27698	07cb52f87444d267	assets/图解网络-小林coding/17-tcp_optimize/img-051.png
attachments-evidence	attachment-evidence	93002	f258d1b40cbaf410	assets/图解网络-小林coding/17-tcp_optimize/img-052.png
attachments-evidence	attachment-evidence	35205	78fa818ad17ce236	assets/图解网络-小林coding/18-tcp_stream/img-001.png
attachments-evidence	attachment-evidence	9151	cb8fd2caa3b391b7	assets/图解网络-小林coding/18-tcp_stream/img-002.png
attachments-evidence	attachment-evidence	10396	4d4a5f71bb533cfa	assets/图解网络-小林coding/18-tcp_stream/img-003.png
attachments-evidence	attachment-evidence	10418	a5c3f5f0efbf4ffa	assets/图解网络-小林coding/18-tcp_stream/img-004.png
attachments-evidence	attachment-evidence	43511	d810daa3aedac274	assets/图解网络-小林coding/18-tcp_stream/img-005.png
attachments-evidence	attachment-evidence	179976	46752dd63c078760	assets/图解网络-小林coding/19-isn_deff/img-001.png
attachments-evidence	attachment-evidence	1009712	cf5f08de71072f91	assets/图解网络-小林coding/19-isn_deff/img-002.png
attachments-evidence	attachment-evidence	718325	e418ebe980aa27de	assets/图解网络-小林coding/19-isn_deff/img-003.png
attachments-evidence	attachment-evidence	49797	75c637fa2cea92ce	assets/图解网络-小林coding/19-isn_deff/img-004.png
attachments-evidence	attachment-evidence	35989	839861d4f8b580fa	assets/图解网络-小林coding/20-syn_drop/img-001.jpg
attachments-evidence	attachment-evidence	74544	a57718162de60695	assets/图解网络-小林coding/20-syn_drop/img-002.png
attachments-evidence	attachment-evidence	114218	eb7110c36dafe7ad	assets/图解网络-小林coding/20-syn_drop/img-003.png
attachments-evidence	attachment-evidence	125334	4d7270e7a7a961db	assets/图解网络-小林coding/20-syn_drop/img-004.png
attachments-evidence	attachment-evidence	51834	2a4e3367e0e131e2	assets/图解网络-小林coding/20-syn_drop/img-005.png
attachments-evidence	attachment-evidence	47603	e5f63c773d3d13ed	assets/图解网络-小林coding/20-syn_drop/img-006.png
attachments-evidence	attachment-evidence	67358	0ac0baecf884c802	assets/图解网络-小林coding/20-syn_drop/img-007.png
attachments-evidence	attachment-evidence	65253	a88a07ec419d1545	assets/图解网络-小林coding/20-syn_drop/img-008.png
attachments-evidence	attachment-evidence	47603	8e0c66a9c855e0d9	assets/图解网络-小林coding/20-syn_drop/img-009.png
attachments-evidence	attachment-evidence	42669	18a774a72a8b5d65	assets/图解网络-小林coding/20-syn_drop/img-010.png
attachments-evidence	attachment-evidence	39994	b25c8ee0aeae207e	assets/图解网络-小林coding/20-syn_drop/img-011.png
attachments-evidence	attachment-evidence	54181	1482515b1c285059	assets/图解网络-小林coding/20-syn_drop/img-012.png
attachments-evidence	attachment-evidence	25585	41d5800976cce34b	assets/图解网络-小林coding/21-challenge_ack/img-001.jpg
attachments-evidence	attachment-evidence	325516	5c1230fc8bca2a9e	assets/图解网络-小林coding/21-challenge_ack/img-002.png
attachments-evidence	attachment-evidence	2007	2faada0900be18ef	assets/图解网络-小林coding/21-challenge_ack/img-003.png
attachments-evidence	attachment-evidence	143963	f25840d4f5254470	assets/图解网络-小林coding/21-challenge_ack/img-004.png
attachments-evidence	attachment-evidence	144501	7f8780c2523aeaa0	assets/图解网络-小林coding/21-challenge_ack/img-005.png
attachments-evidence	attachment-evidence	65477	6b52ccb147cc49ff	assets/图解网络-小林coding/21-challenge_ack/img-006.png
attachments-evidence	attachment-evidence	4658	f4de0e5cb78058ad	assets/图解网络-小林coding/21-challenge_ack/img-007.png
attachments-evidence	attachment-evidence	25291	ebbe13dbbfdbc7f6	assets/图解网络-小林coding/21-challenge_ack/img-008.png
attachments-evidence	attachment-evidence	48129	c0490f809a7a26e2	assets/图解网络-小林coding/21-challenge_ack/img-009.png
attachments-evidence	attachment-evidence	72207	5521d20c2149f89a	assets/图解网络-小林coding/21-challenge_ack/img-010.png
attachments-evidence	attachment-evidence	59214	5b5cb797371475e6	assets/图解网络-小林coding/21-challenge_ack/img-011.png
attachments-evidence	attachment-evidence	72207	5521d20c2149f89a	assets/图解网络-小林coding/21-challenge_ack/img-012.png
attachments-evidence	attachment-evidence	112764	8c36253024787ccb	assets/图解网络-小林coding/21-challenge_ack/img-013.png
attachments-evidence	attachment-evidence	62915	7b9ace02a4a4da78	assets/图解网络-小林coding/21-challenge_ack/img-014.png
attachments-evidence	attachment-evidence	112764	8c36253024787ccb	assets/图解网络-小林coding/21-challenge_ack/img-015.png
attachments-evidence	attachment-evidence	79953	74c3b3075c748b2a	assets/图解网络-小林coding/21-challenge_ack/img-016.png
attachments-evidence	attachment-evidence	86868	c05217c41f66ac70	assets/图解网络-小林coding/22-out_of_order_fin/img-001.jpg
attachments-evidence	attachment-evidence	152486	60a47a2c1dbe7a18	assets/图解网络-小林coding/22-out_of_order_fin/img-002.png
attachments-evidence	attachment-evidence	191013	c0e02aa76d45b50b	assets/图解网络-小林coding/22-out_of_order_fin/img-003.png
attachments-evidence	attachment-evidence	150487	43c64fa8d33602d6	assets/图解网络-小林coding/22-out_of_order_fin/img-004.jpg
attachments-evidence	attachment-evidence	38946	973fde0b4297aab5	assets/图解网络-小林coding/22-out_of_order_fin/img-005.jpg
attachments-evidence	attachment-evidence	93278	dd81be3eb3694870	assets/图解网络-小林coding/22-out_of_order_fin/img-006.jpg
attachments-evidence	attachment-evidence	135391	2b16bc2d90e21912	assets/图解网络-小林coding/22-out_of_order_fin/img-007.jpg
attachments-evidence	attachment-evidence	293169	b05c1c817683d239	assets/图解网络-小林coding/22-out_of_order_fin/img-008.jpg
attachments-evidence	attachment-evidence	167868	278b19c4519398d1	assets/图解网络-小林coding/22-out_of_order_fin/img-009.jpg
attachments-evidence	attachment-evidence	221018	c0eab10892941442	assets/图解网络-小林coding/22-out_of_order_fin/img-010.png
attachments-evidence	attachment-evidence	46212	f2e2795828d68ae8	assets/图解网络-小林coding/23-time_wait_recv_syn/img-001.jpg
attachments-evidence	attachment-evidence	127595	d5a657038e640725	assets/图解网络-小林coding/23-time_wait_recv_syn/img-002.png
attachments-evidence	attachment-evidence	543791	8d90dc9d86e46c3c	assets/图解网络-小林coding/23-time_wait_recv_syn/img-003.png
attachments-evidence	attachment-evidence	249895	f03cea6d71b5ca2e	assets/图解网络-小林coding/23-time_wait_recv_syn/img-004.png
attachments-evidence	attachment-evidence	257388	1e3ec267e71a2646	assets/图解网络-小林coding/24-tcp_down_and_crash/img-001.png
attachments-evidence	attachment-evidence	184362	7c275a4e8fd71ded	assets/图解网络-小林coding/24-tcp_down_and_crash/img-002.png
attachments-evidence	attachment-evidence	842229	49caead4ebe890bb	assets/图解网络-小林coding/24-tcp_down_and_crash/img-003.png
attachments-evidence	attachment-evidence	115928	5a68e2b229b3539d	assets/图解网络-小林coding/24-tcp_down_and_crash/img-004.png
attachments-evidence	attachment-evidence	113995	6a143d7c4ba25250	assets/图解网络-小林coding/24-tcp_down_and_crash/img-005.png
attachments-evidence	attachment-evidence	165982	b767bec1d5b7af7f	assets/图解网络-小林coding/24-tcp_down_and_crash/img-006.png
attachments-evidence	attachment-evidence	2624	df8f34c8b8f2454f	assets/图解网络-小林coding/24-tcp_down_and_crash/img-007.png
attachments-evidence	attachment-evidence	235606	98c8f1e0024bac49	assets/图解网络-小林coding/24-tcp_down_and_crash/img-008.png
attachments-evidence	attachment-evidence	211077	47ba6ae1fb9d4ee1	assets/图解网络-小林coding/25-tcp_unplug_the_network_cable/img-001.png
attachments-evidence	attachment-evidence	2624	56fb59354e083802	assets/图解网络-小林coding/25-tcp_unplug_the_network_cable/img-002.png
attachments-evidence	attachment-evidence	230671	2efaee0d76a67c75	assets/图解网络-小林coding/25-tcp_unplug_the_network_cable/img-003.png
attachments-evidence	attachment-evidence	23153	25c6edefb0d59757	assets/图解网络-小林coding/25-tcp_unplug_the_network_cable/img-004.png
attachments-evidence	attachment-evidence	67638	8ea768cf9bedaf57	assets/图解网络-小林coding/25-tcp_unplug_the_network_cable/img-005.png
attachments-evidence	attachment-evidence	65311	730920fe8bb867ee	assets/图解网络-小林coding/26-tcp_tw_reuse_close/img-001.png
attachments-evidence	attachment-evidence	71290	941522776f2e29cd	assets/图解网络-小林coding/26-tcp_tw_reuse_close/img-002.png
attachments-evidence	attachment-evidence	74544	a242c6c07b7f51ca	assets/图解网络-小林coding/26-tcp_tw_reuse_close/img-003.png
attachments-evidence	attachment-evidence	718325	75b7b117e09f10af	assets/图解网络-小林coding/26-tcp_tw_reuse_close/img-004.png
attachments-evidence	attachment-evidence	519687	306314a180d9f2b7	assets/图解网络-小林coding/26-tcp_tw_reuse_close/img-005.png
attachments-evidence	attachment-evidence	340248	a0d4decad1f42738	assets/图解网络-小林coding/26-tcp_tw_reuse_close/img-006.png
attachments-evidence	attachment-evidence	64135	5d1353ce24024029	assets/图解网络-小林coding/26-tcp_tw_reuse_close/img-007.png
attachments-evidence	attachment-evidence	49797	b5f0f5ca106dd6a6	assets/图解网络-小林coding/26-tcp_tw_reuse_close/img-008.png
attachments-evidence	attachment-evidence	512887	9141a1ccd9703109	assets/图解网络-小林coding/26-tcp_tw_reuse_close/img-009.png
attachments-evidence	attachment-evidence	462153	5a8e63c5d22ec968	assets/图解网络-小林coding/26-tcp_tw_reuse_close/img-010.png
attachments-evidence	attachment-evidence	114865	df6a9073872c53ab	assets/图解网络-小林coding/26-tcp_tw_reuse_close/img-011.png
attachments-evidence	attachment-evidence	107183	044af2b060cd51c5	assets/图解网络-小林coding/27-tcp_tls/img-001.jpg
attachments-evidence	attachment-evidence	257711	4f8b451ef952ed1c	assets/图解网络-小林coding/27-tcp_tls/img-002.png
attachments-evidence	attachment-evidence	43797	4c1579c5efa9a5f1	assets/图解网络-小林coding/27-tcp_tls/img-003.jpg
attachments-evidence	attachment-evidence	34973	f572a30b4cccacba	assets/图解网络-小林coding/27-tcp_tls/img-004.png
attachments-evidence	attachment-evidence	37316	35df238f57250532	assets/图解网络-小林coding/27-tcp_tls/img-005.png
attachments-evidence	attachment-evidence	42242	9cb022472b79707d	assets/图解网络-小林coding/27-tcp_tls/img-006.png
attachments-evidence	attachment-evidence	49376	6cf57baa04d5126f	assets/图解网络-小林coding/27-tcp_tls/img-007.png
attachments-evidence	attachment-evidence	61323	1347eb4cb9722ae8	assets/图解网络-小林coding/27-tcp_tls/img-008.png
attachments-evidence	attachment-evidence	34674	c932477517b0e498	assets/图解网络-小林coding/28-tcp_http_keepalive/img-001.jpg
attachments-evidence	attachment-evidence	26834	f38b46b81aa5e7d4	assets/图解网络-小林coding/28-tcp_http_keepalive/img-002.png
attachments-evidence	attachment-evidence	45169	7251a223e62adf15	assets/图解网络-小林coding/28-tcp_http_keepalive/img-003.png
attachments-evidence	attachment-evidence	67455	77a9b7489ccee686	assets/图解网络-小林coding/28-tcp_http_keepalive/img-004.png
attachments-evidence	attachment-evidence	56155	6c330a19fbc693ac	assets/图解网络-小林coding/28-tcp_http_keepalive/img-005.png
attachments-evidence	attachment-evidence	101265	d07c9cdb69676f9f	assets/图解网络-小林coding/28-tcp_http_keepalive/img-006.png
attachments-evidence	attachment-evidence	67638	5ed02e4857422d71	assets/图解网络-小林coding/28-tcp_http_keepalive/img-007.png
attachments-evidence	attachment-evidence	57921	153e2cf135c29cfd	assets/图解网络-小林coding/28-tcp_http_keepalive/img-008.png
attachments-evidence	attachment-evidence	33160	4a1eb61dd920aa17	assets/图解网络-小林coding/29-tcp_problem/img-001.gif
attachments-evidence	attachment-evidence	83825	aba9d41d84682073	assets/图解网络-小林coding/29-tcp_problem/img-002.png
attachments-evidence	attachment-evidence	189675	f3c65db8dc6d58a2	assets/图解网络-小林coding/29-tcp_problem/img-003.png
attachments-evidence	attachment-evidence	17723	580041eb4c934bb9	assets/图解网络-小林coding/29-tcp_problem/img-004.gif
attachments-evidence	attachment-evidence	38266	bb31151653c7d6d2	assets/图解网络-小林coding/29-tcp_problem/img-005.jpg
attachments-evidence	attachment-evidence	26420	782d7922c938ce85	assets/图解网络-小林coding/29-tcp_problem/img-006.png
attachments-evidence	attachment-evidence	1143785	d5f1d555205105a7	assets/图解网络-小林coding/29-tcp_problem/img-007.png
attachments-evidence	attachment-evidence	179616	6d46d26d78f526bd	assets/图解网络-小林coding/30-quic/img-001.png
attachments-evidence	attachment-evidence	51133	f078e2d9b2c9e549	assets/图解网络-小林coding/30-quic/img-002.png
attachments-evidence	attachment-evidence	27324	0a841b565b6647ce	assets/图解网络-小林coding/30-quic/img-003.png
attachments-evidence	attachment-evidence	81917	9320f242fea53a12	assets/图解网络-小林coding/30-quic/img-004.jpg
attachments-evidence	attachment-evidence	42778	af97935c15ed4bf9	assets/图解网络-小林coding/30-quic/img-005.jpg
attachments-evidence	attachment-evidence	38759	ee03d1776fe60262	assets/图解网络-小林coding/30-quic/img-006.jpg
attachments-evidence	attachment-evidence	89835	a8ab96491bf0ae1b	assets/图解网络-小林coding/30-quic/img-007.png
attachments-evidence	attachment-evidence	39653	b5c41ae8b6473273	assets/图解网络-小林coding/30-quic/img-008.png
attachments-evidence	attachment-evidence	29871	aeace982776073f5	assets/图解网络-小林coding/30-quic/img-009.jpg
attachments-evidence	attachment-evidence	28627	441a460bc1ec933a	assets/图解网络-小林coding/30-quic/img-010.jpg
attachments-evidence	attachment-evidence	94231	99a496ae46433066	assets/图解网络-小林coding/30-quic/img-011.jpg
attachments-evidence	attachment-evidence	155495	4df74681dc650eb4	assets/图解网络-小林coding/30-quic/img-012.png
attachments-evidence	attachment-evidence	38266	bb31151653c7d6d2	assets/图解网络-小林coding/30-quic/img-013.jpg
attachments-evidence	attachment-evidence	39522	fd9a3b86dfb567eb	assets/图解网络-小林coding/30-quic/img-014.jpg
attachments-evidence	attachment-evidence	5940	eeead85d0fca5cba	assets/图解网络-小林coding/30-quic/img-015.png
attachments-evidence	attachment-evidence	40810	755575b1f1e9b9ed	assets/图解网络-小林coding/30-quic/img-016.png
attachments-evidence	attachment-evidence	79507	62276bb668e8a929	assets/图解网络-小林coding/30-quic/img-017.png
attachments-evidence	attachment-evidence	199269	71699532b23bc6ce	assets/图解网络-小林coding/30-quic/img-018.png
attachments-evidence	attachment-evidence	197918	03b320cb6e8bbe91	assets/图解网络-小林coding/30-quic/img-019.png
attachments-evidence	attachment-evidence	193293	289a4c761165582b	assets/图解网络-小林coding/30-quic/img-020.png
attachments-evidence	attachment-evidence	185529	7a062337b5ab64c7	assets/图解网络-小林coding/30-quic/img-021.png
attachments-evidence	attachment-evidence	189422	25d75974853f1848	assets/图解网络-小林coding/30-quic/img-022.png
attachments-evidence	attachment-evidence	75996	0a372fafff6c7895	assets/图解网络-小林coding/30-quic/img-023.png
attachments-evidence	attachment-evidence	45582	dd77a5d4e9c111b0	assets/图解网络-小林coding/30-quic/img-024.png
attachments-evidence	attachment-evidence	26420	d4d5286e8b1c7511	assets/图解网络-小林coding/30-quic/img-025.png
attachments-evidence	attachment-evidence	55540	241196688ae77c3f	assets/图解网络-小林coding/31-port/img-001.png
attachments-evidence	attachment-evidence	62622	6666b5c662432b15	assets/图解网络-小林coding/31-port/img-002.png
attachments-evidence	attachment-evidence	58587	2d1b6499ba0b9959	assets/图解网络-小林coding/31-port/img-003.png
attachments-evidence	attachment-evidence	73155	9f7d0f070a9f8566	assets/图解网络-小林coding/31-port/img-004.jpg
attachments-evidence	attachment-evidence	320523	098dcc70c9427a44	assets/图解网络-小林coding/31-port/img-005.png
attachments-evidence	attachment-evidence	54464	312c814f960bb361	assets/图解网络-小林coding/31-port/img-006.png
attachments-evidence	attachment-evidence	34105	d212ff8a48d6ca7a	assets/图解网络-小林coding/31-port/img-007.png
attachments-evidence	attachment-evidence	35193	4c309ef049626828	assets/图解网络-小林coding/31-port/img-008.png
attachments-evidence	attachment-evidence	48344	4d5f7eb2e93b4ae5	assets/图解网络-小林coding/31-port/img-009.png
attachments-evidence	attachment-evidence	284804	17f6a850b449cb55	assets/图解网络-小林coding/31-port/img-010.png
attachments-evidence	attachment-evidence	34105	822fe9b86442e477	assets/图解网络-小林coding/31-port/img-011.png
attachments-evidence	attachment-evidence	104546	b141a354f613ffdd	assets/图解网络-小林coding/31-port/img-012.png
attachments-evidence	attachment-evidence	20244	68f4e33bdb50816e	assets/图解网络-小林coding/31-port/img-013.jpg
attachments-evidence	attachment-evidence	278235	e14c7e1f807d8883	assets/图解网络-小林coding/31-port/img-014.png
attachments-evidence	attachment-evidence	103791	e51f50b3a4036f7e	assets/图解网络-小林coding/32-tcp_no_listen/img-001.jpg
attachments-evidence	attachment-evidence	67053	3c2bd56381f8c558	assets/图解网络-小林coding/32-tcp_no_listen/img-002.png
attachments-evidence	attachment-evidence	49878	ad8fa6a5efdc3a66	assets/图解网络-小林coding/32-tcp_no_listen/img-003.png
attachments-evidence	attachment-evidence	130248	45b31e82ac32d89b	assets/图解网络-小林coding/32-tcp_no_listen/img-004.png
attachments-evidence	attachment-evidence	118775	fbcb2f010974636d	assets/图解网络-小林coding/32-tcp_no_listen/img-005.png
attachments-evidence	attachment-evidence	44302	f3fdd3754cd761c2	assets/图解网络-小林coding/32-tcp_no_listen/img-006.jpg
attachments-evidence	attachment-evidence	19510	5d90bbc47ed3da1a	assets/图解网络-小林coding/32-tcp_no_listen/img-007.png
attachments-evidence	attachment-evidence	37475	982b1f758328f282	assets/图解网络-小林coding/32-tcp_no_listen/img-008.png
attachments-evidence	attachment-evidence	343024	eea0948caf945429	assets/图解网络-小林coding/33-tcp_no_accpet/img-001.gif
attachments-evidence	attachment-evidence	77853	587f73a367ff77ae	assets/图解网络-小林coding/33-tcp_no_accpet/img-002.png
attachments-evidence	attachment-evidence	125642	56cfc13da8baee78	assets/图解网络-小林coding/33-tcp_no_accpet/img-003.png
attachments-evidence	attachment-evidence	60054	2e1083f5dc89b7d1	assets/图解网络-小林coding/33-tcp_no_accpet/img-004.png
attachments-evidence	attachment-evidence	113332	e738113b52d9ddb1	assets/图解网络-小林coding/33-tcp_no_accpet/img-005.png
attachments-evidence	attachment-evidence	74552	a4484bd1314680be	assets/图解网络-小林coding/33-tcp_no_accpet/img-006.png
attachments-evidence	attachment-evidence	180563	cbec9faad198c684	assets/图解网络-小林coding/33-tcp_no_accpet/img-007.png
attachments-evidence	attachment-evidence	133147	346158c397fe4ffa	assets/图解网络-小林coding/33-tcp_no_accpet/img-008.png
attachments-evidence	attachment-evidence	83111	f8232ae6d7ff2cef	assets/图解网络-小林coding/33-tcp_no_accpet/img-009.png
attachments-evidence	attachment-evidence	118760	7843afdcf1a42083	assets/图解网络-小林coding/33-tcp_no_accpet/img-010.png
attachments-evidence	attachment-evidence	72942	7cb7ba839e8e96b8	assets/图解网络-小林coding/33-tcp_no_accpet/img-011.png
attachments-evidence	attachment-evidence	533893	9636924f70b2e896	assets/图解网络-小林coding/33-tcp_no_accpet/img-012.gif
attachments-evidence	attachment-evidence	37261	bb66f4986c7ab6ac	assets/图解网络-小林coding/34-tcp_drop/img-001.png
attachments-evidence	attachment-evidence	27198	a9401e4f6e856513	assets/图解网络-小林coding/34-tcp_drop/img-002.png
attachments-evidence	attachment-evidence	146163	581c98ff8260f9f5	assets/图解网络-小林coding/34-tcp_drop/img-003.png
attachments-evidence	attachment-evidence	125642	56cfc13da8baee78	assets/图解网络-小林coding/34-tcp_drop/img-004.png
attachments-evidence	attachment-evidence	113332	701f22777b2851c5	assets/图解网络-小林coding/34-tcp_drop/img-005.png
attachments-evidence	attachment-evidence	73189	a86501b664741634	assets/图解网络-小林coding/34-tcp_drop/img-006.png
attachments-evidence	attachment-evidence	128658	99037394bc63e737	assets/图解网络-小林coding/34-tcp_drop/img-007.png
attachments-evidence	attachment-evidence	151522	f5f64b71feb2aec1	assets/图解网络-小林coding/34-tcp_drop/img-008.png
attachments-evidence	attachment-evidence	149568	cfa35379488ed468	assets/图解网络-小林coding/34-tcp_drop/img-009.png
attachments-evidence	attachment-evidence	294347	b483aae9a22e1c8e	assets/图解网络-小林coding/34-tcp_drop/img-010.gif
attachments-evidence	attachment-evidence	197984	c2501aaf4d4fc0b9	assets/图解网络-小林coding/34-tcp_drop/img-011.gif
attachments-evidence	attachment-evidence	176979	b04e954109aeb9d1	assets/图解网络-小林coding/34-tcp_drop/img-012.png
attachments-evidence	attachment-evidence	89514	7e84af42062c63f0	assets/图解网络-小林coding/34-tcp_drop/img-013.png
attachments-evidence	attachment-evidence	229033	e7ecf47d83dd185b	assets/图解网络-小林coding/34-tcp_drop/img-014.png
attachments-evidence	attachment-evidence	192791	582a0dcec4b81197	assets/图解网络-小林coding/34-tcp_drop/img-015.png
attachments-evidence	attachment-evidence	241390	7368e6c6d50259d0	assets/图解网络-小林coding/34-tcp_drop/img-016.png
attachments-evidence	attachment-evidence	42722	57b57ca3e60dc0a7	assets/图解网络-小林coding/34-tcp_drop/img-017.png
attachments-evidence	attachment-evidence	180032	c96bbfafd687d67d	assets/图解网络-小林coding/34-tcp_drop/img-018.png
attachments-evidence	attachment-evidence	44459	e8e985034ec904ed	assets/图解网络-小林coding/34-tcp_drop/img-019.png
attachments-evidence	attachment-evidence	85699	670ab53a6b423f80	assets/图解网络-小林coding/34-tcp_drop/img-020.png
attachments-evidence	attachment-evidence	37261	bf265fc27b5fab5e	assets/图解网络-小林coding/34-tcp_drop/img-021.png
attachments-evidence	attachment-evidence	150605	a039aeea45aeab18	assets/图解网络-小林coding/35-tcp_three_fin/img-001.png
attachments-evidence	attachment-evidence	15733	9bcd4dafa964f796	assets/图解网络-小林coding/35-tcp_three_fin/img-002.png
attachments-evidence	attachment-evidence	166076	a50e53a8eec204c0	assets/图解网络-小林coding/35-tcp_three_fin/img-003.png
attachments-evidence	attachment-evidence	130925	c58859b45ab9b8b3	assets/图解网络-小林coding/35-tcp_three_fin/img-004.png
attachments-evidence	attachment-evidence	84966	32790b926ba4bfd0	assets/图解网络-小林coding/35-tcp_three_fin/img-005.png
attachments-evidence	attachment-evidence	200612	c8a527ca5a51ce03	assets/图解网络-小林coding/35-tcp_three_fin/img-006.png
attachments-evidence	attachment-evidence	15733	e234c4ab6ae85a68	assets/图解网络-小林coding/35-tcp_three_fin/img-007.png
attachments-evidence	attachment-evidence	297071	6897548cbd1cf4d5	assets/图解网络-小林coding/35-tcp_three_fin/img-008.png
attachments-evidence	attachment-evidence	132168	602fc241d9cbe08b	assets/图解网络-小林coding/35-tcp_three_fin/img-009.png
attachments-evidence	attachment-evidence	79751	e2b4aa83a8a33b8c	assets/图解网络-小林coding/35-tcp_three_fin/img-010.png
attachments-evidence	attachment-evidence	14158	61c51c61dc2d7e71	assets/图解网络-小林coding/35-tcp_three_fin/img-011.png
attachments-evidence	attachment-evidence	11577	f63bcc409833d7ff	assets/图解网络-小林coding/35-tcp_three_fin/img-012.png
attachments-evidence	attachment-evidence	13292	afb56842cfa8b0fb	assets/图解网络-小林coding/35-tcp_three_fin/img-013.png
attachments-evidence	attachment-evidence	18196	abca2ea56d3cd874	assets/图解网络-小林coding/35-tcp_three_fin/img-014.png
attachments-evidence	attachment-evidence	219398	809b30271302545a	assets/图解网络-小林coding/35-tcp_three_fin/img-015.png
attachments-evidence	attachment-evidence	177753	e5b8c1e758ab40f1	assets/图解网络-小林coding/35-tcp_three_fin/img-016.png
attachments-evidence	attachment-evidence	243411	cd98e30d82e3e89a	assets/图解网络-小林coding/35-tcp_three_fin/img-017.png
attachments-evidence	attachment-evidence	93076	e79f7305a7aaf0ce	assets/图解网络-小林coding/36-tcp_seq_ack/img-001.png
attachments-evidence	attachment-evidence	318775	8b02502f9d0f04bc	assets/图解网络-小林coding/36-tcp_seq_ack/img-002.png
attachments-evidence	attachment-evidence	434737	58a60fdd8e855adc	assets/图解网络-小林coding/36-tcp_seq_ack/img-003.png
attachments-evidence	attachment-evidence	74622	d9e62a4d47b51806	assets/图解网络-小林coding/36-tcp_seq_ack/img-004.png
attachments-evidence	attachment-evidence	671617	11ed5457b74e1ded	assets/图解网络-小林coding/36-tcp_seq_ack/img-005.png
attachments-evidence	attachment-evidence	136581	47d4cda16dc294fd	assets/图解网络-小林coding/36-tcp_seq_ack/img-006.png
attachments-evidence	attachment-evidence	96074	e25fbab36b38e8e0	assets/图解网络-小林coding/37-ip_base/img-001.png
attachments-evidence	attachment-evidence	117185	b4d4953df7b9f4ce	assets/图解网络-小林coding/37-ip_base/img-002.png
attachments-evidence	attachment-evidence	71936	77d4c279c9201796	assets/图解网络-小林coding/37-ip_base/img-003.png
attachments-evidence	attachment-evidence	27816	325e42f1d5800632	assets/图解网络-小林coding/37-ip_base/img-004.png
attachments-evidence	attachment-evidence	11887	9d89fe407f1daae3	assets/图解网络-小林coding/37-ip_base/img-005.png
attachments-evidence	attachment-evidence	44445	866fa8c232706d75	assets/图解网络-小林coding/37-ip_base/img-006.png
attachments-evidence	attachment-evidence	79001	1aa1e42dcb493fa1	assets/图解网络-小林coding/37-ip_base/img-007.png
attachments-evidence	attachment-evidence	50499	85b7f40337daea25	assets/图解网络-小林coding/37-ip_base/img-008.png
attachments-evidence	attachment-evidence	7604	54cdc3c2849e31fe	assets/图解网络-小林coding/37-ip_base/img-009.png
attachments-evidence	attachment-evidence	51411	592db96390abf60d	assets/图解网络-小林coding/37-ip_base/img-010.png
attachments-evidence	attachment-evidence	156215	76c2ac0dc879ae1e	assets/图解网络-小林coding/37-ip_base/img-011.png
attachments-evidence	attachment-evidence	36877	1f70985a49b7967c	assets/图解网络-小林coding/37-ip_base/img-012.png
attachments-evidence	attachment-evidence	131218	5dabfbcefb032dec	assets/图解网络-小林coding/37-ip_base/img-013.png
attachments-evidence	attachment-evidence	76802	f573a19ea45fccf1	assets/图解网络-小林coding/37-ip_base/img-014.png
attachments-evidence	attachment-evidence	86655	d4a92d5a3a32793b	assets/图解网络-小林coding/37-ip_base/img-015.png
attachments-evidence	attachment-evidence	48087	cda8d9f31cdfeb1a	assets/图解网络-小林coding/37-ip_base/img-016.jpg
attachments-evidence	attachment-evidence	66981	56f6accb79adb970	assets/图解网络-小林coding/37-ip_base/img-017.png
attachments-evidence	attachment-evidence	32583	3fceded7722cc7d5	assets/图解网络-小林coding/37-ip_base/img-018.png
attachments-evidence	attachment-evidence	50136	9be05c97b18d5c09	assets/图解网络-小林coding/37-ip_base/img-019.png
attachments-evidence	attachment-evidence	285213	3c7f067cde095cfe	assets/图解网络-小林coding/37-ip_base/img-020.png
attachments-evidence	attachment-evidence	83739	54117aed86105a22	assets/图解网络-小林coding/37-ip_base/img-021.png
attachments-evidence	attachment-evidence	76427	3db02580f55af206	assets/图解网络-小林coding/37-ip_base/img-022.png
attachments-evidence	attachment-evidence	75834	4cc01ce5054d05f3	assets/图解网络-小林coding/37-ip_base/img-023.png
attachments-evidence	attachment-evidence	266259	674271246403c084	assets/图解网络-小林coding/37-ip_base/img-024.png
attachments-evidence	attachment-evidence	162589	38a6bd3290d5cbf4	assets/图解网络-小林coding/37-ip_base/img-025.png
attachments-evidence	attachment-evidence	57524	390e0c1cfbe22ea6	assets/图解网络-小林coding/37-ip_base/img-026.png
attachments-evidence	attachment-evidence	31359	1c6a91c2a7075af9	assets/图解网络-小林coding/37-ip_base/img-027.png
attachments-evidence	attachment-evidence	29727	c3109497579ff3bb	assets/图解网络-小林coding/37-ip_base/img-028.png
attachments-evidence	attachment-evidence	60444	71460af5815abbf1	assets/图解网络-小林coding/37-ip_base/img-029.png
attachments-evidence	attachment-evidence	81909	6f17734359635ae3	assets/图解网络-小林coding/37-ip_base/img-030.png
attachments-evidence	attachment-evidence	120240	624910f9f42eb446	assets/图解网络-小林coding/37-ip_base/img-031.png
attachments-evidence	attachment-evidence	27980	9318a78121c8da2e	assets/图解网络-小林coding/37-ip_base/img-032.png
attachments-evidence	attachment-evidence	302784	d68daf7b015291a1	assets/图解网络-小林coding/37-ip_base/img-033.png
attachments-evidence	attachment-evidence	79184	e1b4620daa2c2289	assets/图解网络-小林coding/37-ip_base/img-034.png
attachments-evidence	attachment-evidence	57370	5ece85d4765af640	assets/图解网络-小林coding/37-ip_base/img-035.png
attachments-evidence	attachment-evidence	162640	a12e63d6cf36e3f5	assets/图解网络-小林coding/37-ip_base/img-036.png
attachments-evidence	attachment-evidence	54766	0a2c1638d570f7a8	assets/图解网络-小林coding/37-ip_base/img-037.png
attachments-evidence	attachment-evidence	113028	70ca99341667c700	assets/图解网络-小林coding/37-ip_base/img-038.png
attachments-evidence	attachment-evidence	157507	75a7117c159778de	assets/图解网络-小林coding/37-ip_base/img-039.png
attachments-evidence	attachment-evidence	106383	41ff1507723fcca6	assets/图解网络-小林coding/37-ip_base/img-040.png
attachments-evidence	attachment-evidence	91682	9432ec784036342f	assets/图解网络-小林coding/37-ip_base/img-041.png
attachments-evidence	attachment-evidence	92566	c479465522f72901	assets/图解网络-小林coding/37-ip_base/img-042.png
attachments-evidence	attachment-evidence	76508	149016e96ef47428	assets/图解网络-小林coding/37-ip_base/img-043.png
attachments-evidence	attachment-evidence	86416	ff73895617c196a4	assets/图解网络-小林coding/37-ip_base/img-044.png
attachments-evidence	attachment-evidence	85379	e8ff5aedff7618ff	assets/图解网络-小林coding/37-ip_base/img-045.png
attachments-evidence	attachment-evidence	56230	992b3b381401edbc	assets/图解网络-小林coding/38-ping/img-001.jpg
attachments-evidence	attachment-evidence	104923	d142f8f0b54bdf7c	assets/图解网络-小林coding/38-ping/img-002.gif
attachments-evidence	attachment-evidence	106383	f86d28682efed507	assets/图解网络-小林coding/38-ping/img-003.png
attachments-evidence	attachment-evidence	216314	39dc4b20fdab934a	assets/图解网络-小林coding/38-ping/img-004.png
attachments-evidence	attachment-evidence	91682	ebe619f5917c6fb6	assets/图解网络-小林coding/38-ping/img-005.png
attachments-evidence	attachment-evidence	47478	9f4be279319dcba5	assets/图解网络-小林coding/38-ping/img-006.png
attachments-evidence	attachment-evidence	114519	b171a2bd2e61cedd	assets/图解网络-小林coding/38-ping/img-007.png
attachments-evidence	attachment-evidence	103231	cba48d1e9040f934	assets/图解网络-小林coding/38-ping/img-008.png
attachments-evidence	attachment-evidence	48291	70c0daf5b3eae06a	assets/图解网络-小林coding/38-ping/img-009.png
attachments-evidence	attachment-evidence	45352	306943a11d5eecaf	assets/图解网络-小林coding/38-ping/img-010.png
attachments-evidence	attachment-evidence	19661	4878ded13c865450	assets/图解网络-小林coding/38-ping/img-011.png
attachments-evidence	attachment-evidence	21052	e64c75980635a95a	assets/图解网络-小林coding/38-ping/img-012.png
attachments-evidence	attachment-evidence	47642	35a77cc1afad9a52	assets/图解网络-小林coding/38-ping/img-013.png
attachments-evidence	attachment-evidence	61851	3b7e29fe197c20f5	assets/图解网络-小林coding/38-ping/img-014.png
attachments-evidence	attachment-evidence	61007	427fdcb25b8f82ed	assets/图解网络-小林coding/38-ping/img-015.png
attachments-evidence	attachment-evidence	393894	9d4432d13ee1b811	assets/图解网络-小林coding/38-ping/img-016.png
attachments-evidence	attachment-evidence	239287	19e920b0190bfb95	assets/图解网络-小林coding/38-ping/img-017.png
attachments-evidence	attachment-evidence	1927092	f96bf78566b58edd	assets/图解网络-小林coding/39-ping_lo/img-001.gif
attachments-evidence	attachment-evidence	9843	f78e5cfee0216286	assets/图解网络-小林coding/39-ping_lo/img-002.jpg
attachments-evidence	attachment-evidence	23847	a5958334ea9f53d2	assets/图解网络-小林coding/39-ping_lo/img-003.png
attachments-evidence	attachment-evidence	31910	f988f718008d04b5	assets/图解网络-小林coding/39-ping_lo/img-004.png
attachments-evidence	attachment-evidence	47180	85524265f2d62ab3	assets/图解网络-小林coding/39-ping_lo/img-005.png
attachments-evidence	attachment-evidence	174171	24716d683d0bb24e	assets/图解网络-小林coding/39-ping_lo/img-006.png
attachments-evidence	attachment-evidence	154259	b96a0c502d40ebb4	assets/图解网络-小林coding/39-ping_lo/img-007.png
attachments-evidence	attachment-evidence	369541	e0e5dc062e5b042b	assets/图解网络-小林coding/39-ping_lo/img-008.png
attachments-evidence	attachment-evidence	362034	784d17fa7646cf1d	assets/图解网络-小林coding/39-ping_lo/img-009.png
attachments-evidence	attachment-evidence	378794	e877b7c80851c231	assets/图解网络-小林coding/39-ping_lo/img-010.png
attachments-evidence	attachment-evidence	85993	8dacf4abb76bc271	assets/图解网络-小林coding/39-ping_lo/img-011.png
attachments-evidence	attachment-evidence	86619	3c922defdba60458	assets/图解网络-小林coding/39-ping_lo/img-012.png
attachments-evidence	attachment-evidence	88249	6f92f4099b122d14	assets/图解网络-小林coding/39-ping_lo/img-013.png
attachments-evidence	attachment-evidence	89941	166e6bd9e55ecbf4	assets/图解网络-小林coding/39-ping_lo/img-014.png
attachments-evidence	attachment-evidence	301115	aeb1fd0abc3d3170	assets/糯叽叽八股/内存分布模型-地址空间示意图.png
attachments-evidence	attachment-evidence	20298	57c05fd2f4613f3d	assets/糯叽叽八股/总页-01-飞书表格原样截图-146.jpg
attachments-evidence	attachment-evidence	15350	ac5f64f4f4e11df8	assets/糯叽叽八股/总页-02-飞书表格原样截图-195.jpg
attachments-evidence	attachment-evidence	26482	a7f6a0de791af6f6	assets/糯叽叽八股/总页-03-飞书表格原样截图-216.jpg
attachments-evidence	attachment-evidence	21602	3f96f5cbacd884f4	assets/糯叽叽八股/总页-04-飞书表格原样截图-357.jpg
attachments-evidence	attachment-evidence	21266	a3788a4180232d5b	assets/糯叽叽八股/总页-05-飞书表格原样截图-469.jpg
attachments-evidence	attachment-evidence	29286	3bd6ab4a8e12ef35	assets/糯叽叽八股/总页-06-飞书表格原样截图-529.jpg
attachments-evidence	attachment-evidence	41860	7460652b9c91f214	assets/糯叽叽八股/总页-07-飞书表格原样截图-803.jpg
attachments-evidence	attachment-evidence	34281	1c5f034ff113dafe	assets/糯叽叽八股/总页-08-飞书表格原样截图-819.jpg
attachments-evidence	attachment-evidence	28398	3aff375f4fd2ae4e	assets/糯叽叽八股/总页-09-飞书表格原样截图-1040.jpg
attachments-evidence	attachment-evidence	34281	a968c1bf491d0aa6	assets/糯叽叽八股/总页-10-飞书表格原样截图-1232.jpg
attachments-evidence	attachment-evidence	12535	7c67acc03539784a	assets/糯叽叽八股/总页-11-飞书表格原样截图-1360.jpg
attachments-evidence	attachment-evidence	27597	a8b3b380a25f24d2	assets/糯叽叽八股/总页-12-飞书表格原样截图-1747.jpg
attachments-evidence	attachment-evidence	31725	829006ea0b642fbf	assets/糯叽叽八股/总页-13-飞书表格原样截图-1938.jpg
attachments-evidence	attachment-evidence	32361	07841e0269496dcd	assets/糯叽叽八股/总页-14-飞书表格原样截图-2060.jpg
attachments-evidence	attachment-evidence	8537	d2cb714896158ff6	assets/糯叽叽八股/总页-15-飞书表格原样截图-2066.jpg
attachments-evidence	attachment-evidence	8538	489d08c2c8db02fd	assets/糯叽叽八股/总页-16-飞书表格原样截图-2081.jpg
attachments-evidence	attachment-evidence	6623	f4aec2006f481b1f	assets/糯叽叽八股/总页-17-飞书表格原样截图-2098.jpg
attachments-evidence	attachment-evidence	4148	6b20a3f9b377b7b1	assets/糯叽叽八股/总页-18-飞书表格原样截图-2115.jpg
attachments-evidence	attachment-evidence	14087	ec2e935317a41609	assets/糯叽叽八股/总页-19-飞书表格原样截图-2164.jpg
attachments-evidence	attachment-evidence	26557	5850235088d70daf	assets/糯叽叽八股/总页-20-飞书表格原样截图-2181.jpg
attachments-evidence	attachment-evidence	9910	c3ade634fe50bf3f	assets/糯叽叽八股/总页-21-飞书表格原样截图-2209.jpg
attachments-evidence	attachment-evidence	4751	ffa5f41046e3cd18	assets/糯叽叽八股/总页-22-飞书表格原样截图-2216.jpg
attachments-evidence	attachment-evidence	19504	1b6168f2f633fd19	assets/糯叽叽八股/总页-23-飞书表格原样截图-2230.jpg
attachments-evidence	attachment-evidence	21357	dd83120650c74c1c	assets/糯叽叽八股/总页-24-飞书表格原样截图-2257.jpg
attachments-evidence	attachment-evidence	6547	787994f5eb57a480	assets/糯叽叽八股/总页-25-飞书表格原样截图-2305.jpg
attachments-evidence	attachment-evidence	6838	7cdc3b1bf5f89a13	assets/糯叽叽八股/总页-26-飞书表格原样截图-2314.jpg
attachments-evidence	attachment-evidence	5669	93b0b51455db356b	assets/糯叽叽八股/总页-27-飞书表格原样截图-2321.jpg
attachments-evidence	attachment-evidence	6963	83038b2f43622cf5	assets/糯叽叽八股/总页-28-飞书表格原样截图-2333.jpg
attachments-evidence	attachment-evidence	30920	c95baafe7320e478	assets/糯叽叽八股/总页-29-飞书表格原样截图-2381.jpg
attachments-evidence	attachment-evidence	26951	94d791aaa6790c19	assets/糯叽叽八股/总页-30-飞书表格原样截图-2437.jpg
attachments-evidence	attachment-evidence	14319	6e80d4bc50e99b5b	assets/糯叽叽八股/总页-31-飞书表格原样截图-2487.jpg
attachments-evidence	attachment-evidence	23755	205530135e3a10e2	assets/糯叽叽八股/总页-32-飞书表格原样截图-2543.jpg
attachments-evidence	attachment-evidence	11533	92cbb66fe752eda0	assets/糯叽叽八股/总页-33-飞书表格原样截图-2575.jpg
attachments-evidence	attachment-evidence	26663	61a03ea1a39e64f0	assets/糯叽叽八股/总页-34-飞书表格原样截图-2601.jpg
attachments-evidence	attachment-evidence	5942	25541985296df48f	assets/糯叽叽八股/总页-35-飞书表格原样截图-2619.jpg
attachments-evidence	attachment-evidence	28110	70f8f3bfaa2a1df4	assets/糯叽叽八股/总页-36-飞书表格原样截图-2676.jpg
attachments-evidence	attachment-evidence	23855	99c1ca0eaff6fd89	assets/糯叽叽八股/总页-37-飞书表格原样截图-2730.jpg
attachments-evidence	attachment-evidence	40538	730e572c0b3880f8	assets/糯叽叽八股/总页-38-飞书表格原样截图-2767.jpg
attachments-evidence	attachment-evidence	11008	520d012807419998	assets/糯叽叽八股/总页-39-飞书表格原样截图-2809.jpg
attachments-evidence	attachment-evidence	31528	d860d2e8657d6961	assets/糯叽叽八股/总页-40-飞书表格原样截图-2867.jpg
attachments-evidence	attachment-evidence	23552	be8c0f5f82a5b3f8	assets/糯叽叽八股/总页-41-飞书表格原样截图-2874.jpg
attachments-evidence	attachment-evidence	8261	9a6e4a2171f360ba	assets/糯叽叽八股/总页-42-飞书表格原样截图-2897.jpg
attachments-evidence	attachment-evidence	37422	85e6b00cc9be0320	assets/糯叽叽八股/总页-43-飞书表格原样截图-2952.jpg
attachments-evidence	attachment-evidence	29219	9e00c998bcdaa4ca	assets/糯叽叽八股/总页-44-飞书表格原样截图-2989.jpg
attachments-evidence	attachment-evidence	21875	e738319f59ae564d	assets/糯叽叽八股/总页-45-飞书表格原样截图-2992.jpg
attachments-evidence	attachment-evidence	31710	9bfeba79eea4ce62	assets/糯叽叽八股/总页-46-飞书表格原样截图-3106.jpg
attachments-evidence	attachment-evidence	18715	6fe7c2de88a2f531	assets/糯叽叽八股/总页-47-飞书表格原样截图-3522.jpg
attachments-evidence	attachment-evidence	43111	a23979a5794d7bec	assets/糯叽叽八股/总页-48-飞书表格原样截图-3566.jpg
attachments-evidence	attachment-evidence	29502	0eaef8616cc38b04	assets/糯叽叽八股/总页-49-飞书表格原样截图-3650.jpg
attachments-evidence	attachment-evidence	8862	bfad9cf3dfbfe7fd	assets/糯叽叽八股/总页-50-飞书表格原样截图-3727.jpg
attachments-evidence	attachment-evidence	43511	c7f01f2c51a1cef4	assets/糯叽叽八股/总页-51-飞书表格原样截图-3773.jpg
attachments-evidence	attachment-evidence	13710	ceb67cd5214ce202	assets/糯叽叽八股/总页-52-飞书表格原样截图-3808.jpg
attachments-evidence	attachment-evidence	43514	5e01331523336829	assets/糯叽叽八股/总页-53-飞书表格原样截图-3856.jpg
attachments-evidence	attachment-evidence	35446	d027388779577358	assets/糯叽叽八股/总页-54-飞书表格原样截图-3933.jpg
attachments-evidence	attachment-evidence	23433	64126b65cb9a99bf	assets/糯叽叽八股/总页-55-飞书表格原样截图-4045.jpg
attachments-evidence	attachment-evidence	9823	c9a25351f05474c7	assets/糯叽叽八股/总页-56-飞书表格原样截图-4063.jpg
attachments-evidence	attachment-evidence	30006	07d6be8cddaaccf7	assets/糯叽叽八股/总页-57-飞书表格原样截图-4088.jpg
attachments-evidence	attachment-evidence	8326	03367c32ed8c0fff	assets/糯叽叽八股/总页-59-飞书表格原样截图-4221.jpg
attachments-evidence	attachment-evidence	17365	bfd66f29f37fb812	assets/糯叽叽八股/总页-60-飞书表格原样截图-4279.jpg
attachments-evidence	attachment-evidence	16387	cc154778cba07acd	assets/糯叽叽八股/总页-61-飞书表格原样截图-4299.jpg
attachments-evidence	attachment-evidence	7169	6d7de5d46eb0fe67	assets/糯叽叽八股/总页-63-飞书表格原样截图-4425.jpg
attachments-evidence	attachment-evidence	9805	e4dafb7ee6abd418	assets/糯叽叽八股/总页-64-飞书表格原样截图-4469.jpg
attachments-evidence	attachment-evidence	20199	fca1028804be1b30	assets/糯叽叽八股/总页-65-飞书表格原样截图-4472.jpg
attachments-evidence	attachment-evidence	14996	934d3313901d5188	assets/糯叽叽八股/总页-66-飞书表格原样截图-4513.jpg
attachments-evidence	attachment-evidence	8269	0ca5c11b451fd330	assets/糯叽叽八股/总页-67-飞书表格原样截图-4521.jpg
attachments-evidence	attachment-evidence	23205	0da731171f1197d7	assets/糯叽叽八股/总页-68-飞书表格原样截图-4701.jpg
attachments-evidence	attachment-evidence	25730	dc127c7b6c6eca7c	assets/糯叽叽八股/总页-69-飞书表格原样截图-8391.jpg
attachments-evidence	attachment-evidence	42847	6d5ad19bfa6aed44	assets/糯叽叽八股/总页-70-飞书表格原样截图-8425.jpg
attachments-evidence	attachment-evidence	16758	1b27fb5d82051fc1	assets/糯叽叽八股/总页-71-飞书表格原样截图-8459.jpg
attachments-evidence	attachment-evidence	36313	23aedc8790cb7961	assets/糯叽叽八股/总页-72-飞书表格原样截图-8615.jpg
attachments-evidence	attachment-evidence	21956	e03965a8f7e33e55	assets/糯叽叽八股/总页-73-飞书表格原样截图-8988.jpg
attachments-evidence	attachment-evidence	24549	ef90896628df0231	assets/糯叽叽八股/总页-74-飞书表格原样截图-9118.jpg
attachments-evidence	attachment-evidence	18835	c0324d5276bc2c77	assets/糯叽叽八股/总页-75-飞书表格原样截图-9203.jpg
attachments-evidence	attachment-evidence	10115	b6bee0bf453de561	assets/糯叽叽八股/总页-76-飞书表格原样截图-9358.jpg
attachments-evidence	attachment-evidence	6552	1f6a2aabd324a87f	assets/糯叽叽八股/总页-77-飞书表格原样截图-9362.jpg
attachments-evidence	attachment-evidence	40912	f1b6651d80525cea	assets/糯叽叽八股/来源核对截图/1.3.4-存储位置总结表-飞书原网页-裁剪.jpg
attachments-evidence	attachment-evidence	127154	2e0998ad134b5b5f	assets/糯叽叽八股/来源核对截图/1.3.4-存储位置总结表-飞书原网页.jpg
vault-root-or-unknown	other-binary-or-config	8196	d19a8d26522e2b12	projects/.DS_Store
linux-memory-ebpf	knowledge-document	2961	a5e0a8baf14d2ab6	projects/Linux物理内存检测项目/index.md
linux-memory-ebpf	knowledge-document	2432079	190f75809813c789	projects/Linux物理内存检测项目/linux物理内存检测工具：_带目录.pdf
linux-memory-ebpf	knowledge-document	8137	f78e11e6c5eb0bb0	projects/Linux物理内存检测项目/文档/1 入口与路线/1.1 学习总览与架构地图.md
linux-memory-ebpf	knowledge-document	10743	3c86d505ff6293eb	projects/Linux物理内存检测项目/文档/2 快速入门/2.1 项目概述与价值.md
linux-memory-ebpf	knowledge-document	14738	9e445ed6e83d2aa4	projects/Linux物理内存检测项目/文档/2 快速入门/2.2 快速搭建与运行.md
linux-memory-ebpf	knowledge-document	11794	dc9ef909e8c944ac	projects/Linux物理内存检测项目/文档/3 深入理解/3.1 核心技术架构/3.1.1 eBPF与BCC技术栈.md
linux-memory-ebpf	knowledge-document	18824	80e78b0f08678843	projects/Linux物理内存检测项目/文档/3 深入理解/3.1 核心技术架构/3.1.2 内核态eBPF程序设计.md
linux-memory-ebpf	knowledge-document	15383	603fda48beb12e5e	projects/Linux物理内存检测项目/文档/3 深入理解/3.1 核心技术架构/3.1.3 用户态Python架构.md
linux-memory-ebpf	knowledge-document	12117	e7229512eeaa4735	projects/Linux物理内存检测项目/文档/3 深入理解/3.2 内存管理核心概念/3.2.1 Linux物理内存与伙伴系统.md
linux-memory-ebpf	knowledge-document	10377	9b8919d95a359d57	projects/Linux物理内存检测项目/文档/3 深入理解/3.2 内存管理核心概念/3.2.2 内存碎片化问题分析.md
linux-memory-ebpf	knowledge-document	15061	7dcea69f9dd76dff	projects/Linux物理内存检测项目/文档/3 深入理解/3.2 内存管理核心概念/3.2.3 内存分配快速路径监控.md
linux-memory-ebpf	knowledge-document	11748	5a54401415b747f5	projects/Linux物理内存检测项目/文档/3 深入理解/3.3 eBPF程序深度解析/3.3.1 tracepoint探针机制.md
linux-memory-ebpf	knowledge-document	19115	4d8e5627691d7910	projects/Linux物理内存检测项目/文档/3 深入理解/3.3 eBPF程序深度解析/3.3.2 kprobe动态插桩技术.md
linux-memory-ebpf	knowledge-document	15808	9e907f02c6041d69	projects/Linux物理内存检测项目/文档/3 深入理解/3.3 eBPF程序深度解析/3.3.3 BPF map通信机制.md
linux-memory-ebpf	knowledge-document	11067	2649a961c6c54176	projects/Linux物理内存检测项目/文档/3 深入理解/3.4 数据采集与处理/3.4.1 外碎片化事件采集.md
linux-memory-ebpf	knowledge-document	14570	8f112726ddfaaca2	projects/Linux物理内存检测项目/文档/3 深入理解/3.4 数据采集与处理/3.4.2 内存状态统计方法.md
linux-memory-ebpf	knowledge-document	14368	0349e5f51b5736bf	projects/Linux物理内存检测项目/文档/3 深入理解/3.4 数据采集与处理/3.4.3 碎片化指数计算算法.md
linux-memory-ebpf	knowledge-document	12051	696f44c0fd8275b7	projects/Linux物理内存检测项目/文档/3 深入理解/3.5 用户态展示与优化/3.5.1 curses终端可视化实现.md
linux-memory-ebpf	knowledge-document	15837	16757919cfdb8cb7	projects/Linux物理内存检测项目/文档/3 深入理解/3.5 用户态展示与优化/3.5.2 性能优化与采样控制.md
linux-memory-ebpf	knowledge-document	14626	e9f16b3d5b56237a	projects/Linux物理内存检测项目/文档/3 深入理解/3.5 用户态展示与优化/3.5.3 数据解析与格式化输出.md
linux-memory-ebpf	knowledge-document	11230	4fbd501c4bc38d3f	projects/Linux物理内存检测项目/文档/4 深度学习/4.1 源码审计与事实边界.md
linux-memory-ebpf	knowledge-document	8839	4f8247aa01e91039	projects/Linux物理内存检测项目/文档/4 深度学习/4.2 主动学习与推演/4.2.1 全链路手工追踪.md
linux-memory-ebpf	knowledge-document	10070	bfed75f0024ff562	projects/Linux物理内存检测项目/文档/4 深度学习/4.2 主动学习与推演/4.2.2 深度学习路线与VCQ诊断.md
linux-memory-ebpf	knowledge-document	15159	78323437cb59027d	projects/Linux物理内存检测项目/文档/4 深度学习/4.2 主动学习与推演/4.2.3 核心难点精讲.md
linux-memory-ebpf	knowledge-document	10000	e96d76898f07ee8c	projects/Linux物理内存检测项目/文档/4 深度学习/4.3 实战重构与面试追问.md
linux-memory-ebpf	attachment-evidence	2806	b5bc413fed2dd04e	projects/Linux物理内存检测项目/源码/assets/interview-svg/bpf-map-data-flow_animated.svg
linux-memory-ebpf	attachment-evidence	3874	0c30d8ced503cc1e	projects/Linux物理内存检测项目/源码/assets/interview-svg/buddy-allocation-path_animated.svg
linux-memory-ebpf	attachment-evidence	2487	1776151353f4f483	projects/Linux物理内存检测项目/源码/assets/interview-svg/event-state-correlation_animated.svg
linux-memory-ebpf	attachment-evidence	2538	dc4d9ca35836b359	projects/Linux物理内存检测项目/源码/assets/interview-svg/external-fragmentation_animated.svg
linux-memory-ebpf	attachment-evidence	3773	ab1e669d8f7989e4	projects/Linux物理内存检测项目/源码/assets/interview-svg/fragmentation-index-logic_animated.svg
linux-memory-ebpf	attachment-evidence	3874	3ad8ef48a00b775b	projects/Linux物理内存检测项目/源码/assets/interview-svg/project-data-flow_animated.svg
linux-memory-ebpf	attachment-evidence	3319	b29189ca24585c32	projects/Linux物理内存检测项目/源码/assets/interview-svg/sampling-throttle_animated.svg
linux-memory-ebpf	attachment-evidence	2373	3f1df33eb4f2d026	projects/Linux物理内存检测项目/源码/assets/interview-svg/tracepoint-kprobe_animated.svg
linux-memory-ebpf	other-binary-or-config	130	91ad5132667d3e9c	projects/Linux物理内存检测项目/源码/debug.log
linux-memory-ebpf	code-or-config	5684	b9cbc4e39f4adffd	projects/Linux物理内存检测项目/源码/exfrag.py
linux-memory-ebpf	code-or-config	23596	80b77d04fb654f70	projects/Linux物理内存检测项目/源码/exfrag_user.py
linux-memory-ebpf	code-or-config	1620	230a3ac9f73fb63b	projects/Linux物理内存检测项目/源码/extfraginfo.c
linux-memory-ebpf	code-or-config	5094	8856f9eacf0a1b06	projects/Linux物理内存检测项目/源码/fraginfo.c
linux-memory-ebpf	code-or-config	2057	660da4e2d196b8f6	projects/Linux物理内存检测项目/源码/install-lulu-sleep-monitor.sh
linux-memory-ebpf	code-or-config	96261	879279d56654756b	projects/Linux物理内存检测项目/源码/lulu-usage-overlay.swift
linux-memory-ebpf	derived-backup	95138	675ce82866f64c61	projects/Linux物理内存检测项目/源码/lulu-usage-overlay.swift.bak-20260714-flexible-plan
linux-memory-ebpf	code-or-config	4408	c020de7cc194600c	projects/Linux物理内存检测项目/源码/patch-chatgpt-lulu-sleep.sh
linux-memory-ebpf	knowledge-document	4	19d8c9921b99c82d	projects/Linux物理内存检测项目/源码/vmware_main_repair_status.txt
linux-memory-ebpf	knowledge-document	4	19d8c9921b99c82d	projects/Linux物理内存检测项目/源码/vmware_repair_status.txt
linux-memory-ebpf	knowledge-document	4	19d8c9921b99c82d	projects/Linux物理内存检测项目/源码/vmware_service_status.txt
linux-memory-ebpf	knowledge-document	1690	a8fc374c6dab518c	projects/Linux物理内存检测项目/源码/简述.md
linux-memory-ebpf	knowledge-document	53816	310a6ee3b8833d04	projects/Linux物理内存检测项目/项目完整代码流程详解.md
rtos-project	knowledge-document	120733	03a1903ca47a9e2b	projects/RTOS项目/RTOS项目复习文档.md
rtos-project	knowledge-document	47488	7868062559b3a7a7	projects/RTOS项目/RTOS项目完整代码流程详解.md
rtos-project	knowledge-document	4734	f47127bea36f983f	projects/RTOS项目/index.md
rtos-project	knowledge-document	203034	aff599d88e5a0fc6	projects/RTOS项目/基于STM32+FreeRTOS的烟机控制系统文档-Defuddle提取.md
rtos-project	knowledge-document	15312	f22301b3613834b9	projects/RTOS项目/文档/1 入门指南/1.1 项目概述：STM32 + FreeRTOS 油烟机控制系统.md
rtos-project	knowledge-document	13372	10f809fa79cec6c1	projects/RTOS项目/文档/1 入门指南/1.2 快速入门：从零搭建开发环境并运行项目.md
rtos-project	knowledge-document	12210	9e2d221961ee6276	projects/RTOS项目/文档/1 入门指南/1.3 开发环境配置/1.3.1 Keil MDK 工程配置与编译.md
rtos-project	knowledge-document	21112	09023672ceb196b7	projects/RTOS项目/文档/1 入门指南/1.3 开发环境配置/1.3.2 J-Link 调试器配置与烧录.md
rtos-project	knowledge-document	11054	557262aa9b85457c	projects/RTOS项目/文档/1 入门指南/1.3 开发环境配置/1.3.3 串口调试工具使用.md
rtos-project	knowledge-document	16777	99150fa153b2fadf	projects/RTOS项目/文档/2 系统架构与设计/2.1 三层架构：驱动层、RTOS中间层、应用层.md
rtos-project	knowledge-document	16928	b60bfc20d0b283a5	projects/RTOS项目/文档/2 系统架构与设计/2.2 目录结构与模块职责划分.md
rtos-project	knowledge-document	20954	a70e0a564e37977f	projects/RTOS项目/文档/2 系统架构与设计/2.3 系统启动流程与初始化顺序.md
rtos-project	knowledge-document	15673	b0af326862ad3918	projects/RTOS项目/文档/2 系统架构与设计/2.4 任务间通信：互斥信号量与全局状态管理.md
rtos-project	knowledge-document	21857	589b7ca6ea150565	projects/RTOS项目/文档/3 FreeRTOS 内核与任务设计/3.1 FreeRTOS 移植与配置详解.md
rtos-project	knowledge-document	18141	849c8de45115aa92	projects/RTOS项目/文档/3 FreeRTOS 内核与任务设计/3.2 任务创建、调度与优先级设计.md
rtos-project	knowledge-document	14211	ab351142ad6d6967	projects/RTOS项目/文档/3 FreeRTOS 内核与任务设计/3.3 中断优先级配置与临界区保护.md
rtos-project	knowledge-document	16954	8c8dde738e7ef904	projects/RTOS项目/文档/3 FreeRTOS 内核与任务设计/3.4 软件定时器与周期任务实现.md
rtos-project	knowledge-document	28533	5bbde5b481e9108e	projects/RTOS项目/文档/4 硬件驱动开发/4.1 电机控制与反馈/4.1.1 直流有刷电机驱动：H桥电路与PWM互补输出.md
rtos-project	knowledge-document	11103	fb6f956925eb7117	projects/RTOS项目/文档/4 硬件驱动开发/4.1 电机控制与反馈/4.1.2 编码器测速原理与定时器编码器模式.md
rtos-project	knowledge-document	14216	3277656a5ba7db0c	projects/RTOS项目/文档/4 硬件驱动开发/4.1 电机控制与反馈/4.1.3 PID闭环调速算法实现与调参.md
rtos-project	knowledge-document	15742	3cfe45d0a8b854e8	projects/RTOS项目/文档/4 硬件驱动开发/4.2 传感器与采集/4.2.1 DHT11 温湿度传感器：单总线协议驱动.md
rtos-project	knowledge-document	13963	eef87480c966dabb	projects/RTOS项目/文档/4 硬件驱动开发/4.2 传感器与采集/4.2.2 MQ2 气体传感器：ADC采集与数据处理.md
rtos-project	knowledge-document	21430	9e5f4393cf9b5f55	projects/RTOS项目/文档/4 硬件驱动开发/4.2 传感器与采集/4.2.3 多传感器融合风速算法.md
rtos-project	knowledge-document	13744	3d14c5d30d4c88fc	projects/RTOS项目/文档/4 硬件驱动开发/4.3 用户交互/4.3.1 按键状态机：消抖、短按与长按检测.md
rtos-project	knowledge-document	11256	1976207d4f8860a7	projects/RTOS项目/文档/4 硬件驱动开发/4.3 用户交互/4.3.2 LCD 显示驱动与UI设计.md
rtos-project	knowledge-document	13658	a1f16c893075c9ea	projects/RTOS项目/文档/4 硬件驱动开发/4.3 用户交互/4.3.3 蜂鸣器控制与音频提示.md
rtos-project	knowledge-document	12507	3e97a6dc85e17998	projects/RTOS项目/文档/5 系统功能实现/5.1 工作模式：待机、手动、自动、防回流.md
rtos-project	knowledge-document	15725	6f9a7afb20927b92	projects/RTOS项目/文档/5 系统功能实现/5.2 自动模式状态机与Cooking Event检测.md
rtos-project	knowledge-document	15235	6a9ad8faef12e640	projects/RTOS项目/文档/5 系统功能实现/5.3 固件升级（IAP）：Boot + 单APP分区与串口DMA传输.md
rtos-project	knowledge-document	16476	f08d39b885ac9142	projects/RTOS项目/文档/5 系统功能实现/5.4 CRC32校验：数据完整性验证机制.md
rtos-project	other-binary-or-config	25773	9a6ead3cbbbbc310	projects/RTOS项目/文档/5 系统功能实现/anti-backflow-animation.html
rtos-project	code-or-config	31277	05c94b0a0c477bcf	projects/RTOS项目/源码/APP_TASK/app_tasks.c
rtos-project	code-or-config	5638	9faba9626ed69661	projects/RTOS项目/源码/APP_TASK/app_tasks.h
rtos-project	code-or-config	2718	39903f2889b2d294	projects/RTOS项目/源码/BSP/BEEP/beep.c
rtos-project	code-or-config	568	3867484896ad05a1	projects/RTOS项目/源码/BSP/BEEP/beep.h
rtos-project	code-or-config	6645	a428e0d098f63312	projects/RTOS项目/源码/BSP/CRC32/crc32.c
rtos-project	code-or-config	906	4ad9c05df804f7c7	projects/RTOS项目/源码/BSP/CRC32/crc32.h
rtos-project	code-or-config	5215	24a52f5d0d796aef	projects/RTOS项目/源码/BSP/DHT11/dht11.c
rtos-project	code-or-config	739	946de481999cd784	projects/RTOS项目/源码/BSP/DHT11/dht11.h
rtos-project	code-or-config	3208	692339ccf32d37aa	projects/RTOS项目/源码/BSP/DMA/dma.c
rtos-project	code-or-config	561	b09cd59cd00986e5	projects/RTOS项目/源码/BSP/DMA/dma.h
rtos-project	code-or-config	1346	7b0f5657f1515db0	projects/RTOS项目/源码/BSP/GPIO/gpiox.c
rtos-project	code-or-config	631	5701191023261962	projects/RTOS项目/源码/BSP/GPIO/gpiox.h
rtos-project	code-or-config	3037	ed535ca4efbf738d	projects/RTOS项目/源码/BSP/IAP/iap.c
rtos-project	code-or-config	997	86a35e75a0be5417	projects/RTOS项目/源码/BSP/IAP/iap.h
rtos-project	code-or-config	6050	d4f57bb0ea1f0074	projects/RTOS项目/源码/BSP/KEY/key.c
rtos-project	code-or-config	2846	a05e758bdd1d01f2	projects/RTOS项目/源码/BSP/KEY/key.h
rtos-project	code-or-config	34394	52d13186f1b908fa	projects/RTOS项目/源码/BSP/LCD/FONT.H
rtos-project	code-or-config	25186	d76fccc63ab45922	projects/RTOS项目/源码/BSP/LCD/GUI.c
rtos-project	code-or-config	2797	a2c03db25fa16f61	projects/RTOS项目/源码/BSP/LCD/GUI.h
rtos-project	code-or-config	11977	246841cbc07a7163	projects/RTOS项目/源码/BSP/LCD/lcd.c
rtos-project	code-or-config	4821	f4198c3bb609452f	projects/RTOS项目/源码/BSP/LCD/lcd.h
rtos-project	code-or-config	15520	f1af6c5f503b2829	projects/RTOS项目/源码/BSP/MOTOR/motor.c
rtos-project	code-or-config	1159	17262c6e1f7fb170	projects/RTOS项目/源码/BSP/MOTOR/motor.h
rtos-project	code-or-config	3754	a5d4c0622feeda96	projects/RTOS项目/源码/BSP/MQ2/mq2.c
rtos-project	code-or-config	1218	ec9bac4b32469555	projects/RTOS项目/源码/BSP/MQ2/mq2.h
rtos-project	code-or-config	2872	0f9c192f0c13c637	projects/RTOS项目/源码/BSP/PID/pid.c
rtos-project	code-or-config	1811	fd97751ceadf0c3f	projects/RTOS项目/源码/BSP/PID/pid.h
rtos-project	code-or-config	5030	76f8c9c69190e04b	projects/RTOS项目/源码/BSP/SPI/SPI.c
rtos-project	code-or-config	2128	4ac60a233b69491d	projects/RTOS项目/源码/BSP/SPI/SPI.h
rtos-project	code-or-config	3838	ebabaaa3ffc33e86	projects/RTOS项目/源码/BSP/STMFLASH/stmflash.c
rtos-project	code-or-config	1284	9651f5ed3295d8ea	projects/RTOS项目/源码/BSP/STMFLASH/stmflash.h
rtos-project	code-or-config	4175	3c5488836bd9664f	projects/RTOS项目/源码/BSP/WIND/wind_speed.c
rtos-project	code-or-config	3657	f8fb7d2ef05b2608	projects/RTOS项目/源码/BSP/WIND/wind_speed.h
rtos-project	code-or-config	17273	e93a7e36349e7810	projects/RTOS项目/源码/CORE/core_cm3.c
rtos-project	code-or-config	85714	de4668aa9d314d05	projects/RTOS项目/源码/CORE/core_cm3.h
rtos-project	other-binary-or-config	15503	1ad6e0a965254d4c	projects/RTOS项目/源码/CORE/startup_stm32f10x_hd.s
rtos-project	other-binary-or-config	13555	4d59edad5e165cfc	projects/RTOS项目/源码/CORE/startup_stm32f10x_md.s
rtos-project	code-or-config	15771	d3cfd0c2decbaba8	projects/RTOS项目/源码/FreeRTOS/croutine.c
rtos-project	code-or-config	26251	5f90f6582492b16e	projects/RTOS项目/源码/FreeRTOS/event_groups.c
rtos-project	code-or-config	34726	87d2035d34073834	projects/RTOS项目/源码/FreeRTOS/include/FreeRTOS.h
rtos-project	code-or-config	14466	7b6913b4bbca4d02	projects/RTOS项目/源码/FreeRTOS/include/FreeRTOSConfig.h
rtos-project	code-or-config	8550	8de3f81b2ab091d3	projects/RTOS项目/源码/FreeRTOS/include/StackMacros.h
rtos-project	code-or-config	29133	a74da2025bbbc470	projects/RTOS项目/源码/FreeRTOS/include/croutine.h
rtos-project	code-or-config	10168	ac4d01a500151556	projects/RTOS项目/源码/FreeRTOS/include/deprecated_definitions.h
rtos-project	code-or-config	32882	696a3bf69cba8db6	projects/RTOS项目/源码/FreeRTOS/include/event_groups.h
rtos-project	code-or-config	21169	fedc7a497f9bcf75	projects/RTOS项目/源码/FreeRTOS/include/list.h
rtos-project	code-or-config	12288	1d42f565cb63958f	projects/RTOS项目/源码/FreeRTOS/include/mpu_prototypes.h
rtos-project	code-or-config	10234	973a6bbafc1b6415	projects/RTOS项目/源码/FreeRTOS/include/mpu_wrappers.h
rtos-project	code-or-config	8684	cef17f5d93bf6423	projects/RTOS项目/源码/FreeRTOS/include/portable.h
rtos-project	code-or-config	8184	2c5adb8966188f2d	projects/RTOS项目/源码/FreeRTOS/include/projdefs.h
rtos-project	code-or-config	67336	09ca388712463be3	projects/RTOS项目/源码/FreeRTOS/include/queue.h
rtos-project	code-or-config	50406	f10d9b299357fa80	projects/RTOS项目/源码/FreeRTOS/include/semphr.h
rtos-project	other-binary-or-config	850	d445da103d6ff2b8	projects/RTOS项目/源码/FreeRTOS/include/stdint.readme
rtos-project	code-or-config	95351	b0610dc1a3e35e98	projects/RTOS项目/源码/FreeRTOS/include/task.h
rtos-project	code-or-config	62241	a2394c90ee22e03f	projects/RTOS项目/源码/FreeRTOS/include/timers.h
rtos-project	code-or-config	10993	c2fc08cedee309c4	projects/RTOS项目/源码/FreeRTOS/list.c
rtos-project	knowledge-document	20	d872e8e4176213ea	projects/RTOS项目/源码/FreeRTOS/portable/Keil/See-also-the-RVDS-directory.txt
rtos-project	other-binary-or-config	124	0b636696b38f1fa7	projects/RTOS项目/源码/FreeRTOS/portable/MemMang/ReadMe.url
rtos-project	code-or-config	7604	b00bf049945a9566	projects/RTOS项目/源码/FreeRTOS/portable/MemMang/heap_1.c
rtos-project	code-or-config	12644	6de30463667e50e7	projects/RTOS项目/源码/FreeRTOS/portable/MemMang/heap_2.c
rtos-project	code-or-config	5510	679a4060d1d0ba15	projects/RTOS项目/源码/FreeRTOS/portable/MemMang/heap_3.c
rtos-project	code-or-config	16957	60ff2c3201cc60d2	projects/RTOS项目/源码/FreeRTOS/portable/MemMang/heap_4.c
rtos-project	code-or-config	18801	02425c77f6ed40f0	projects/RTOS项目/源码/FreeRTOS/portable/MemMang/heap_5.c
rtos-project	code-or-config	12713	102c5307bdc1516c	projects/RTOS项目/源码/FreeRTOS/portable/RVDS/ARM7_LPC21xx/port.c
rtos-project	other-binary-or-config	5593	848841ea54646f4e	projects/RTOS项目/源码/FreeRTOS/portable/RVDS/ARM7_LPC21xx/portASM.s
rtos-project	code-or-config	7411	b2f6219b5788e812	projects/RTOS项目/源码/FreeRTOS/portable/RVDS/ARM7_LPC21xx/portmacro.h
rtos-project	other-binary-or-config	4631	56fb47b2212bd8ef	projects/RTOS项目/源码/FreeRTOS/portable/RVDS/ARM7_LPC21xx/portmacro.inc
rtos-project	code-or-config	21970	a5e081072558ad64	projects/RTOS项目/源码/FreeRTOS/portable/RVDS/ARM_CA9/port.c
rtos-project	other-binary-or-config	6730	ec4f91398bdfb013	projects/RTOS项目/源码/FreeRTOS/portable/RVDS/ARM_CA9/portASM.s
rtos-project	code-or-config	8667	6f366a5a4f291049	projects/RTOS项目/源码/FreeRTOS/portable/RVDS/ARM_CA9/portmacro.h
rtos-project	other-binary-or-config	4907	fd4bbf628aa2f4cc	projects/RTOS项目/源码/FreeRTOS/portable/RVDS/ARM_CA9/portmacro.inc
rtos-project	code-or-config	12557	ee37c28c1fc42938	projects/RTOS项目/源码/FreeRTOS/portable/RVDS/ARM_CM0/port.c
rtos-project	code-or-config	6785	227537166281cd6a	projects/RTOS项目/源码/FreeRTOS/portable/RVDS/ARM_CM0/portmacro.h
rtos-project	code-or-config	27645	ac3a8a9b0fff2163	projects/RTOS项目/源码/FreeRTOS/portable/RVDS/ARM_CM3/port.c
rtos-project	code-or-config	10963	64b120f93220caf6	projects/RTOS项目/源码/FreeRTOS/portable/RVDS/ARM_CM3/portmacro.h
rtos-project	code-or-config	29396	f3d0503ea093f738	projects/RTOS项目/源码/FreeRTOS/portable/RVDS/ARM_CM4F/port.c
rtos-project	code-or-config	10669	98e4f392ccffd8da	projects/RTOS项目/源码/FreeRTOS/portable/RVDS/ARM_CM4F/portmacro.h
rtos-project	code-or-config	31750	180795e1043dbae3	projects/RTOS项目/源码/FreeRTOS/portable/RVDS/ARM_CM4_MPU/port.c
rtos-project	code-or-config	12406	e59be1a6eff84176	projects/RTOS项目/源码/FreeRTOS/portable/RVDS/ARM_CM4_MPU/portmacro.h
rtos-project	knowledge-document	1064	710c88c6d9bfcc46	projects/RTOS项目/源码/FreeRTOS/portable/RVDS/ARM_CM7/ReadMe.txt
rtos-project	code-or-config	28678	7024cbaaa744fd88	projects/RTOS项目/源码/FreeRTOS/portable/RVDS/ARM_CM7/r0p1/port.c
rtos-project	code-or-config	10713	704077a46ef61463	projects/RTOS项目/源码/FreeRTOS/portable/RVDS/ARM_CM7/r0p1/portmacro.h
rtos-project	knowledge-document	866	a9ef32ef258eb814	projects/RTOS项目/源码/FreeRTOS/portable/readme.txt
rtos-project	code-or-config	84664	a321652bb25b1714	projects/RTOS项目/源码/FreeRTOS/queue.c
rtos-project	knowledge-document	822	3731131211a6e5eb	projects/RTOS项目/源码/FreeRTOS/readme.txt
rtos-project	code-or-config	159400	d014bf046d404390	projects/RTOS项目/源码/FreeRTOS/tasks.c
rtos-project	code-or-config	41438	1fc141d1d92f9f48	projects/RTOS项目/源码/FreeRTOS/timers.c
rtos-project	build-artifact	19	93ef77447acafaed	projects/RTOS项目/源码/OBJ/ExtDll.iex
rtos-project	build-artifact	595188	3b5feb966c0b9f64	projects/RTOS项目/源码/OBJ/PWM.axf
rtos-project	build-artifact	61148	7079da38c7515c49	projects/RTOS项目/源码/OBJ/PWM.bin
rtos-project	build-artifact	2821	c7dcfbda5a44b6cb	projects/RTOS项目/源码/OBJ/PWM.build_log.htm
rtos-project	build-artifact	117792	bd62b844db39ea61	projects/RTOS项目/源码/OBJ/PWM.hex
rtos-project	build-artifact	201364	3e6c3ad44f66f811	projects/RTOS项目/源码/OBJ/PWM.htm
rtos-project	build-artifact	1138	8ddb08012e53b75c	projects/RTOS项目/源码/OBJ/PWM.lnp
rtos-project	build-artifact	479	a18239d2ef21b277	projects/RTOS项目/源码/OBJ/PWM.sct
rtos-project	build-artifact	104730	a649fa0401ebc118	projects/RTOS项目/源码/OBJ/PWM_PWM.dep
rtos-project	build-artifact	104730	264a041b82ec4de8	projects/RTOS项目/源码/OBJ/PWM_liu.dep
rtos-project	build-artifact	348980	89a4404ca2b98ea2	projects/RTOS项目/源码/OBJ/adc.crf
rtos-project	build-artifact	1638	9a3463d523ffe6d3	projects/RTOS项目/源码/OBJ/adc.d
rtos-project	build-artifact	383916	7e66379f33632d6d	projects/RTOS项目/源码/OBJ/adc.o
rtos-project	build-artifact	419894	3c0761ecbf7969b0	projects/RTOS项目/源码/OBJ/app_tasks.crf
rtos-project	build-artifact	3357	7e8d6c6810f3d86d	projects/RTOS项目/源码/OBJ/app_tasks.d
rtos-project	build-artifact	469448	351bb4a323975430	projects/RTOS项目/源码/OBJ/app_tasks.o
rtos-project	build-artifact	354613	149d4428f95c3a9c	projects/RTOS项目/源码/OBJ/beep.crf
rtos-project	build-artifact	1799	c7ffa618b3e871fe	projects/RTOS项目/源码/OBJ/beep.d
rtos-project	build-artifact	393020	dd83808bb3931b66	projects/RTOS项目/源码/OBJ/beep.o
rtos-project	build-artifact	3940	a36efb810a1d0cc5	projects/RTOS项目/源码/OBJ/core_cm3.crf
rtos-project	build-artifact	102	d0f7c760bb086dbd	projects/RTOS项目/源码/OBJ/core_cm3.d
rtos-project	build-artifact	11460	7bbd95df3505de05	projects/RTOS项目/源码/OBJ/core_cm3.o
rtos-project	build-artifact	353339	ccc65d02f9d3bb24	projects/RTOS项目/源码/OBJ/crc32.crf
rtos-project	build-artifact	1761	c9c2c7d562d6f30f	projects/RTOS项目/源码/OBJ/crc32.d
rtos-project	build-artifact	388380	efc6de555ad1ac5d	projects/RTOS项目/源码/OBJ/crc32.o
rtos-project	build-artifact	386814	2695924a854f6dcd	projects/RTOS项目/源码/OBJ/croutine.crf
rtos-project	build-artifact	2538	445a9e6024ac9f04	projects/RTOS项目/源码/OBJ/croutine.d
rtos-project	build-artifact	413668	e85af162d4f86a31	projects/RTOS项目/源码/OBJ/croutine.o
rtos-project	build-artifact	386540	dc394e9a2e2ce729	projects/RTOS项目/源码/OBJ/delay.crf
rtos-project	build-artifact	2350	3fade3540d7810d9	projects/RTOS项目/源码/OBJ/delay.d
rtos-project	build-artifact	419792	a024488ef9ed45db	projects/RTOS项目/源码/OBJ/delay.o
rtos-project	build-artifact	350683	2bba41090f6b18ae	projects/RTOS项目/源码/OBJ/dht11.crf
rtos-project	build-artifact	1739	9ae9d4982bfe524d	projects/RTOS项目/源码/OBJ/dht11.d
rtos-project	build-artifact	393196	e2d1781a39911874	projects/RTOS项目/源码/OBJ/dht11.o
rtos-project	build-artifact	349152	de9fcfe65afec4cb	projects/RTOS项目/源码/OBJ/dma.crf
rtos-project	build-artifact	1621	42f18cd0a031ad26	projects/RTOS项目/源码/OBJ/dma.d
rtos-project	build-artifact	385364	e517fef1eb179f99	projects/RTOS项目/源码/OBJ/dma.o
rtos-project	build-artifact	399926	44dfcb660cdc1e5f	projects/RTOS项目/源码/OBJ/event_groups.crf
rtos-project	build-artifact	2799	4915d222393d400f	projects/RTOS项目/源码/OBJ/event_groups.d
rtos-project	build-artifact	441840	c241e1b7c6461c50	projects/RTOS项目/源码/OBJ/event_groups.o
rtos-project	build-artifact	348457	63a3b9941fa0e601	projects/RTOS项目/源码/OBJ/exti.crf
rtos-project	build-artifact	1658	47725bd9ca6e5485	projects/RTOS项目/源码/OBJ/exti.d
rtos-project	build-artifact	382124	cb0e43c91b543c4d	projects/RTOS项目/源码/OBJ/exti.o
rtos-project	build-artifact	348949	4273645a9915380d	projects/RTOS项目/源码/OBJ/gpiox.crf
rtos-project	build-artifact	1659	a9537ae5013ac811	projects/RTOS项目/源码/OBJ/gpiox.d
rtos-project	build-artifact	385064	919ae5e2932cfc91	projects/RTOS项目/源码/OBJ/gpiox.o
rtos-project	build-artifact	369232	8fbbd6535656c650	projects/RTOS项目/源码/OBJ/gui.crf
rtos-project	build-artifact	1770	d1476b18c57183b7	projects/RTOS项目/源码/OBJ/gui.d
rtos-project	build-artifact	433260	59a212871c21c6f8	projects/RTOS项目/源码/OBJ/gui.o
rtos-project	build-artifact	392326	1ab8b7022488715d	projects/RTOS项目/源码/OBJ/heap_4.crf
rtos-project	build-artifact	2428	d078781a9a6a4638	projects/RTOS项目/源码/OBJ/heap_4.d
rtos-project	build-artifact	425848	48bc95d4420425c6	projects/RTOS项目/源码/OBJ/heap_4.o
rtos-project	build-artifact	354801	acdd4f16e6cae80c	projects/RTOS项目/源码/OBJ/iap.crf
rtos-project	build-artifact	1766	e49cba8d69e1ec1c	projects/RTOS项目/源码/OBJ/iap.d
rtos-project	build-artifact	389816	16fde229601d1e84	projects/RTOS项目/源码/OBJ/iap.o
rtos-project	build-artifact	400583	c1bf8e3154889ce1	projects/RTOS项目/源码/OBJ/inv_mpu.crf
rtos-project	build-artifact	2238	7ec86f52af792032	projects/RTOS项目/源码/OBJ/inv_mpu.d
rtos-project	build-artifact	498184	a58707fe29d9ab9f	projects/RTOS项目/源码/OBJ/inv_mpu.o
rtos-project	build-artifact	408825	5112efc6c46d9bb8	projects/RTOS项目/源码/OBJ/inv_mpu_dmp_motion_driver.crf
rtos-project	build-artifact	2993	7ec926504a594bba	projects/RTOS项目/源码/OBJ/inv_mpu_dmp_motion_driver.d
rtos-project	build-artifact	470844	782145457c827f34	projects/RTOS项目/源码/OBJ/inv_mpu_dmp_motion_driver.o
rtos-project	build-artifact	388461	1d76341b6e8eeabb	projects/RTOS项目/源码/OBJ/key.crf
rtos-project	build-artifact	2281	b0d48b8692b73e7f	projects/RTOS项目/源码/OBJ/key.d
rtos-project	build-artifact	428756	9dc478b90de40799	projects/RTOS项目/源码/OBJ/key.o
rtos-project	build-artifact	358257	9b6dd31dedebf328	projects/RTOS项目/源码/OBJ/lcd.crf
rtos-project	build-artifact	1718	1ee4fc2878250c06	projects/RTOS项目/源码/OBJ/lcd.d
rtos-project	build-artifact	406600	e226ed5a77fd49d9	projects/RTOS项目/源码/OBJ/lcd.o
rtos-project	build-artifact	353651	e83d2939273a79a5	projects/RTOS项目/源码/OBJ/led.crf
rtos-project	build-artifact	1685	29f6738553b3ddaa	projects/RTOS项目/源码/OBJ/led.d
rtos-project	build-artifact	388536	0ac0e88279b9da11	projects/RTOS项目/源码/OBJ/led.o
rtos-project	build-artifact	382177	1794e7a7b6e5b29a	projects/RTOS项目/源码/OBJ/list.crf
rtos-project	build-artifact	2276	1cfe606faf119ba4	projects/RTOS项目/源码/OBJ/list.d
rtos-project	build-artifact	416436	459a100c6c1cd07f	projects/RTOS项目/源码/OBJ/list.o
rtos-project	build-artifact	113883	09723b4c85bd196d	projects/RTOS项目/源码/OBJ/liuweilin_liu.dep
rtos-project	build-artifact	403781	cc1c11f0f8cae8c5	projects/RTOS项目/源码/OBJ/main.crf
rtos-project	build-artifact	2750	cea9e1c2b90d730e	projects/RTOS项目/源码/OBJ/main.d
rtos-project	build-artifact	431720	a005fc18cc1f891b	projects/RTOS项目/源码/OBJ/main.o
rtos-project	build-artifact	369602	6d14c55c67eae89b	projects/RTOS项目/源码/OBJ/micro_wave_oven.crf
rtos-project	build-artifact	2540	d0cc7e55b6e7cd7e	projects/RTOS项目/源码/OBJ/micro_wave_oven.d
rtos-project	build-artifact	404644	5ee0f01fbb122bb8	projects/RTOS项目/源码/OBJ/micro_wave_oven.o
rtos-project	build-artifact	347510	95c65f876322a92c	projects/RTOS项目/源码/OBJ/misc.crf
rtos-project	build-artifact	1611	6a64ae957b7a5dbc	projects/RTOS项目/源码/OBJ/misc.d
rtos-project	build-artifact	384560	029ef579e82a8ce6	projects/RTOS项目/源码/OBJ/misc.o
rtos-project	build-artifact	352926	99976260b176d52a	projects/RTOS项目/源码/OBJ/motor.crf
rtos-project	build-artifact	1698	43e0f73abd237e92	projects/RTOS项目/源码/OBJ/motor.d
rtos-project	build-artifact	401972	623d4d4c193d6937	projects/RTOS项目/源码/OBJ/motor.o
rtos-project	build-artifact	359034	9c2fc52615761c7d	projects/RTOS项目/源码/OBJ/mpu6050.crf
rtos-project	build-artifact	1938	edbba66d39222a8a	projects/RTOS项目/源码/OBJ/mpu6050.d
rtos-project	build-artifact	406368	b720be83effb182e	projects/RTOS项目/源码/OBJ/mpu6050.o
rtos-project	build-artifact	351104	1825415ec10154fb	projects/RTOS项目/源码/OBJ/mpuiic.crf
rtos-project	build-artifact	1751	8177d5893f6521cc	projects/RTOS项目/源码/OBJ/mpuiic.d
rtos-project	build-artifact	393956	bdfc8e68c5460e7f	projects/RTOS项目/源码/OBJ/mpuiic.o
rtos-project	build-artifact	357543	7a6a0f59107b1730	projects/RTOS项目/源码/OBJ/mq2.crf
rtos-project	build-artifact	1684	d6aaf7e51cb12600	projects/RTOS项目/源码/OBJ/mq2.d
rtos-project	build-artifact	393660	f0e39998445d1015	projects/RTOS项目/源码/OBJ/mq2.o
rtos-project	build-artifact	350983	fe43a82faf2be1d6	projects/RTOS项目/源码/OBJ/myiic.crf
rtos-project	build-artifact	1708	0534edcfb63b2972	projects/RTOS项目/源码/OBJ/myiic.d
rtos-project	build-artifact	385324	e9ecf071d7a7b13e	projects/RTOS项目/源码/OBJ/myiic.o
rtos-project	build-artifact	390611	01c822ceb29c4414	projects/RTOS项目/源码/OBJ/os_core.crf
rtos-project	build-artifact	2184	4ab2b07b1e731296	projects/RTOS项目/源码/OBJ/os_core.d
rtos-project	build-artifact	417128	40458ae9b60e823f	projects/RTOS项目/源码/OBJ/os_core.o
rtos-project	build-artifact	48	1489a893a059134c	projects/RTOS项目/源码/OBJ/os_cpu_a.d
rtos-project	build-artifact	2584	018a8a66cb09ea55	projects/RTOS项目/源码/OBJ/os_cpu_a.o
rtos-project	build-artifact	385178	653fb96d8df06fa9	projects/RTOS项目/源码/OBJ/os_cpu_c.crf
rtos-project	build-artifact	2225	f4d12e3b61613a2d	projects/RTOS项目/源码/OBJ/os_cpu_c.d
rtos-project	build-artifact	404904	4d3872d629d4e384	projects/RTOS项目/源码/OBJ/os_cpu_c.o
rtos-project	build-artifact	384344	625964b155285ea9	projects/RTOS项目/源码/OBJ/os_dbg.crf
rtos-project	build-artifact	2140	eb1106de80e83aa9	projects/RTOS项目/源码/OBJ/os_dbg.d
rtos-project	build-artifact	399948	1c5e6536114e609e	projects/RTOS项目/源码/OBJ/os_dbg.o
rtos-project	build-artifact	384302	005dae292c85fe1a	projects/RTOS项目/源码/OBJ/os_dbg_r.crf
rtos-project	build-artifact	2222	a698c02d0854ed9b	projects/RTOS项目/源码/OBJ/os_dbg_r.d
rtos-project	build-artifact	399964	0fd2c873c494b721	projects/RTOS项目/源码/OBJ/os_dbg_r.o
rtos-project	build-artifact	391555	4075aca25aa551bb	projects/RTOS项目/源码/OBJ/os_flag.crf
rtos-project	build-artifact	2181	dac41628d74c4c22	projects/RTOS项目/源码/OBJ/os_flag.d
rtos-project	build-artifact	413484	869ab955fea0fe79	projects/RTOS项目/源码/OBJ/os_flag.o
rtos-project	build-artifact	387498	ed9f5f60d23387af	projects/RTOS项目/源码/OBJ/os_mbox.crf
rtos-project	build-artifact	2181	b4aa9c06f7a5afe8	projects/RTOS项目/源码/OBJ/os_mbox.d
rtos-project	build-artifact	408428	ae7d21f382f10935	projects/RTOS项目/源码/OBJ/os_mbox.o
rtos-project	build-artifact	384560	84862e9dc88d79e2	projects/RTOS项目/源码/OBJ/os_mem.crf
rtos-project	build-artifact	2143	95166c53def5a6e1	projects/RTOS项目/源码/OBJ/os_mem.d
rtos-project	build-artifact	400628	4fef45181f0ccc3c	projects/RTOS项目/源码/OBJ/os_mem.o
rtos-project	build-artifact	389018	99935063704830a8	projects/RTOS项目/源码/OBJ/os_mutex.crf
rtos-project	build-artifact	2222	09ea57410289e27b	projects/RTOS项目/源码/OBJ/os_mutex.d
rtos-project	build-artifact	409476	829f4e11e4dee9a4	projects/RTOS项目/源码/OBJ/os_mutex.o
rtos-project	build-artifact	389304	48e8e9329f05179d	projects/RTOS项目/源码/OBJ/os_q.crf
rtos-project	build-artifact	2058	13486978e19ab607	projects/RTOS项目/源码/OBJ/os_q.d
rtos-project	build-artifact	411108	47a1a18fde634999	projects/RTOS项目/源码/OBJ/os_q.o
rtos-project	build-artifact	387315	2a0295238bccf4e7	projects/RTOS项目/源码/OBJ/os_sem.crf
rtos-project	build-artifact	2140	5d48846e7b95aad7	projects/RTOS项目/源码/OBJ/os_sem.d
rtos-project	build-artifact	408028	f2fc4db87cf69bb8	projects/RTOS项目/源码/OBJ/os_sem.o
rtos-project	build-artifact	391035	bda9ef7b56dd6217	projects/RTOS项目/源码/OBJ/os_task.crf
rtos-project	build-artifact	2181	ce822f6e40169517	projects/RTOS项目/源码/OBJ/os_task.d
rtos-project	build-artifact	414984	8d38a5afa0e26570	projects/RTOS项目/源码/OBJ/os_task.o
rtos-project	build-artifact	385713	a2a870dfbb5d70ca	projects/RTOS项目/源码/OBJ/os_time.crf
rtos-project	build-artifact	2181	07ad275cb2d1337b	projects/RTOS项目/源码/OBJ/os_time.d
rtos-project	build-artifact	404832	6e67c2337c3b8d7f	projects/RTOS项目/源码/OBJ/os_time.o
rtos-project	build-artifact	384679	f4c8d8eebc09488f	projects/RTOS项目/源码/OBJ/os_tmr.crf
rtos-project	build-artifact	2140	293e63b3be24377a	projects/RTOS项目/源码/OBJ/os_tmr.d
rtos-project	build-artifact	400668	60b717cc3e2535a1	projects/RTOS项目/源码/OBJ/os_tmr.o
rtos-project	build-artifact	349466	b1b1b803852dc331	projects/RTOS项目/源码/OBJ/pid.crf
rtos-project	build-artifact	1589	23e81058b2eb8fc0	projects/RTOS项目/源码/OBJ/pid.d
rtos-project	build-artifact	386556	b5da45d0f55845e5	projects/RTOS项目/源码/OBJ/pid.o
rtos-project	build-artifact	388535	f2210243631d0ac6	projects/RTOS项目/源码/OBJ/port.crf
rtos-project	build-artifact	2282	1e0af3ccb4861435	projects/RTOS项目/源码/OBJ/port.d
rtos-project	build-artifact	430816	fd8e5d683b5a978f	projects/RTOS项目/源码/OBJ/port.o
rtos-project	build-artifact	85291	007dab0141e62bc2	projects/RTOS项目/源码/OBJ/project_liu.dep
rtos-project	build-artifact	108616	62ceb051f7602a1b	projects/RTOS项目/源码/OBJ/project_project.dep
rtos-project	build-artifact	411522	d1a5b220228a84ba	projects/RTOS项目/源码/OBJ/queue.crf
rtos-project	build-artifact	2410	2c530b49f3951bbd	projects/RTOS项目/源码/OBJ/queue.d
rtos-project	build-artifact	485252	a163757943908aa0	projects/RTOS项目/源码/OBJ/queue.o
rtos-project	build-artifact	348778	70c3c148868d71b3	projects/RTOS项目/源码/OBJ/spi.crf
rtos-project	build-artifact	1589	ec284c9b8fe9d887	projects/RTOS项目/源码/OBJ/spi.d
rtos-project	build-artifact	384696	2e5f1ead3a976a83	projects/RTOS项目/源码/OBJ/spi.o
rtos-project	build-artifact	63	175fd551d8813055	projects/RTOS项目/源码/OBJ/startup_stm32f10x_hd.d
rtos-project	build-artifact	6800	05a3ac24d3931f03	projects/RTOS项目/源码/OBJ/startup_stm32f10x_hd.o
rtos-project	build-artifact	63	16f85f46f5a3ca02	projects/RTOS项目/源码/OBJ/startup_stm32f10x_md.d
rtos-project	build-artifact	6028	2504805dbe85bf61	projects/RTOS项目/源码/OBJ/startup_stm32f10x_md.o
rtos-project	build-artifact	354794	0738659825a08dd0	projects/RTOS项目/源码/OBJ/stm32f10x_adc.crf
rtos-project	build-artifact	1908	e54dcc66e32eae84	projects/RTOS项目/源码/OBJ/stm32f10x_adc.d
rtos-project	build-artifact	432420	455b4f9deff738e2	projects/RTOS项目/源码/OBJ/stm32f10x_adc.o
rtos-project	build-artifact	348450	e9940ae3f419f3a1	projects/RTOS项目/源码/OBJ/stm32f10x_bkp.crf
rtos-project	build-artifact	1908	8f4bbd247fadcec8	projects/RTOS项目/源码/OBJ/stm32f10x_bkp.d
rtos-project	build-artifact	381620	7c01709799ef733b	projects/RTOS项目/源码/OBJ/stm32f10x_bkp.o
rtos-project	build-artifact	356292	6f96149f00c11d23	projects/RTOS项目/源码/OBJ/stm32f10x_can.crf
rtos-project	build-artifact	1908	59d1090b47939de5	projects/RTOS项目/源码/OBJ/stm32f10x_can.d
rtos-project	build-artifact	390500	7165188f677ba0db	projects/RTOS项目/源码/OBJ/stm32f10x_can.o
rtos-project	build-artifact	349003	7cdf546834549c35	projects/RTOS项目/源码/OBJ/stm32f10x_cec.crf
rtos-project	build-artifact	1908	627e1581bf3625bb	projects/RTOS项目/源码/OBJ/stm32f10x_cec.d
rtos-project	build-artifact	382036	a484afb8ce9e2a73	projects/RTOS项目/源码/OBJ/stm32f10x_cec.o
rtos-project	build-artifact	347083	8a625c46382540f6	projects/RTOS项目/源码/OBJ/stm32f10x_crc.crf
rtos-project	build-artifact	1908	baf7541995979229	projects/RTOS项目/源码/OBJ/stm32f10x_crc.d
rtos-project	build-artifact	380048	29210aeb4bf941b3	projects/RTOS项目/源码/OBJ/stm32f10x_crc.o
rtos-project	build-artifact	349136	08263c7a2c74bd33	projects/RTOS项目/源码/OBJ/stm32f10x_dac.crf
rtos-project	build-artifact	1908	4ab42e8041087b07	projects/RTOS项目/源码/OBJ/stm32f10x_dac.d
rtos-project	build-artifact	383148	b2955eeea022db87	projects/RTOS项目/源码/OBJ/stm32f10x_dac.o
rtos-project	build-artifact	346853	85308ce0e86ddfb1	projects/RTOS项目/源码/OBJ/stm32f10x_dbgmcu.crf
rtos-project	build-artifact	2007	df3f14d8075bbbe1	projects/RTOS项目/源码/OBJ/stm32f10x_dbgmcu.d
rtos-project	build-artifact	378308	278292028dbb1794	projects/RTOS项目/源码/OBJ/stm32f10x_dbgmcu.o
rtos-project	build-artifact	350618	5592d470dc7100db	projects/RTOS项目/源码/OBJ/stm32f10x_dma.crf
rtos-project	build-artifact	1908	606e11aaf4a39fcb	projects/RTOS项目/源码/OBJ/stm32f10x_dma.d
rtos-project	build-artifact	394696	676acdbeb1c6a86d	projects/RTOS项目/源码/OBJ/stm32f10x_dma.o
rtos-project	build-artifact	348069	26b4a026265dc0ab	projects/RTOS项目/源码/OBJ/stm32f10x_exti.crf
rtos-project	build-artifact	1941	53bd4dfa9129c393	projects/RTOS项目/源码/OBJ/stm32f10x_exti.d
rtos-project	build-artifact	388748	d5c4fdd3a1576121	projects/RTOS项目/源码/OBJ/stm32f10x_exti.o
rtos-project	build-artifact	354560	2338533310b4df97	projects/RTOS项目/源码/OBJ/stm32f10x_flash.crf
rtos-project	build-artifact	1974	0fd04fe462172c50	projects/RTOS项目/源码/OBJ/stm32f10x_flash.d
rtos-project	build-artifact	421104	10a405dfc04b6ce4	projects/RTOS项目/源码/OBJ/stm32f10x_flash.o
rtos-project	build-artifact	353025	26221c5bb751a522	projects/RTOS项目/源码/OBJ/stm32f10x_fsmc.crf
rtos-project	build-artifact	1941	21e8b9ec3de81d59	projects/RTOS项目/源码/OBJ/stm32f10x_fsmc.d
rtos-project	build-artifact	385684	b3868b84b8fc3c39	projects/RTOS项目/源码/OBJ/stm32f10x_fsmc.o
rtos-project	build-artifact	351048	aaf0028a7b02f13b	projects/RTOS项目/源码/OBJ/stm32f10x_gpio.crf
rtos-project	build-artifact	1941	c77db083a49d665b	projects/RTOS项目/源码/OBJ/stm32f10x_gpio.d
rtos-project	build-artifact	405164	b5024948e030c9cf	projects/RTOS项目/源码/OBJ/stm32f10x_gpio.o
rtos-project	build-artifact	353614	5bc6dd44be38da69	projects/RTOS项目/源码/OBJ/stm32f10x_i2c.crf
rtos-project	build-artifact	1908	a6d6a3163c03682f	projects/RTOS项目/源码/OBJ/stm32f10x_i2c.d
rtos-project	build-artifact	425688	c7ed9e381c16d815	projects/RTOS项目/源码/OBJ/stm32f10x_i2c.o
rtos-project	build-artifact	346902	9f3442f320a3b455	projects/RTOS项目/源码/OBJ/stm32f10x_it.crf
rtos-project	build-artifact	1805	b9565eceaecd5e0a	projects/RTOS项目/源码/OBJ/stm32f10x_it.d
rtos-project	build-artifact	385328	f0fed44eac812825	projects/RTOS项目/源码/OBJ/stm32f10x_it.o
rtos-project	build-artifact	347169	7efe5e89dfbceaba	projects/RTOS项目/源码/OBJ/stm32f10x_iwdg.crf
rtos-project	build-artifact	1941	c00458fa14a899d9	projects/RTOS项目/源码/OBJ/stm32f10x_iwdg.d
rtos-project	build-artifact	379940	f90c3b3f30875598	projects/RTOS项目/源码/OBJ/stm32f10x_iwdg.o
rtos-project	build-artifact	348357	db720e8f246fa09c	projects/RTOS项目/源码/OBJ/stm32f10x_pwr.crf
rtos-project	build-artifact	1908	7b97210f1c05c9a6	projects/RTOS项目/源码/OBJ/stm32f10x_pwr.d
rtos-project	build-artifact	381544	63f3c1ca21213c6e	projects/RTOS项目/源码/OBJ/stm32f10x_pwr.o
rtos-project	build-artifact	354583	6fc8bfaa4bab1f5b	projects/RTOS项目/源码/OBJ/stm32f10x_rcc.crf
rtos-project	build-artifact	1908	87ac10678fa81499	projects/RTOS项目/源码/OBJ/stm32f10x_rcc.d
rtos-project	build-artifact	425188	27aae72fd355b84b	projects/RTOS项目/源码/OBJ/stm32f10x_rcc.o
rtos-project	build-artifact	348357	7c63c030dd93efbe	projects/RTOS项目/源码/OBJ/stm32f10x_rtc.crf
rtos-project	build-artifact	1908	537071808395fece	projects/RTOS项目/源码/OBJ/stm32f10x_rtc.d
rtos-project	build-artifact	396808	6c2fa67dc557e3b6	projects/RTOS项目/源码/OBJ/stm32f10x_rtc.o
rtos-project	build-artifact	351619	fb1c72711d6fd56e	projects/RTOS项目/源码/OBJ/stm32f10x_sdio.crf
rtos-project	build-artifact	1941	d92b938700e6869a	projects/RTOS项目/源码/OBJ/stm32f10x_sdio.d
rtos-project	build-artifact	388088	e61793c9dba489b6	projects/RTOS项目/源码/OBJ/stm32f10x_sdio.o
rtos-project	build-artifact	351583	afc142cee69ae1ab	projects/RTOS项目/源码/OBJ/stm32f10x_spi.crf
rtos-project	build-artifact	1908	0f4a4da1b5cc1e93	projects/RTOS项目/源码/OBJ/stm32f10x_spi.d
rtos-project	build-artifact	411760	5994a13a7c949737	projects/RTOS项目/源码/OBJ/stm32f10x_spi.o
rtos-project	build-artifact	369701	c928e74d6e772acf	projects/RTOS项目/源码/OBJ/stm32f10x_tim.crf
rtos-project	build-artifact	1908	10024474fb580e5d	projects/RTOS项目/源码/OBJ/stm32f10x_tim.d
rtos-project	build-artifact	512680	8525692fb30d57ea	projects/RTOS项目/源码/OBJ/stm32f10x_tim.o
rtos-project	build-artifact	353231	f8190c8c6c2f8b02	projects/RTOS项目/源码/OBJ/stm32f10x_usart.crf
rtos-project	build-artifact	1974	08983ce757ca881f	projects/RTOS项目/源码/OBJ/stm32f10x_usart.d
rtos-project	build-artifact	421192	0382bd0816001974	projects/RTOS项目/源码/OBJ/stm32f10x_usart.o
rtos-project	build-artifact	347625	d68b1d0ebf5e7728	projects/RTOS项目/源码/OBJ/stm32f10x_wwdg.crf
rtos-project	build-artifact	1941	7472cdc8733842e1	projects/RTOS项目/源码/OBJ/stm32f10x_wwdg.d
rtos-project	build-artifact	380876	9e45ccd1438e17b0	projects/RTOS项目/源码/OBJ/stm32f10x_wwdg.o
rtos-project	build-artifact	354897	9ea72d761824c466	projects/RTOS项目/源码/OBJ/stmflash.crf
rtos-project	build-artifact	1919	ca07d23ada4df9e9	projects/RTOS项目/源码/OBJ/stmflash.d
rtos-project	build-artifact	393560	578f997ce5066ed2	projects/RTOS项目/源码/OBJ/stmflash.o
rtos-project	build-artifact	347847	c12b4e844d9bf20d	projects/RTOS项目/源码/OBJ/sys.crf
rtos-project	build-artifact	1560	4b5c449c2127e999	projects/RTOS项目/源码/OBJ/sys.d
rtos-project	build-artifact	384708	fbe9ecc171ba11d3	projects/RTOS项目/源码/OBJ/sys.o
rtos-project	build-artifact	348630	4e3228bd2bacef86	projects/RTOS项目/源码/OBJ/system_stm32f10x.crf
rtos-project	build-artifact	1890	5ae01915cdf0174b	projects/RTOS项目/源码/OBJ/system_stm32f10x.d
rtos-project	build-artifact	383528	96a31a19e6082f4a	projects/RTOS项目/源码/OBJ/system_stm32f10x.o
rtos-project	build-artifact	416735	758d859a97899699	projects/RTOS项目/源码/OBJ/tasks.crf
rtos-project	build-artifact	2462	514500cf7e86eff9	projects/RTOS项目/源码/OBJ/tasks.d
rtos-project	build-artifact	524336	e30f2571c505e4b7	projects/RTOS项目/源码/OBJ/tasks.o
rtos-project	build-artifact	355403	62548c4de49170a6	projects/RTOS项目/源码/OBJ/timer.crf
rtos-project	build-artifact	1836	fe914f172ea6bc69	projects/RTOS项目/源码/OBJ/timer.d
rtos-project	build-artifact	390060	34d39bea3dc13d3f	projects/RTOS项目/源码/OBJ/timer.o
rtos-project	build-artifact	407584	54afe0ddc6a975df	projects/RTOS项目/源码/OBJ/timers.crf
rtos-project	build-artifact	2504	0692756f515b0d42	projects/RTOS项目/源码/OBJ/timers.d
rtos-project	build-artifact	457996	1e30ca93a72e64a9	projects/RTOS项目/源码/OBJ/timers.o
rtos-project	build-artifact	349439	1645848436b40fdf	projects/RTOS项目/源码/OBJ/us105.crf
rtos-project	build-artifact	1751	84eda2daa0015219	projects/RTOS项目/源码/OBJ/us105.d
rtos-project	build-artifact	386136	d129441ce62935bb	projects/RTOS项目/源码/OBJ/us105.o
rtos-project	build-artifact	375536	76bd4738f0bff780	projects/RTOS项目/源码/OBJ/usart.crf
rtos-project	build-artifact	2221	7d327b77bc61fb02	projects/RTOS项目/源码/OBJ/usart.d
rtos-project	build-artifact	411148	c6981b64d8be24a6	projects/RTOS项目/源码/OBJ/usart.o
rtos-project	build-artifact	349839	a093a049e3cbb90a	projects/RTOS项目/源码/OBJ/wind_speed.crf
rtos-project	build-artifact	1829	3fe07bd5d0ab9200	projects/RTOS项目/源码/OBJ/wind_speed.d
rtos-project	build-artifact	393252	8c1ec21cdf9132bd	projects/RTOS项目/源码/OBJ/wind_speed.o
rtos-project	code-or-config	8982	40c918f726035dfa	projects/RTOS项目/源码/STM32F10x_FWLib/inc/misc.h
rtos-project	code-or-config	21690	005a122259e9657b	projects/RTOS项目/源码/STM32F10x_FWLib/inc/stm32f10x_adc.h
rtos-project	code-or-config	7555	bd3ae6fe6a6e6172	projects/RTOS项目/源码/STM32F10x_FWLib/inc/stm32f10x_bkp.h
rtos-project	code-or-config	27559	df4e1602f2b208b3	projects/RTOS项目/源码/STM32F10x_FWLib/inc/stm32f10x_can.h
rtos-project	code-or-config	6573	620485eb06b33c96	projects/RTOS项目/源码/STM32F10x_FWLib/inc/stm32f10x_cec.h
rtos-project	code-or-config	2162	98e5537eb5e8837d	projects/RTOS项目/源码/STM32F10x_FWLib/inc/stm32f10x_crc.h
rtos-project	code-or-config	15233	446107ab9e933ccc	projects/RTOS项目/源码/STM32F10x_FWLib/inc/stm32f10x_dac.h
rtos-project	code-or-config	3818	998751256df8a042	projects/RTOS项目/源码/STM32F10x_FWLib/inc/stm32f10x_dbgmcu.h
rtos-project	code-or-config	20754	2ba038050d07735a	projects/RTOS项目/源码/STM32F10x_FWLib/inc/stm32f10x_dma.h
rtos-project	code-or-config	6824	661b039483459137	projects/RTOS项目/源码/STM32F10x_FWLib/inc/stm32f10x_exti.h
rtos-project	code-or-config	25445	952ca72ee4d01e49	projects/RTOS项目/源码/STM32F10x_FWLib/inc/stm32f10x_flash.h
rtos-project	code-or-config	27016	b2e640d05f6dd11e	projects/RTOS项目/源码/STM32F10x_FWLib/inc/stm32f10x_fsmc.h
rtos-project	code-or-config	20175	ef945fe7b2e4a8f3	projects/RTOS项目/源码/STM32F10x_FWLib/inc/stm32f10x_gpio.h
rtos-project	code-or-config	30029	08b14d4160908157	projects/RTOS项目/源码/STM32F10x_FWLib/inc/stm32f10x_i2c.h
rtos-project	code-or-config	3828	4a0e65ceebeb69de	projects/RTOS项目/源码/STM32F10x_FWLib/inc/stm32f10x_iwdg.h
rtos-project	code-or-config	4383	b7b31d2bfb3d56e7	projects/RTOS项目/源码/STM32F10x_FWLib/inc/stm32f10x_pwr.h
rtos-project	code-or-config	30452	894e140a70b0cdc9	projects/RTOS项目/源码/STM32F10x_FWLib/inc/stm32f10x_rcc.h
rtos-project	code-or-config	3857	4a0ef73054c3f7f7	projects/RTOS项目/源码/STM32F10x_FWLib/inc/stm32f10x_rtc.h
rtos-project	code-or-config	21863	35f5d75421ab3c76	projects/RTOS项目/源码/STM32F10x_FWLib/inc/stm32f10x_sdio.h
rtos-project	code-or-config	17725	e5dce165ef95fd87	projects/RTOS项目/源码/STM32F10x_FWLib/inc/stm32f10x_spi.h
rtos-project	code-or-config	52427	dddf89f9b7134a2f	projects/RTOS项目/源码/STM32F10x_FWLib/inc/stm32f10x_tim.h
rtos-project	code-or-config	16548	9d4c2067e54defd6	projects/RTOS项目/源码/STM32F10x_FWLib/inc/stm32f10x_usart.h
rtos-project	code-or-config	2966	eb1a01bbaa33babc	projects/RTOS项目/源码/STM32F10x_FWLib/inc/stm32f10x_wwdg.h
rtos-project	code-or-config	7046	152c632e56151b25	projects/RTOS项目/源码/STM32F10x_FWLib/src/misc.c
rtos-project	code-or-config	47201	d269b826f617c7b1	projects/RTOS项目/源码/STM32F10x_FWLib/src/stm32f10x_adc.c
rtos-project	code-or-config	8463	f78d5077029cfec5	projects/RTOS项目/源码/STM32F10x_FWLib/src/stm32f10x_bkp.c
rtos-project	code-or-config	45103	bf9d3bec0785b8f2	projects/RTOS项目/源码/STM32F10x_FWLib/src/stm32f10x_can.c
rtos-project	code-or-config	11656	5cf689d7a2ecc324	projects/RTOS项目/源码/STM32F10x_FWLib/src/stm32f10x_cec.c
rtos-project	code-or-config	3347	962aa1381467118e	projects/RTOS项目/源码/STM32F10x_FWLib/src/stm32f10x_crc.c
rtos-project	code-or-config	19087	789a92c1dbb0dc74	projects/RTOS项目/源码/STM32F10x_FWLib/src/stm32f10x_dac.c
rtos-project	code-or-config	5149	9bfb6f964cd3b06a	projects/RTOS项目/源码/STM32F10x_FWLib/src/stm32f10x_dbgmcu.c
rtos-project	code-or-config	29607	b0ac759af150deaa	projects/RTOS项目/源码/STM32F10x_FWLib/src/stm32f10x_dma.c
rtos-project	code-or-config	6959	5783d10d46275d8b	projects/RTOS项目/源码/STM32F10x_FWLib/src/stm32f10x_exti.c
rtos-project	code-or-config	62553	902b84d67d66f117	projects/RTOS项目/源码/STM32F10x_FWLib/src/stm32f10x_flash.c
rtos-project	code-or-config	35484	1b623840bba04095	projects/RTOS项目/源码/STM32F10x_FWLib/src/stm32f10x_fsmc.c
rtos-project	code-or-config	23221	8255650b583b2bab	projects/RTOS项目/源码/STM32F10x_FWLib/src/stm32f10x_gpio.c
rtos-project	code-or-config	45782	a6f37a8a16b404b0	projects/RTOS项目/源码/STM32F10x_FWLib/src/stm32f10x_i2c.c
rtos-project	code-or-config	4916	bdae6086ce189dac	projects/RTOS项目/源码/STM32F10x_FWLib/src/stm32f10x_iwdg.c
rtos-project	code-or-config	8759	3f8c77033caad162	projects/RTOS项目/源码/STM32F10x_FWLib/src/stm32f10x_pwr.c
rtos-project	code-or-config	51271	f23bbc9b83e44e69	projects/RTOS项目/源码/STM32F10x_FWLib/src/stm32f10x_rcc.c
rtos-project	code-or-config	8598	59bc07137d60efbb	projects/RTOS项目/源码/STM32F10x_FWLib/src/stm32f10x_rtc.c
rtos-project	code-or-config	28933	d042b43fbfd54317	projects/RTOS项目/源码/STM32F10x_FWLib/src/stm32f10x_sdio.c
rtos-project	code-or-config	30224	0214f213058353f2	projects/RTOS项目/源码/STM32F10x_FWLib/src/stm32f10x_spi.c
rtos-project	code-or-config	109159	bd12bf18b03b8585	projects/RTOS项目/源码/STM32F10x_FWLib/src/stm32f10x_tim.c
rtos-project	code-or-config	38312	f9567e3efad9da0a	projects/RTOS项目/源码/STM32F10x_FWLib/src/stm32f10x_usart.c
rtos-project	code-or-config	5735	1d51fbbe3da7731b	projects/RTOS项目/源码/STM32F10x_FWLib/src/stm32f10x_wwdg.c
rtos-project	code-or-config	3234	a2e7fbe67af77c60	projects/RTOS项目/源码/SYSTEM/delay/delay.c
rtos-project	code-or-config	506	dbd3569255a9ab0f	projects/RTOS项目/源码/SYSTEM/delay/delay.h
rtos-project	code-or-config	674	19c07f1e1887d409	projects/RTOS项目/源码/SYSTEM/sys/sys.c
rtos-project	code-or-config	3245	da408e4f4e9e3892	projects/RTOS项目/源码/SYSTEM/sys/sys.h
rtos-project	code-or-config	5302	56950659d3ab0098	projects/RTOS项目/源码/SYSTEM/usart/usart.c
rtos-project	code-or-config	703	4a6b5bd13a335b66	projects/RTOS项目/源码/SYSTEM/usart/usart.h
rtos-project	other-binary-or-config	6860	c071afc4d3e0a81f	projects/RTOS项目/源码/USER/DebugConfig/PWM_STM32F103ZE_1.0.0.dbgconf
rtos-project	other-binary-or-config	339	c0bc76c307786ae3	projects/RTOS项目/源码/USER/EventRecorderStub.scvd
rtos-project	code-or-config	671	d68cd13771e36de4	projects/RTOS项目/源码/USER/JLinkSettings.ini
rtos-project	build-artifact	361782	ab1dc1e7370c3e29	projects/RTOS项目/源码/USER/PWM.map
rtos-project	other-binary-or-config	69828	3665c18828e534a9	projects/RTOS项目/源码/USER/PWM.uvguix.Administrator
rtos-project	derived-backup	90872	d60cb6dc570dc067	projects/RTOS项目/源码/USER/PWM.uvguix.lzy
rtos-project	other-binary-or-config	181455	ab92f688770db2dd	projects/RTOS项目/源码/USER/PWM.uvguix.xiaoyouyou
rtos-project	other-binary-or-config	27804	1f6e917cfbecf6b6	projects/RTOS项目/源码/USER/PWM.uvoptx
rtos-project	code-or-config	3711	cc4749b35fceb61a	projects/RTOS项目/源码/USER/main.c
rtos-project	code-or-config	1724	5b4a4d40a5cbe826	projects/RTOS项目/源码/USER/main.h
rtos-project	build-artifact	22033	a8e63de6f3f8b9b1	projects/RTOS项目/源码/USER/os_cpu_a.lst
rtos-project	other-binary-or-config	178161	1a9fb06fd5a63a59	projects/RTOS项目/源码/USER/project.uvguix.xiaoyouyou
rtos-project	other-binary-or-config	28130	43905b81cee246bb	projects/RTOS项目/源码/USER/project.uvoptx
rtos-project	other-binary-or-config	22866	7e5210050758e8a2	projects/RTOS项目/源码/USER/project.uvprojx
rtos-project	build-artifact	51063	71ad79d14e9f06d2	projects/RTOS项目/源码/USER/startup_stm32f10x_hd.lst
rtos-project	build-artifact	44138	eace2c1fa383e356	projects/RTOS项目/源码/USER/startup_stm32f10x_md.lst
rtos-project	code-or-config	634160	2bc941c79b116e50	projects/RTOS项目/源码/USER/stm32f10x.h
rtos-project	code-or-config	3236	e83ea5cfcd98e1f1	projects/RTOS项目/源码/USER/stm32f10x_conf.h
rtos-project	code-or-config	2440	fd500c7ea3e456c8	projects/RTOS项目/源码/USER/stm32f10x_it.c
rtos-project	code-or-config	1983	408e9a069ddad35c	projects/RTOS项目/源码/USER/stm32f10x_it.h
rtos-project	code-or-config	36577	0adc10285854d9cb	projects/RTOS项目/源码/USER/system_stm32f10x.c
rtos-project	code-or-config	2085	919dc1f5c6bbba74	projects/RTOS项目/源码/USER/system_stm32f10x.h
rtos-project	attachment-evidence	4816	f5cb0969e6a2a39f	projects/RTOS项目/源码/assets/context-switch_animated.svg
rtos-project	attachment-evidence	4699	cb12c62ff5c7958b	projects/RTOS项目/源码/assets/dht11-timing.svg
rtos-project	attachment-evidence	5095	e5149b9b6182392a	projects/RTOS项目/源码/assets/encoder-pid-loop_animated.svg
rtos-project	attachment-evidence	4877	f3faa03bf25b2691	projects/RTOS项目/源码/assets/freertos-startup_animated.svg
rtos-project	attachment-evidence	6363	52395203f4036502	projects/RTOS项目/源码/assets/iap-power-recovery_animated.svg
rtos-project	attachment-evidence	3750	8d2402f5df33f976	projects/RTOS项目/源码/assets/isr-task-handoff_animated.svg
rtos-project	attachment-evidence	4660	03fe1115c762d755	projects/RTOS项目/源码/assets/state-sharing_animated.svg
rtos-project	attachment-evidence	4699	cb12c62ff5c7958b	projects/RTOS项目/源码/dht11-timing.svg
rtos-project	code-or-config	3527	901747ff5e09e807	projects/RTOS项目/源码/fix_review.py
rtos-project	code-or-config	407	78edd44915f6edcc	projects/RTOS项目/源码/keilkilll.bat
rtos-project	other-binary-or-config	1092	d2e6c9f3bde465cd	projects/RTOS项目/源码/repair_microsoft_store.ps1
rtos-project	build-artifact	3688	20b796d59dfe0ffd	projects/RTOS项目/源码/tools/APP.bin
rtos-project	build-artifact	3692	bcddb5a9974b9952	projects/RTOS项目/源码/tools/APP_crc.bin
rtos-project	code-or-config	3044	56f806608eb96324	projects/RTOS项目/源码/tools/add_crc32.py
rtos-project	knowledge-document	444	86936ed788892761	projects/RTOS项目/源码/文件夹说明.txt
linux-vision	knowledge-document	109665	2dc0c5ba38c5c08b	projects/linux视觉感知项目/Linux视觉感知处理原作者文档.md
linux-vision	knowledge-document	80076	69e6331e8ab974fd	projects/linux视觉感知项目/Linux视觉感知处理系统-完整代码流程详解.md
linux-vision	knowledge-document	50187	7f424b250a08a252	projects/linux视觉感知项目/Linux视觉感知处理系统-完整代码流程详解grok.md
linux-vision	knowledge-document	6179	feb598bb24f7a2dc	projects/linux视觉感知项目/index.md
linux-vision	knowledge-document	14722	b65bc8cbfc03bb9f	projects/linux视觉感知项目/原作者学习指南.md
linux-vision	knowledge-document	8033	5061648a3ac212d6	projects/linux视觉感知项目/文档/00 项目总览/0.1 深度学习入口与阅读顺序.md
linux-vision	knowledge-document	5587	afac9a704ef859c4	projects/linux视觉感知项目/文档/00 项目总览/0.2 主动回忆与破坏测试手册.md
linux-vision	knowledge-document	16677	a7f80fbb6e0e2b6f	projects/linux视觉感知项目/文档/01 项目概述/1.1 项目概述.md
linux-vision	knowledge-document	9710	4d2d24514ba3baa8	projects/linux视觉感知项目/文档/01 项目概述/1.2 环境搭建与依赖安装.md
linux-vision	knowledge-document	13850	874e407914dd5e93	projects/linux视觉感知项目/文档/01 项目概述/1.3 CMake 构建指南.md
linux-vision	knowledge-document	10910	0f8d23facf51ef26	projects/linux视觉感知项目/文档/01 项目概述/1.4 快速运行车道线检测.md
linux-vision	knowledge-document	12509	704a608aad732cca	projects/linux视觉感知项目/文档/01 项目概述/1.5 系统全景与数据流.md
linux-vision	knowledge-document	26137	50bdc133ceb09122	projects/linux视觉感知项目/文档/01 项目概述/1.6 模块间协作与进程通信.md
linux-vision	knowledge-document	10923	211bfa400cb72675	projects/linux视觉感知项目/文档/02 Qt 上位机/2.1 界面布局与UI控件.md
linux-vision	knowledge-document	18277	9a13c3bdf71503c7	projects/linux视觉感知项目/文档/02 Qt 上位机/2.2 信号槽机制与交互.md
linux-vision	knowledge-document	15651	c4a9d608497a1fee	projects/linux视觉感知项目/文档/02 Qt 上位机/2.3 QProcess 进程管理.md
linux-vision	knowledge-document	16995	3c455e70e002ea86	projects/linux视觉感知项目/文档/02 Qt 上位机/2.4 CPU与内存实时监控.md
linux-vision	knowledge-document	11727	5f84f67ca304e36d	projects/linux视觉感知项目/文档/02 Qt 上位机/2.5 Mat与QImage格式互转.md
linux-vision	knowledge-document	15058	028bc0677c92cf53	projects/linux视觉感知项目/文档/03 LIME 低照度增强/3.1 算法原理：Retinex与光照图.md
linux-vision	knowledge-document	14784	a3c17466d665115f	projects/linux视觉感知项目/文档/03 LIME 低照度增强/3.2 ADMM优化框架.md
linux-vision	knowledge-document	14414	d0661b21e391e211	projects/linux视觉感知项目/文档/03 LIME 低照度增强/3.3 收敛策略与参数调优.md
linux-vision	knowledge-document	13501	0f93600e43315ac2	projects/linux视觉感知项目/文档/03 LIME 低照度增强/3.4 循环重排与缓存优化.md
linux-vision	knowledge-document	25313	daa79d3be7f206ec	projects/linux视觉感知项目/文档/03 LIME 低照度增强/3.5 NEON SIMD向量化加速.md
linux-vision	knowledge-document	21821	3ccad4d45588db31	projects/linux视觉感知项目/文档/03 LIME 低照度增强/3.6 OpenMP多线程并行.md
linux-vision	knowledge-document	17927	22bcfdbd7efbcc4d	projects/linux视觉感知项目/文档/03 LIME 低照度增强/3.7 优化前后性能对比.md
linux-vision	knowledge-document	20333	ed033d5759e1a125	projects/linux视觉感知项目/文档/04 模型推理部署/4.1 LSTR模型架构与曲线解码.md
linux-vision	knowledge-document	23082	90dd81dd415572b8	projects/linux视觉感知项目/文档/04 模型推理部署/4.2 ONNX Runtime推理流程.md
linux-vision	knowledge-document	13175	3533235d4829b37e	projects/linux视觉感知项目/文档/04 模型推理部署/4.3 log_space与双输入机制.md
linux-vision	knowledge-document	17860	5c63ffa83b5b57df	projects/linux视觉感知项目/文档/04 模型推理部署/4.4 Unet编码器-解码器架构.md
linux-vision	knowledge-document	17255	feceba60d5b8862d	projects/linux视觉感知项目/文档/04 模型推理部署/4.5 NCNN部署与HWC-CHW转换.md
linux-vision	knowledge-document	11217	ec1af53625985958	projects/linux视觉感知项目/文档/04 模型推理部署/4.6 两种方案对比：分割vs曲线.md
linux-vision	knowledge-document	32705	d59ddc32f3c1fa4c	projects/linux视觉感知项目/文档/04 模型推理部署/4.7 嵌入式平台优化策略.md
linux-vision	knowledge-document	18453	09463a2958c673b9	projects/linux视觉感知项目/文档/05 系统集成与性能/5.1 模型轻量化与参数压缩.md
linux-vision	knowledge-document	16903	53c5f26cc4aab956	projects/linux视觉感知项目/文档/05 系统集成与性能/5.2 Unet 语义分割（NCNN）/5.2.1 Unet 编码器-解码器架构与 skip connection.md
linux-vision	knowledge-document	14414	b46b228a49b7bfd3	projects/linux视觉感知项目/文档/05 系统集成与性能/5.3 文件系统数据交换设计.md
linux-vision	knowledge-document	18212	546e08a89307e8c2	projects/linux视觉感知项目/文档/06 面试与复习/6.1 学习计划与时间分配.md
linux-vision	knowledge-document	26865	6576cc4b92c6fd11	projects/linux视觉感知项目/文档/06 面试与复习/6.2 项目全局面试问答.md
linux-vision	knowledge-document	20816	a8018bd6aead4817	projects/linux视觉感知项目/文档/06 面试与复习/6.3 LIME与优化面试要点.md
linux-vision	knowledge-document	15849	96c572448376a9d6	projects/linux视觉感知项目/文档/06 面试与复习/6.4 LSTR与Unet部署面试要点.md
linux-vision	knowledge-document	30232	aa4acd7883cb16bc	projects/linux视觉感知项目/文档/06 面试与复习/6.5 系统设计决策与追问应对.md
linux-vision	knowledge-document	116521	78fa4dd8abf46a85	projects/linux视觉感知项目/源码/Linux视觉感知处理原作者文档.md
linux-vision	knowledge-document	3766	cf1300378970ecc9	projects/linux视觉感知项目/源码/readme.txt
linux-vision	code-or-config	967	eb87af2d0f3278cc	projects/linux视觉感知项目/源码/上位机程序/Lane_Detection/1102demo3.pro
linux-vision	other-binary-or-config	22130	26f03525bcc689aa	projects/linux视觉感知项目/源码/上位机程序/Lane_Detection/1102demo3.pro.user
linux-vision	other-binary-or-config	23722	abbd35b13c632620	projects/linux视觉感知项目/源码/上位机程序/Lane_Detection/1102demo3.pro.user.a6216ba.4.8-pre1
linux-vision	knowledge-document	876	86640958d59a9309	projects/linux视觉感知项目/源码/上位机程序/Lane_Detection/LSTR/CMakeLists.txt
linux-vision	build-artifact	17012	6bc37d7527dfc149	projects/linux视觉感知项目/源码/上位机程序/Lane_Detection/LSTR/build/CMakeCache.txt
linux-vision	build-artifact	2498	3aefeb492e6cc193	projects/linux视觉感知项目/源码/上位机程序/Lane_Detection/LSTR/build/CMakeFiles/3.26.0/CMakeCCompiler.cmake
linux-vision	build-artifact	5473	92a4554a99021342	projects/linux视觉感知项目/源码/上位机程序/Lane_Detection/LSTR/build/CMakeFiles/3.26.0/CMakeCXXCompiler.cmake
linux-vision	build-artifact	9376	076d5445c2d45ad8	projects/linux视觉感知项目/源码/上位机程序/Lane_Detection/LSTR/build/CMakeFiles/3.26.0/CMakeDetermineCompilerABI_C.bin
linux-vision	build-artifact	9400	88c2107eec2cc5e0	projects/linux视觉感知项目/源码/上位机程序/Lane_Detection/LSTR/build/CMakeFiles/3.26.0/CMakeDetermineCompilerABI_CXX.bin
linux-vision	build-artifact	404	7449218e0d5d1a2e	projects/linux视觉感知项目/源码/上位机程序/Lane_Detection/LSTR/build/CMakeFiles/3.26.0/CMakeSystem.cmake
linux-vision	build-artifact	26502	9388c5cdafe7dd7b	projects/linux视觉感知项目/源码/上位机程序/Lane_Detection/LSTR/build/CMakeFiles/3.26.0/CompilerIdC/CMakeCCompilerId.c
linux-vision	build-artifact	9520	aead473e1a9bb2ab	projects/linux视觉感知项目/源码/上位机程序/Lane_Detection/LSTR/build/CMakeFiles/3.26.0/CompilerIdC/a.out
linux-vision	build-artifact	26276	ddefd1fad81e0542	projects/linux视觉感知项目/源码/上位机程序/Lane_Detection/LSTR/build/CMakeFiles/3.26.0/CompilerIdCXX/CMakeCXXCompilerId.cpp
linux-vision	build-artifact	9528	5534dc604b4d2329	projects/linux视觉感知项目/源码/上位机程序/Lane_Detection/LSTR/build/CMakeFiles/3.26.0/CompilerIdCXX/a.out
linux-vision	build-artifact	106835	3f2ca55d42e17ffb	projects/linux视觉感知项目/源码/上位机程序/Lane_Detection/LSTR/build/CMakeFiles/CMakeConfigureLog.yaml
linux-vision	build-artifact	824	f7d271d9ad38a049	projects/linux视觉感知项目/源码/上位机程序/Lane_Detection/LSTR/build/CMakeFiles/CMakeDirectoryInformation.cmake
linux-vision	build-artifact	9272	c9d467273fa009a7	projects/linux视觉感知项目/源码/上位机程序/Lane_Detection/LSTR/build/CMakeFiles/FindOpenMP/ompver_C.bin
linux-vision	build-artifact	9280	19c9394dd365a36d	projects/linux视觉感知项目/源码/上位机程序/Lane_Detection/LSTR/build/CMakeFiles/FindOpenMP/ompver_CXX.bin
linux-vision	build-artifact	670	d86952a1e8a6add3	projects/linux视觉感知项目/源码/上位机程序/Lane_Detection/LSTR/build/CMakeFiles/LSTR.dir/DependInfo.cmake
linux-vision	build-artifact	6370	3ea21aeb49d6497f	projects/linux视觉感知项目/源码/上位机程序/Lane_Detection/LSTR/build/CMakeFiles/LSTR.dir/build.make
linux-vision	build-artifact	267	4b25b664fa5f4b4c	projects/linux视觉感知项目/源码/上位机程序/Lane_Detection/LSTR/build/CMakeFiles/LSTR.dir/cmake_clean.cmake
linux-vision	build-artifact	18764	6271c0e29c7765ba	projects/linux视觉感知项目/源码/上位机程序/Lane_Detection/LSTR/build/CMakeFiles/LSTR.dir/compiler_depend.internal
linux-vision	build-artifact	38663	0cd172a695fe8f15	projects/linux视觉感知项目/源码/上位机程序/Lane_Detection/LSTR/build/CMakeFiles/LSTR.dir/compiler_depend.make
linux-vision	build-artifact	111	e750a44df0a1acf9	projects/linux视觉感知项目/源码/上位机程序/Lane_Detection/LSTR/build/CMakeFiles/LSTR.dir/compiler_depend.ts
linux-vision	build-artifact	88	0d40c799b0791a24	projects/linux视觉感知项目/源码/上位机程序/Lane_Detection/LSTR/build/CMakeFiles/LSTR.dir/depend.make
linux-vision	build-artifact	368	f250c0a09b325afd	projects/linux视觉感知项目/源码/上位机程序/Lane_Detection/LSTR/build/CMakeFiles/LSTR.dir/flags.make
linux-vision	build-artifact	959	364a203838185f6f	projects/linux视觉感知项目/源码/上位机程序/Lane_Detection/LSTR/build/CMakeFiles/LSTR.dir/link.txt
linux-vision	build-artifact	647344	70499c595310e18c	projects/linux视觉感知项目/源码/上位机程序/Lane_Detection/LSTR/build/CMakeFiles/LSTR.dir/main.cpp.o
linux-vision	build-artifact	19146	7400baa5908d1978	projects/linux视觉感知项目/源码/上位机程序/Lane_Detection/LSTR/build/CMakeFiles/LSTR.dir/main.cpp.o.d
linux-vision	build-artifact	43	c06e644090b09d41	projects/linux视觉感知项目/源码/上位机程序/Lane_Detection/LSTR/build/CMakeFiles/LSTR.dir/progress.make
linux-vision	build-artifact	3011	d601b272b2fe7f7d	projects/linux视觉感知项目/源码/上位机程序/Lane_Detection/LSTR/build/CMakeFiles/Makefile.cmake
linux-vision	build-artifact	3984	046da79535c60aea	projects/linux视觉感知项目/源码/上位机程序/Lane_Detection/LSTR/build/CMakeFiles/Makefile2
linux-vision	build-artifact	459	6edafff1e37fcd59	projects/linux视觉感知项目/源码/上位机程序/Lane_Detection/LSTR/build/CMakeFiles/TargetDirectories.txt
linux-vision	build-artifact	85	a26189e394421da5	projects/linux视觉感知项目/源码/上位机程序/Lane_Detection/LSTR/build/CMakeFiles/cmake.check_cache
linux-vision	build-artifact	2	53c234e5e8472b6a	projects/linux视觉感知项目/源码/上位机程序/Lane_Detection/LSTR/build/CMakeFiles/progress.marks
linux-vision	build-artifact	274968	0033829e4dc3e231	projects/linux视觉感知项目/源码/上位机程序/Lane_Detection/LSTR/build/LSTR
linux-vision	build-artifact	5653	cbbdc26bffcfdf9b	projects/linux视觉感知项目/源码/上位机程序/Lane_Detection/LSTR/build/Makefile
linux-vision	build-artifact	1818	9c76b759ac16902c	projects/linux视觉感知项目/源码/上位机程序/Lane_Detection/LSTR/build/cmake_install.cmake
linux-vision	attachment-evidence	262236	79ec48c6cf63c7d7	projects/linux视觉感知项目/源码/上位机程序/Lane_Detection/LSTR/images/0.jpg
linux-vision	attachment-evidence	207459	d171fcfcc1df205e	projects/linux视觉感知项目/源码/上位机程序/Lane_Detection/LSTR/images/1.jpg
linux-vision	attachment-evidence	133198	e58510558bf020f3	projects/linux视觉感知项目/源码/上位机程序/Lane_Detection/LSTR/images/2.jpeg
linux-vision	attachment-evidence	172402	16135d6368ad7540	projects/linux视觉感知项目/源码/上位机程序/Lane_Detection/LSTR/images/2.jpg
linux-vision	attachment-evidence	239175	99eecb86969046f6	projects/linux视觉感知项目/源码/上位机程序/Lane_Detection/LSTR/images/3.jpg
linux-vision	attachment-evidence	128931	50b446e86625f925	projects/linux视觉感知项目/源码/上位机程序/Lane_Detection/LSTR/images/7(1).jpg
linux-vision	attachment-evidence	55485	59fcd20aa8db15d5	projects/linux视觉感知项目/源码/上位机程序/Lane_Detection/LSTR/images/7.jpg
linux-vision	attachment-evidence	67278	b180c8fef16ea1ae	projects/linux视觉感知项目/源码/上位机程序/Lane_Detection/LSTR/images/test1.jpg
linux-vision	attachment-evidence	85524	d63c4474ec9775d4	projects/linux视觉感知项目/源码/上位机程序/Lane_Detection/LSTR/images/test2.jpg
linux-vision	attachment-evidence	43835	925f3820381676c6	projects/linux视觉感知项目/源码/上位机程序/Lane_Detection/LSTR/images/test3.jpg
linux-vision	attachment-evidence	78991	79388f76e6703c26	projects/linux视觉感知项目/源码/上位机程序/Lane_Detection/LSTR/images/test4.jpg
linux-vision	attachment-evidence	83781	d9e778870f2f29e2	projects/linux视觉感知项目/源码/上位机程序/Lane_Detection/LSTR/images/test5.jpg
linux-vision	attachment-evidence	37163	4c10eb1905bf94fc	projects/linux视觉感知项目/源码/上位机程序/Lane_Detection/LSTR/images/test6.jpg
linux-vision	code-or-config	3632	0095085bdecc4164	projects/linux视觉感知项目/源码/上位机程序/Lane_Detection/LSTR/include/environment.h
linux-vision	code-or-config	3016	37a7c9ae2dd6001e	projects/linux视觉感知项目/源码/上位机程序/Lane_Detection/LSTR/include/experimental_onnxruntime_cxx_api.h
linux-vision	code-or-config	4866	7f5cf1653e7379f7	projects/linux视觉感知项目/源码/上位机程序/Lane_Detection/LSTR/include/experimental_onnxruntime_cxx_inline.h
linux-vision	code-or-config	21837	9a500968279799da	projects/linux视觉感知项目/源码/上位机程序/Lane_Detection/LSTR/include/lime.h
linux-vision	code-or-config	7512	5c72f6eba426ba24	projects/linux视觉感知项目/源码/上位机程序/Lane_Detection/LSTR/include/omp.h
linux-vision	code-or-config	348	d4c82ff632a7a402	projects/linux视觉感知项目/源码/上位机程序/Lane_Detection/LSTR/include/onnxruntime/core/common/basic_types.h
linux-vision	code-or-config	1899	2ea46fe05464b772	projects/linux视觉感知项目/源码/上位机程序/Lane_Detection/LSTR/include/onnxruntime/core/common/code_location.h
linux-vision	code-or-config	13269	2f95197d322d6371	projects/linux视觉感知项目/源码/上位机程序/Lane_Detection/LSTR/include/onnxruntime/core/common/common.h
linux-vision	code-or-config	2867	79e65d6fb6cc09be	projects/linux视觉感知项目/源码/上位机程序/Lane_Detection/LSTR/include/onnxruntime/core/common/const_pointer_container.h
linux-vision	code-or-config	358	1ca5b80fec050b20	projects/linux视觉感知项目/源码/上位机程序/Lane_Detection/LSTR/include/onnxruntime/core/common/denormal.h
linux-vision	code-or-config	2713	33a48f8f1e924922	projects/linux视觉感知项目/源码/上位机程序/Lane_Detection/LSTR/include/onnxruntime/core/common/eigen_common_wrapper.h
linux-vision	code-or-config	2380	6662935d9ccf71a0	projects/linux视觉感知项目/源码/上位机程序/Lane_Detection/LSTR/include/onnxruntime/core/common/exceptions.h
linux-vision	code-or-config	17545	a468dd2565c8a5cf	projects/linux视觉感知项目/源码/上位机程序/Lane_Detection/LSTR/include/onnxruntime/core/common/gpu_profiler_common.h
linux-vision	code-or-config	130	9f978fcb359e0848	projects/linux视觉感知项目/源码/上位机程序/Lane_Detection/LSTR/include/onnxruntime/core/common/gsl.h
linux-vision	code-or-config	789	a55690103d02d817	projects/linux视觉感知项目/源码/上位机程序/Lane_Detection/LSTR/include/onnxruntime/core/common/hash_combine.h
linux-vision	code-or-config	6516	6e132032f19bec0c	projects/linux视觉感知项目/源码/上位机程序/Lane_Detection/LSTR/include/onnxruntime/core/common/inlined_containers.h
linux-vision	code-or-config	5845	8a82aa6fb4951086	projects/linux视觉感知项目/源码/上位机程序/Lane_Detection/LSTR/include/onnxruntime/core/common/inlined_containers_fwd.h
linux-vision	code-or-config	3226	7dbf5a7c76f2210f	projects/linux视觉感知项目/源码/上位机程序/Lane_Detection/LSTR/include/onnxruntime/core/common/logging/capture.h
linux-vision	code-or-config	1069	93ebfc9b36a3dbb5	projects/linux视觉感知项目/源码/上位机程序/Lane_Detection/LSTR/include/onnxruntime/core/common/logging/isink.h
linux-vision	code-or-config	12284	ed228910b13974d5	projects/linux视觉感知项目/源码/上位机程序/Lane_Detection/LSTR/include/onnxruntime/core/common/logging/logging.h
linux-vision	code-or-config	14331	cafca11f88a532a9	projects/linux视觉感知项目/源码/上位机程序/Lane_Detection/LSTR/include/onnxruntime/core/common/logging/macros.h
linux-vision	code-or-config	686	508a327308552b83	projects/linux视觉感知项目/源码/上位机程序/Lane_Detection/LSTR/include/onnxruntime/core/common/logging/severity.h
linux-vision	code-or-config	4231	1fedefac5058bf5d	projects/linux视觉感知项目/源码/上位机程序/Lane_Detection/LSTR/include/onnxruntime/core/common/make_string.h
linux-vision	code-or-config	2622	a35bc6de47cf50b3	projects/linux视觉感知项目/源码/上位机程序/Lane_Detection/LSTR/include/onnxruntime/core/common/narrow.h
linux-vision	code-or-config	387	68fc027dc31735c9	projects/linux视觉感知项目/源码/上位机程序/Lane_Detection/LSTR/include/onnxruntime/core/common/optional.h
linux-vision	code-or-config	2044	c90477d6c2b59664	projects/linux视觉感知项目/源码/上位机程序/Lane_Detection/LSTR/include/onnxruntime/core/common/parse_string.h
linux-vision	code-or-config	2810	05f8a13d7c7b9234	projects/linux视觉感知项目/源码/上位机程序/Lane_Detection/LSTR/include/onnxruntime/core/common/profiler_common.h
linux-vision	code-or-config	2871	daaecf5dd687aa5a	projects/linux视觉感知项目/源码/上位机程序/Lane_Detection/LSTR/include/onnxruntime/core/common/span_utils.h
linux-vision	code-or-config	454	fbc21fc881177f51	projects/linux视觉感知项目/源码/上位机程序/Lane_Detection/LSTR/include/onnxruntime/core/common/spin_pause.h
linux-vision	code-or-config	5144	0029a35cd80af7d3	projects/linux视觉感知项目/源码/上位机程序/Lane_Detection/LSTR/include/onnxruntime/core/common/status.h
linux-vision	code-or-config	288	acdef17b85c032d4	projects/linux视觉感知项目/源码/上位机程序/Lane_Detection/LSTR/include/onnxruntime/core/common/string_helper.h
linux-vision	code-or-config	1794	93e0cd84afeb0a95	projects/linux视觉感知项目/源码/上位机程序/Lane_Detection/LSTR/include/onnxruntime/core/eager/ort_kernel_invoker.h
linux-vision	code-or-config	1429	aa2e38c87f83e7b8	projects/linux视觉感知项目/源码/上位机程序/Lane_Detection/LSTR/include/onnxruntime/core/framework/alloc_kind.h
linux-vision	code-or-config	8258	23a062cd70bf17df	projects/linux视觉感知项目/源码/上位机程序/Lane_Detection/LSTR/include/onnxruntime/core/framework/allocator.h
linux-vision	code-or-config	1149	9c891cda10de6b56	projects/linux视觉感知项目/源码/上位机程序/Lane_Detection/LSTR/include/onnxruntime/core/framework/buffer_deleter.h
linux-vision	code-or-config	1901	198ed2348987ffcd	projects/linux视觉感知项目/源码/上位机程序/Lane_Detection/LSTR/include/onnxruntime/core/framework/customregistry.h
linux-vision	code-or-config	34310	1c4db155574ffab1	projects/linux视觉感知项目/源码/上位机程序/Lane_Detection/LSTR/include/onnxruntime/core/framework/data_types.h
linux-vision	code-or-config	24310	d5c62dd96e36a454	projects/linux视觉感知项目/源码/上位机程序/Lane_Detection/LSTR/include/onnxruntime/core/framework/data_types_internal.h
linux-vision	code-or-config	699	2e972009d0fcdf00	projects/linux视觉感知项目/源码/上位机程序/Lane_Detection/LSTR/include/onnxruntime/core/framework/endian.h
linux-vision	code-or-config	14944	36e04b7dd870cee3	projects/linux视觉感知项目/源码/上位机程序/Lane_Detection/LSTR/include/onnxruntime/core/framework/execution_provider.h
linux-vision	code-or-config	4871	0a50c91519a1df0c	projects/linux视觉感知项目/源码/上位机程序/Lane_Detection/LSTR/include/onnxruntime/core/framework/float16.h
linux-vision	code-or-config	572	a6c8a0cb71b794ef	projects/linux视觉感知项目/源码/上位机程序/Lane_Detection/LSTR/include/onnxruntime/core/framework/framework_common.h
linux-vision	code-or-config	255	7b308ce06b9309aa	projects/linux视觉感知项目/源码/上位机程序/Lane_Detection/LSTR/include/onnxruntime/core/framework/framework_provider_common.h
linux-vision	code-or-config	1046	e9a3f3068cb310c3	projects/linux视觉感知项目/源码/上位机程序/Lane_Detection/LSTR/include/onnxruntime/core/framework/func_api.h
linux-vision	code-or-config	11746	a3aa42310d663bd8	projects/linux视觉感知项目/源码/上位机程序/Lane_Detection/LSTR/include/onnxruntime/core/framework/kernel_def_builder.h
linux-vision	code-or-config	5735	7396e1c281a53761	projects/linux视觉感知项目/源码/上位机程序/Lane_Detection/LSTR/include/onnxruntime/core/framework/kernel_registry.h
linux-vision	code-or-config	23304	253f16efdb27eaef	projects/linux视觉感知项目/源码/上位机程序/Lane_Detection/LSTR/include/onnxruntime/core/framework/op_kernel.h
linux-vision	code-or-config	8057	ff768cc3617717da	projects/linux视觉感知项目/源码/上位机程序/Lane_Detection/LSTR/include/onnxruntime/core/framework/op_kernel_context.h
linux-vision	code-or-config	2360	bd2ff47624b7812b	projects/linux视觉感知项目/源码/上位机程序/Lane_Detection/LSTR/include/onnxruntime/core/framework/op_kernel_info.h
linux-vision	code-or-config	5885	7e2798a84a668785	projects/linux视觉感知项目/源码/上位机程序/Lane_Detection/LSTR/include/onnxruntime/core/framework/op_node_proto_helper.h
linux-vision	code-or-config	3871	1fa0260ead4fd92e	projects/linux视觉感知项目/源码/上位机程序/Lane_Detection/LSTR/include/onnxruntime/core/framework/ort_value.h
linux-vision	code-or-config	2608	30cc008898b9c236	projects/linux视觉感知项目/源码/上位机程序/Lane_Detection/LSTR/include/onnxruntime/core/framework/ortdevice.h
linux-vision	code-or-config	2628	62aa12c230acfba4	projects/linux视觉感知项目/源码/上位机程序/Lane_Detection/LSTR/include/onnxruntime/core/framework/ortmemoryinfo.h
linux-vision	code-or-config	480	cb7206ffd06ba31b	projects/linux视觉感知项目/源码/上位机程序/Lane_Detection/LSTR/include/onnxruntime/core/framework/provider_options.h
linux-vision	code-or-config	5304	75e7354a899fe244	projects/linux视觉感知项目/源码/上位机程序/Lane_Detection/LSTR/include/onnxruntime/core/framework/provider_options_utils.h
linux-vision	code-or-config	167	12b6fc0d929cb8d7	projects/linux视觉感知项目/源码/上位机程序/Lane_Detection/LSTR/include/onnxruntime/core/framework/provider_shutdown.h
linux-vision	code-or-config	1882	d1d626a2a93b6c28	projects/linux视觉感知项目/源码/上位机程序/Lane_Detection/LSTR/include/onnxruntime/core/framework/run_options.h
linux-vision	code-or-config	23393	bcae340bb1bade43	projects/linux视觉感知项目/源码/上位机程序/Lane_Detection/LSTR/include/onnxruntime/core/framework/sparse_tensor.h
linux-vision	code-or-config	7634	28cde81552a9b1cd	projects/linux视觉感知项目/源码/上位机程序/Lane_Detection/LSTR/include/onnxruntime/core/framework/stream_handles.h
linux-vision	code-or-config	11342	578e7c1a6ff4ccc5	projects/linux视觉感知项目/源码/上位机程序/Lane_Detection/LSTR/include/onnxruntime/core/framework/tensor.h
linux-vision	code-or-config	6672	1e630e50d3b610ea	projects/linux视觉感知项目/源码/上位机程序/Lane_Detection/LSTR/include/onnxruntime/core/framework/tensor_shape.h
linux-vision	code-or-config	2709	50b1bf092394be89	projects/linux视觉感知项目/源码/上位机程序/Lane_Detection/LSTR/include/onnxruntime/core/framework/to_tensor_proto_element_type.h
linux-vision	code-or-config	1784	74fe403b0b59c2ff	projects/linux视觉感知项目/源码/上位机程序/Lane_Detection/LSTR/include/onnxruntime/core/graph/basic_types.h
linux-vision	code-or-config	3051	acebde036de1e4d9	projects/linux视觉感知项目/源码/上位机程序/Lane_Detection/LSTR/include/onnxruntime/core/graph/constants.h
linux-vision	code-or-config	677	35920c5730d31594	projects/linux视觉感知项目/源码/上位机程序/Lane_Detection/LSTR/include/onnxruntime/core/graph/function.h
linux-vision	code-or-config	73157	ef223a6a7a614ec6	projects/linux视觉感知项目/源码/上位机程序/Lane_Detection/LSTR/include/onnxruntime/core/graph/graph.h
linux-vision	code-or-config	6580	c1a3b2c3ccb87c87	projects/linux视觉感知项目/源码/上位机程序/Lane_Detection/LSTR/include/onnxruntime/core/graph/graph_nodes.h
linux-vision	code-or-config	8577	e36e66ace75eae3b	projects/linux视觉感知项目/源码/上位机程序/Lane_Detection/LSTR/include/onnxruntime/core/graph/graph_viewer.h
linux-vision	code-or-config	3381	c02b41dc4e0f4c54	projects/linux视觉感知项目/源码/上位机程序/Lane_Detection/LSTR/include/onnxruntime/core/graph/indexed_sub_graph.h
linux-vision	code-or-config	5771	b15c34902862667c	projects/linux视觉感知项目/源码/上位机程序/Lane_Detection/LSTR/include/onnxruntime/core/graph/node_arg.h
linux-vision	code-or-config	6305	93236b01edfabd84	projects/linux视觉感知项目/源码/上位机程序/Lane_Detection/LSTR/include/onnxruntime/core/graph/schema_registry.h
linux-vision	code-or-config	3487	9ccce4f3886aba82	projects/linux视觉感知项目/源码/上位机程序/Lane_Detection/LSTR/include/onnxruntime/core/optimizer/graph_transformer.h
linux-vision	code-or-config	3520	dd2f03caf5a30177	projects/linux视觉感知项目/源码/上位机程序/Lane_Detection/LSTR/include/onnxruntime/core/optimizer/graph_transformer_config.h
linux-vision	code-or-config	543	98e0ce46d552ded8	projects/linux视觉感知项目/源码/上位机程序/Lane_Detection/LSTR/include/onnxruntime/core/optimizer/graph_transformer_level.h
linux-vision	code-or-config	3989	da101ea67edc35eb	projects/linux视觉感知项目/源码/上位机程序/Lane_Detection/LSTR/include/onnxruntime/core/optimizer/graph_transformer_utils.h
linux-vision	code-or-config	4889	36953e0698493392	projects/linux视觉感知项目/源码/上位机程序/Lane_Detection/LSTR/include/onnxruntime/core/optimizer/rewrite_rule.h
linux-vision	code-or-config	4107	9d81a4b299ec5622	projects/linux视觉感知项目/源码/上位机程序/Lane_Detection/LSTR/include/onnxruntime/core/optimizer/rule_based_graph_transformer.h
linux-vision	code-or-config	2260	4c919064f8f64f44	projects/linux视觉感知项目/源码/上位机程序/Lane_Detection/LSTR/include/onnxruntime/core/platform/Barrier.h
linux-vision	code-or-config	67157	74d6e99bb936ae92	projects/linux视觉感知项目/源码/上位机程序/Lane_Detection/LSTR/include/onnxruntime/core/platform/EigenNonBlockingThreadPool.h
linux-vision	code-or-config	7423	16938775449aa44e	projects/linux视觉感知项目/源码/上位机程序/Lane_Detection/LSTR/include/onnxruntime/core/platform/ort_mutex.h
linux-vision	code-or-config	17664	bc0d0061eb7f8585	projects/linux视觉感知项目/源码/上位机程序/Lane_Detection/LSTR/include/onnxruntime/core/platform/threadpool.h
linux-vision	code-or-config	225	c6d20603228292ed	projects/linux视觉感知项目/源码/上位机程序/Lane_Detection/LSTR/include/onnxruntime/core/platform/tracing.h
linux-vision	code-or-config	3687	60c9a41687c9927a	projects/linux视觉感知项目/源码/上位机程序/Lane_Detection/LSTR/include/onnxruntime/core/platform/windows/TraceLoggingConfig.h
linux-vision	knowledge-document	158	46d2b66e292efbf4	projects/linux视觉感知项目/源码/上位机程序/Lane_Detection/LSTR/include/onnxruntime/core/platform/windows/readme.txt
linux-vision	code-or-config	386	0141e3fffe1f75c8	projects/linux视觉感知项目/源码/上位机程序/Lane_Detection/LSTR/include/onnxruntime/core/providers/acl/acl_provider_factory.h
linux-vision	code-or-config	388	10546277066057d2	projects/linux视觉感知项目/源码/上位机程序/Lane_Detection/LSTR/include/onnxruntime/core/providers/armnn/armnn_provider_factory.h
linux-vision	code-or-config	1414	dabd7034c3bb805d	projects/linux视觉感知项目/源码/上位机程序/Lane_Detection/LSTR/include/onnxruntime/core/providers/cann/cann_provider_options.h
linux-vision	code-or-config	1529	069a08bcd3ea0c53	projects/linux视觉感知项目/源码/上位机程序/Lane_Detection/LSTR/include/onnxruntime/core/providers/coreml/coreml_provider_factory.h
linux-vision	code-or-config	397	0de52d129c718c07	projects/linux视觉感知项目/源码/上位机程序/Lane_Detection/LSTR/include/onnxruntime/core/providers/cpu/cpu_provider_factory.h
linux-vision	code-or-config	2709	f82bd9d8b2f7abf2	projects/linux视觉感知项目/源码/上位机程序/Lane_Detection/LSTR/include/onnxruntime/core/providers/cuda/cuda_provider_options.h
linux-vision	code-or-config	4381	501e14bf790d9d26	projects/linux视觉感知项目/源码/上位机程序/Lane_Detection/LSTR/include/onnxruntime/core/providers/dml/dml_provider_factory.h
linux-vision	code-or-config	283	d75c1a538adc1a70	projects/linux视觉感知项目/源码/上位机程序/Lane_Detection/LSTR/include/onnxruntime/core/providers/dnnl/dnnl_provider_options.h
linux-vision	code-or-config	2646	49f7e0952e57b7e2	projects/linux视觉感知项目/源码/上位机程序/Lane_Detection/LSTR/include/onnxruntime/core/providers/nnapi/nnapi_provider_factory.h
linux-vision	code-or-config	547	960a666c18a01784	projects/linux视觉感知项目/源码/上位机程序/Lane_Detection/LSTR/include/onnxruntime/core/providers/openvino/openvino_provider_factory.h
linux-vision	code-or-config	346	44bc81e40a4b7b61	projects/linux视觉感知项目/源码/上位机程序/Lane_Detection/LSTR/include/onnxruntime/core/providers/providers.h
linux-vision	code-or-config	252	ceb579630e299eb8	projects/linux视觉感知项目/源码/上位机程序/Lane_Detection/LSTR/include/onnxruntime/core/providers/rknpu/rknpu_provider_factory.h
linux-vision	code-or-config	313	feb6ca004afe1153	projects/linux视觉感知项目/源码/上位机程序/Lane_Detection/LSTR/include/onnxruntime/core/providers/tensorrt/tensorrt_provider_factory.h
linux-vision	code-or-config	4604	fdba3dcbf90ccfc3	projects/linux视觉感知项目/源码/上位机程序/Lane_Detection/LSTR/include/onnxruntime/core/providers/tensorrt/tensorrt_provider_options.h
linux-vision	code-or-config	447	cdd17c4afe59e791	projects/linux视觉感知项目/源码/上位机程序/Lane_Detection/LSTR/include/onnxruntime/core/providers/tvm/tvm_provider_factory.h
linux-vision	code-or-config	567	acd940057f293138	projects/linux视觉感知项目/源码/上位机程序/Lane_Detection/LSTR/include/onnxruntime/core/providers/winml/winml_provider_factory.h
linux-vision	code-or-config	3632	0095085bdecc4164	projects/linux视觉感知项目/源码/上位机程序/Lane_Detection/LSTR/include/onnxruntime/core/session/environment.h
linux-vision	code-or-config	3016	37a7c9ae2dd6001e	projects/linux视觉感知项目/源码/上位机程序/Lane_Detection/LSTR/include/onnxruntime/core/session/experimental_onnxruntime_cxx_api.h
linux-vision	code-or-config	4866	7f5cf1653e7379f7	projects/linux视觉感知项目/源码/上位机程序/Lane_Detection/LSTR/include/onnxruntime/core/session/experimental_onnxruntime_cxx_inline.h
linux-vision	code-or-config	185062	6915568b16f61371	projects/linux视觉感知项目/源码/上位机程序/Lane_Detection/LSTR/include/onnxruntime/core/session/onnxruntime_c_api.h
linux-vision	code-or-config	99176	70a826ce7213fb7e	projects/linux视觉感知项目/源码/上位机程序/Lane_Detection/LSTR/include/onnxruntime/core/session/onnxruntime_cxx_api.h
linux-vision	code-or-config	74619	7dd699a07474aa70	projects/linux视觉感知项目/源码/上位机程序/Lane_Detection/LSTR/include/onnxruntime/core/session/onnxruntime_cxx_inline.h
linux-vision	code-or-config	41661	46d4934a591380fa	projects/linux视觉感知项目/源码/上位机程序/Lane_Detection/LSTR/include/onnxruntime/core/session/onnxruntime_lite_custom_op.h
linux-vision	code-or-config	1622	25b0d8e767fc72d5	projects/linux视觉感知项目/源码/上位机程序/Lane_Detection/LSTR/include/onnxruntime/core/session/onnxruntime_run_options_config_keys.h
linux-vision	code-or-config	13071	9d729d385566fd7c	projects/linux视觉感知项目/源码/上位机程序/Lane_Detection/LSTR/include/onnxruntime/core/session/onnxruntime_session_options_config_keys.h
linux-vision	other-binary-or-config	521	bc483a9781f73a49	projects/linux视觉感知项目/源码/上位机程序/Lane_Detection/LSTR/include/onnxruntime/core/session/snippets.dox
linux-vision	code-or-config	185062	6915568b16f61371	projects/linux视觉感知项目/源码/上位机程序/Lane_Detection/LSTR/include/onnxruntime_c_api.h
linux-vision	code-or-config	99195	40f03fe0372de72a	projects/linux视觉感知项目/源码/上位机程序/Lane_Detection/LSTR/include/onnxruntime_cxx_api.h
linux-vision	code-or-config	74619	7dd699a07474aa70	projects/linux视觉感知项目/源码/上位机程序/Lane_Detection/LSTR/include/onnxruntime_cxx_inline.h
linux-vision	code-or-config	41661	46d4934a591380fa	projects/linux视觉感知项目/源码/上位机程序/Lane_Detection/LSTR/include/onnxruntime_lite_custom_op.h
linux-vision	code-or-config	1622	25b0d8e767fc72d5	projects/linux视觉感知项目/源码/上位机程序/Lane_Detection/LSTR/include/onnxruntime_run_options_config_keys.h
linux-vision	code-or-config	13071	9d729d385566fd7c	projects/linux视觉感知项目/源码/上位机程序/Lane_Detection/LSTR/include/onnxruntime_session_options_config_keys.h
linux-vision	build-artifact	18048112	c46bae7875cbd6b1	projects/linux视觉感知项目/源码/上位机程序/Lane_Detection/LSTR/lib/libonnxruntime.so
linux-vision	other-binary-or-config	18048112	c46bae7875cbd6b1	projects/linux视觉感知项目/源码/上位机程序/Lane_Detection/LSTR/lib/libonnxruntime.so.1.16.0
linux-vision	build-artifact	200	3194b8762aeb628b	projects/linux视觉感知项目/源码/上位机程序/Lane_Detection/LSTR/log_space.bin
linux-vision	attachment-evidence	3074878	a36f5368c53ff01e	projects/linux视觉感知项目/源码/上位机程序/Lane_Detection/LSTR/lstr_360x640.onnx
linux-vision	code-or-config	10781	ee80abc0e2fbd7da	projects/linux视觉感知项目/源码/上位机程序/Lane_Detection/LSTR/main.cpp
linux-vision	attachment-evidence	30212	3a820fb46b5e93d9	projects/linux视觉感知项目/源码/上位机程序/Lane_Detection/LSTR/result/1.jpg
linux-vision	attachment-evidence	31211	eddce15d05fa4e77	projects/linux视觉感知项目/源码/上位机程序/Lane_Detection/LSTR/result/10.jpg
linux-vision	attachment-evidence	29164	302008eb603f3ffd	projects/linux视觉感知项目/源码/上位机程序/Lane_Detection/LSTR/result/100.jpg
linux-vision	attachment-evidence	31257	08f2a598f0cea546	projects/linux视觉感知项目/源码/上位机程序/Lane_Detection/LSTR/result/11.jpg
linux-vision	attachment-evidence	31331	4248e0aff9576391	projects/linux视觉感知项目/源码/上位机程序/Lane_Detection/LSTR/result/12.jpg
linux-vision	attachment-evidence	31169	21659038c19d0fcd	projects/linux视觉感知项目/源码/上位机程序/Lane_Detection/LSTR/result/13.jpg
linux-vision	attachment-evidence	31169	21659038c19d0fcd	projects/linux视觉感知项目/源码/上位机程序/Lane_Detection/LSTR/result/14.jpg
linux-vision	attachment-evidence	31169	21659038c19d0fcd	projects/linux视觉感知项目/源码/上位机程序/Lane_Detection/LSTR/result/15.jpg
linux-vision	attachment-evidence	31169	21659038c19d0fcd	projects/linux视觉感知项目/源码/上位机程序/Lane_Detection/LSTR/result/16.jpg
linux-vision	attachment-evidence	31169	21659038c19d0fcd	projects/linux视觉感知项目/源码/上位机程序/Lane_Detection/LSTR/result/17.jpg
linux-vision	attachment-evidence	31169	21659038c19d0fcd	projects/linux视觉感知项目/源码/上位机程序/Lane_Detection/LSTR/result/18.jpg
linux-vision	attachment-evidence	31169	21659038c19d0fcd	projects/linux视觉感知项目/源码/上位机程序/Lane_Detection/LSTR/result/19.jpg
linux-vision	attachment-evidence	30255	bd6dec877b84c231	projects/linux视觉感知项目/源码/上位机程序/Lane_Detection/LSTR/result/2.jpg
linux-vision	attachment-evidence	31169	21659038c19d0fcd	projects/linux视觉感知项目/源码/上位机程序/Lane_Detection/LSTR/result/20.jpg
linux-vision	attachment-evidence	31169	21659038c19d0fcd	projects/linux视觉感知项目/源码/上位机程序/Lane_Detection/LSTR/result/21.jpg
linux-vision	attachment-evidence	31169	21659038c19d0fcd	projects/linux视觉感知项目/源码/上位机程序/Lane_Detection/LSTR/result/22.jpg
linux-vision	attachment-evidence	31169	21659038c19d0fcd	projects/linux视觉感知项目/源码/上位机程序/Lane_Detection/LSTR/result/23.jpg
linux-vision	attachment-evidence	31169	21659038c19d0fcd	projects/linux视觉感知项目/源码/上位机程序/Lane_Detection/LSTR/result/24.jpg
linux-vision	attachment-evidence	31169	21659038c19d0fcd	projects/linux视觉感知项目/源码/上位机程序/Lane_Detection/LSTR/result/25.jpg
linux-vision	attachment-evidence	31169	21659038c19d0fcd	projects/linux视觉感知项目/源码/上位机程序/Lane_Detection/LSTR/result/26.jpg
linux-vision	attachment-evidence	31169	21659038c19d0fcd	projects/linux视觉感知项目/源码/上位机程序/Lane_Detection/LSTR/result/27.jpg
linux-vision	attachment-evidence	31169	21659038c19d0fcd	projects/linux视觉感知项目/源码/上位机程序/Lane_Detection/LSTR/result/28.jpg
linux-vision	attachment-evidence	31169	21659038c19d0fcd	projects/linux视觉感知项目/源码/上位机程序/Lane_Detection/LSTR/result/29.jpg
linux-vision	attachment-evidence	30401	48e4300ed090202a	projects/linux视觉感知项目/源码/上位机程序/Lane_Detection/LSTR/result/3.jpg
linux-vision	attachment-evidence	31169	21659038c19d0fcd	projects/linux视觉感知项目/源码/上位机程序/Lane_Detection/LSTR/result/30.jpg
linux-vision	attachment-evidence	31169	21659038c19d0fcd	projects/linux视觉感知项目/源码/上位机程序/Lane_Detection/LSTR/result/31.jpg
linux-vision	attachment-evidence	31134	c320278db57e5050	projects/linux视觉感知项目/源码/上位机程序/Lane_Detection/LSTR/result/32.jpg
linux-vision	attachment-evidence	30327	a6647fc57017f2cc	projects/linux视觉感知项目/源码/上位机程序/Lane_Detection/LSTR/result/33.jpg
linux-vision	attachment-evidence	30688	728d5ec73095d7dd	projects/linux视觉感知项目/源码/上位机程序/Lane_Detection/LSTR/result/34.jpg
linux-vision	attachment-evidence	30721	c7047aba7975ab04	projects/linux视觉感知项目/源码/上位机程序/Lane_Detection/LSTR/result/35.jpg
linux-vision	attachment-evidence	30512	93e6f16a7e52a31a	projects/linux视觉感知项目/源码/上位机程序/Lane_Detection/LSTR/result/36.jpg
linux-vision	attachment-evidence	31657	5d676f6541613724	projects/linux视觉感知项目/源码/上位机程序/Lane_Detection/LSTR/result/37.jpg
linux-vision	attachment-evidence	31897	dbe2a2da2c8bf468	projects/linux视觉感知项目/源码/上位机程序/Lane_Detection/LSTR/result/38.jpg
linux-vision	attachment-evidence	32286	c6a30dbd738ae068	projects/linux视觉感知项目/源码/上位机程序/Lane_Detection/LSTR/result/39.jpg
linux-vision	attachment-evidence	30401	48e4300ed090202a	projects/linux视觉感知项目/源码/上位机程序/Lane_Detection/LSTR/result/4.jpg
linux-vision	attachment-evidence	31148	33e587e91cea3a71	projects/linux视觉感知项目/源码/上位机程序/Lane_Detection/LSTR/result/40.jpg
linux-vision	attachment-evidence	31686	cf5096622f08c2ca	projects/linux视觉感知项目/源码/上位机程序/Lane_Detection/LSTR/result/41.jpg
linux-vision	attachment-evidence	32617	60cedd933708a6ec	projects/linux视觉感知项目/源码/上位机程序/Lane_Detection/LSTR/result/42.jpg
linux-vision	attachment-evidence	32319	d6497ec8df2d8b2a	projects/linux视觉感知项目/源码/上位机程序/Lane_Detection/LSTR/result/43.jpg
linux-vision	attachment-evidence	33392	ccbf709e598ab910	projects/linux视觉感知项目/源码/上位机程序/Lane_Detection/LSTR/result/44.jpg
linux-vision	attachment-evidence	32178	be2fbf6841168d66	projects/linux视觉感知项目/源码/上位机程序/Lane_Detection/LSTR/result/45.jpg
linux-vision	attachment-evidence	33642	18dd56565efdf300	projects/linux视觉感知项目/源码/上位机程序/Lane_Detection/LSTR/result/46.jpg
linux-vision	attachment-evidence	33423	0c5f9fd7d1e999ec	projects/linux视觉感知项目/源码/上位机程序/Lane_Detection/LSTR/result/47.jpg
linux-vision	attachment-evidence	31489	f3118b0495cab3b3	projects/linux视觉感知项目/源码/上位机程序/Lane_Detection/LSTR/result/48.jpg
linux-vision	attachment-evidence	32579	ae385ae1d23965d4	projects/linux视觉感知项目/源码/上位机程序/Lane_Detection/LSTR/result/49.jpg
linux-vision	attachment-evidence	30226	9acb771315909730	projects/linux视觉感知项目/源码/上位机程序/Lane_Detection/LSTR/result/5.jpg
linux-vision	attachment-evidence	32103	e2686821f9e2b3fc	projects/linux视觉感知项目/源码/上位机程序/Lane_Detection/LSTR/result/50.jpg
linux-vision	attachment-evidence	31298	bb29434c33e1c9a0	projects/linux视觉感知项目/源码/上位机程序/Lane_Detection/LSTR/result/51.jpg
linux-vision	attachment-evidence	32160	a9e334dbc449f9e5	projects/linux视觉感知项目/源码/上位机程序/Lane_Detection/LSTR/result/52.jpg
linux-vision	attachment-evidence	30713	dd1f1cc121f0c15a	projects/linux视觉感知项目/源码/上位机程序/Lane_Detection/LSTR/result/53.jpg
linux-vision	attachment-evidence	30581	43e8ec0b1ca7b76a	projects/linux视觉感知项目/源码/上位机程序/Lane_Detection/LSTR/result/54.jpg
linux-vision	attachment-evidence	29345	27704ad717e5d436	projects/linux视觉感知项目/源码/上位机程序/Lane_Detection/LSTR/result/55.jpg
linux-vision	attachment-evidence	30306	b3cbe967fc380b7e	projects/linux视觉感知项目/源码/上位机程序/Lane_Detection/LSTR/result/56.jpg
linux-vision	attachment-evidence	31304	69288dae1f14b28e	projects/linux视觉感知项目/源码/上位机程序/Lane_Detection/LSTR/result/57.jpg
linux-vision	attachment-evidence	31134	154be289a0a9f31a	projects/linux视觉感知项目/源码/上位机程序/Lane_Detection/LSTR/result/58.jpg
linux-vision	attachment-evidence	31398	6b71d9df662bf5db	projects/linux视觉感知项目/源码/上位机程序/Lane_Detection/LSTR/result/59.jpg
linux-vision	attachment-evidence	30366	596287b6d73846a3	projects/linux视觉感知项目/源码/上位机程序/Lane_Detection/LSTR/result/6.jpg
linux-vision	attachment-evidence	30205	3789e70adc67f23f	projects/linux视觉感知项目/源码/上位机程序/Lane_Detection/LSTR/result/60.jpg
linux-vision	attachment-evidence	30713	cf52cbc47e9ce79d	projects/linux视觉感知项目/源码/上位机程序/Lane_Detection/LSTR/result/61.jpg
linux-vision	attachment-evidence	29876	868ef9d4d6ff9e45	projects/linux视觉感知项目/源码/上位机程序/Lane_Detection/LSTR/result/62.jpg
linux-vision	attachment-evidence	28282	b575ec04c6880d98	projects/linux视觉感知项目/源码/上位机程序/Lane_Detection/LSTR/result/63.jpg
linux-vision	attachment-evidence	28132	cf1e9158eed9b828	projects/linux视觉感知项目/源码/上位机程序/Lane_Detection/LSTR/result/64.jpg
linux-vision	attachment-evidence	27685	a64fcf831d72cb0a	projects/linux视觉感知项目/源码/上位机程序/Lane_Detection/LSTR/result/65.jpg
linux-vision	attachment-evidence	26254	9ae9add8ed040542	projects/linux视觉感知项目/源码/上位机程序/Lane_Detection/LSTR/result/66.jpg
linux-vision	attachment-evidence	27216	e01d9f739994c5a7	projects/linux视觉感知项目/源码/上位机程序/Lane_Detection/LSTR/result/67.jpg
linux-vision	attachment-evidence	26837	23ea1065523974c9	projects/linux视觉感知项目/源码/上位机程序/Lane_Detection/LSTR/result/68.jpg
linux-vision	attachment-evidence	27699	0e2164d7f0939b65	projects/linux视觉感知项目/源码/上位机程序/Lane_Detection/LSTR/result/69.jpg
linux-vision	attachment-evidence	30623	3bcaffac1e51e0a4	projects/linux视觉感知项目/源码/上位机程序/Lane_Detection/LSTR/result/7.jpg
linux-vision	attachment-evidence	27370	62a9d718cb8edb76	projects/linux视觉感知项目/源码/上位机程序/Lane_Detection/LSTR/result/70.jpg
linux-vision	attachment-evidence	27900	d90063386da23dc1	projects/linux视觉感知项目/源码/上位机程序/Lane_Detection/LSTR/result/71.jpg
linux-vision	attachment-evidence	28837	35fc8b4cb0082dc4	projects/linux视觉感知项目/源码/上位机程序/Lane_Detection/LSTR/result/72.jpg
linux-vision	attachment-evidence	27786	d3e146870661e63a	projects/linux视觉感知项目/源码/上位机程序/Lane_Detection/LSTR/result/73.jpg
linux-vision	attachment-evidence	28638	92f9883b3c8a7dd4	projects/linux视觉感知项目/源码/上位机程序/Lane_Detection/LSTR/result/74.jpg
linux-vision	attachment-evidence	28417	bf336c3841824e25	projects/linux视觉感知项目/源码/上位机程序/Lane_Detection/LSTR/result/75.jpg
linux-vision	attachment-evidence	28135	157a5c8d383835ac	projects/linux视觉感知项目/源码/上位机程序/Lane_Detection/LSTR/result/76.jpg
linux-vision	attachment-evidence	29287	0a2a1266286034a3	projects/linux视觉感知项目/源码/上位机程序/Lane_Detection/LSTR/result/77.jpg
linux-vision	attachment-evidence	27800	ef01dede1d861b89	projects/linux视觉感知项目/源码/上位机程序/Lane_Detection/LSTR/result/78.jpg
linux-vision	attachment-evidence	30530	24cb466caa8b7c88	projects/linux视觉感知项目/源码/上位机程序/Lane_Detection/LSTR/result/79.jpg
linux-vision	attachment-evidence	30803	a200d3cd5c9e6ace	projects/linux视觉感知项目/源码/上位机程序/Lane_Detection/LSTR/result/8.jpg
linux-vision	attachment-evidence	28601	3500f8822fbedc10	projects/linux视觉感知项目/源码/上位机程序/Lane_Detection/LSTR/result/80.jpg
linux-vision	attachment-evidence	29680	5fdc059f75a9330a	projects/linux视觉感知项目/源码/上位机程序/Lane_Detection/LSTR/result/81.jpg
linux-vision	attachment-evidence	30812	d9dd7c68e0ae13fb	projects/linux视觉感知项目/源码/上位机程序/Lane_Detection/LSTR/result/82.jpg
linux-vision	attachment-evidence	29319	08a1cbedd4285572	projects/linux视觉感知项目/源码/上位机程序/Lane_Detection/LSTR/result/83.jpg
linux-vision	attachment-evidence	29957	eab7a522a62c5d40	projects/linux视觉感知项目/源码/上位机程序/Lane_Detection/LSTR/result/84.jpg
linux-vision	attachment-evidence	29556	5c223960b739fe6c	projects/linux视觉感知项目/源码/上位机程序/Lane_Detection/LSTR/result/85.jpg
linux-vision	attachment-evidence	29644	dcc87e2aa80d043d	projects/linux视觉感知项目/源码/上位机程序/Lane_Detection/LSTR/result/86.jpg
linux-vision	attachment-evidence	30325	eb9c55c7da788ad1	projects/linux视觉感知项目/源码/上位机程序/Lane_Detection/LSTR/result/87.jpg
linux-vision	attachment-evidence	28694	cc74c68f1760a2cd	projects/linux视觉感知项目/源码/上位机程序/Lane_Detection/LSTR/result/88.jpg
linux-vision	attachment-evidence	29548	2c859d3f86f7b1d0	projects/linux视觉感知项目/源码/上位机程序/Lane_Detection/LSTR/result/89.jpg
linux-vision	attachment-evidence	30899	83f7da7a2ef1b1fe	projects/linux视觉感知项目/源码/上位机程序/Lane_Detection/LSTR/result/9.jpg
linux-vision	attachment-evidence	29250	6f5364c6bca419ea	projects/linux视觉感知项目/源码/上位机程序/Lane_Detection/LSTR/result/90.jpg
linux-vision	attachment-evidence	30491	204da8b3ec067885	projects/linux视觉感知项目/源码/上位机程序/Lane_Detection/LSTR/result/91.jpg
linux-vision	attachment-evidence	30972	bc700a0e6bf57d73	projects/linux视觉感知项目/源码/上位机程序/Lane_Detection/LSTR/result/92.jpg
linux-vision	attachment-evidence	30095	9305b1b775487e7e	projects/linux视觉感知项目/源码/上位机程序/Lane_Detection/LSTR/result/93.jpg
linux-vision	attachment-evidence	31380	f3423829f4833fd1	projects/linux视觉感知项目/源码/上位机程序/Lane_Detection/LSTR/result/94.jpg
linux-vision	attachment-evidence	31289	3473465976ee43b8	projects/linux视觉感知项目/源码/上位机程序/Lane_Detection/LSTR/result/95.jpg
linux-vision	attachment-evidence	30987	e4f196f88b628018	projects/linux视觉感知项目/源码/上位机程序/Lane_Detection/LSTR/result/96.jpg
linux-vision	attachment-evidence	30776	9073dc8a0d1c0bc4	projects/linux视觉感知项目/源码/上位机程序/Lane_Detection/LSTR/result/97.jpg
linux-vision	attachment-evidence	29975	9a59e44f3ef233fb	projects/linux视觉感知项目/源码/上位机程序/Lane_Detection/LSTR/result/98.jpg
linux-vision	attachment-evidence	29594	5cad689b9f49169a	projects/linux视觉感知项目/源码/上位机程序/Lane_Detection/LSTR/result/99.jpg
linux-vision	attachment-evidence	262236	79ec48c6cf63c7d7	projects/linux视觉感知项目/源码/上位机程序/Lane_Detection/LSTR/test/0.jpg
linux-vision	attachment-evidence	207459	d171fcfcc1df205e	projects/linux视觉感知项目/源码/上位机程序/Lane_Detection/LSTR/test/1.jpg
linux-vision	attachment-evidence	172402	16135d6368ad7540	projects/linux视觉感知项目/源码/上位机程序/Lane_Detection/LSTR/test/2.jpg
linux-vision	attachment-evidence	239175	99eecb86969046f6	projects/linux视觉感知项目/源码/上位机程序/Lane_Detection/LSTR/test/3.jpg
linux-vision	other-binary-or-config	11807957	2bff1074743fe24b	projects/linux视觉感知项目/源码/上位机程序/Lane_Detection/LSTR/videos/1.mp4
linux-vision	other-binary-or-config	5465568	62c0d458f95f1120	projects/linux视觉感知项目/源码/上位机程序/Lane_Detection/LSTR/videos/12.mp4
linux-vision	other-binary-or-config	8885736	c56d6f84ee515abe	projects/linux视觉感知项目/源码/上位机程序/Lane_Detection/LSTR/videos/123.mp4
linux-vision	attachment-evidence	36653	6a9d04e2611e53d7	projects/linux视觉感知项目/源码/上位机程序/Lane_Detection/LSTR/videos/frames/1.jpg
linux-vision	attachment-evidence	16778	98a110437261c0bb	projects/linux视觉感知项目/源码/上位机程序/Lane_Detection/LSTR/videos/frames/10.jpg
linux-vision	attachment-evidence	12836	55eef1632bf4492d	projects/linux视觉感知项目/源码/上位机程序/Lane_Detection/LSTR/videos/frames/100.jpg
linux-vision	attachment-evidence	15461	514e3ba29f1826b9	projects/linux视觉感知项目/源码/上位机程序/Lane_Detection/LSTR/videos/frames/11.jpg
linux-vision	attachment-evidence	14442	3ed3e6a94c910511	projects/linux视觉感知项目/源码/上位机程序/Lane_Detection/LSTR/videos/frames/12.jpg
linux-vision	attachment-evidence	14168	79d03e725550bbdd	projects/linux视觉感知项目/源码/上位机程序/Lane_Detection/LSTR/videos/frames/13.jpg
linux-vision	attachment-evidence	14168	79d03e725550bbdd	projects/linux视觉感知项目/源码/上位机程序/Lane_Detection/LSTR/videos/frames/14.jpg
linux-vision	attachment-evidence	14168	79d03e725550bbdd	projects/linux视觉感知项目/源码/上位机程序/Lane_Detection/LSTR/videos/frames/15.jpg
linux-vision	attachment-evidence	14168	79d03e725550bbdd	projects/linux视觉感知项目/源码/上位机程序/Lane_Detection/LSTR/videos/frames/16.jpg
linux-vision	attachment-evidence	14168	79d03e725550bbdd	projects/linux视觉感知项目/源码/上位机程序/Lane_Detection/LSTR/videos/frames/17.jpg
linux-vision	attachment-evidence	14168	79d03e725550bbdd	projects/linux视觉感知项目/源码/上位机程序/Lane_Detection/LSTR/videos/frames/18.jpg
linux-vision	attachment-evidence	14168	79d03e725550bbdd	projects/linux视觉感知项目/源码/上位机程序/Lane_Detection/LSTR/videos/frames/19.jpg
linux-vision	attachment-evidence	50082	dc054f383a2ab79a	projects/linux视觉感知项目/源码/上位机程序/Lane_Detection/LSTR/videos/frames/2.jpg
linux-vision	attachment-evidence	14168	79d03e725550bbdd	projects/linux视觉感知项目/源码/上位机程序/Lane_Detection/LSTR/videos/frames/20.jpg
linux-vision	attachment-evidence	14168	79d03e725550bbdd	projects/linux视觉感知项目/源码/上位机程序/Lane_Detection/LSTR/videos/frames/21.jpg
linux-vision	attachment-evidence	14168	79d03e725550bbdd	projects/linux视觉感知项目/源码/上位机程序/Lane_Detection/LSTR/videos/frames/22.jpg
linux-vision	attachment-evidence	14168	79d03e725550bbdd	projects/linux视觉感知项目/源码/上位机程序/Lane_Detection/LSTR/videos/frames/23.jpg
linux-vision	attachment-evidence	14168	79d03e725550bbdd	projects/linux视觉感知项目/源码/上位机程序/Lane_Detection/LSTR/videos/frames/24.jpg
linux-vision	attachment-evidence	14168	79d03e725550bbdd	projects/linux视觉感知项目/源码/上位机程序/Lane_Detection/LSTR/videos/frames/25.jpg
linux-vision	attachment-evidence	14168	79d03e725550bbdd	projects/linux视觉感知项目/源码/上位机程序/Lane_Detection/LSTR/videos/frames/26.jpg
linux-vision	attachment-evidence	14168	79d03e725550bbdd	projects/linux视觉感知项目/源码/上位机程序/Lane_Detection/LSTR/videos/frames/27.jpg
linux-vision	attachment-evidence	14168	79d03e725550bbdd	projects/linux视觉感知项目/源码/上位机程序/Lane_Detection/LSTR/videos/frames/28.jpg
linux-vision	attachment-evidence	14168	79d03e725550bbdd	projects/linux视觉感知项目/源码/上位机程序/Lane_Detection/LSTR/videos/frames/29.jpg
linux-vision	attachment-evidence	66140	f0ee0f667453d784	projects/linux视觉感知项目/源码/上位机程序/Lane_Detection/LSTR/videos/frames/3.jpg
linux-vision	attachment-evidence	14168	79d03e725550bbdd	projects/linux视觉感知项目/源码/上位机程序/Lane_Detection/LSTR/videos/frames/30.jpg
linux-vision	attachment-evidence	14168	79d03e725550bbdd	projects/linux视觉感知项目/源码/上位机程序/Lane_Detection/LSTR/videos/frames/31.jpg
linux-vision	attachment-evidence	14108	f46a2b65ab030cd1	projects/linux视觉感知项目/源码/上位机程序/Lane_Detection/LSTR/videos/frames/32.jpg
linux-vision	attachment-evidence	13829	7e64153606990628	projects/linux视觉感知项目/源码/上位机程序/Lane_Detection/LSTR/videos/frames/33.jpg
linux-vision	attachment-evidence	14206	7a76acff859900d9	projects/linux视觉感知项目/源码/上位机程序/Lane_Detection/LSTR/videos/frames/34.jpg
linux-vision	attachment-evidence	14303	18ea67909f187383	projects/linux视觉感知项目/源码/上位机程序/Lane_Detection/LSTR/videos/frames/35.jpg
linux-vision	attachment-evidence	13498	79f5fe4528290d04	projects/linux视觉感知项目/源码/上位机程序/Lane_Detection/LSTR/videos/frames/36.jpg
linux-vision	attachment-evidence	14267	2cb76b822a5b9cce	projects/linux视觉感知项目/源码/上位机程序/Lane_Detection/LSTR/videos/frames/37.jpg
linux-vision	attachment-evidence	14402	3cdd301fedc365b3	projects/linux视觉感知项目/源码/上位机程序/Lane_Detection/LSTR/videos/frames/38.jpg
linux-vision	attachment-evidence	14537	00af9ef90330253f	projects/linux视觉感知项目/源码/上位机程序/Lane_Detection/LSTR/videos/frames/39.jpg
linux-vision	attachment-evidence	66140	f0ee0f667453d784	projects/linux视觉感知项目/源码/上位机程序/Lane_Detection/LSTR/videos/frames/4.jpg
linux-vision	attachment-evidence	13579	2c37321850724f0d	projects/linux视觉感知项目/源码/上位机程序/Lane_Detection/LSTR/videos/frames/40.jpg
linux-vision	attachment-evidence	13989	6df5441fbefcd5cc	projects/linux视觉感知项目/源码/上位机程序/Lane_Detection/LSTR/videos/frames/41.jpg
linux-vision	attachment-evidence	14646	5ddcf354825115eb	projects/linux视觉感知项目/源码/上位机程序/Lane_Detection/LSTR/videos/frames/42.jpg
linux-vision	attachment-evidence	14450	077db79cf98327e7	projects/linux视觉感知项目/源码/上位机程序/Lane_Detection/LSTR/videos/frames/43.jpg
linux-vision	attachment-evidence	14839	40cd5ab9c98a9a27	projects/linux视觉感知项目/源码/上位机程序/Lane_Detection/LSTR/videos/frames/44.jpg
linux-vision	attachment-evidence	14202	4b61e560b6a242b7	projects/linux视觉感知项目/源码/上位机程序/Lane_Detection/LSTR/videos/frames/45.jpg
linux-vision	attachment-evidence	14338	ecd378cfd5d5b3f1	projects/linux视觉感知项目/源码/上位机程序/Lane_Detection/LSTR/videos/frames/46.jpg
linux-vision	attachment-evidence	14966	b83092979870241d	projects/linux视觉感知项目/源码/上位机程序/Lane_Detection/LSTR/videos/frames/47.jpg
linux-vision	attachment-evidence	13750	747183293f46b78f	projects/linux视觉感知项目/源码/上位机程序/Lane_Detection/LSTR/videos/frames/48.jpg
linux-vision	attachment-evidence	14560	a4c69ac545e9d9a4	projects/linux视觉感知项目/源码/上位机程序/Lane_Detection/LSTR/videos/frames/49.jpg
linux-vision	attachment-evidence	41744	f02fa46ef703d3d0	projects/linux视觉感知项目/源码/上位机程序/Lane_Detection/LSTR/videos/frames/5.jpg
linux-vision	attachment-evidence	14225	942846db905cbfdd	projects/linux视觉感知项目/源码/上位机程序/Lane_Detection/LSTR/videos/frames/50.jpg
linux-vision	attachment-evidence	13903	804b20febfd114cc	projects/linux视觉感知项目/源码/上位机程序/Lane_Detection/LSTR/videos/frames/51.jpg
linux-vision	attachment-evidence	14183	b0b3ad5ace988670	projects/linux视觉感知项目/源码/上位机程序/Lane_Detection/LSTR/videos/frames/52.jpg
linux-vision	attachment-evidence	13754	377b92f3ba984a3a	projects/linux视觉感知项目/源码/上位机程序/Lane_Detection/LSTR/videos/frames/53.jpg
linux-vision	attachment-evidence	13820	6b154147d4db20af	projects/linux视觉感知项目/源码/上位机程序/Lane_Detection/LSTR/videos/frames/54.jpg
linux-vision	attachment-evidence	13050	fff455885a86ed8f	projects/linux视觉感知项目/源码/上位机程序/Lane_Detection/LSTR/videos/frames/55.jpg
linux-vision	attachment-evidence	13701	4a7e368a0bf7ddd0	projects/linux视觉感知项目/源码/上位机程序/Lane_Detection/LSTR/videos/frames/56.jpg
linux-vision	attachment-evidence	14356	d1f52a26da5e6d58	projects/linux视觉感知项目/源码/上位机程序/Lane_Detection/LSTR/videos/frames/57.jpg
linux-vision	attachment-evidence	13968	4a71a81c4127d51e	projects/linux视觉感知项目/源码/上位机程序/Lane_Detection/LSTR/videos/frames/58.jpg
linux-vision	attachment-evidence	14245	8f38eeed7cd47c4f	projects/linux视觉感知项目/源码/上位机程序/Lane_Detection/LSTR/videos/frames/59.jpg
linux-vision	attachment-evidence	29174	062409c3316a272a	projects/linux视觉感知项目/源码/上位机程序/Lane_Detection/LSTR/videos/frames/6.jpg
linux-vision	attachment-evidence	13704	9375b5fb937da73c	projects/linux视觉感知项目/源码/上位机程序/Lane_Detection/LSTR/videos/frames/60.jpg
linux-vision	attachment-evidence	14008	b9ce5e65c05ff58f	projects/linux视觉感知项目/源码/上位机程序/Lane_Detection/LSTR/videos/frames/61.jpg
linux-vision	attachment-evidence	13612	1ee7beabffe08457	projects/linux视觉感知项目/源码/上位机程序/Lane_Detection/LSTR/videos/frames/62.jpg
linux-vision	attachment-evidence	12482	44ba27029f05029d	projects/linux视觉感知项目/源码/上位机程序/Lane_Detection/LSTR/videos/frames/63.jpg
linux-vision	attachment-evidence	12548	bae5ff8ac37cb11b	projects/linux视觉感知项目/源码/上位机程序/Lane_Detection/LSTR/videos/frames/64.jpg
linux-vision	attachment-evidence	12359	a24f60a4a784778d	projects/linux视觉感知项目/源码/上位机程序/Lane_Detection/LSTR/videos/frames/65.jpg
linux-vision	attachment-evidence	11569	732ca5e2dca41478	projects/linux视觉感知项目/源码/上位机程序/Lane_Detection/LSTR/videos/frames/66.jpg
linux-vision	attachment-evidence	12068	ca50a7b680bd2711	projects/linux视觉感知项目/源码/上位机程序/Lane_Detection/LSTR/videos/frames/67.jpg
linux-vision	attachment-evidence	11835	d38816039d12b7c3	projects/linux视觉感知项目/源码/上位机程序/Lane_Detection/LSTR/videos/frames/68.jpg
linux-vision	attachment-evidence	12284	e01a09c4a666743a	projects/linux视觉感知项目/源码/上位机程序/Lane_Detection/LSTR/videos/frames/69.jpg
linux-vision	attachment-evidence	25020	11a06e76fa9a61d5	projects/linux视觉感知项目/源码/上位机程序/Lane_Detection/LSTR/videos/frames/7.jpg
linux-vision	attachment-evidence	12056	fbca2e8f1a58f42e	projects/linux视觉感知项目/源码/上位机程序/Lane_Detection/LSTR/videos/frames/70.jpg
linux-vision	attachment-evidence	12266	c7de71a5f05d8437	projects/linux视觉感知项目/源码/上位机程序/Lane_Detection/LSTR/videos/frames/71.jpg
linux-vision	attachment-evidence	12710	c01f1482b81f2476	projects/linux视觉感知项目/源码/上位机程序/Lane_Detection/LSTR/videos/frames/72.jpg
linux-vision	attachment-evidence	11877	6750bc8cb0dcec6b	projects/linux视觉感知项目/源码/上位机程序/Lane_Detection/LSTR/videos/frames/73.jpg
linux-vision	attachment-evidence	12425	92599e7d9614a0bb	projects/linux视觉感知项目/源码/上位机程序/Lane_Detection/LSTR/videos/frames/74.jpg
linux-vision	attachment-evidence	12220	4c12f2ef5338d408	projects/linux视觉感知项目/源码/上位机程序/Lane_Detection/LSTR/videos/frames/75.jpg
linux-vision	attachment-evidence	12218	494efaa8476caa80	projects/linux视觉感知项目/源码/上位机程序/Lane_Detection/LSTR/videos/frames/76.jpg
linux-vision	attachment-evidence	12925	dd9935d02fa31415	projects/linux视觉感知项目/源码/上位机程序/Lane_Detection/LSTR/videos/frames/77.jpg
linux-vision	attachment-evidence	12015	d9fc14f27dfe93b5	projects/linux视觉感知项目/源码/上位机程序/Lane_Detection/LSTR/videos/frames/78.jpg
linux-vision	attachment-evidence	13198	47e81d2717342942	projects/linux视觉感知项目/源码/上位机程序/Lane_Detection/LSTR/videos/frames/79.jpg
linux-vision	attachment-evidence	21003	85e03851e14e3c69	projects/linux视觉感知项目/源码/上位机程序/Lane_Detection/LSTR/videos/frames/8.jpg
linux-vision	attachment-evidence	12337	5b9f74dc3e49ef24	projects/linux视觉感知项目/源码/上位机程序/Lane_Detection/LSTR/videos/frames/80.jpg
linux-vision	attachment-evidence	12851	abef6103ae2666f1	projects/linux视觉感知项目/源码/上位机程序/Lane_Detection/LSTR/videos/frames/81.jpg
linux-vision	attachment-evidence	13443	18dc0f799fe14e53	projects/linux视觉感知项目/源码/上位机程序/Lane_Detection/LSTR/videos/frames/82.jpg
linux-vision	attachment-evidence	12478	15563a6c3e71abb9	projects/linux视觉感知项目/源码/上位机程序/Lane_Detection/LSTR/videos/frames/83.jpg
linux-vision	attachment-evidence	12880	75fa43042015bee1	projects/linux视觉感知项目/源码/上位机程序/Lane_Detection/LSTR/videos/frames/84.jpg
linux-vision	attachment-evidence	12864	2dbee6542a1b4913	projects/linux视觉感知项目/源码/上位机程序/Lane_Detection/LSTR/videos/frames/85.jpg
linux-vision	attachment-evidence	13156	b966fc1c267d9acd	projects/linux视觉感知项目/源码/上位机程序/Lane_Detection/LSTR/videos/frames/86.jpg
linux-vision	attachment-evidence	13449	b15d0c388870aab3	projects/linux视觉感知项目/源码/上位机程序/Lane_Detection/LSTR/videos/frames/87.jpg
linux-vision	attachment-evidence	12596	abf584906becb6c2	projects/linux视觉感知项目/源码/上位机程序/Lane_Detection/LSTR/videos/frames/88.jpg
linux-vision	attachment-evidence	13236	890c8ff4ae9d43c3	projects/linux视觉感知项目/源码/上位机程序/Lane_Detection/LSTR/videos/frames/89.jpg
linux-vision	attachment-evidence	18570	6f77eac7293e993d	projects/linux视觉感知项目/源码/上位机程序/Lane_Detection/LSTR/videos/frames/9.jpg
linux-vision	attachment-evidence	13055	711f73ff81b352db	projects/linux视觉感知项目/源码/上位机程序/Lane_Detection/LSTR/videos/frames/90.jpg
linux-vision	attachment-evidence	13777	28f98562a266af49	projects/linux视觉感知项目/源码/上位机程序/Lane_Detection/LSTR/videos/frames/91.jpg
linux-vision	attachment-evidence	13919	0d4216cddd565ad5	projects/linux视觉感知项目/源码/上位机程序/Lane_Detection/LSTR/videos/frames/92.jpg
linux-vision	attachment-evidence	13095	d95e54b232869442	projects/linux视觉感知项目/源码/上位机程序/Lane_Detection/LSTR/videos/frames/93.jpg
linux-vision	attachment-evidence	13921	91874a88055328d4	projects/linux视觉感知项目/源码/上位机程序/Lane_Detection/LSTR/videos/frames/94.jpg
linux-vision	attachment-evidence	14023	d8c811245b5a066f	projects/linux视觉感知项目/源码/上位机程序/Lane_Detection/LSTR/videos/frames/95.jpg
linux-vision	attachment-evidence	13595	6be90554b4f50d92	projects/linux视觉感知项目/源码/上位机程序/Lane_Detection/LSTR/videos/frames/96.jpg
linux-vision	attachment-evidence	13653	5fc90bd010d9a63a	projects/linux视觉感知项目/源码/上位机程序/Lane_Detection/LSTR/videos/frames/97.jpg
linux-vision	attachment-evidence	13314	1ff8bd76d0414dbc	projects/linux视觉感知项目/源码/上位机程序/Lane_Detection/LSTR/videos/frames/98.jpg
linux-vision	attachment-evidence	13079	c696e642d139f4f0	projects/linux视觉感知项目/源码/上位机程序/Lane_Detection/LSTR/videos/frames/99.jpg
linux-vision	other-binary-or-config	1972047	9f535245484436d2	projects/linux视觉感知项目/源码/上位机程序/Lane_Detection/LSTR/videos/test.mp4
linux-vision	other-binary-or-config	26111	24911cb54e07d2cb	projects/linux视觉感知项目/源码/上位机程序/Lane_Detection/Makefile
linux-vision	other-binary-or-config	2377528	7ca53224fe9a5513	projects/linux视觉感知项目/源码/上位机程序/Lane_Detection/camera_test
linux-vision	attachment-evidence	18932	b228a22c4758e1f8	projects/linux视觉感知项目/源码/上位机程序/Lane_Detection/frames/0.jpg
linux-vision	attachment-evidence	19014	852815fe087d81cc	projects/linux视觉感知项目/源码/上位机程序/Lane_Detection/frames/1.jpg
linux-vision	attachment-evidence	20285	2f5829ff7cfd2382	projects/linux视觉感知项目/源码/上位机程序/Lane_Detection/frames/10.jpg
linux-vision	attachment-evidence	35117	94ee311b164ac143	projects/linux视觉感知项目/源码/上位机程序/Lane_Detection/frames/100.jpg
linux-vision	attachment-evidence	35207	3a7264f16d58d9c3	projects/linux视觉感知项目/源码/上位机程序/Lane_Detection/frames/101.jpg
linux-vision	attachment-evidence	35174	2e341c3fc5e5f8d9	projects/linux视觉感知项目/源码/上位机程序/Lane_Detection/frames/102.jpg
linux-vision	attachment-evidence	35136	3b56475e8c2b6dca	projects/linux视觉感知项目/源码/上位机程序/Lane_Detection/frames/103.jpg
linux-vision	attachment-evidence	34826	c9d6e88ad1f18702	projects/linux视觉感知项目/源码/上位机程序/Lane_Detection/frames/104.jpg
linux-vision	attachment-evidence	35187	2fa9ee03ebd3fc9e	projects/linux视觉感知项目/源码/上位机程序/Lane_Detection/frames/105.jpg
linux-vision	attachment-evidence	34886	35a35f198bcaf529	projects/linux视觉感知项目/源码/上位机程序/Lane_Detection/frames/106.jpg
linux-vision	attachment-evidence	34411	fb83660677035020	projects/linux视觉感知项目/源码/上位机程序/Lane_Detection/frames/107.jpg
linux-vision	attachment-evidence	22572	b173013de3a4c8ab	projects/linux视觉感知项目/源码/上位机程序/Lane_Detection/frames/11.jpg
linux-vision	attachment-evidence	18263	0af368a98dcbade6	projects/linux视觉感知项目/源码/上位机程序/Lane_Detection/frames/12.jpg
linux-vision	attachment-evidence	18230	3ece7a44a675e8de	projects/linux视觉感知项目/源码/上位机程序/Lane_Detection/frames/13.jpg
linux-vision	attachment-evidence	19613	1d4c9fa3c7533942	projects/linux视觉感知项目/源码/上位机程序/Lane_Detection/frames/14.jpg
linux-vision	attachment-evidence	19323	9656afad9e7bd29e	projects/linux视觉感知项目/源码/上位机程序/Lane_Detection/frames/15.jpg
linux-vision	attachment-evidence	16337	d21171b0202ed15f	projects/linux视觉感知项目/源码/上位机程序/Lane_Detection/frames/16.jpg
linux-vision	attachment-evidence	18974	bd3ce674be1962e7	projects/linux视觉感知项目/源码/上位机程序/Lane_Detection/frames/17.jpg
linux-vision	attachment-evidence	18147	346b7782fb320a85	projects/linux视觉感知项目/源码/上位机程序/Lane_Detection/frames/18.jpg
linux-vision	attachment-evidence	18477	929beb202e425c29	projects/linux视觉感知项目/源码/上位机程序/Lane_Detection/frames/19.jpg
linux-vision	attachment-evidence	18984	ef9ec7913521e6d0	projects/linux视觉感知项目/源码/上位机程序/Lane_Detection/frames/2.jpg
linux-vision	attachment-evidence	16493	37c900925dae3b7f	projects/linux视觉感知项目/源码/上位机程序/Lane_Detection/frames/20.jpg
linux-vision	attachment-evidence	17310	c40652790deba938	projects/linux视觉感知项目/源码/上位机程序/Lane_Detection/frames/21.jpg
linux-vision	attachment-evidence	17680	45e3ee5e2ea49672	projects/linux视觉感知项目/源码/上位机程序/Lane_Detection/frames/22.jpg
linux-vision	attachment-evidence	18313	403f2649565b1fab	projects/linux视觉感知项目/源码/上位机程序/Lane_Detection/frames/23.jpg
linux-vision	attachment-evidence	18629	69a776b2bebfc31b	projects/linux视觉感知项目/源码/上位机程序/Lane_Detection/frames/24.jpg
linux-vision	attachment-evidence	15716	cb12599c7e34bff8	projects/linux视觉感知项目/源码/上位机程序/Lane_Detection/frames/25.jpg
linux-vision	attachment-evidence	12883	2147e4c55bfd47f5	projects/linux视觉感知项目/源码/上位机程序/Lane_Detection/frames/26.jpg
linux-vision	attachment-evidence	15875	94f727fe9c6bf605	projects/linux视觉感知项目/源码/上位机程序/Lane_Detection/frames/27.jpg
linux-vision	attachment-evidence	18217	eadffb425cb60bc4	projects/linux视觉感知项目/源码/上位机程序/Lane_Detection/frames/28.jpg
linux-vision	attachment-evidence	20327	d9c7df64c1509d78	projects/linux视觉感知项目/源码/上位机程序/Lane_Detection/frames/29.jpg
linux-vision	attachment-evidence	19071	9b957ed2ca7e0fcc	projects/linux视觉感知项目/源码/上位机程序/Lane_Detection/frames/3.jpg
linux-vision	attachment-evidence	17941	ccd6dcafa9a1fe67	projects/linux视觉感知项目/源码/上位机程序/Lane_Detection/frames/30.jpg
linux-vision	attachment-evidence	17798	9d518dff5ea165e9	projects/linux视觉感知项目/源码/上位机程序/Lane_Detection/frames/31.jpg
linux-vision	attachment-evidence	16597	2293cdb7c54d2c20	projects/linux视觉感知项目/源码/上位机程序/Lane_Detection/frames/32.jpg
linux-vision	attachment-evidence	15012	174d5d526e03be67	projects/linux视觉感知项目/源码/上位机程序/Lane_Detection/frames/33.jpg
linux-vision	attachment-evidence	14300	5006347c1b68f320	projects/linux视觉感知项目/源码/上位机程序/Lane_Detection/frames/34.jpg
linux-vision	attachment-evidence	14986	5c15b22bfa0d8733	projects/linux视觉感知项目/源码/上位机程序/Lane_Detection/frames/35.jpg
linux-vision	attachment-evidence	17024	a62bc732306c33f2	projects/linux视觉感知项目/源码/上位机程序/Lane_Detection/frames/36.jpg
linux-vision	attachment-evidence	17862	b455ef6cf8437d77	projects/linux视觉感知项目/源码/上位机程序/Lane_Detection/frames/37.jpg
linux-vision	attachment-evidence	20971	051edc692d9bea56	projects/linux视觉感知项目/源码/上位机程序/Lane_Detection/frames/38.jpg
linux-vision	attachment-evidence	24113	66409901fe463364	projects/linux视觉感知项目/源码/上位机程序/Lane_Detection/frames/39.jpg
linux-vision	attachment-evidence	18903	728d7a4e7d059f58	projects/linux视觉感知项目/源码/上位机程序/Lane_Detection/frames/4.jpg
linux-vision	attachment-evidence	27558	b743a71415a792ee	projects/linux视觉感知项目/源码/上位机程序/Lane_Detection/frames/40.jpg
linux-vision	attachment-evidence	27095	2f9dd869c5c7402c	projects/linux视觉感知项目/源码/上位机程序/Lane_Detection/frames/41.jpg
linux-vision	attachment-evidence	26102	3b3e01725e242385	projects/linux视觉感知项目/源码/上位机程序/Lane_Detection/frames/42.jpg
linux-vision	attachment-evidence	27348	ec2f230a08a19153	projects/linux视觉感知项目/源码/上位机程序/Lane_Detection/frames/43.jpg
linux-vision	attachment-evidence	33042	5fd10c522b0c8fc8	projects/linux视觉感知项目/源码/上位机程序/Lane_Detection/frames/44.jpg
linux-vision	attachment-evidence	33001	61cec97bfd818657	projects/linux视觉感知项目/源码/上位机程序/Lane_Detection/frames/45.jpg
linux-vision	attachment-evidence	31646	545a21d4401f785b	projects/linux视觉感知项目/源码/上位机程序/Lane_Detection/frames/46.jpg
linux-vision	attachment-evidence	31445	c4f37885e386c929	projects/linux视觉感知项目/源码/上位机程序/Lane_Detection/frames/47.jpg
linux-vision	attachment-evidence	34262	9f0965f7cbfe6c19	projects/linux视觉感知项目/源码/上位机程序/Lane_Detection/frames/48.jpg
linux-vision	attachment-evidence	31983	9860433daa5d3744	projects/linux视觉感知项目/源码/上位机程序/Lane_Detection/frames/49.jpg
linux-vision	attachment-evidence	18750	5cbd6344c4c28c75	projects/linux视觉感知项目/源码/上位机程序/Lane_Detection/frames/5.jpg
linux-vision	attachment-evidence	30427	844d0cf8be81370c	projects/linux视觉感知项目/源码/上位机程序/Lane_Detection/frames/50.jpg
linux-vision	attachment-evidence	28903	d086b74ead2fbeb1	projects/linux视觉感知项目/源码/上位机程序/Lane_Detection/frames/51.jpg
linux-vision	attachment-evidence	27471	7c624eb28e5e1d98	projects/linux视觉感知项目/源码/上位机程序/Lane_Detection/frames/52.jpg
linux-vision	attachment-evidence	28509	c9da4bb1513a7893	projects/linux视觉感知项目/源码/上位机程序/Lane_Detection/frames/53.jpg
linux-vision	attachment-evidence	28200	f76d968a699f2d33	projects/linux视觉感知项目/源码/上位机程序/Lane_Detection/frames/54.jpg
linux-vision	attachment-evidence	27168	ea2bf20a67b767df	projects/linux视觉感知项目/源码/上位机程序/Lane_Detection/frames/55.jpg
linux-vision	attachment-evidence	29003	b1cbf50aeabbb0f3	projects/linux视觉感知项目/源码/上位机程序/Lane_Detection/frames/56.jpg
linux-vision	attachment-evidence	28363	633072145328a192	projects/linux视觉感知项目/源码/上位机程序/Lane_Detection/frames/57.jpg
linux-vision	attachment-evidence	29963	b6a056fbbfd9b52a	projects/linux视觉感知项目/源码/上位机程序/Lane_Detection/frames/58.jpg
linux-vision	attachment-evidence	28261	bd8a85076d6fd63c	projects/linux视觉感知项目/源码/上位机程序/Lane_Detection/frames/59.jpg
linux-vision	attachment-evidence	17972	cff5adc9f41a5bca	projects/linux视觉感知项目/源码/上位机程序/Lane_Detection/frames/6.jpg
linux-vision	attachment-evidence	31552	06493a9fef4f5405	projects/linux视觉感知项目/源码/上位机程序/Lane_Detection/frames/60.jpg
linux-vision	attachment-evidence	28734	c928c6dd1cc3743b	projects/linux视觉感知项目/源码/上位机程序/Lane_Detection/frames/61.jpg
linux-vision	attachment-evidence	28339	2cf70d845b8fd60f	projects/linux视觉感知项目/源码/上位机程序/Lane_Detection/frames/62.jpg
linux-vision	attachment-evidence	31520	122d2941b05a29d0	projects/linux视觉感知项目/源码/上位机程序/Lane_Detection/frames/63.jpg
linux-vision	attachment-evidence	30220	ad5314d0cd087fc5	projects/linux视觉感知项目/源码/上位机程序/Lane_Detection/frames/64.jpg
linux-vision	attachment-evidence	29704	074472e11bceddd5	projects/linux视觉感知项目/源码/上位机程序/Lane_Detection/frames/65.jpg
linux-vision	attachment-evidence	30291	0a9a1d6afd66a9d3	projects/linux视觉感知项目/源码/上位机程序/Lane_Detection/frames/66.jpg
linux-vision	attachment-evidence	31888	e8b9401d97a8fc06	projects/linux视觉感知项目/源码/上位机程序/Lane_Detection/frames/67.jpg
linux-vision	attachment-evidence	32123	647dcf52c88fb9fd	projects/linux视觉感知项目/源码/上位机程序/Lane_Detection/frames/68.jpg
linux-vision	attachment-evidence	34114	c66fcd01f8b5885f	projects/linux视觉感知项目/源码/上位机程序/Lane_Detection/frames/69.jpg
linux-vision	attachment-evidence	18195	857dab994f49b65c	projects/linux视觉感知项目/源码/上位机程序/Lane_Detection/frames/7.jpg
linux-vision	attachment-evidence	33697	33ac8b9d156e42c3	projects/linux视觉感知项目/源码/上位机程序/Lane_Detection/frames/70.jpg
linux-vision	attachment-evidence	32279	89c13ca7ca1fac3d	projects/linux视觉感知项目/源码/上位机程序/Lane_Detection/frames/71.jpg
linux-vision	attachment-evidence	32350	6a1ffc579cc27f17	projects/linux视觉感知项目/源码/上位机程序/Lane_Detection/frames/72.jpg
linux-vision	attachment-evidence	32112	c6a8b6b78c2258f5	projects/linux视觉感知项目/源码/上位机程序/Lane_Detection/frames/73.jpg
linux-vision	attachment-evidence	34134	68d0674e55f036cb	projects/linux视觉感知项目/源码/上位机程序/Lane_Detection/frames/74.jpg
linux-vision	attachment-evidence	33444	6d32dbb87354e3f9	projects/linux视觉感知项目/源码/上位机程序/Lane_Detection/frames/75.jpg
linux-vision	attachment-evidence	32838	6257694670e2bdb3	projects/linux视觉感知项目/源码/上位机程序/Lane_Detection/frames/76.jpg
linux-vision	attachment-evidence	33803	e4d74ce265dba8b8	projects/linux视觉感知项目/源码/上位机程序/Lane_Detection/frames/77.jpg
linux-vision	attachment-evidence	32879	60ad09bce7b7d87d	projects/linux视觉感知项目/源码/上位机程序/Lane_Detection/frames/78.jpg
linux-vision	attachment-evidence	33401	70cc19fe606988bf	projects/linux视觉感知项目/源码/上位机程序/Lane_Detection/frames/79.jpg
linux-vision	attachment-evidence	21866	b2898a3c223fe05f	projects/linux视觉感知项目/源码/上位机程序/Lane_Detection/frames/8.jpg
linux-vision	attachment-evidence	32631	0f2c6ea7afffb5c5	projects/linux视觉感知项目/源码/上位机程序/Lane_Detection/frames/80.jpg
linux-vision	attachment-evidence	33865	3b45c47e0ae5bf55	projects/linux视觉感知项目/源码/上位机程序/Lane_Detection/frames/81.jpg
linux-vision	attachment-evidence	34006	516cd05500b14f3c	projects/linux视觉感知项目/源码/上位机程序/Lane_Detection/frames/82.jpg
linux-vision	attachment-evidence	34272	2ba7088f3494d747	projects/linux视觉感知项目/源码/上位机程序/Lane_Detection/frames/83.jpg
linux-vision	attachment-evidence	34484	6ab365b66c68b187	projects/linux视觉感知项目/源码/上位机程序/Lane_Detection/frames/84.jpg
linux-vision	attachment-evidence	34060	b52f005cd3bb42b4	projects/linux视觉感知项目/源码/上位机程序/Lane_Detection/frames/85.jpg
linux-vision	attachment-evidence	33839	a11ca71904f87c6f	projects/linux视觉感知项目/源码/上位机程序/Lane_Detection/frames/86.jpg
linux-vision	attachment-evidence	33891	431e9bea767c020b	projects/linux视觉感知项目/源码/上位机程序/Lane_Detection/frames/87.jpg
linux-vision	attachment-evidence	34232	698561088144327b	projects/linux视觉感知项目/源码/上位机程序/Lane_Detection/frames/88.jpg
linux-vision	attachment-evidence	34329	28a1cb9286dc8d77	projects/linux视觉感知项目/源码/上位机程序/Lane_Detection/frames/89.jpg
linux-vision	attachment-evidence	18357	aee1bb4dd991e169	projects/linux视觉感知项目/源码/上位机程序/Lane_Detection/frames/9.jpg
linux-vision	attachment-evidence	34414	cd740d30dfb8f885	projects/linux视觉感知项目/源码/上位机程序/Lane_Detection/frames/90.jpg
linux-vision	attachment-evidence	34802	c43b2ebc535cdc29	projects/linux视觉感知项目/源码/上位机程序/Lane_Detection/frames/91.jpg
linux-vision	attachment-evidence	34705	b423d34356301629	projects/linux视觉感知项目/源码/上位机程序/Lane_Detection/frames/92.jpg
linux-vision	attachment-evidence	34612	53195e4121e164d7	projects/linux视觉感知项目/源码/上位机程序/Lane_Detection/frames/93.jpg
linux-vision	attachment-evidence	34855	0370b62cd35073a4	projects/linux视觉感知项目/源码/上位机程序/Lane_Detection/frames/94.jpg
linux-vision	attachment-evidence	35220	b554686cb4a4a731	projects/linux视觉感知项目/源码/上位机程序/Lane_Detection/frames/95.jpg
linux-vision	attachment-evidence	34929	58338c4ae0d12cf8	projects/linux视觉感知项目/源码/上位机程序/Lane_Detection/frames/96.jpg
linux-vision	attachment-evidence	35077	a41dbb72a1690edd	projects/linux视觉感知项目/源码/上位机程序/Lane_Detection/frames/97.jpg
linux-vision	attachment-evidence	34813	ec8e45786c83bcc2	projects/linux视觉感知项目/源码/上位机程序/Lane_Detection/frames/98.jpg
linux-vision	attachment-evidence	35151	cd595f57ddc6cfca	projects/linux视觉感知项目/源码/上位机程序/Lane_Detection/frames/99.jpg
linux-vision	code-or-config	183	449fcebe127e5378	projects/linux视觉感知项目/源码/上位机程序/Lane_Detection/main.cpp
linux-vision	build-artifact	3832	12bd0d69cfc1a04b	projects/linux视觉感知项目/源码/上位机程序/Lane_Detection/main.o
linux-vision	code-or-config	12852	84ca63eb1119a6f8	projects/linux视觉感知项目/源码/上位机程序/Lane_Detection/mainwindow.cpp
linux-vision	code-or-config	2730	da744ae9f3a86b9b	projects/linux视觉感知项目/源码/上位机程序/Lane_Detection/mainwindow.h
linux-vision	build-artifact	63832	338931bd5412b0ea	projects/linux视觉感知项目/源码/上位机程序/Lane_Detection/mainwindow.o
linux-vision	other-binary-or-config	7981	27da7fd9dd43cb6b	projects/linux视觉感知项目/源码/上位机程序/Lane_Detection/mainwindow.ui
linux-vision	code-or-config	4720	70e85611b05a4296	projects/linux视觉感知项目/源码/上位机程序/Lane_Detection/moc_mainwindow.cpp
linux-vision	build-artifact	12592	4a5e931bd86168c8	projects/linux视觉感知项目/源码/上位机程序/Lane_Detection/moc_mainwindow.o
linux-vision	code-or-config	15422	95a29e7415dc1dba	projects/linux视觉感知项目/源码/上位机程序/Lane_Detection/moc_predefs.h
linux-vision	code-or-config	7718	bd7d08464dd2ec20	projects/linux视觉感知项目/源码/上位机程序/Lane_Detection/omp.h
linux-vision	code-or-config	11856747	fa3eac2bba3973d8	projects/linux视觉感知项目/源码/上位机程序/Lane_Detection/qrc_res.cpp
linux-vision	build-artifact	2289288	707400a3583c3dc3	projects/linux视觉感知项目/源码/上位机程序/Lane_Detection/qrc_res.o
linux-vision	other-binary-or-config	403	4b6c5f107cc3f963	projects/linux视觉感知项目/源码/上位机程序/Lane_Detection/res.qrc
linux-vision	attachment-evidence	46246	c26b05d3375e92fe	projects/linux视觉感知项目/源码/上位机程序/Lane_Detection/resource/123.jpeg
linux-vision	attachment-evidence	177039	f3515fbdbc72a91e	projects/linux视觉感知项目/源码/上位机程序/Lane_Detection/resource/bk.jpeg
linux-vision	attachment-evidence	1661932	2a3f9e55b459735e	projects/linux视觉感知项目/源码/上位机程序/Lane_Detection/resource/bk.png
linux-vision	attachment-evidence	164648	ef07c65c7be83253	projects/linux视觉感知项目/源码/上位机程序/Lane_Detection/resource/camera(1).jpeg
linux-vision	attachment-evidence	74736	bd07c569525ecfb9	projects/linux视觉感知项目/源码/上位机程序/Lane_Detection/resource/camera.jpeg
linux-vision	attachment-evidence	35462	1a27b9eddf132918	projects/linux视觉感知项目/源码/上位机程序/Lane_Detection/resource/cmd.jpeg
linux-vision	attachment-evidence	78682	129b8c3395ccb0f5	projects/linux视觉感知项目/源码/上位机程序/Lane_Detection/resource/file(1).jpeg
linux-vision	attachment-evidence	30164	954072fb54435837	projects/linux视觉感知项目/源码/上位机程序/Lane_Detection/resource/file.jpeg
linux-vision	attachment-evidence	90621	93ebc5d2b984c839	projects/linux视觉感知项目/源码/上位机程序/Lane_Detection/resource/network.jpg
linux-vision	code-or-config	1610	871e48a8c71da879	projects/linux视觉感知项目/源码/上位机程序/Lane_Detection/sysinfolinuximpl.cpp
linux-vision	code-or-config	430	01063eb17aebdf43	projects/linux视觉感知项目/源码/上位机程序/Lane_Detection/sysinfolinuximpl.h
linux-vision	build-artifact	12984	289dc84629162610	projects/linux视觉感知项目/源码/上位机程序/Lane_Detection/sysinfolinuximpl.o
linux-vision	attachment-evidence	163060	ba63db34fa868ff4	projects/linux视觉感知项目/源码/上位机程序/Lane_Detection/test/0.jpg
linux-vision	attachment-evidence	111679	0ef7de79613eb5e6	projects/linux视觉感知项目/源码/上位机程序/Lane_Detection/test/1.jpg
linux-vision	attachment-evidence	128346	3cc38617ce000d69	projects/linux视觉感知项目/源码/上位机程序/Lane_Detection/test/2.jpg
linux-vision	attachment-evidence	158051	000016aee9df6a8f	projects/linux视觉感知项目/源码/上位机程序/Lane_Detection/test/3.jpg
linux-vision	attachment-evidence	174856	51c77d4cb5fc0979	projects/linux视觉感知项目/源码/上位机程序/Lane_Detection/test/4.jpg
linux-vision	attachment-evidence	149503	a645cbf825aced83	projects/linux视觉感知项目/源码/上位机程序/Lane_Detection/test/5.jpg
linux-vision	attachment-evidence	121602	b42d28724165e27c	projects/linux视觉感知项目/源码/上位机程序/Lane_Detection/test/6.jpg
linux-vision	attachment-evidence	112158	abd3d0e649eeff83	projects/linux视觉感知项目/源码/上位机程序/Lane_Detection/test/7.jpg
linux-vision	attachment-evidence	94843	690931375d4ce0bc	projects/linux视觉感知项目/源码/上位机程序/Lane_Detection/test/8.jpg
linux-vision	attachment-evidence	82148	e79c6b65c669f78f	projects/linux视觉感知项目/源码/上位机程序/Lane_Detection/test/9.jpg
linux-vision	code-or-config	9405	fba9eb5c697dc6bc	projects/linux视觉感知项目/源码/上位机程序/Lane_Detection/ui_mainwindow.h
linux-vision	knowledge-document	524	48e71451e13db7e2	projects/linux视觉感知项目/源码/卷积神经网络/卷积神经网络/LSTR_ONNX/CMakeLists.txt
linux-vision	build-artifact	14672	c109e2d30a77ca0e	projects/linux视觉感知项目/源码/卷积神经网络/卷积神经网络/LSTR_ONNX/build/CMakeCache.txt
linux-vision	build-artifact	2498	3aefeb492e6cc193	projects/linux视觉感知项目/源码/卷积神经网络/卷积神经网络/LSTR_ONNX/build/CMakeFiles/3.26.0/CMakeCCompiler.cmake
linux-vision	build-artifact	5473	92a4554a99021342	projects/linux视觉感知项目/源码/卷积神经网络/卷积神经网络/LSTR_ONNX/build/CMakeFiles/3.26.0/CMakeCXXCompiler.cmake
linux-vision	build-artifact	9376	076d5445c2d45ad8	projects/linux视觉感知项目/源码/卷积神经网络/卷积神经网络/LSTR_ONNX/build/CMakeFiles/3.26.0/CMakeDetermineCompilerABI_C.bin
linux-vision	build-artifact	9400	88c2107eec2cc5e0	projects/linux视觉感知项目/源码/卷积神经网络/卷积神经网络/LSTR_ONNX/build/CMakeFiles/3.26.0/CMakeDetermineCompilerABI_CXX.bin
linux-vision	build-artifact	404	7449218e0d5d1a2e	projects/linux视觉感知项目/源码/卷积神经网络/卷积神经网络/LSTR_ONNX/build/CMakeFiles/3.26.0/CMakeSystem.cmake
linux-vision	build-artifact	26502	9388c5cdafe7dd7b	projects/linux视觉感知项目/源码/卷积神经网络/卷积神经网络/LSTR_ONNX/build/CMakeFiles/3.26.0/CompilerIdC/CMakeCCompilerId.c
linux-vision	build-artifact	9520	aead473e1a9bb2ab	projects/linux视觉感知项目/源码/卷积神经网络/卷积神经网络/LSTR_ONNX/build/CMakeFiles/3.26.0/CompilerIdC/a.out
linux-vision	build-artifact	26276	ddefd1fad81e0542	projects/linux视觉感知项目/源码/卷积神经网络/卷积神经网络/LSTR_ONNX/build/CMakeFiles/3.26.0/CompilerIdCXX/CMakeCXXCompilerId.cpp
linux-vision	build-artifact	9528	5534dc604b4d2329	projects/linux视觉感知项目/源码/卷积神经网络/卷积神经网络/LSTR_ONNX/build/CMakeFiles/3.26.0/CompilerIdCXX/a.out
linux-vision	build-artifact	52908	642cd75bea1f0d56	projects/linux视觉感知项目/源码/卷积神经网络/卷积神经网络/LSTR_ONNX/build/CMakeFiles/CMakeConfigureLog.yaml
linux-vision	build-artifact	716	5d5be0d886159e68	projects/linux视觉感知项目/源码/卷积神经网络/卷积神经网络/LSTR_ONNX/build/CMakeFiles/CMakeDirectoryInformation.cmake
linux-vision	build-artifact	616	b4e37835c9d1784f	projects/linux视觉感知项目/源码/卷积神经网络/卷积神经网络/LSTR_ONNX/build/CMakeFiles/LSTR.dir/DependInfo.cmake
linux-vision	build-artifact	5590	4efe4b5b8213e3df	projects/linux视觉感知项目/源码/卷积神经网络/卷积神经网络/LSTR_ONNX/build/CMakeFiles/LSTR.dir/build.make
linux-vision	build-artifact	267	4b25b664fa5f4b4c	projects/linux视觉感知项目/源码/卷积神经网络/卷积神经网络/LSTR_ONNX/build/CMakeFiles/LSTR.dir/cmake_clean.cmake
linux-vision	build-artifact	12636	6254d919871a1033	projects/linux视觉感知项目/源码/卷积神经网络/卷积神经网络/LSTR_ONNX/build/CMakeFiles/LSTR.dir/compiler_depend.internal
linux-vision	build-artifact	26263	79282c608ccfb831	projects/linux视觉感知项目/源码/卷积神经网络/卷积神经网络/LSTR_ONNX/build/CMakeFiles/LSTR.dir/compiler_depend.make
linux-vision	build-artifact	111	e750a44df0a1acf9	projects/linux视觉感知项目/源码/卷积神经网络/卷积神经网络/LSTR_ONNX/build/CMakeFiles/LSTR.dir/compiler_depend.ts
linux-vision	build-artifact	88	0d40c799b0791a24	projects/linux视觉感知项目/源码/卷积神经网络/卷积神经网络/LSTR_ONNX/build/CMakeFiles/LSTR.dir/depend.make
linux-vision	build-artifact	306	3fb46af79c22ae3f	projects/linux视觉感知项目/源码/卷积神经网络/卷积神经网络/LSTR_ONNX/build/CMakeFiles/LSTR.dir/flags.make
linux-vision	build-artifact	845	20548a35173d3aa3	projects/linux视觉感知项目/源码/卷积神经网络/卷积神经网络/LSTR_ONNX/build/CMakeFiles/LSTR.dir/link.txt
linux-vision	build-artifact	554016	058dab4e7c594f9c	projects/linux视觉感知项目/源码/卷积神经网络/卷积神经网络/LSTR_ONNX/build/CMakeFiles/LSTR.dir/main.cpp.o
linux-vision	build-artifact	12965	4a9acfbf742a1bdb	projects/linux视觉感知项目/源码/卷积神经网络/卷积神经网络/LSTR_ONNX/build/CMakeFiles/LSTR.dir/main.cpp.o.d
linux-vision	build-artifact	43	c06e644090b09d41	projects/linux视觉感知项目/源码/卷积神经网络/卷积神经网络/LSTR_ONNX/build/CMakeFiles/LSTR.dir/progress.make
linux-vision	build-artifact	2783	b5e2c73fb99f14c4	projects/linux视觉感知项目/源码/卷积神经网络/卷积神经网络/LSTR_ONNX/build/CMakeFiles/Makefile.cmake
linux-vision	build-artifact	3724	44cbbd774c313b55	projects/linux视觉感知项目/源码/卷积神经网络/卷积神经网络/LSTR_ONNX/build/CMakeFiles/Makefile2
linux-vision	build-artifact	297	755851db74a25c62	projects/linux视觉感知项目/源码/卷积神经网络/卷积神经网络/LSTR_ONNX/build/CMakeFiles/TargetDirectories.txt
linux-vision	build-artifact	85	a26189e394421da5	projects/linux视觉感知项目/源码/卷积神经网络/卷积神经网络/LSTR_ONNX/build/CMakeFiles/cmake.check_cache
linux-vision	build-artifact	2	53c234e5e8472b6a	projects/linux视觉感知项目/源码/卷积神经网络/卷积神经网络/LSTR_ONNX/build/CMakeFiles/progress.marks
linux-vision	build-artifact	231384	ea120f8e98ab52f0	projects/linux视觉感知项目/源码/卷积神经网络/卷积神经网络/LSTR_ONNX/build/LSTR
linux-vision	build-artifact	5393	9720c214edf88ee8	projects/linux视觉感知项目/源码/卷积神经网络/卷积神经网络/LSTR_ONNX/build/Makefile
linux-vision	build-artifact	1710	d37d86ab80da8058	projects/linux视觉感知项目/源码/卷积神经网络/卷积神经网络/LSTR_ONNX/build/cmake_install.cmake
linux-vision	build-artifact	1370971	99930502641ed12a	projects/linux视觉感知项目/源码/卷积神经网络/卷积神经网络/LSTR_ONNX/build/output.png
linux-vision	attachment-evidence	262236	79ec48c6cf63c7d7	projects/linux视觉感知项目/源码/卷积神经网络/卷积神经网络/LSTR_ONNX/images/0.jpg
linux-vision	attachment-evidence	30468	d40ffb30166aa96e	projects/linux视觉感知项目/源码/卷积神经网络/卷积神经网络/LSTR_ONNX/images/1.jpeg
linux-vision	attachment-evidence	207459	d171fcfcc1df205e	projects/linux视觉感知项目/源码/卷积神经网络/卷积神经网络/LSTR_ONNX/images/1.jpg
linux-vision	attachment-evidence	133198	e58510558bf020f3	projects/linux视觉感知项目/源码/卷积神经网络/卷积神经网络/LSTR_ONNX/images/2.jpeg
linux-vision	attachment-evidence	172402	16135d6368ad7540	projects/linux视觉感知项目/源码/卷积神经网络/卷积神经网络/LSTR_ONNX/images/2.jpg
linux-vision	attachment-evidence	239175	99eecb86969046f6	projects/linux视觉感知项目/源码/卷积神经网络/卷积神经网络/LSTR_ONNX/images/3.jpg
linux-vision	attachment-evidence	377878	d38db7c0f44fb1be	projects/linux视觉感知项目/源码/卷积神经网络/卷积神经网络/LSTR_ONNX/images/6.jpeg
linux-vision	attachment-evidence	67278	b180c8fef16ea1ae	projects/linux视觉感知项目/源码/卷积神经网络/卷积神经网络/LSTR_ONNX/images/test1.jpg
linux-vision	attachment-evidence	85524	d63c4474ec9775d4	projects/linux视觉感知项目/源码/卷积神经网络/卷积神经网络/LSTR_ONNX/images/test2.jpg
linux-vision	attachment-evidence	43835	925f3820381676c6	projects/linux视觉感知项目/源码/卷积神经网络/卷积神经网络/LSTR_ONNX/images/test3.jpg
linux-vision	attachment-evidence	78991	79388f76e6703c26	projects/linux视觉感知项目/源码/卷积神经网络/卷积神经网络/LSTR_ONNX/images/test4.jpg
linux-vision	attachment-evidence	83781	d9e778870f2f29e2	projects/linux视觉感知项目/源码/卷积神经网络/卷积神经网络/LSTR_ONNX/images/test5.jpg
linux-vision	attachment-evidence	37163	4c10eb1905bf94fc	projects/linux视觉感知项目/源码/卷积神经网络/卷积神经网络/LSTR_ONNX/images/test6.jpg
linux-vision	code-or-config	3632	0095085bdecc4164	projects/linux视觉感知项目/源码/卷积神经网络/卷积神经网络/LSTR_ONNX/include/environment.h
linux-vision	code-or-config	3016	37a7c9ae2dd6001e	projects/linux视觉感知项目/源码/卷积神经网络/卷积神经网络/LSTR_ONNX/include/experimental_onnxruntime_cxx_api.h
linux-vision	code-or-config	4866	7f5cf1653e7379f7	projects/linux视觉感知项目/源码/卷积神经网络/卷积神经网络/LSTR_ONNX/include/experimental_onnxruntime_cxx_inline.h
linux-vision	code-or-config	348	d4c82ff632a7a402	projects/linux视觉感知项目/源码/卷积神经网络/卷积神经网络/LSTR_ONNX/include/onnxruntime/core/common/basic_types.h
linux-vision	code-or-config	1899	2ea46fe05464b772	projects/linux视觉感知项目/源码/卷积神经网络/卷积神经网络/LSTR_ONNX/include/onnxruntime/core/common/code_location.h
linux-vision	code-or-config	13269	2f95197d322d6371	projects/linux视觉感知项目/源码/卷积神经网络/卷积神经网络/LSTR_ONNX/include/onnxruntime/core/common/common.h
linux-vision	code-or-config	2867	79e65d6fb6cc09be	projects/linux视觉感知项目/源码/卷积神经网络/卷积神经网络/LSTR_ONNX/include/onnxruntime/core/common/const_pointer_container.h
linux-vision	code-or-config	358	1ca5b80fec050b20	projects/linux视觉感知项目/源码/卷积神经网络/卷积神经网络/LSTR_ONNX/include/onnxruntime/core/common/denormal.h
linux-vision	code-or-config	2713	33a48f8f1e924922	projects/linux视觉感知项目/源码/卷积神经网络/卷积神经网络/LSTR_ONNX/include/onnxruntime/core/common/eigen_common_wrapper.h
linux-vision	code-or-config	2380	6662935d9ccf71a0	projects/linux视觉感知项目/源码/卷积神经网络/卷积神经网络/LSTR_ONNX/include/onnxruntime/core/common/exceptions.h
linux-vision	code-or-config	17545	a468dd2565c8a5cf	projects/linux视觉感知项目/源码/卷积神经网络/卷积神经网络/LSTR_ONNX/include/onnxruntime/core/common/gpu_profiler_common.h
linux-vision	code-or-config	130	9f978fcb359e0848	projects/linux视觉感知项目/源码/卷积神经网络/卷积神经网络/LSTR_ONNX/include/onnxruntime/core/common/gsl.h
linux-vision	code-or-config	789	a55690103d02d817	projects/linux视觉感知项目/源码/卷积神经网络/卷积神经网络/LSTR_ONNX/include/onnxruntime/core/common/hash_combine.h
linux-vision	code-or-config	6516	6e132032f19bec0c	projects/linux视觉感知项目/源码/卷积神经网络/卷积神经网络/LSTR_ONNX/include/onnxruntime/core/common/inlined_containers.h
linux-vision	code-or-config	5845	8a82aa6fb4951086	projects/linux视觉感知项目/源码/卷积神经网络/卷积神经网络/LSTR_ONNX/include/onnxruntime/core/common/inlined_containers_fwd.h
linux-vision	code-or-config	3226	7dbf5a7c76f2210f	projects/linux视觉感知项目/源码/卷积神经网络/卷积神经网络/LSTR_ONNX/include/onnxruntime/core/common/logging/capture.h
linux-vision	code-or-config	1069	93ebfc9b36a3dbb5	projects/linux视觉感知项目/源码/卷积神经网络/卷积神经网络/LSTR_ONNX/include/onnxruntime/core/common/logging/isink.h
linux-vision	code-or-config	12284	ed228910b13974d5	projects/linux视觉感知项目/源码/卷积神经网络/卷积神经网络/LSTR_ONNX/include/onnxruntime/core/common/logging/logging.h
linux-vision	code-or-config	14331	cafca11f88a532a9	projects/linux视觉感知项目/源码/卷积神经网络/卷积神经网络/LSTR_ONNX/include/onnxruntime/core/common/logging/macros.h
linux-vision	code-or-config	686	508a327308552b83	projects/linux视觉感知项目/源码/卷积神经网络/卷积神经网络/LSTR_ONNX/include/onnxruntime/core/common/logging/severity.h
linux-vision	code-or-config	4231	1fedefac5058bf5d	projects/linux视觉感知项目/源码/卷积神经网络/卷积神经网络/LSTR_ONNX/include/onnxruntime/core/common/make_string.h
linux-vision	code-or-config	2622	a35bc6de47cf50b3	projects/linux视觉感知项目/源码/卷积神经网络/卷积神经网络/LSTR_ONNX/include/onnxruntime/core/common/narrow.h
linux-vision	code-or-config	387	68fc027dc31735c9	projects/linux视觉感知项目/源码/卷积神经网络/卷积神经网络/LSTR_ONNX/include/onnxruntime/core/common/optional.h
linux-vision	code-or-config	2044	c90477d6c2b59664	projects/linux视觉感知项目/源码/卷积神经网络/卷积神经网络/LSTR_ONNX/include/onnxruntime/core/common/parse_string.h
linux-vision	code-or-config	2810	05f8a13d7c7b9234	projects/linux视觉感知项目/源码/卷积神经网络/卷积神经网络/LSTR_ONNX/include/onnxruntime/core/common/profiler_common.h
linux-vision	code-or-config	2871	daaecf5dd687aa5a	projects/linux视觉感知项目/源码/卷积神经网络/卷积神经网络/LSTR_ONNX/include/onnxruntime/core/common/span_utils.h
linux-vision	code-or-config	454	fbc21fc881177f51	projects/linux视觉感知项目/源码/卷积神经网络/卷积神经网络/LSTR_ONNX/include/onnxruntime/core/common/spin_pause.h
linux-vision	code-or-config	5144	0029a35cd80af7d3	projects/linux视觉感知项目/源码/卷积神经网络/卷积神经网络/LSTR_ONNX/include/onnxruntime/core/common/status.h
linux-vision	code-or-config	288	acdef17b85c032d4	projects/linux视觉感知项目/源码/卷积神经网络/卷积神经网络/LSTR_ONNX/include/onnxruntime/core/common/string_helper.h
linux-vision	code-or-config	1794	93e0cd84afeb0a95	projects/linux视觉感知项目/源码/卷积神经网络/卷积神经网络/LSTR_ONNX/include/onnxruntime/core/eager/ort_kernel_invoker.h
linux-vision	code-or-config	1429	aa2e38c87f83e7b8	projects/linux视觉感知项目/源码/卷积神经网络/卷积神经网络/LSTR_ONNX/include/onnxruntime/core/framework/alloc_kind.h
linux-vision	code-or-config	8258	23a062cd70bf17df	projects/linux视觉感知项目/源码/卷积神经网络/卷积神经网络/LSTR_ONNX/include/onnxruntime/core/framework/allocator.h
linux-vision	code-or-config	1149	9c891cda10de6b56	projects/linux视觉感知项目/源码/卷积神经网络/卷积神经网络/LSTR_ONNX/include/onnxruntime/core/framework/buffer_deleter.h
linux-vision	code-or-config	1901	198ed2348987ffcd	projects/linux视觉感知项目/源码/卷积神经网络/卷积神经网络/LSTR_ONNX/include/onnxruntime/core/framework/customregistry.h
linux-vision	code-or-config	34310	1c4db155574ffab1	projects/linux视觉感知项目/源码/卷积神经网络/卷积神经网络/LSTR_ONNX/include/onnxruntime/core/framework/data_types.h
linux-vision	code-or-config	24310	d5c62dd96e36a454	projects/linux视觉感知项目/源码/卷积神经网络/卷积神经网络/LSTR_ONNX/include/onnxruntime/core/framework/data_types_internal.h
linux-vision	code-or-config	699	2e972009d0fcdf00	projects/linux视觉感知项目/源码/卷积神经网络/卷积神经网络/LSTR_ONNX/include/onnxruntime/core/framework/endian.h
linux-vision	code-or-config	14944	36e04b7dd870cee3	projects/linux视觉感知项目/源码/卷积神经网络/卷积神经网络/LSTR_ONNX/include/onnxruntime/core/framework/execution_provider.h
linux-vision	code-or-config	4871	0a50c91519a1df0c	projects/linux视觉感知项目/源码/卷积神经网络/卷积神经网络/LSTR_ONNX/include/onnxruntime/core/framework/float16.h
linux-vision	code-or-config	572	a6c8a0cb71b794ef	projects/linux视觉感知项目/源码/卷积神经网络/卷积神经网络/LSTR_ONNX/include/onnxruntime/core/framework/framework_common.h
linux-vision	code-or-config	255	7b308ce06b9309aa	projects/linux视觉感知项目/源码/卷积神经网络/卷积神经网络/LSTR_ONNX/include/onnxruntime/core/framework/framework_provider_common.h
linux-vision	code-or-config	1046	e9a3f3068cb310c3	projects/linux视觉感知项目/源码/卷积神经网络/卷积神经网络/LSTR_ONNX/include/onnxruntime/core/framework/func_api.h
linux-vision	code-or-config	11746	a3aa42310d663bd8	projects/linux视觉感知项目/源码/卷积神经网络/卷积神经网络/LSTR_ONNX/include/onnxruntime/core/framework/kernel_def_builder.h
linux-vision	code-or-config	5735	7396e1c281a53761	projects/linux视觉感知项目/源码/卷积神经网络/卷积神经网络/LSTR_ONNX/include/onnxruntime/core/framework/kernel_registry.h
linux-vision	code-or-config	23304	253f16efdb27eaef	projects/linux视觉感知项目/源码/卷积神经网络/卷积神经网络/LSTR_ONNX/include/onnxruntime/core/framework/op_kernel.h
linux-vision	code-or-config	8057	ff768cc3617717da	projects/linux视觉感知项目/源码/卷积神经网络/卷积神经网络/LSTR_ONNX/include/onnxruntime/core/framework/op_kernel_context.h
linux-vision	code-or-config	2360	bd2ff47624b7812b	projects/linux视觉感知项目/源码/卷积神经网络/卷积神经网络/LSTR_ONNX/include/onnxruntime/core/framework/op_kernel_info.h
linux-vision	code-or-config	5885	7e2798a84a668785	projects/linux视觉感知项目/源码/卷积神经网络/卷积神经网络/LSTR_ONNX/include/onnxruntime/core/framework/op_node_proto_helper.h
linux-vision	code-or-config	3871	1fa0260ead4fd92e	projects/linux视觉感知项目/源码/卷积神经网络/卷积神经网络/LSTR_ONNX/include/onnxruntime/core/framework/ort_value.h
linux-vision	code-or-config	2608	30cc008898b9c236	projects/linux视觉感知项目/源码/卷积神经网络/卷积神经网络/LSTR_ONNX/include/onnxruntime/core/framework/ortdevice.h
linux-vision	code-or-config	2628	62aa12c230acfba4	projects/linux视觉感知项目/源码/卷积神经网络/卷积神经网络/LSTR_ONNX/include/onnxruntime/core/framework/ortmemoryinfo.h
linux-vision	code-or-config	480	cb7206ffd06ba31b	projects/linux视觉感知项目/源码/卷积神经网络/卷积神经网络/LSTR_ONNX/include/onnxruntime/core/framework/provider_options.h
linux-vision	code-or-config	5304	75e7354a899fe244	projects/linux视觉感知项目/源码/卷积神经网络/卷积神经网络/LSTR_ONNX/include/onnxruntime/core/framework/provider_options_utils.h
linux-vision	code-or-config	167	12b6fc0d929cb8d7	projects/linux视觉感知项目/源码/卷积神经网络/卷积神经网络/LSTR_ONNX/include/onnxruntime/core/framework/provider_shutdown.h
linux-vision	code-or-config	1882	d1d626a2a93b6c28	projects/linux视觉感知项目/源码/卷积神经网络/卷积神经网络/LSTR_ONNX/include/onnxruntime/core/framework/run_options.h
linux-vision	code-or-config	23393	bcae340bb1bade43	projects/linux视觉感知项目/源码/卷积神经网络/卷积神经网络/LSTR_ONNX/include/onnxruntime/core/framework/sparse_tensor.h
linux-vision	code-or-config	7634	28cde81552a9b1cd	projects/linux视觉感知项目/源码/卷积神经网络/卷积神经网络/LSTR_ONNX/include/onnxruntime/core/framework/stream_handles.h
linux-vision	code-or-config	11342	578e7c1a6ff4ccc5	projects/linux视觉感知项目/源码/卷积神经网络/卷积神经网络/LSTR_ONNX/include/onnxruntime/core/framework/tensor.h
linux-vision	code-or-config	6672	1e630e50d3b610ea	projects/linux视觉感知项目/源码/卷积神经网络/卷积神经网络/LSTR_ONNX/include/onnxruntime/core/framework/tensor_shape.h
linux-vision	code-or-config	2709	50b1bf092394be89	projects/linux视觉感知项目/源码/卷积神经网络/卷积神经网络/LSTR_ONNX/include/onnxruntime/core/framework/to_tensor_proto_element_type.h
linux-vision	code-or-config	1784	74fe403b0b59c2ff	projects/linux视觉感知项目/源码/卷积神经网络/卷积神经网络/LSTR_ONNX/include/onnxruntime/core/graph/basic_types.h
linux-vision	code-or-config	3051	acebde036de1e4d9	projects/linux视觉感知项目/源码/卷积神经网络/卷积神经网络/LSTR_ONNX/include/onnxruntime/core/graph/constants.h
linux-vision	code-or-config	677	35920c5730d31594	projects/linux视觉感知项目/源码/卷积神经网络/卷积神经网络/LSTR_ONNX/include/onnxruntime/core/graph/function.h
linux-vision	code-or-config	73157	ef223a6a7a614ec6	projects/linux视觉感知项目/源码/卷积神经网络/卷积神经网络/LSTR_ONNX/include/onnxruntime/core/graph/graph.h
linux-vision	code-or-config	6580	c1a3b2c3ccb87c87	projects/linux视觉感知项目/源码/卷积神经网络/卷积神经网络/LSTR_ONNX/include/onnxruntime/core/graph/graph_nodes.h
linux-vision	code-or-config	8577	e36e66ace75eae3b	projects/linux视觉感知项目/源码/卷积神经网络/卷积神经网络/LSTR_ONNX/include/onnxruntime/core/graph/graph_viewer.h
linux-vision	code-or-config	3381	c02b41dc4e0f4c54	projects/linux视觉感知项目/源码/卷积神经网络/卷积神经网络/LSTR_ONNX/include/onnxruntime/core/graph/indexed_sub_graph.h
linux-vision	code-or-config	5771	b15c34902862667c	projects/linux视觉感知项目/源码/卷积神经网络/卷积神经网络/LSTR_ONNX/include/onnxruntime/core/graph/node_arg.h
linux-vision	code-or-config	6305	93236b01edfabd84	projects/linux视觉感知项目/源码/卷积神经网络/卷积神经网络/LSTR_ONNX/include/onnxruntime/core/graph/schema_registry.h
linux-vision	code-or-config	3487	9ccce4f3886aba82	projects/linux视觉感知项目/源码/卷积神经网络/卷积神经网络/LSTR_ONNX/include/onnxruntime/core/optimizer/graph_transformer.h
linux-vision	code-or-config	3520	dd2f03caf5a30177	projects/linux视觉感知项目/源码/卷积神经网络/卷积神经网络/LSTR_ONNX/include/onnxruntime/core/optimizer/graph_transformer_config.h
linux-vision	code-or-config	543	98e0ce46d552ded8	projects/linux视觉感知项目/源码/卷积神经网络/卷积神经网络/LSTR_ONNX/include/onnxruntime/core/optimizer/graph_transformer_level.h
linux-vision	code-or-config	3989	da101ea67edc35eb	projects/linux视觉感知项目/源码/卷积神经网络/卷积神经网络/LSTR_ONNX/include/onnxruntime/core/optimizer/graph_transformer_utils.h
linux-vision	code-or-config	4889	36953e0698493392	projects/linux视觉感知项目/源码/卷积神经网络/卷积神经网络/LSTR_ONNX/include/onnxruntime/core/optimizer/rewrite_rule.h
linux-vision	code-or-config	4107	9d81a4b299ec5622	projects/linux视觉感知项目/源码/卷积神经网络/卷积神经网络/LSTR_ONNX/include/onnxruntime/core/optimizer/rule_based_graph_transformer.h
linux-vision	code-or-config	2260	4c919064f8f64f44	projects/linux视觉感知项目/源码/卷积神经网络/卷积神经网络/LSTR_ONNX/include/onnxruntime/core/platform/Barrier.h
linux-vision	code-or-config	67157	74d6e99bb936ae92	projects/linux视觉感知项目/源码/卷积神经网络/卷积神经网络/LSTR_ONNX/include/onnxruntime/core/platform/EigenNonBlockingThreadPool.h
linux-vision	code-or-config	7423	16938775449aa44e	projects/linux视觉感知项目/源码/卷积神经网络/卷积神经网络/LSTR_ONNX/include/onnxruntime/core/platform/ort_mutex.h
linux-vision	code-or-config	17664	bc0d0061eb7f8585	projects/linux视觉感知项目/源码/卷积神经网络/卷积神经网络/LSTR_ONNX/include/onnxruntime/core/platform/threadpool.h
linux-vision	code-or-config	225	c6d20603228292ed	projects/linux视觉感知项目/源码/卷积神经网络/卷积神经网络/LSTR_ONNX/include/onnxruntime/core/platform/tracing.h
linux-vision	code-or-config	3687	60c9a41687c9927a	projects/linux视觉感知项目/源码/卷积神经网络/卷积神经网络/LSTR_ONNX/include/onnxruntime/core/platform/windows/TraceLoggingConfig.h
linux-vision	knowledge-document	158	46d2b66e292efbf4	projects/linux视觉感知项目/源码/卷积神经网络/卷积神经网络/LSTR_ONNX/include/onnxruntime/core/platform/windows/readme.txt
linux-vision	code-or-config	386	0141e3fffe1f75c8	projects/linux视觉感知项目/源码/卷积神经网络/卷积神经网络/LSTR_ONNX/include/onnxruntime/core/providers/acl/acl_provider_factory.h
linux-vision	code-or-config	388	10546277066057d2	projects/linux视觉感知项目/源码/卷积神经网络/卷积神经网络/LSTR_ONNX/include/onnxruntime/core/providers/armnn/armnn_provider_factory.h
linux-vision	code-or-config	1414	dabd7034c3bb805d	projects/linux视觉感知项目/源码/卷积神经网络/卷积神经网络/LSTR_ONNX/include/onnxruntime/core/providers/cann/cann_provider_options.h
linux-vision	code-or-config	1529	069a08bcd3ea0c53	projects/linux视觉感知项目/源码/卷积神经网络/卷积神经网络/LSTR_ONNX/include/onnxruntime/core/providers/coreml/coreml_provider_factory.h
linux-vision	code-or-config	397	0de52d129c718c07	projects/linux视觉感知项目/源码/卷积神经网络/卷积神经网络/LSTR_ONNX/include/onnxruntime/core/providers/cpu/cpu_provider_factory.h
linux-vision	code-or-config	2709	f82bd9d8b2f7abf2	projects/linux视觉感知项目/源码/卷积神经网络/卷积神经网络/LSTR_ONNX/include/onnxruntime/core/providers/cuda/cuda_provider_options.h
linux-vision	code-or-config	4381	501e14bf790d9d26	projects/linux视觉感知项目/源码/卷积神经网络/卷积神经网络/LSTR_ONNX/include/onnxruntime/core/providers/dml/dml_provider_factory.h
linux-vision	code-or-config	283	d75c1a538adc1a70	projects/linux视觉感知项目/源码/卷积神经网络/卷积神经网络/LSTR_ONNX/include/onnxruntime/core/providers/dnnl/dnnl_provider_options.h
linux-vision	code-or-config	2646	49f7e0952e57b7e2	projects/linux视觉感知项目/源码/卷积神经网络/卷积神经网络/LSTR_ONNX/include/onnxruntime/core/providers/nnapi/nnapi_provider_factory.h
linux-vision	code-or-config	547	960a666c18a01784	projects/linux视觉感知项目/源码/卷积神经网络/卷积神经网络/LSTR_ONNX/include/onnxruntime/core/providers/openvino/openvino_provider_factory.h
linux-vision	code-or-config	346	44bc81e40a4b7b61	projects/linux视觉感知项目/源码/卷积神经网络/卷积神经网络/LSTR_ONNX/include/onnxruntime/core/providers/providers.h
linux-vision	code-or-config	252	ceb579630e299eb8	projects/linux视觉感知项目/源码/卷积神经网络/卷积神经网络/LSTR_ONNX/include/onnxruntime/core/providers/rknpu/rknpu_provider_factory.h
linux-vision	code-or-config	313	feb6ca004afe1153	projects/linux视觉感知项目/源码/卷积神经网络/卷积神经网络/LSTR_ONNX/include/onnxruntime/core/providers/tensorrt/tensorrt_provider_factory.h
linux-vision	code-or-config	4604	fdba3dcbf90ccfc3	projects/linux视觉感知项目/源码/卷积神经网络/卷积神经网络/LSTR_ONNX/include/onnxruntime/core/providers/tensorrt/tensorrt_provider_options.h
linux-vision	code-or-config	447	cdd17c4afe59e791	projects/linux视觉感知项目/源码/卷积神经网络/卷积神经网络/LSTR_ONNX/include/onnxruntime/core/providers/tvm/tvm_provider_factory.h
linux-vision	code-or-config	567	acd940057f293138	projects/linux视觉感知项目/源码/卷积神经网络/卷积神经网络/LSTR_ONNX/include/onnxruntime/core/providers/winml/winml_provider_factory.h
linux-vision	code-or-config	3632	0095085bdecc4164	projects/linux视觉感知项目/源码/卷积神经网络/卷积神经网络/LSTR_ONNX/include/onnxruntime/core/session/environment.h
linux-vision	code-or-config	3016	37a7c9ae2dd6001e	projects/linux视觉感知项目/源码/卷积神经网络/卷积神经网络/LSTR_ONNX/include/onnxruntime/core/session/experimental_onnxruntime_cxx_api.h
linux-vision	code-or-config	4866	7f5cf1653e7379f7	projects/linux视觉感知项目/源码/卷积神经网络/卷积神经网络/LSTR_ONNX/include/onnxruntime/core/session/experimental_onnxruntime_cxx_inline.h
linux-vision	code-or-config	185062	6915568b16f61371	projects/linux视觉感知项目/源码/卷积神经网络/卷积神经网络/LSTR_ONNX/include/onnxruntime/core/session/onnxruntime_c_api.h
linux-vision	code-or-config	99176	70a826ce7213fb7e	projects/linux视觉感知项目/源码/卷积神经网络/卷积神经网络/LSTR_ONNX/include/onnxruntime/core/session/onnxruntime_cxx_api.h
linux-vision	code-or-config	74619	7dd699a07474aa70	projects/linux视觉感知项目/源码/卷积神经网络/卷积神经网络/LSTR_ONNX/include/onnxruntime/core/session/onnxruntime_cxx_inline.h
linux-vision	code-or-config	41661	46d4934a591380fa	projects/linux视觉感知项目/源码/卷积神经网络/卷积神经网络/LSTR_ONNX/include/onnxruntime/core/session/onnxruntime_lite_custom_op.h
linux-vision	code-or-config	1622	25b0d8e767fc72d5	projects/linux视觉感知项目/源码/卷积神经网络/卷积神经网络/LSTR_ONNX/include/onnxruntime/core/session/onnxruntime_run_options_config_keys.h
linux-vision	code-or-config	13071	9d729d385566fd7c	projects/linux视觉感知项目/源码/卷积神经网络/卷积神经网络/LSTR_ONNX/include/onnxruntime/core/session/onnxruntime_session_options_config_keys.h
linux-vision	other-binary-or-config	521	bc483a9781f73a49	projects/linux视觉感知项目/源码/卷积神经网络/卷积神经网络/LSTR_ONNX/include/onnxruntime/core/session/snippets.dox
linux-vision	code-or-config	185062	6915568b16f61371	projects/linux视觉感知项目/源码/卷积神经网络/卷积神经网络/LSTR_ONNX/include/onnxruntime_c_api.h
linux-vision	code-or-config	99195	40f03fe0372de72a	projects/linux视觉感知项目/源码/卷积神经网络/卷积神经网络/LSTR_ONNX/include/onnxruntime_cxx_api.h
linux-vision	code-or-config	74619	7dd699a07474aa70	projects/linux视觉感知项目/源码/卷积神经网络/卷积神经网络/LSTR_ONNX/include/onnxruntime_cxx_inline.h
linux-vision	code-or-config	41661	46d4934a591380fa	projects/linux视觉感知项目/源码/卷积神经网络/卷积神经网络/LSTR_ONNX/include/onnxruntime_lite_custom_op.h
linux-vision	code-or-config	1622	25b0d8e767fc72d5	projects/linux视觉感知项目/源码/卷积神经网络/卷积神经网络/LSTR_ONNX/include/onnxruntime_run_options_config_keys.h
linux-vision	code-or-config	13071	9d729d385566fd7c	projects/linux视觉感知项目/源码/卷积神经网络/卷积神经网络/LSTR_ONNX/include/onnxruntime_session_options_config_keys.h
linux-vision	build-artifact	18048112	c46bae7875cbd6b1	projects/linux视觉感知项目/源码/卷积神经网络/卷积神经网络/LSTR_ONNX/lib/libonnxruntime.so
linux-vision	other-binary-or-config	18048112	c46bae7875cbd6b1	projects/linux视觉感知项目/源码/卷积神经网络/卷积神经网络/LSTR_ONNX/lib/libonnxruntime.so.1.16.0
linux-vision	build-artifact	200	3194b8762aeb628b	projects/linux视觉感知项目/源码/卷积神经网络/卷积神经网络/LSTR_ONNX/log_space.bin
linux-vision	attachment-evidence	3074878	a36f5368c53ff01e	projects/linux视觉感知项目/源码/卷积神经网络/卷积神经网络/LSTR_ONNX/lstr_360x640.onnx
linux-vision	code-or-config	10075	62b56ba0a88066a3	projects/linux视觉感知项目/源码/卷积神经网络/卷积神经网络/LSTR_ONNX/main.cpp
linux-vision	knowledge-document	1015	890b54d18d156600	projects/linux视觉感知项目/源码/卷积神经网络/卷积神经网络/Unet_NCNN/CMakeLists.txt
linux-vision	build-artifact	16666	c7410a8f260fbf6c	projects/linux视觉感知项目/源码/卷积神经网络/卷积神经网络/Unet_NCNN/build/CMakeCache.txt
linux-vision	build-artifact	2498	3aefeb492e6cc193	projects/linux视觉感知项目/源码/卷积神经网络/卷积神经网络/Unet_NCNN/build/CMakeFiles/3.26.0/CMakeCCompiler.cmake
linux-vision	build-artifact	5473	92a4554a99021342	projects/linux视觉感知项目/源码/卷积神经网络/卷积神经网络/Unet_NCNN/build/CMakeFiles/3.26.0/CMakeCXXCompiler.cmake
linux-vision	build-artifact	9376	076d5445c2d45ad8	projects/linux视觉感知项目/源码/卷积神经网络/卷积神经网络/Unet_NCNN/build/CMakeFiles/3.26.0/CMakeDetermineCompilerABI_C.bin
linux-vision	build-artifact	9400	88c2107eec2cc5e0	projects/linux视觉感知项目/源码/卷积神经网络/卷积神经网络/Unet_NCNN/build/CMakeFiles/3.26.0/CMakeDetermineCompilerABI_CXX.bin
linux-vision	build-artifact	404	7449218e0d5d1a2e	projects/linux视觉感知项目/源码/卷积神经网络/卷积神经网络/Unet_NCNN/build/CMakeFiles/3.26.0/CMakeSystem.cmake
linux-vision	build-artifact	26502	9388c5cdafe7dd7b	projects/linux视觉感知项目/源码/卷积神经网络/卷积神经网络/Unet_NCNN/build/CMakeFiles/3.26.0/CompilerIdC/CMakeCCompilerId.c
linux-vision	build-artifact	9520	aead473e1a9bb2ab	projects/linux视觉感知项目/源码/卷积神经网络/卷积神经网络/Unet_NCNN/build/CMakeFiles/3.26.0/CompilerIdC/a.out
linux-vision	build-artifact	26276	ddefd1fad81e0542	projects/linux视觉感知项目/源码/卷积神经网络/卷积神经网络/Unet_NCNN/build/CMakeFiles/3.26.0/CompilerIdCXX/CMakeCXXCompilerId.cpp
linux-vision	build-artifact	9528	5534dc604b4d2329	projects/linux视觉感知项目/源码/卷积神经网络/卷积神经网络/Unet_NCNN/build/CMakeFiles/3.26.0/CompilerIdCXX/a.out
linux-vision	build-artifact	103480	a2e81a3fd8835b75	projects/linux视觉感知项目/源码/卷积神经网络/卷积神经网络/Unet_NCNN/build/CMakeFiles/CMakeConfigureLog.yaml
linux-vision	build-artifact	702	733618e0e7ddb27e	projects/linux视觉感知项目/源码/卷积神经网络/卷积神经网络/Unet_NCNN/build/CMakeFiles/CMakeDirectoryInformation.cmake
linux-vision	build-artifact	9272	c9d467273fa009a7	projects/linux视觉感知项目/源码/卷积神经网络/卷积神经网络/Unet_NCNN/build/CMakeFiles/FindOpenMP/ompver_C.bin
linux-vision	build-artifact	9280	19c9394dd365a36d	projects/linux视觉感知项目/源码/卷积神经网络/卷积神经网络/Unet_NCNN/build/CMakeFiles/FindOpenMP/ompver_CXX.bin
linux-vision	build-artifact	2955	f279b287d188630c	projects/linux视觉感知项目/源码/卷积神经网络/卷积神经网络/Unet_NCNN/build/CMakeFiles/Makefile.cmake
linux-vision	build-artifact	3779	de916abceaa4e790	projects/linux视觉感知项目/源码/卷积神经网络/卷积神经网络/Unet_NCNN/build/CMakeFiles/Makefile2
linux-vision	build-artifact	281	8c713389e155d342	projects/linux视觉感知项目/源码/卷积神经网络/卷积神经网络/Unet_NCNN/build/CMakeFiles/TargetDirectories.txt
linux-vision	build-artifact	85	a26189e394421da5	projects/linux视觉感知项目/源码/卷积神经网络/卷积神经网络/Unet_NCNN/build/CMakeFiles/cmake.check_cache
linux-vision	build-artifact	2	53c234e5e8472b6a	projects/linux视觉感知项目/源码/卷积神经网络/卷积神经网络/Unet_NCNN/build/CMakeFiles/progress.marks
linux-vision	build-artifact	631	1adafd3f52206db4	projects/linux视觉感知项目/源码/卷积神经网络/卷积神经网络/Unet_NCNN/build/CMakeFiles/unet_ncnn.dir/DependInfo.cmake
linux-vision	build-artifact	5717	24c4792e342118be	projects/linux视觉感知项目/源码/卷积神经网络/卷积神经网络/Unet_NCNN/build/CMakeFiles/unet_ncnn.dir/build.make
linux-vision	build-artifact	300	9ff4b262be9e3e18	projects/linux视觉感知项目/源码/卷积神经网络/卷积神经网络/Unet_NCNN/build/CMakeFiles/unet_ncnn.dir/cmake_clean.cmake
linux-vision	build-artifact	18716	23ea529886cb92c8	projects/linux视觉感知项目/源码/卷积神经网络/卷积神经网络/Unet_NCNN/build/CMakeFiles/unet_ncnn.dir/compiler_depend.internal
linux-vision	build-artifact	38554	a2ebbf91e23774da	projects/linux视觉感知项目/源码/卷积神经网络/卷积神经网络/Unet_NCNN/build/CMakeFiles/unet_ncnn.dir/compiler_depend.make
linux-vision	build-artifact	116	f86f6f5d100c983e	projects/linux视觉感知项目/源码/卷积神经网络/卷积神经网络/Unet_NCNN/build/CMakeFiles/unet_ncnn.dir/compiler_depend.ts
linux-vision	build-artifact	93	1c3d9f51580ce1f5	projects/linux视觉感知项目/源码/卷积神经网络/卷积神经网络/Unet_NCNN/build/CMakeFiles/unet_ncnn.dir/depend.make
linux-vision	build-artifact	417	33f88052940b9512	projects/linux视觉感知项目/源码/卷积神经网络/卷积神经网络/Unet_NCNN/build/CMakeFiles/unet_ncnn.dir/flags.make
linux-vision	build-artifact	871	aea41f764fd155e4	projects/linux视觉感知项目/源码/卷积神经网络/卷积神经网络/Unet_NCNN/build/CMakeFiles/unet_ncnn.dir/link.txt
linux-vision	build-artifact	43	c06e644090b09d41	projects/linux视觉感知项目/源码/卷积神经网络/卷积神经网络/Unet_NCNN/build/CMakeFiles/unet_ncnn.dir/progress.make
linux-vision	build-artifact	12760	670c6fe980f99ea2	projects/linux视觉感知项目/源码/卷积神经网络/卷积神经网络/Unet_NCNN/build/CMakeFiles/unet_ncnn.dir/src/unet.cpp.o
linux-vision	build-artifact	19250	c4f588a774352b44	projects/linux视觉感知项目/源码/卷积神经网络/卷积神经网络/Unet_NCNN/build/CMakeFiles/unet_ncnn.dir/src/unet.cpp.o.d
linux-vision	build-artifact	5507	b50a303c38db20b3	projects/linux视觉感知项目/源码/卷积神经网络/卷积神经网络/Unet_NCNN/build/Makefile
linux-vision	build-artifact	1703	379a66f38c6b4844	projects/linux视觉感知项目/源码/卷积神经网络/卷积神经网络/Unet_NCNN/build/cmake_install.cmake
linux-vision	build-artifact	183607	804fe338d614101c	projects/linux视觉感知项目/源码/卷积神经网络/卷积神经网络/Unet_NCNN/build/output.png
linux-vision	build-artifact	38346	959967c1aa550fcd	projects/linux视觉感知项目/源码/卷积神经网络/卷积神经网络/Unet_NCNN/build/result.jpg
linux-vision	build-artifact	4855864	2064f7b928e5740b	projects/linux视觉感知项目/源码/卷积神经网络/卷积神经网络/Unet_NCNN/build/unet_ncnn
linux-vision	attachment-evidence	262236	79ec48c6cf63c7d7	projects/linux视觉感知项目/源码/卷积神经网络/卷积神经网络/Unet_NCNN/images/0.jpg
linux-vision	attachment-evidence	207459	d171fcfcc1df205e	projects/linux视觉感知项目/源码/卷积神经网络/卷积神经网络/Unet_NCNN/images/1.jpg
linux-vision	attachment-evidence	158485	898ce22a2338af95	projects/linux视觉感知项目/源码/卷积神经网络/卷积神经网络/Unet_NCNN/images/123.jpg
linux-vision	attachment-evidence	172402	16135d6368ad7540	projects/linux视觉感知项目/源码/卷积神经网络/卷积神经网络/Unet_NCNN/images/2.jpg
linux-vision	attachment-evidence	239175	99eecb86969046f6	projects/linux视觉感知项目/源码/卷积神经网络/卷积神经网络/Unet_NCNN/images/3.jpg
linux-vision	attachment-evidence	13095	d95e54b232869442	projects/linux视觉感知项目/源码/卷积神经网络/卷积神经网络/Unet_NCNN/images/93.jpg
linux-vision	attachment-evidence	46106	f514212806b04125	projects/linux视觉感知项目/源码/卷积神经网络/卷积神经网络/Unet_NCNN/images/test.jpg
linux-vision	attachment-evidence	67278	b180c8fef16ea1ae	projects/linux视觉感知项目/源码/卷积神经网络/卷积神经网络/Unet_NCNN/images/test1.jpg
linux-vision	attachment-evidence	85524	d63c4474ec9775d4	projects/linux视觉感知项目/源码/卷积神经网络/卷积神经网络/Unet_NCNN/images/test2.jpg
linux-vision	attachment-evidence	43835	925f3820381676c6	projects/linux视觉感知项目/源码/卷积神经网络/卷积神经网络/Unet_NCNN/images/test3.jpg
linux-vision	attachment-evidence	78991	79388f76e6703c26	projects/linux视觉感知项目/源码/卷积神经网络/卷积神经网络/Unet_NCNN/images/test4.jpg
linux-vision	attachment-evidence	83781	d9e778870f2f29e2	projects/linux视觉感知项目/源码/卷积神经网络/卷积神经网络/Unet_NCNN/images/test5.jpg
linux-vision	attachment-evidence	37163	4c10eb1905bf94fc	projects/linux视觉感知项目/源码/卷积神经网络/卷积神经网络/Unet_NCNN/images/test6.jpg
linux-vision	code-or-config	12728	c69df7e8c0baf9fc	projects/linux视觉感知项目/源码/卷积神经网络/卷积神经网络/Unet_NCNN/include/ncnn/allocator.h
linux-vision	code-or-config	1188	11838cc9374567a7	projects/linux视觉感知项目/源码/卷积神经网络/卷积神经网络/Unet_NCNN/include/ncnn/benchmark.h
linux-vision	code-or-config	1172	9fa6f7676fbbb65d	projects/linux视觉感知项目/源码/卷积神经网络/卷积神经网络/Unet_NCNN/include/ncnn/blob.h
linux-vision	code-or-config	15223	99948ba086490070	projects/linux视觉感知项目/源码/卷积神经网络/卷积神经网络/Unet_NCNN/include/ncnn/c_api.h
linux-vision	code-or-config	4740	39b6adff995cda8d	projects/linux视觉感知项目/源码/卷积神经网络/卷积神经网络/Unet_NCNN/include/ncnn/command.h
linux-vision	code-or-config	3918	a22378f981296502	projects/linux视觉感知项目/源码/卷积神经网络/卷积神经网络/Unet_NCNN/include/ncnn/cpu.h
linux-vision	code-or-config	3380	6b7561672d3d1793	projects/linux视觉感知项目/源码/卷积神经网络/卷积神经网络/Unet_NCNN/include/ncnn/datareader.h
linux-vision	code-or-config	13716	667c8ce3f1664a47	projects/linux视觉感知项目/源码/卷积神经网络/卷积神经网络/Unet_NCNN/include/ncnn/gpu.h
linux-vision	code-or-config	6448	756714fd73b9e549	projects/linux视觉感知项目/源码/卷积神经网络/卷积神经网络/Unet_NCNN/include/ncnn/layer.h
linux-vision	code-or-config	974	ae64d9826088edda	projects/linux视觉感知项目/源码/卷积神经网络/卷积神经网络/Unet_NCNN/include/ncnn/layer_shader_type.h
linux-vision	code-or-config	89	f24b515a2b8bf4d0	projects/linux视觉感知项目/源码/卷积神经网络/卷积神经网络/Unet_NCNN/include/ncnn/layer_shader_type_enum.h
linux-vision	code-or-config	954	3f2446b4393d00da	projects/linux视觉感知项目/源码/卷积神经网络/卷积神经网络/Unet_NCNN/include/ncnn/layer_type.h
linux-vision	code-or-config	1524	d13824802aeb504b	projects/linux视觉感知项目/源码/卷积神经网络/卷积神经网络/Unet_NCNN/include/ncnn/layer_type_enum.h
linux-vision	code-or-config	69112	5fa842794760de12	projects/linux视觉感知项目/源码/卷积神经网络/卷积神经网络/Unet_NCNN/include/ncnn/mat.h
linux-vision	code-or-config	2157	327867a829f58682	projects/linux视觉感知项目/源码/卷积神经网络/卷积神经网络/Unet_NCNN/include/ncnn/modelbin.h
linux-vision	code-or-config	826	f5f39f7f26d8bada	projects/linux视觉感知项目/源码/卷积神经网络/卷积神经网络/Unet_NCNN/include/ncnn/ncnn_export.h
linux-vision	code-or-config	7863	54730c00e0b19758	projects/linux视觉感知项目/源码/卷积神经网络/卷积神经网络/Unet_NCNN/include/ncnn/net.h
linux-vision	code-or-config	4292	f853144255ec2253	projects/linux视觉感知项目/源码/卷积神经网络/卷积神经网络/Unet_NCNN/include/ncnn/option.h
linux-vision	code-or-config	1704	7db471aefd3785aa	projects/linux视觉感知项目/源码/卷积神经网络/卷积神经网络/Unet_NCNN/include/ncnn/paramdict.h
linux-vision	code-or-config	3506	745eee9764c07bb1	projects/linux视觉感知项目/源码/卷积神经网络/卷积神经网络/Unet_NCNN/include/ncnn/pipeline.h
linux-vision	code-or-config	3160	72cb89a098b1fe1c	projects/linux视觉感知项目/源码/卷积神经网络/卷积神经网络/Unet_NCNN/include/ncnn/pipelinecache.h
linux-vision	code-or-config	6881	b576534eb0d7ff2c	projects/linux视觉感知项目/源码/卷积神经网络/卷积神经网络/Unet_NCNN/include/ncnn/platform.h
linux-vision	code-or-config	9931	4b76a22ce1cc419f	projects/linux视觉感知项目/源码/卷积神经网络/卷积神经网络/Unet_NCNN/include/ncnn/simpleocv.h
linux-vision	code-or-config	1439	e872a45e357ce928	projects/linux视觉感知项目/源码/卷积神经网络/卷积神经网络/Unet_NCNN/include/ncnn/simpleomp.h
linux-vision	code-or-config	11541	97fc69672b163eeb	projects/linux视觉感知项目/源码/卷积神经网络/卷积神经网络/Unet_NCNN/include/ncnn/simplestl.h
linux-vision	code-or-config	10151	196ff8d4802af98c	projects/linux视觉感知项目/源码/卷积神经网络/卷积神经网络/Unet_NCNN/include/ncnn/vulkan_header_fix.h
linux-vision	code-or-config	777	faf6288606f9decf	projects/linux视觉感知项目/源码/卷积神经网络/卷积神经网络/Unet_NCNN/lib/cmake/ncnn/ncnn-release.cmake
linux-vision	code-or-config	3448	1a2e301e25dcea2e	projects/linux视觉感知项目/源码/卷积神经网络/卷积神经网络/Unet_NCNN/lib/cmake/ncnn/ncnn.cmake
linux-vision	code-or-config	1100	146a9f904c8908d4	projects/linux视觉感知项目/源码/卷积神经网络/卷积神经网络/Unet_NCNN/lib/cmake/ncnn/ncnnConfig.cmake
linux-vision	build-artifact	8067652	a0825b77708d9262	projects/linux视觉感知项目/源码/卷积神经网络/卷积神经网络/Unet_NCNN/lib/libncnn.a
linux-vision	build-artifact	12002032	099f280e6c1baf91	projects/linux视觉感知项目/源码/卷积神经网络/卷积神经网络/Unet_NCNN/models/model.ncnn.bin
linux-vision	other-binary-or-config	5821	816cc1ebff0f96ec	projects/linux视觉感知项目/源码/卷积神经网络/卷积神经网络/Unet_NCNN/models/model.ncnn.param
linux-vision	code-or-config	4338	9c9eac78e84961ff	projects/linux视觉感知项目/源码/卷积神经网络/卷积神经网络/Unet_NCNN/src/unet.cpp
linux-vision	attachment-evidence	163060	ba63db34fa868ff4	projects/linux视觉感知项目/源码/卷积神经网络/卷积神经网络/Unet_NCNN/test/0.jpg
linux-vision	attachment-evidence	111679	0ef7de79613eb5e6	projects/linux视觉感知项目/源码/卷积神经网络/卷积神经网络/Unet_NCNN/test/1.jpg
linux-vision	attachment-evidence	128346	3cc38617ce000d69	projects/linux视觉感知项目/源码/卷积神经网络/卷积神经网络/Unet_NCNN/test/2.jpg
linux-vision	attachment-evidence	158051	000016aee9df6a8f	projects/linux视觉感知项目/源码/卷积神经网络/卷积神经网络/Unet_NCNN/test/3.jpg
linux-vision	attachment-evidence	174856	51c77d4cb5fc0979	projects/linux视觉感知项目/源码/卷积神经网络/卷积神经网络/Unet_NCNN/test/4.jpg
linux-vision	attachment-evidence	149503	a645cbf825aced83	projects/linux视觉感知项目/源码/卷积神经网络/卷积神经网络/Unet_NCNN/test/5.jpg
linux-vision	attachment-evidence	121602	b42d28724165e27c	projects/linux视觉感知项目/源码/卷积神经网络/卷积神经网络/Unet_NCNN/test/6.jpg
linux-vision	attachment-evidence	112158	abd3d0e649eeff83	projects/linux视觉感知项目/源码/卷积神经网络/卷积神经网络/Unet_NCNN/test/7.jpg
linux-vision	attachment-evidence	94843	690931375d4ce0bc	projects/linux视觉感知项目/源码/卷积神经网络/卷积神经网络/Unet_NCNN/test/8.jpg
linux-vision	attachment-evidence	82148	e79c6b65c669f78f	projects/linux视觉感知项目/源码/卷积神经网络/卷积神经网络/Unet_NCNN/test/9.jpg
linux-vision	knowledge-document	406	a3a8347751894e4e	projects/linux视觉感知项目/源码/图像预处理（加速前+加速后）/Lime/CMakeLists.txt
linux-vision	build-artifact	15100	4cb14e3e547bff98	projects/linux视觉感知项目/源码/图像预处理（加速前+加速后）/Lime/build/CMakeCache.txt
linux-vision	build-artifact	2498	3aefeb492e6cc193	projects/linux视觉感知项目/源码/图像预处理（加速前+加速后）/Lime/build/CMakeFiles/3.26.0/CMakeCCompiler.cmake
linux-vision	build-artifact	5473	92a4554a99021342	projects/linux视觉感知项目/源码/图像预处理（加速前+加速后）/Lime/build/CMakeFiles/3.26.0/CMakeCXXCompiler.cmake
linux-vision	build-artifact	9376	076d5445c2d45ad8	projects/linux视觉感知项目/源码/图像预处理（加速前+加速后）/Lime/build/CMakeFiles/3.26.0/CMakeDetermineCompilerABI_C.bin
linux-vision	build-artifact	9400	88c2107eec2cc5e0	projects/linux视觉感知项目/源码/图像预处理（加速前+加速后）/Lime/build/CMakeFiles/3.26.0/CMakeDetermineCompilerABI_CXX.bin
linux-vision	build-artifact	404	7449218e0d5d1a2e	projects/linux视觉感知项目/源码/图像预处理（加速前+加速后）/Lime/build/CMakeFiles/3.26.0/CMakeSystem.cmake
linux-vision	build-artifact	26502	9388c5cdafe7dd7b	projects/linux视觉感知项目/源码/图像预处理（加速前+加速后）/Lime/build/CMakeFiles/3.26.0/CompilerIdC/CMakeCCompilerId.c
linux-vision	build-artifact	9520	aead473e1a9bb2ab	projects/linux视觉感知项目/源码/图像预处理（加速前+加速后）/Lime/build/CMakeFiles/3.26.0/CompilerIdC/a.out
linux-vision	build-artifact	26276	ddefd1fad81e0542	projects/linux视觉感知项目/源码/图像预处理（加速前+加速后）/Lime/build/CMakeFiles/3.26.0/CompilerIdCXX/CMakeCXXCompilerId.cpp
linux-vision	build-artifact	9528	5534dc604b4d2329	projects/linux视觉感知项目/源码/图像预处理（加速前+加速后）/Lime/build/CMakeFiles/3.26.0/CompilerIdCXX/a.out
linux-vision	build-artifact	54196	37db0596aceb29ae	projects/linux视觉感知项目/源码/图像预处理（加速前+加速后）/Lime/build/CMakeFiles/CMakeConfigureLog.yaml
linux-vision	build-artifact	844	8a9337cfb3eaf917	projects/linux视觉感知项目/源码/图像预处理（加速前+加速后）/Lime/build/CMakeFiles/CMakeDirectoryInformation.cmake
linux-vision	build-artifact	10524	6ebbfa50ff080095	projects/linux视觉感知项目/源码/图像预处理（加速前+加速后）/Lime/build/CMakeFiles/Makefile.cmake
linux-vision	build-artifact	4034	d024c95b8c05ab7d	projects/linux视觉感知项目/源码/图像预处理（加速前+加速后）/Lime/build/CMakeFiles/Makefile2
linux-vision	build-artifact	489	13134cf36c6f7ae6	projects/linux视觉感知项目/源码/图像预处理（加速前+加速后）/Lime/build/CMakeFiles/TargetDirectories.txt
linux-vision	build-artifact	85	a26189e394421da5	projects/linux视觉感知项目/源码/图像预处理（加速前+加速后）/Lime/build/CMakeFiles/cmake.check_cache
linux-vision	build-artifact	680	bccad23a2b47b746	projects/linux视觉感知项目/源码/图像预处理（加速前+加速后）/Lime/build/CMakeFiles/lime.dir/DependInfo.cmake
linux-vision	build-artifact	6360	0f4a6226cb2da841	projects/linux视觉感知项目/源码/图像预处理（加速前+加速后）/Lime/build/CMakeFiles/lime.dir/build.make
linux-vision	build-artifact	267	4a28a128e1815538	projects/linux视觉感知项目/源码/图像预处理（加速前+加速后）/Lime/build/CMakeFiles/lime.dir/cmake_clean.cmake
linux-vision	build-artifact	107	b9bbad59ae44c51e	projects/linux视觉感知项目/源码/图像预处理（加速前+加速后）/Lime/build/CMakeFiles/lime.dir/compiler_depend.make
linux-vision	build-artifact	111	881f590d38e017cb	projects/linux视觉感知项目/源码/图像预处理（加速前+加速后）/Lime/build/CMakeFiles/lime.dir/compiler_depend.ts
linux-vision	build-artifact	88	4343ed748ef74e60	projects/linux视觉感知项目/源码/图像预处理（加速前+加速后）/Lime/build/CMakeFiles/lime.dir/depend.make
linux-vision	build-artifact	392	22546304eed45e9a	projects/linux视觉感知项目/源码/图像预处理（加速前+加速后）/Lime/build/CMakeFiles/lime.dir/flags.make
linux-vision	build-artifact	46040	dd2715a87dc6600c	projects/linux视觉感知项目/源码/图像预处理（加速前+加速后）/Lime/build/CMakeFiles/lime.dir/lime.cpp.o
linux-vision	build-artifact	18995	b6ba825668d79987	projects/linux视觉感知项目/源码/图像预处理（加速前+加速后）/Lime/build/CMakeFiles/lime.dir/lime.cpp.o.d
linux-vision	build-artifact	683	7297eb5fad79b7e7	projects/linux视觉感知项目/源码/图像预处理（加速前+加速后）/Lime/build/CMakeFiles/lime.dir/link.txt
linux-vision	build-artifact	43	c06e644090b09d41	projects/linux视觉感知项目/源码/图像预处理（加速前+加速后）/Lime/build/CMakeFiles/lime.dir/progress.make
linux-vision	build-artifact	2	53c234e5e8472b6a	projects/linux视觉感知项目/源码/图像预处理（加速前+加速后）/Lime/build/CMakeFiles/progress.marks
linux-vision	build-artifact	5884	27ef0cd90331f02e	projects/linux视觉感知项目/源码/图像预处理（加速前+加速后）/Lime/build/Makefile
linux-vision	build-artifact	1845	760f8c6a960bc1a9	projects/linux视觉感知项目/源码/图像预处理（加速前+加速后）/Lime/build/cmake_install.cmake
linux-vision	build-artifact	44016	ddb025230f729760	projects/linux视觉感知项目/源码/图像预处理（加速前+加速后）/Lime/build/lime
linux-vision	build-artifact	16281	a489c4b017f6380e	projects/linux视觉感知项目/源码/图像预处理（加速前+加速后）/Lime/build/output.jpg
linux-vision	attachment-evidence	1468854	4f78ab13cc1f4905	projects/linux视觉感知项目/源码/图像预处理（加速前+加速后）/Lime/data/1.bmp
linux-vision	attachment-evidence	83581	e5a1011422109a4a	projects/linux视觉感知项目/源码/图像预处理（加速前+加速后）/Lime/data/1.jpg
linux-vision	attachment-evidence	375715	4c5a71d24dad4d0c	projects/linux视觉感知项目/源码/图像预处理（加速前+加速后）/Lime/data/1.png
linux-vision	attachment-evidence	2461734	70bf6d23c50cb559	projects/linux视觉感知项目/源码/图像预处理（加速前+加速后）/Lime/data/10.bmp
linux-vision	attachment-evidence	16419	6e695f4de15e7e22	projects/linux视觉感知项目/源码/图像预处理（加速前+加速后）/Lime/data/12.jpeg
linux-vision	attachment-evidence	29514	97811f717db29879	projects/linux视觉感知项目/源码/图像预处理（加速前+加速后）/Lime/data/13.jpeg
linux-vision	attachment-evidence	705654	a214a32c172a3682	projects/linux视觉感知项目/源码/图像预处理（加速前+加速后）/Lime/data/2.bmp
linux-vision	attachment-evidence	67351	2a5146c5e62e03f9	projects/linux视觉感知项目/源码/图像预处理（加速前+加速后）/Lime/data/2.jpeg
linux-vision	attachment-evidence	3124	fe36a0c295a51a2d	projects/linux视觉感知项目/源码/图像预处理（加速前+加速后）/Lime/data/2.webp
linux-vision	attachment-evidence	562554	e39e72e2b105a6c7	projects/linux视觉感知项目/源码/图像预处理（加速前+加速后）/Lime/data/3.bmp
linux-vision	attachment-evidence	16136	68d2e55d6b17f961	projects/linux视觉感知项目/源码/图像预处理（加速前+加速后）/Lime/data/38.jpg
linux-vision	attachment-evidence	461534	1e595eb71f8c6741	projects/linux视觉感知项目/源码/图像预处理（加速前+加速后）/Lime/data/4.bmp
linux-vision	attachment-evidence	35196	6d069eda9367ddba	projects/linux视觉感知项目/源码/图像预处理（加速前+加速后）/Lime/data/448.jpeg
linux-vision	attachment-evidence	9000054	b4aecc1500fa59dd	projects/linux视觉感知项目/源码/图像预处理（加速前+加速后）/Lime/data/5.bmp
linux-vision	attachment-evidence	319534	ade3068dc644fffe	projects/linux视觉感知项目/源码/图像预处理（加速前+加速后）/Lime/data/6.bmp
linux-vision	attachment-evidence	608454	5016112a6cb5db2e	projects/linux视觉感知项目/源码/图像预处理（加速前+加速后）/Lime/data/7.bmp
linux-vision	attachment-evidence	537334	e6dbe78891885576	projects/linux视觉感知项目/源码/图像预处理（加速前+加速后）/Lime/data/8.bmp
linux-vision	attachment-evidence	676054	6a087ac49c59f183	projects/linux视觉感知项目/源码/图像预处理（加速前+加速后）/Lime/data/9.bmp
linux-vision	attachment-evidence	41957	5b14a499464b0a27	projects/linux视觉感知项目/源码/图像预处理（加速前+加速后）/Lime/data/9.jpg
linux-vision	attachment-evidence	1468854	46ebd078509f7954	projects/linux视觉感知项目/源码/图像预处理（加速前+加速后）/Lime/data/R1.bmp
linux-vision	attachment-evidence	2461734	77734a06bf70460c	projects/linux视觉感知项目/源码/图像预处理（加速前+加速后）/Lime/data/R10.bmp
linux-vision	attachment-evidence	608454	94747cda619fdcc6	projects/linux视觉感知项目/源码/图像预处理（加速前+加速后）/Lime/data/R7.bmp
linux-vision	attachment-evidence	67278	b180c8fef16ea1ae	projects/linux视觉感知项目/源码/图像预处理（加速前+加速后）/Lime/data/test1.jpg
linux-vision	attachment-evidence	85524	d63c4474ec9775d4	projects/linux视觉感知项目/源码/图像预处理（加速前+加速后）/Lime/data/test2.jpg
linux-vision	attachment-evidence	43835	925f3820381676c6	projects/linux视觉感知项目/源码/图像预处理（加速前+加速后）/Lime/data/test3.jpg
linux-vision	attachment-evidence	78991	79388f76e6703c26	projects/linux视觉感知项目/源码/图像预处理（加速前+加速后）/Lime/data/test4.jpg
linux-vision	attachment-evidence	83781	d9e778870f2f29e2	projects/linux视觉感知项目/源码/图像预处理（加速前+加速后）/Lime/data/test5.jpg
linux-vision	attachment-evidence	37163	4c10eb1905bf94fc	projects/linux视觉感知项目/源码/图像预处理（加速前+加速后）/Lime/data/test6.jpg
linux-vision	code-or-config	2631	721048661e22fe35	projects/linux视觉感知项目/源码/图像预处理（加速前+加速后）/Lime/include/lime.h
linux-vision	code-or-config	7718	bd7d08464dd2ec20	projects/linux视觉感知项目/源码/图像预处理（加速前+加速后）/Lime/include/omp.h
linux-vision	code-or-config	13455	9f2e4886dc12d2d9	projects/linux视觉感知项目/源码/图像预处理（加速前+加速后）/Lime/lime.cpp
linux-vision	knowledge-document	1129	9122cfbe8e53025e	projects/linux视觉感知项目/源码/图像预处理（加速前+加速后）/Lime_NEON+OpenMP/CMakeLists.txt
linux-vision	build-artifact	17188	4f675ccd1ffeff0e	projects/linux视觉感知项目/源码/图像预处理（加速前+加速后）/Lime_NEON+OpenMP/build/CMakeCache.txt
linux-vision	build-artifact	2498	3aefeb492e6cc193	projects/linux视觉感知项目/源码/图像预处理（加速前+加速后）/Lime_NEON+OpenMP/build/CMakeFiles/3.26.0/CMakeCCompiler.cmake
linux-vision	build-artifact	5473	92a4554a99021342	projects/linux视觉感知项目/源码/图像预处理（加速前+加速后）/Lime_NEON+OpenMP/build/CMakeFiles/3.26.0/CMakeCXXCompiler.cmake
linux-vision	build-artifact	9376	076d5445c2d45ad8	projects/linux视觉感知项目/源码/图像预处理（加速前+加速后）/Lime_NEON+OpenMP/build/CMakeFiles/3.26.0/CMakeDetermineCompilerABI_C.bin
linux-vision	build-artifact	9400	88c2107eec2cc5e0	projects/linux视觉感知项目/源码/图像预处理（加速前+加速后）/Lime_NEON+OpenMP/build/CMakeFiles/3.26.0/CMakeDetermineCompilerABI_CXX.bin
linux-vision	build-artifact	404	7449218e0d5d1a2e	projects/linux视觉感知项目/源码/图像预处理（加速前+加速后）/Lime_NEON+OpenMP/build/CMakeFiles/3.26.0/CMakeSystem.cmake
linux-vision	build-artifact	26502	9388c5cdafe7dd7b	projects/linux视觉感知项目/源码/图像预处理（加速前+加速后）/Lime_NEON+OpenMP/build/CMakeFiles/3.26.0/CompilerIdC/CMakeCCompilerId.c
linux-vision	build-artifact	9520	aead473e1a9bb2ab	projects/linux视觉感知项目/源码/图像预处理（加速前+加速后）/Lime_NEON+OpenMP/build/CMakeFiles/3.26.0/CompilerIdC/a.out
linux-vision	build-artifact	26276	ddefd1fad81e0542	projects/linux视觉感知项目/源码/图像预处理（加速前+加速后）/Lime_NEON+OpenMP/build/CMakeFiles/3.26.0/CompilerIdCXX/CMakeCXXCompilerId.cpp
linux-vision	build-artifact	9528	5534dc604b4d2329	projects/linux视觉感知项目/源码/图像预处理（加速前+加速后）/Lime_NEON+OpenMP/build/CMakeFiles/3.26.0/CompilerIdCXX/a.out
linux-vision	build-artifact	111899	f793298f0038d5fa	projects/linux视觉感知项目/源码/图像预处理（加速前+加速后）/Lime_NEON+OpenMP/build/CMakeFiles/CMakeConfigureLog.yaml
linux-vision	build-artifact	868	ae87876f3dc8e46b	projects/linux视觉感知项目/源码/图像预处理（加速前+加速后）/Lime_NEON+OpenMP/build/CMakeFiles/CMakeDirectoryInformation.cmake
linux-vision	build-artifact	9272	c9d467273fa009a7	projects/linux视觉感知项目/源码/图像预处理（加速前+加速后）/Lime_NEON+OpenMP/build/CMakeFiles/FindOpenMP/ompver_C.bin
linux-vision	build-artifact	9280	6158d87546a874f8	projects/linux视觉感知项目/源码/图像预处理（加速前+加速后）/Lime_NEON+OpenMP/build/CMakeFiles/FindOpenMP/ompver_CXX.bin
linux-vision	build-artifact	10615	0fc540eeebc18ae4	projects/linux视觉感知项目/源码/图像预处理（加速前+加速后）/Lime_NEON+OpenMP/build/CMakeFiles/Makefile.cmake
linux-vision	build-artifact	4094	66c1fc23686f5e2b	projects/linux视觉感知项目/源码/图像预处理（加速前+加速后）/Lime_NEON+OpenMP/build/CMakeFiles/Makefile2
linux-vision	build-artifact	525	e55ffa9a5923fa93	projects/linux视觉感知项目/源码/图像预处理（加速前+加速后）/Lime_NEON+OpenMP/build/CMakeFiles/TargetDirectories.txt
linux-vision	build-artifact	85	a26189e394421da5	projects/linux视觉感知项目/源码/图像预处理（加速前+加速后）/Lime_NEON+OpenMP/build/CMakeFiles/cmake.check_cache
linux-vision	build-artifact	704	da7451682a70594a	projects/linux视觉感知项目/源码/图像预处理（加速前+加速后）/Lime_NEON+OpenMP/build/CMakeFiles/lime.dir/DependInfo.cmake
linux-vision	build-artifact	6604	3826056409b33d1e	projects/linux视觉感知项目/源码/图像预处理（加速前+加速后）/Lime_NEON+OpenMP/build/CMakeFiles/lime.dir/build.make
linux-vision	build-artifact	275	ecc31f8178a9c39c	projects/linux视觉感知项目/源码/图像预处理（加速前+加速后）/Lime_NEON+OpenMP/build/CMakeFiles/lime.dir/cmake_clean.cmake
linux-vision	build-artifact	107	b9bbad59ae44c51e	projects/linux视觉感知项目/源码/图像预处理（加速前+加速后）/Lime_NEON+OpenMP/build/CMakeFiles/lime.dir/compiler_depend.make
linux-vision	build-artifact	111	881f590d38e017cb	projects/linux视觉感知项目/源码/图像预处理（加速前+加速后）/Lime_NEON+OpenMP/build/CMakeFiles/lime.dir/compiler_depend.ts
linux-vision	build-artifact	88	4343ed748ef74e60	projects/linux视觉感知项目/源码/图像预处理（加速前+加速后）/Lime_NEON+OpenMP/build/CMakeFiles/lime.dir/depend.make
linux-vision	build-artifact	417	f7e26867cca8d2c1	projects/linux视觉感知项目/源码/图像预处理（加速前+加速后）/Lime_NEON+OpenMP/build/CMakeFiles/lime.dir/flags.make
linux-vision	build-artifact	52304	d768879b881d4d80	projects/linux视觉感知项目/源码/图像预处理（加速前+加速后）/Lime_NEON+OpenMP/build/CMakeFiles/lime.dir/lime_opt.cpp.o
linux-vision	build-artifact	19176	b294301cb13211af	projects/linux视觉感知项目/源码/图像预处理（加速前+加速后）/Lime_NEON+OpenMP/build/CMakeFiles/lime.dir/lime_opt.cpp.o.d
linux-vision	build-artifact	700	eba49441e9e8dcf4	projects/linux视觉感知项目/源码/图像预处理（加速前+加速后）/Lime_NEON+OpenMP/build/CMakeFiles/lime.dir/link.txt
linux-vision	build-artifact	43	c06e644090b09d41	projects/linux视觉感知项目/源码/图像预处理（加速前+加速后）/Lime_NEON+OpenMP/build/CMakeFiles/lime.dir/progress.make
linux-vision	build-artifact	2	53c234e5e8472b6a	projects/linux视觉感知项目/源码/图像预处理（加速前+加速后）/Lime_NEON+OpenMP/build/CMakeFiles/progress.marks
linux-vision	build-artifact	5847	e8693bda2e32485b	projects/linux视觉感知项目/源码/图像预处理（加速前+加速后）/Lime_NEON+OpenMP/build/Makefile
linux-vision	build-artifact	1869	aad28212d8826767	projects/linux视觉感知项目/源码/图像预处理（加速前+加速后）/Lime_NEON+OpenMP/build/cmake_install.cmake
linux-vision	build-artifact	48816	5ca26e73d586b21d	projects/linux视觉感知项目/源码/图像预处理（加速前+加速后）/Lime_NEON+OpenMP/build/lime
linux-vision	build-artifact	13304	fe9fe710768a2b49	projects/linux视觉感知项目/源码/图像预处理（加速前+加速后）/Lime_NEON+OpenMP/build/output.jpg
linux-vision	attachment-evidence	1468854	4f78ab13cc1f4905	projects/linux视觉感知项目/源码/图像预处理（加速前+加速后）/Lime_NEON+OpenMP/data/1.bmp
linux-vision	attachment-evidence	83581	e5a1011422109a4a	projects/linux视觉感知项目/源码/图像预处理（加速前+加速后）/Lime_NEON+OpenMP/data/1.jpg
linux-vision	attachment-evidence	375715	4c5a71d24dad4d0c	projects/linux视觉感知项目/源码/图像预处理（加速前+加速后）/Lime_NEON+OpenMP/data/1.png
linux-vision	attachment-evidence	2461734	70bf6d23c50cb559	projects/linux视觉感知项目/源码/图像预处理（加速前+加速后）/Lime_NEON+OpenMP/data/10.bmp
linux-vision	attachment-evidence	16419	6e695f4de15e7e22	projects/linux视觉感知项目/源码/图像预处理（加速前+加速后）/Lime_NEON+OpenMP/data/12.jpeg
linux-vision	attachment-evidence	45382	dd82d800b2d07036	projects/linux视觉感知项目/源码/图像预处理（加速前+加速后）/Lime_NEON+OpenMP/data/128.jpg
linux-vision	attachment-evidence	29514	97811f717db29879	projects/linux视觉感知项目/源码/图像预处理（加速前+加速后）/Lime_NEON+OpenMP/data/13.jpeg
linux-vision	attachment-evidence	705654	a214a32c172a3682	projects/linux视觉感知项目/源码/图像预处理（加速前+加速后）/Lime_NEON+OpenMP/data/2.bmp
linux-vision	attachment-evidence	67351	2a5146c5e62e03f9	projects/linux视觉感知项目/源码/图像预处理（加速前+加速后）/Lime_NEON+OpenMP/data/2.jpeg
linux-vision	attachment-evidence	3124	fe36a0c295a51a2d	projects/linux视觉感知项目/源码/图像预处理（加速前+加速后）/Lime_NEON+OpenMP/data/2.webp
linux-vision	attachment-evidence	562554	e39e72e2b105a6c7	projects/linux视觉感知项目/源码/图像预处理（加速前+加速后）/Lime_NEON+OpenMP/data/3.bmp
linux-vision	attachment-evidence	16136	68d2e55d6b17f961	projects/linux视觉感知项目/源码/图像预处理（加速前+加速后）/Lime_NEON+OpenMP/data/38.jpg
linux-vision	attachment-evidence	461534	1e595eb71f8c6741	projects/linux视觉感知项目/源码/图像预处理（加速前+加速后）/Lime_NEON+OpenMP/data/4.bmp
linux-vision	attachment-evidence	25133	d47ce4f742d29a45	projects/linux视觉感知项目/源码/图像预处理（加速前+加速后）/Lime_NEON+OpenMP/data/47.jpg
linux-vision	attachment-evidence	9000054	b4aecc1500fa59dd	projects/linux视觉感知项目/源码/图像预处理（加速前+加速后）/Lime_NEON+OpenMP/data/5.bmp
linux-vision	attachment-evidence	319534	ade3068dc644fffe	projects/linux视觉感知项目/源码/图像预处理（加速前+加速后）/Lime_NEON+OpenMP/data/6.bmp
linux-vision	attachment-evidence	608454	5016112a6cb5db2e	projects/linux视觉感知项目/源码/图像预处理（加速前+加速后）/Lime_NEON+OpenMP/data/7.bmp
linux-vision	attachment-evidence	537334	e6dbe78891885576	projects/linux视觉感知项目/源码/图像预处理（加速前+加速后）/Lime_NEON+OpenMP/data/8.bmp
linux-vision	attachment-evidence	676054	6a087ac49c59f183	projects/linux视觉感知项目/源码/图像预处理（加速前+加速后）/Lime_NEON+OpenMP/data/9.bmp
linux-vision	attachment-evidence	41957	5b14a499464b0a27	projects/linux视觉感知项目/源码/图像预处理（加速前+加速后）/Lime_NEON+OpenMP/data/9.jpg
linux-vision	attachment-evidence	1468854	46ebd078509f7954	projects/linux视觉感知项目/源码/图像预处理（加速前+加速后）/Lime_NEON+OpenMP/data/R1.bmp
linux-vision	attachment-evidence	2461734	77734a06bf70460c	projects/linux视觉感知项目/源码/图像预处理（加速前+加速后）/Lime_NEON+OpenMP/data/R10.bmp
linux-vision	attachment-evidence	608454	94747cda619fdcc6	projects/linux视觉感知项目/源码/图像预处理（加速前+加速后）/Lime_NEON+OpenMP/data/R7.bmp
linux-vision	attachment-evidence	67278	b180c8fef16ea1ae	projects/linux视觉感知项目/源码/图像预处理（加速前+加速后）/Lime_NEON+OpenMP/data/test1.jpg
linux-vision	attachment-evidence	85524	d63c4474ec9775d4	projects/linux视觉感知项目/源码/图像预处理（加速前+加速后）/Lime_NEON+OpenMP/data/test2.jpg
linux-vision	attachment-evidence	43835	925f3820381676c6	projects/linux视觉感知项目/源码/图像预处理（加速前+加速后）/Lime_NEON+OpenMP/data/test3.jpg
linux-vision	attachment-evidence	78991	79388f76e6703c26	projects/linux视觉感知项目/源码/图像预处理（加速前+加速后）/Lime_NEON+OpenMP/data/test4.jpg
linux-vision	attachment-evidence	83781	d9e778870f2f29e2	projects/linux视觉感知项目/源码/图像预处理（加速前+加速后）/Lime_NEON+OpenMP/data/test5.jpg
linux-vision	attachment-evidence	37163	4c10eb1905bf94fc	projects/linux视觉感知项目/源码/图像预处理（加速前+加速后）/Lime_NEON+OpenMP/data/test6.jpg
linux-vision	code-or-config	2811	63e3267dd10477e1	projects/linux视觉感知项目/源码/图像预处理（加速前+加速后）/Lime_NEON+OpenMP/include/lime.h
linux-vision	code-or-config	7512	5c72f6eba426ba24	projects/linux视觉感知项目/源码/图像预处理（加速前+加速后）/Lime_NEON+OpenMP/include/omp.h
linux-vision	code-or-config	22429	06eb287e5225e7c6	projects/linux视觉感知项目/源码/图像预处理（加速前+加速后）/Lime_NEON+OpenMP/lime_opt.cpp
linux-vision	code-or-config	9048	f24e43d5d9f3ad6c	projects/linux视觉感知项目/源码/图像预处理（加速前+加速后）/Lime_NEON+OpenMP/xinlime.cpp
embedded-core	knowledge-document	92817	67c732bdda3f88e2	projects/嵌入式八股/1. 项目八股/Linux物理内存碎片高频面试题.md
embedded-core	knowledge-document	79818	f128ad58d7405f79	projects/嵌入式八股/1. 项目八股/RTOS高频面试题.md
embedded-core	knowledge-document	21276	56097a649d76101a	projects/嵌入式八股/1. 项目八股/linux视觉感知面试题.md
embedded-core	knowledge-document	863470	57a5e68807fbf45b	projects/嵌入式八股/2. 小林图解/图解系统/00. 原始合并稿.md
embedded-core	knowledge-document	27031	f1e839498ee536ef	projects/嵌入式八股/2. 小林图解/图解系统/02｜硬件结构篇/2.1 CPU 是如何执行程序的？.md
embedded-core	knowledge-document	14886	e4cf95abe808c2d6	projects/嵌入式八股/2. 小林图解/图解系统/02｜硬件结构篇/2.2 磁盘比内存慢几万倍？.md
embedded-core	knowledge-document	21031	4705b4e1f408f6cb	projects/嵌入式八股/2. 小林图解/图解系统/02｜硬件结构篇/2.3 如何写出让 CPU 跑得更快的代码？.md
embedded-core	knowledge-document	17969	2586cfe009c1859a	projects/嵌入式八股/2. 小林图解/图解系统/02｜硬件结构篇/2.4 CPU 缓存一致性.md
embedded-core	knowledge-document	21654	b0ff0a00c4096a98	projects/嵌入式八股/2. 小林图解/图解系统/02｜硬件结构篇/2.5 CPU 是如何执行任务的？.md
embedded-core	knowledge-document	11656	7e671a9d8843eed4	projects/嵌入式八股/2. 小林图解/图解系统/02｜硬件结构篇/2.6 什么是软中断？.md
embedded-core	knowledge-document	17915	ba17e29ba4f7d4aa	projects/嵌入式八股/2. 小林图解/图解系统/02｜硬件结构篇/2.7 为什么 0.1 + 0.2 不等于 0.3？.md
embedded-core	knowledge-document	1617	8b6cbc6913c77c30	projects/嵌入式八股/2. 小林图解/图解系统/02｜硬件结构篇/index.md
embedded-core	knowledge-document	10341	332326b6e2f4bd3c	projects/嵌入式八股/2. 小林图解/图解系统/03｜系统结构篇/3.1 Linux 内核 vs Windows 内核.md
embedded-core	knowledge-document	836	767ca9298078e2f0	projects/嵌入式八股/2. 小林图解/图解系统/03｜系统结构篇/index.md
embedded-core	knowledge-document	28122	c9a7c6b3148b0442	projects/嵌入式八股/2. 小林图解/图解系统/04｜内存管理篇/4.1 为什么要有虚拟内存？.md
embedded-core	knowledge-document	16306	c5ab608469e67b65	projects/嵌入式八股/2. 小林图解/图解系统/04｜内存管理篇/4.2 malloc 是如何分配内存的？.md
embedded-core	knowledge-document	20803	8364ae8255ee106b	projects/嵌入式八股/2. 小林图解/图解系统/04｜内存管理篇/4.3 内存满了，会发生什么？.md
embedded-core	knowledge-document	23731	944071634e105cdf	projects/嵌入式八股/2. 小林图解/图解系统/04｜内存管理篇/4.4 在 4GB 物理内存的机器上，申请 8G 内存会怎么样？.md
embedded-core	knowledge-document	20038	583cf1e893ac3211	projects/嵌入式八股/2. 小林图解/图解系统/04｜内存管理篇/4.5 如何避免预读失效和缓存污染的问题？.md
embedded-core	knowledge-document	98114	084607d05da22047	projects/嵌入式八股/2. 小林图解/图解系统/04｜内存管理篇/4.6 深入理解 Linux 虚拟内存管理.md
embedded-core	knowledge-document	148221	97e1c7a2b69c5294	projects/嵌入式八股/2. 小林图解/图解系统/04｜内存管理篇/4.7 深入理解 Linux 物理内存管理.md
embedded-core	knowledge-document	1898	96f043953270e28c	projects/嵌入式八股/2. 小林图解/图解系统/04｜内存管理篇/index.md
embedded-core	knowledge-document	44553	ca6e78f30e34adc0	projects/嵌入式八股/2. 小林图解/图解系统/05｜进程管理篇/5.1 进程、线程基础知识.md
embedded-core	knowledge-document	25604	8a151cf00b0b4dde	projects/嵌入式八股/2. 小林图解/图解系统/05｜进程管理篇/5.2 进程间有哪些通信方式？.md
embedded-core	knowledge-document	30574	73badf7665fbe273	projects/嵌入式八股/2. 小林图解/图解系统/05｜进程管理篇/5.3 多线程冲突了怎么办？.md
embedded-core	knowledge-document	15221	b219ca92da87e775	projects/嵌入式八股/2. 小林图解/图解系统/05｜进程管理篇/5.4 怎么避免死锁？.md
embedded-core	knowledge-document	16617	df59bd6fd6ec45a6	projects/嵌入式八股/2. 小林图解/图解系统/05｜进程管理篇/5.5 什么是悲观锁、乐观锁？.md
embedded-core	knowledge-document	9694	2fe92ec988b4fb62	projects/嵌入式八股/2. 小林图解/图解系统/05｜进程管理篇/5.6 一个进程最多可以创建多少个线程？.md
embedded-core	knowledge-document	14606	32ade73984bc49e3	projects/嵌入式八股/2. 小林图解/图解系统/05｜进程管理篇/5.7 线程崩溃了，进程也会崩溃吗？.md
embedded-core	knowledge-document	1790	0c75696349d52da3	projects/嵌入式八股/2. 小林图解/图解系统/05｜进程管理篇/index.md
embedded-core	knowledge-document	26668	37d384e78827dd60	projects/嵌入式八股/2. 小林图解/图解系统/06｜调度算法篇/6.1 进程调度／页面置换／磁盘调度算法.md
embedded-core	knowledge-document	868	2c56926e41f0efd5	projects/嵌入式八股/2. 小林图解/图解系统/06｜调度算法篇/index.md
embedded-core	knowledge-document	37219	fb0e742534ba7426	projects/嵌入式八股/2. 小林图解/图解系统/07｜文件系统篇/7.1 文件系统全家桶.md
embedded-core	knowledge-document	19442	bf5943f213633e32	projects/嵌入式八股/2. 小林图解/图解系统/07｜文件系统篇/7.2 进程写文件时，进程发生了崩溃，已写入的数据会丢失吗？.md
embedded-core	knowledge-document	1065	aaa25dac18a1390b	projects/嵌入式八股/2. 小林图解/图解系统/07｜文件系统篇/index.md
embedded-core	knowledge-document	16054	cb01dbb8eb22c440	projects/嵌入式八股/2. 小林图解/图解系统/08｜设备管理篇/8.1 键盘敲入 A 字母时，操作系统期间发生了什么？.md
embedded-core	knowledge-document	902	2d0af9ce11dc81e5	projects/嵌入式八股/2. 小林图解/图解系统/08｜设备管理篇/index.md
embedded-core	knowledge-document	23645	64730925b27e83e0	projects/嵌入式八股/2. 小林图解/图解系统/09｜网络系统篇/9.1 什么是零拷贝？.md
embedded-core	knowledge-document	26315	6f474f372c99fdd5	projects/嵌入式八股/2. 小林图解/图解系统/09｜网络系统篇/9.2 I／O 多路复用：select／poll／epoll.md
embedded-core	knowledge-document	23589	00b78ebc6feec668	projects/嵌入式八股/2. 小林图解/图解系统/09｜网络系统篇/9.3 高性能网络模式：Reactor 和 Proactor.md
embedded-core	knowledge-document	15356	ad976354d53b6ede	projects/嵌入式八股/2. 小林图解/图解系统/09｜网络系统篇/9.4 什么是一致性哈希？.md
embedded-core	knowledge-document	1311	f7286bc7ac4098f3	projects/嵌入式八股/2. 小林图解/图解系统/09｜网络系统篇/index.md
embedded-core	knowledge-document	11566	c66081c9b8477158	projects/嵌入式八股/2. 小林图解/图解系统/10｜Linux 命令篇/10.1 如何查看网络的性能指标？.md
embedded-core	knowledge-document	9657	5d0818767cc2d140	projects/嵌入式八股/2. 小林图解/图解系统/10｜Linux 命令篇/10.2 如何从日志分析 PV、UV？.md
embedded-core	knowledge-document	1001	0e84f0af9cdd6c8a	projects/嵌入式八股/2. 小林图解/图解系统/10｜Linux 命令篇/index.md
embedded-core	knowledge-document	7902	9bc29a20331a3ada	projects/嵌入式八股/2. 小林图解/图解系统/11｜学习心得/11.1 操作系统怎么学？.md
embedded-core	knowledge-document	7981	b9a5239fb095b300	projects/嵌入式八股/2. 小林图解/图解系统/11｜学习心得/11.2 画图经验分享.md
embedded-core	knowledge-document	811	c523ce90eda6a8fb	projects/嵌入式八股/2. 小林图解/图解系统/11｜学习心得/index.md
embedded-core	knowledge-document	9495	43becac183edccc2	projects/嵌入式八股/2. 小林图解/图解系统/99｜附录/Linux 系统是如何收发网络包的？.md
embedded-core	knowledge-document	766	ce401fa513b6ae47	projects/嵌入式八股/2. 小林图解/图解系统/99｜附录/index.md
embedded-core	knowledge-document	6733	bdf6096704fe10ad	projects/嵌入式八股/2. 小林图解/图解系统/index.md
embedded-core	derived-backup	821828	2350259a119b0869	projects/嵌入式八股/2. 小林图解/图解系统（小林coding·全章节合并）-Defuddle提取.md.backup-20260812-134426
embedded-core	knowledge-document	7865	a22eeb3bb74a4a5b	projects/嵌入式八股/2. 小林图解/图解网络/00｜图解网络目录.md
embedded-core	knowledge-document	10751	bc5b1c9c0261505f	projects/嵌入式八股/2. 小林图解/图解网络/02｜基础篇/2.1 TCP-IP 网络模型有哪几层？.md
embedded-core	knowledge-document	34914	442a434448061bdc	projects/嵌入式八股/2. 小林图解/图解网络/02｜基础篇/2.2 键入网址到网页显示，期间发生了什么？.md
embedded-core	knowledge-document	15338	b177523413c2f731	projects/嵌入式八股/2. 小林图解/图解网络/02｜基础篇/2.3 Linux 系统是如何收发网络包的？.md
embedded-core	knowledge-document	70493	dd49d38b0c35b487	projects/嵌入式八股/2. 小林图解/图解网络/03｜应用层篇/3.1 HTTP 常见面试题.md
embedded-core	knowledge-document	14832	96984c8dd8e8ba00	projects/嵌入式八股/2. 小林图解/图解网络/03｜应用层篇/3.2 HTTP-1.1 如何优化？.md
embedded-core	knowledge-document	15987	7148f5cca8b641b7	projects/嵌入式八股/2. 小林图解/图解网络/03｜应用层篇/3.3 HTTPS RSA 握手解析.md
embedded-core	knowledge-document	15736	78c438d76270de81	projects/嵌入式八股/2. 小林图解/图解网络/03｜应用层篇/3.4 HTTPS ECDHE 握手解析.md
embedded-core	knowledge-document	19854	a9a96d9d2ef1ec51	projects/嵌入式八股/2. 小林图解/图解网络/03｜应用层篇/3.5 HTTPS 如何优化？.md
embedded-core	knowledge-document	23019	4cdf5c88a5e13b10	projects/嵌入式八股/2. 小林图解/图解网络/03｜应用层篇/3.6 HTTP-2 牛逼在哪？.md
embedded-core	knowledge-document	13972	25c313419cf127c6	projects/嵌入式八股/2. 小林图解/图解网络/03｜应用层篇/3.7 HTTP-3 强势来袭.md
embedded-core	knowledge-document	15414	039d0dc0c3a69c28	projects/嵌入式八股/2. 小林图解/图解网络/03｜应用层篇/3.8 既然有 HTTP 协议，为什么还要有 RPC？.md
embedded-core	knowledge-document	17030	cabc8a19c36513cb	projects/嵌入式八股/2. 小林图解/图解网络/03｜应用层篇/3.9 既然有 HTTP 协议，为什么还要有 WebSocket？.md
embedded-core	knowledge-document	83565	0a300d9dfb5e89d2	projects/嵌入式八股/2. 小林图解/图解网络/04｜传输层篇/4.1 TCP 三次握手与四次挥手面试题.md
embedded-core	knowledge-document	8994	be34d255754d5213	projects/嵌入式八股/2. 小林图解/图解网络/04｜传输层篇/4.10 四次挥手中收到乱序的 FIN 包会如何处理？.md
embedded-core	knowledge-document	15090	3837bb3cbc281c8c	projects/嵌入式八股/2. 小林图解/图解网络/04｜传输层篇/4.11 在 TIME_WAIT 状态的 TCP 连接，收到 SYN 后会发生什么？.md
embedded-core	knowledge-document	10994	80be44a849696a21	projects/嵌入式八股/2. 小林图解/图解网络/04｜传输层篇/4.12 TCP 连接，一端断电和进程崩溃有什么区别？.md
embedded-core	knowledge-document	13574	de9eced4d867a981	projects/嵌入式八股/2. 小林图解/图解网络/04｜传输层篇/4.13 拔掉网线后， 原本的 TCP 连接还存在吗？.md
embedded-core	knowledge-document	20452	6bfbb8124deb7d54	projects/嵌入式八股/2. 小林图解/图解网络/04｜传输层篇/4.14 tcptwreuse 为什么默认是关闭的？.md
embedded-core	knowledge-document	10215	c0444e4c2434fb9a	projects/嵌入式八股/2. 小林图解/图解网络/04｜传输层篇/4.15 HTTPS 中 TLS 和 TCP 能同时握手吗？.md
embedded-core	knowledge-document	8816	93e1475047a8f7a3	projects/嵌入式八股/2. 小林图解/图解网络/04｜传输层篇/4.16 TCP Keepalive 和 HTTP Keep-Alive 是一个东西吗？.md
embedded-core	knowledge-document	9487	be80224db8da8ee4	projects/嵌入式八股/2. 小林图解/图解网络/04｜传输层篇/4.17 TCP 协议有什么缺陷？.md
embedded-core	knowledge-document	22145	af62fc78107e83f2	projects/嵌入式八股/2. 小林图解/图解网络/04｜传输层篇/4.18 如何基于 UDP 协议实现可靠传输？.md
embedded-core	knowledge-document	21021	9a00060a78de90a1	projects/嵌入式八股/2. 小林图解/图解网络/04｜传输层篇/4.19 TCP 和 UDP 可以使用同一个端口吗？.md
embedded-core	knowledge-document	41146	c223fe751bc03f91	projects/嵌入式八股/2. 小林图解/图解网络/04｜传输层篇/4.2 TCP 重传、滑动窗口、流量控制、拥塞控制.md
embedded-core	knowledge-document	9915	c6e4ac8cd69e2eab	projects/嵌入式八股/2. 小林图解/图解网络/04｜传输层篇/4.20 服务端没有 listen，客户端发起连接建立，会发生什么？.md
embedded-core	knowledge-document	17821	92eef9241c29f3fb	projects/嵌入式八股/2. 小林图解/图解网络/04｜传输层篇/4.21 没有 accept，能建立 TCP 连接吗？.md
embedded-core	knowledge-document	22368	3ac6e38a0bdeb58f	projects/嵌入式八股/2. 小林图解/图解网络/04｜传输层篇/4.22 用了 TCP 协议，数据一定不会丢吗？.md
embedded-core	knowledge-document	18115	150644181b331cb5	projects/嵌入式八股/2. 小林图解/图解网络/04｜传输层篇/4.23 TCP 四次挥手，可以变成三次吗？.md
embedded-core	knowledge-document	13400	6913ea3cb1dd543a	projects/嵌入式八股/2. 小林图解/图解网络/04｜传输层篇/4.24 TCP 序列号和确认号是如何变化的？.md
embedded-core	knowledge-document	42394	0517b659b6767598	projects/嵌入式八股/2. 小林图解/图解网络/04｜传输层篇/4.3 TCP 实战抓包分析.md
embedded-core	knowledge-document	24135	fea82499cd820301	projects/嵌入式八股/2. 小林图解/图解网络/04｜传输层篇/4.4 TCP 半连接队列和全连接队列.md
embedded-core	knowledge-document	52829	3398a0e1339710a9	projects/嵌入式八股/2. 小林图解/图解网络/04｜传输层篇/4.5 如何优化 TCP？.md
embedded-core	knowledge-document	7596	5dc88f3a99bd25f5	projects/嵌入式八股/2. 小林图解/图解网络/04｜传输层篇/4.6 如何理解是 TCP 面向字节流协议？.md
embedded-core	knowledge-document	11641	f4f0901012d79f4b	projects/嵌入式八股/2. 小林图解/图解网络/04｜传输层篇/4.7 为什么 TCP 每次建立连接时，初始化序列号都要不一样呢？.md
embedded-core	knowledge-document	14273	d8a7eb266ef22298	projects/嵌入式八股/2. 小林图解/图解网络/04｜传输层篇/4.8 SYN 报文什么情况下会被丢弃？.md
embedded-core	knowledge-document	16002	06638d1834b4886c	projects/嵌入式八股/2. 小林图解/图解网络/04｜传输层篇/4.9 已建立连接的TCP，收到SYN会发生什么？.md
embedded-core	knowledge-document	41913	816bdc555a3a8405	projects/嵌入式八股/2. 小林图解/图解网络/05｜网络层篇/5.1 IP 基础知识全家桶.md
embedded-core	knowledge-document	19058	9559070c1b5879be	projects/嵌入式八股/2. 小林图解/图解网络/05｜网络层篇/5.2 ping 的工作原理.md
embedded-core	knowledge-document	13997	58034572085e192d	projects/嵌入式八股/2. 小林图解/图解网络/05｜网络层篇/5.3 断网了，还能 ping 通 127.0.0.1 吗？.md
embedded-core	knowledge-document	61683	521dd8de9b703016	projects/嵌入式八股/3. 杂七杂八/1.【图解】5种总线协议：UART、RS232、RS485、I²C、SPI.md
embedded-core	knowledge-document	61314	030464c33ce5f908	projects/嵌入式八股/3. 杂七杂八/10. 嵌入式开发，最值得精通的28个结构体.md
embedded-core	knowledge-document	45870	415b10f6e7f52e3d	projects/嵌入式八股/3. 杂七杂八/11. 图解 ADC：工作原理、架构分类与核心性能指标.md
embedded-core	knowledge-document	35590	dbd1b9347a042ddc	projects/嵌入式八股/3. 杂七杂八/12. 图解 UART 异步通信.md
embedded-core	knowledge-document	32395	5ea51da2e8f1fa24	projects/嵌入式八股/3. 杂七杂八/13. Linux 内核如何初始化系统的 PCI 总线和设备.md
embedded-core	knowledge-document	71141	b5ef190af4804ddc	projects/嵌入式八股/3. 杂七杂八/14. PLC 原理 + 数据类型，工控入门天花板知识点.md
embedded-core	knowledge-document	76652	5b2cb423c8698ee1	projects/嵌入式八股/3. 杂七杂八/2. 从 0 和 1 一步步推导 MCU 通信- 吃透 UART-SPI-I²C-CAN 底层原理.md
embedded-core	knowledge-document	28844	25d8029ffef6ba8d	projects/嵌入式八股/3. 杂七杂八/3. 图解 TCP-IP协议，看图秒懂.md
embedded-core	knowledge-document	16325	7ff34f4190cdd8d6	projects/嵌入式八股/3. 杂七杂八/4. 图解计算机原理- 一文看懂IO 多路复用，select、poll、epoll.md
embedded-core	knowledge-document	73762	12ef357b3c34c2a3	projects/嵌入式八股/3. 杂七杂八/5. 嵌入式 ARM Linux 系统架构全解：一文讲透硬件、U-Boot、内核、驱动与应用.md
embedded-core	knowledge-document	62494	5a5a0e729aecc56d	projects/嵌入式八股/3. 杂七杂八/6. Linux 内核 eBPF 图解：理解内核扩展的核心机制.md
embedded-core	knowledge-document	74269	89667221b512f807	projects/嵌入式八股/3. 杂七杂八/7. 嵌入式系统开发，必知的10个内存管理策略.md
embedded-core	knowledge-document	87168	4e41d20b11a337e1	projects/嵌入式八股/3. 杂七杂八/8. 一文吃透Linux Socket网络编程：TCP-IP、API详解与高并发架构.md
embedded-core	knowledge-document	67033	2e318d8fd1d2bfc3	projects/嵌入式八股/3. 杂七杂八/9. 嵌入式 STM32 时钟体系全解：从硬件底层到量产实战.md
embedded-core	knowledge-document	10640	80faaf66c69a5a23	projects/嵌入式八股/3. 杂七杂八/index.md
embedded-core	knowledge-document	282530	72e6a0511e3d3610	projects/嵌入式八股/FreeRTOS 源码解析.md
embedded-core	knowledge-document	1669	88d4f7bf1c0c88e1	projects/嵌入式八股/index.md
embedded-core	attachment-evidence	35967355	63677357c59ded1f	projects/嵌入式八股/图解系统-小林coding-v1.0.epub
embedded-core	derived-backup	708170	934723dbaf4c5cea	projects/嵌入式八股/大丙Linux 教程（Subingwen 专栏合并）-Defuddle提取.md.bak-20260813-1317
embedded-core	knowledge-document	56224	df0a49c61e0f84e2	projects/嵌入式八股/嵌入式高频八股150题/00 索引-150题速查汇总.md
embedded-core	knowledge-document	56160	2b994c72d9a4e8a6	projects/嵌入式八股/嵌入式高频八股150题/01 C-C++基础（1-25题）.md
embedded-core	knowledge-document	50179	c0db41e9b30960d2	projects/嵌入式八股/嵌入式高频八股150题/02 C++进阶（26-50题）.md
embedded-core	knowledge-document	31405	45c8483409f972d8	projects/嵌入式八股/嵌入式高频八股150题/03 MCU-STM32（51-70题）.md
embedded-core	knowledge-document	37139	1281330bbc71f436	projects/嵌入式八股/嵌入式高频八股150题/04 通信协议-网络（71-90题）.md
embedded-core	knowledge-document	33983	96635c711acbfb5a	projects/嵌入式八股/嵌入式高频八股150题/05 RTOS-FreeRTOS（91-105题）.md
embedded-core	knowledge-document	69493	1c6a13a63d632aa8	projects/嵌入式八股/嵌入式高频八股150题/06 Linux-OS（106-150题）.md
embedded-core	knowledge-document	346522	442f4038fd6ec41e	projects/嵌入式八股/嵌入式高频八股150题.md
embedded-core	knowledge-document	117536	9badb659524df54d	projects/嵌入式八股/糯叽叽八股/01 C语言.md
embedded-core	knowledge-document	222783	f5cacf8beac894e1	projects/嵌入式八股/糯叽叽八股/02 C++.md
embedded-core	knowledge-document	31243	f28a4804d93fe6cb	projects/嵌入式八股/糯叽叽八股/03 STL与容器.md
embedded-core	knowledge-document	161261	ee0f9d9d5d7ae184	projects/嵌入式八股/糯叽叽八股/04 操作系统.md
embedded-core	knowledge-document	59450	ff74c0064edde3b8	projects/嵌入式八股/糯叽叽八股/05 计算机网络.md
embedded-core	knowledge-document	30932	fb95c122c49b1d1e	projects/嵌入式八股/糯叽叽八股/06 STM32.md
embedded-core	knowledge-document	54578	cc35d45f1e52e18c	projects/嵌入式八股/糯叽叽八股/07 FreeRTOS.md
embedded-core	knowledge-document	24259	505ef6164e47c834	projects/嵌入式八股/糯叽叽八股/08 通讯协议.md
embedded-core	knowledge-document	35663	5d0ceefc5723ee5b	projects/嵌入式八股/糯叽叽八股/09 嵌入式Linux应用.md
embedded-core	knowledge-document	36652	22eb568e578bb7e2	projects/嵌入式八股/糯叽叽八股/10 嵌入式Linux驱动.md
embedded-core	knowledge-document	22682	f5917b8cdbf89780	projects/嵌入式八股/糯叽叽八股/11 Bootloader与Rootfs.md
embedded-core	derived-backup	791535	eeb8fc94e60a7336	projects/嵌入式八股/糯叽叽八股（完整版）.md.backup-20260813-stl
embedded-core	derived-backup	791535	eeb8fc94e60a7336	projects/嵌入式八股/糯叽叽八股（完整版）.md.backup-before-misalignment-20260813
vault-root-or-unknown	other-binary-or-config	57878	fa8550a69aaaa47a	resume-deepdive.skill
vault-methodology-and-tools	knowledge-document	1561	930dccb31daf0ea2	tools/AGENTS.md
vault-methodology-and-tools	knowledge-document	1568	68b4004b748b2d2e	tools/CLAUDE.md
vault-methodology-and-tools	knowledge-document	39	6a803a8ffe52f570	tools/README.md
vault-methodology-and-tools	knowledge-document	1400	2280bd09694ac3de	tools/index.md
vault-methodology-and-tools	knowledge-document	239	81481db919f5d4aa	tools/sortspec.md.md
vault-methodology-and-tools	code-or-config	12172	ac751f3102b35365	tools/split_dabing_linux.py
vault-methodology-and-tools	code-or-config	161037	6248767078c0adc1	tools/图片当前清单.tsv
vault-methodology-and-tools	code-or-config	259534	05505e2a9bc71545	tools/图片迁移清单.tsv
vault-root-or-unknown	other-binary-or-config	57878	9a16c441b4b7e994	zin3sgj2
rednote-bookmarks	knowledge-document	3848	14a66b5edba42b34	小红书（RedNote）/。。。。。。。/专辑（Albums）/skills/专辑索引.md
rednote-bookmarks	knowledge-document	1988	3bc04550566c9a10	小红书（RedNote）/。。。。。。。/专辑（Albums）/个人专辑/专辑索引.md
rednote-bookmarks	knowledge-document	3670	a013ed9840404acc	小红书（RedNote）/。。。。。。。/专辑（Albums）/好玩的 ai/专辑索引.md
rednote-bookmarks	knowledge-document	1979	dcb5ba5e504905b9	小红书（RedNote）/。。。。。。。/专辑（Albums）/小米嵌入式/专辑索引.md
rednote-bookmarks	knowledge-document	1156	f0f281220788d145	小红书（RedNote）/。。。。。。。/专辑（Albums）/就业/专辑索引.md
rednote-bookmarks	knowledge-document	3819	5d2aba957a501d2d	小红书（RedNote）/。。。。。。。/专辑（Albums）/嵌入式学习经验/专辑索引.md
rednote-bookmarks	knowledge-document	527	04ba03f0b8486421	小红书（RedNote）/。。。。。。。/专辑（Albums）/嵌入式就业/专辑索引.md
rednote-bookmarks	knowledge-document	3718	5668faf3af503777	小红书（RedNote）/。。。。。。。/专辑（Albums）/嵌入式面经/专辑索引.md
rednote-bookmarks	knowledge-document	564	8bb53375f776038b	小红书（RedNote）/。。。。。。。/专辑（Albums）/找实习工作/专辑索引.md
rednote-bookmarks	knowledge-document	539	e666e30eaefc73e5	小红书（RedNote）/。。。。。。。/专辑（Albums）/算法刷题/专辑索引.md
rednote-bookmarks	attachment-evidence	33240	37a238f5058de910	小红书（RedNote）/。。。。。。。/媒体（Media）/64b6a2760000000012012be7/image-1.jpg
rednote-bookmarks	attachment-evidence	51310	12b32ee6e18baa99	小红书（RedNote）/。。。。。。。/媒体（Media）/64b6a2760000000012012be7/image-10.jpg
rednote-bookmarks	attachment-evidence	16128	0a6a7f02187c4042	小红书（RedNote）/。。。。。。。/媒体（Media）/64b6a2760000000012012be7/image-11.jpg
rednote-bookmarks	attachment-evidence	16918	7f704b81fd9d0a9e	小红书（RedNote）/。。。。。。。/媒体（Media）/64b6a2760000000012012be7/image-12.jpg
rednote-bookmarks	attachment-evidence	15498	4ae59b79b68ca083	小红书（RedNote）/。。。。。。。/媒体（Media）/64b6a2760000000012012be7/image-13.jpg
rednote-bookmarks	attachment-evidence	165554	bf554c6b1ad01782	小红书（RedNote）/。。。。。。。/媒体（Media）/64b6a2760000000012012be7/image-2.jpg
rednote-bookmarks	attachment-evidence	24958	e06e1d0e694b20df	小红书（RedNote）/。。。。。。。/媒体（Media）/64b6a2760000000012012be7/image-3.jpg
rednote-bookmarks	attachment-evidence	27660	9d6bc9a26c97855e	小红书（RedNote）/。。。。。。。/媒体（Media）/64b6a2760000000012012be7/image-4.jpg
rednote-bookmarks	attachment-evidence	23782	b8de8cc8ba2fbe4b	小红书（RedNote）/。。。。。。。/媒体（Media）/64b6a2760000000012012be7/image-5.jpg
rednote-bookmarks	attachment-evidence	20182	f91955355efd1148	小红书（RedNote）/。。。。。。。/媒体（Media）/64b6a2760000000012012be7/image-6.jpg
rednote-bookmarks	attachment-evidence	24592	b38f6d93940dcf3b	小红书（RedNote）/。。。。。。。/媒体（Media）/64b6a2760000000012012be7/image-7.jpg
rednote-bookmarks	attachment-evidence	32016	5dbdd2f7c1204924	小红书（RedNote）/。。。。。。。/媒体（Media）/64b6a2760000000012012be7/image-8.jpg
rednote-bookmarks	attachment-evidence	25780	64347c8eb697d4fe	小红书（RedNote）/。。。。。。。/媒体（Media）/64b6a2760000000012012be7/image-9.jpg
rednote-bookmarks	attachment-evidence	174860	1f1b99fd97e7fc09	小红书（RedNote）/。。。。。。。/媒体（Media）/6527fb4f000000001a0200ae/image-1.jpg
rednote-bookmarks	attachment-evidence	183524	c989e530019c3407	小红书（RedNote）/。。。。。。。/媒体（Media）/6527fb4f000000001a0200ae/image-2.jpg
rednote-bookmarks	attachment-evidence	183692	4c776d4632087e93	小红书（RedNote）/。。。。。。。/媒体（Media）/6527fb4f000000001a0200ae/image-3.jpg
rednote-bookmarks	attachment-evidence	145552	37e71aa834bc55e0	小红书（RedNote）/。。。。。。。/媒体（Media）/6527fb4f000000001a0200ae/image-4.jpg
rednote-bookmarks	attachment-evidence	82016	4ec68d554c282c73	小红书（RedNote）/。。。。。。。/媒体（Media）/6527fb4f000000001a0200ae/image-5.jpg
rednote-bookmarks	attachment-evidence	82542	966e4fd33b269e57	小红书（RedNote）/。。。。。。。/媒体（Media）/652ce8be000000001e02c286/image-1.jpg
rednote-bookmarks	attachment-evidence	62278	9b6f7dc63c4d328f	小红书（RedNote）/。。。。。。。/媒体（Media）/652ce8be000000001e02c286/image-2.jpg
rednote-bookmarks	attachment-evidence	64916	cb7974230581b9fc	小红书（RedNote）/。。。。。。。/媒体（Media）/652ce8be000000001e02c286/image-3.jpg
rednote-bookmarks	attachment-evidence	62854	aabc837d0508ad2d	小红书（RedNote）/。。。。。。。/媒体（Media）/652ce8be000000001e02c286/image-4.jpg
rednote-bookmarks	attachment-evidence	61466	55d9ec0be80f9a9f	小红书（RedNote）/。。。。。。。/媒体（Media）/652ce8be000000001e02c286/image-5.jpg
rednote-bookmarks	attachment-evidence	59448	31abf9c1b0f409aa	小红书（RedNote）/。。。。。。。/媒体（Media）/652ce8be000000001e02c286/image-6.jpg
rednote-bookmarks	attachment-evidence	72448	6de744546be31d72	小红书（RedNote）/。。。。。。。/媒体（Media）/652ce8be000000001e02c286/image-7.jpg
rednote-bookmarks	attachment-evidence	60938	e235f3d75aadcc72	小红书（RedNote）/。。。。。。。/媒体（Media）/652ce8be000000001e02c286/image-8.jpg
rednote-bookmarks	attachment-evidence	82450	d048b46046861b16	小红书（RedNote）/。。。。。。。/媒体（Media）/652ce8be000000001e02c286/image-9.jpg
rednote-bookmarks	attachment-evidence	186052	53ebe540c6ffd097	小红书（RedNote）/。。。。。。。/媒体（Media）/652d1b16000000002101f13a/image-1.jpg
rednote-bookmarks	attachment-evidence	55114	bff3655333b717b5	小红书（RedNote）/。。。。。。。/媒体（Media）/652d1b16000000002101f13a/image-2.jpg
rednote-bookmarks	attachment-evidence	89750	e1314fb6b535ea53	小红书（RedNote）/。。。。。。。/媒体（Media）/653edb67000000001e03f7b0/image-1.jpg
rednote-bookmarks	attachment-evidence	115858	a2200c9a409131a6	小红书（RedNote）/。。。。。。。/媒体（Media）/6658388e0000000016012708/image-1.jpg
rednote-bookmarks	attachment-evidence	126592	ced0a48e598f9bfe	小红书（RedNote）/。。。。。。。/媒体（Media）/66eff353000000000c018094/image-1.jpg
rednote-bookmarks	attachment-evidence	36142	a7f0a04788007c2f	小红书（RedNote）/。。。。。。。/媒体（Media）/6764f8bb000000000900e92d/image-1.jpg
rednote-bookmarks	attachment-evidence	71276	c0d351e5763ec487	小红书（RedNote）/。。。。。。。/媒体（Media）/6764f8bb000000000900e92d/image-2.jpg
rednote-bookmarks	attachment-evidence	49400	917fe8f77b6a6e61	小红书（RedNote）/。。。。。。。/媒体（Media）/6764f8bb000000000900e92d/image-3.jpg
rednote-bookmarks	attachment-evidence	66054	20d0ff29aaca53d5	小红书（RedNote）/。。。。。。。/媒体（Media）/6764f8bb000000000900e92d/image-4.jpg
rednote-bookmarks	attachment-evidence	33522	15294e084e57cb62	小红书（RedNote）/。。。。。。。/媒体（Media）/6764f8bb000000000900e92d/image-5.jpg
rednote-bookmarks	attachment-evidence	72708	9efaf4dfd43070bc	小红书（RedNote）/。。。。。。。/媒体（Media）/6771ff3d0000000014026f7c/image-1.jpg
rednote-bookmarks	attachment-evidence	198880	6968e740de2d5a6a	小红书（RedNote）/。。。。。。。/媒体（Media）/6771ff3d0000000014026f7c/image-10.jpg
rednote-bookmarks	attachment-evidence	116258	c367c92748e965ce	小红书（RedNote）/。。。。。。。/媒体（Media）/6771ff3d0000000014026f7c/image-11.jpg
rednote-bookmarks	attachment-evidence	109176	f179bd2502cc67a6	小红书（RedNote）/。。。。。。。/媒体（Media）/6771ff3d0000000014026f7c/image-12.jpg
rednote-bookmarks	attachment-evidence	81936	9b04f7de3e9f97d4	小红书（RedNote）/。。。。。。。/媒体（Media）/6771ff3d0000000014026f7c/image-13.jpg
rednote-bookmarks	attachment-evidence	146858	f1aa53ea71a0b77d	小红书（RedNote）/。。。。。。。/媒体（Media）/6771ff3d0000000014026f7c/image-14.jpg
rednote-bookmarks	attachment-evidence	124220	c66aac7da05dd3a9	小红书（RedNote）/。。。。。。。/媒体（Media）/6771ff3d0000000014026f7c/image-15.jpg
rednote-bookmarks	attachment-evidence	23364	bf503981637267fe	小红书（RedNote）/。。。。。。。/媒体（Media）/6771ff3d0000000014026f7c/image-16.jpg
rednote-bookmarks	attachment-evidence	99450	a93692d0baa5d6c2	小红书（RedNote）/。。。。。。。/媒体（Media）/6771ff3d0000000014026f7c/image-2.jpg
rednote-bookmarks	attachment-evidence	81464	bbbad28520909abf	小红书（RedNote）/。。。。。。。/媒体（Media）/6771ff3d0000000014026f7c/image-3.jpg
rednote-bookmarks	attachment-evidence	85054	019ac83636bc9ba4	小红书（RedNote）/。。。。。。。/媒体（Media）/6771ff3d0000000014026f7c/image-4.jpg
rednote-bookmarks	attachment-evidence	179300	dc9c9a2dbfea67ea	小红书（RedNote）/。。。。。。。/媒体（Media）/6771ff3d0000000014026f7c/image-5.jpg
rednote-bookmarks	attachment-evidence	205450	4fc000eba302e852	小红书（RedNote）/。。。。。。。/媒体（Media）/6771ff3d0000000014026f7c/image-6.jpg
rednote-bookmarks	attachment-evidence	105316	fc6c02fba162bc80	小红书（RedNote）/。。。。。。。/媒体（Media）/6771ff3d0000000014026f7c/image-7.jpg
rednote-bookmarks	attachment-evidence	84018	93c7dccf522a87ea	小红书（RedNote）/。。。。。。。/媒体（Media）/6771ff3d0000000014026f7c/image-8.jpg
rednote-bookmarks	attachment-evidence	131258	08b7554d38891a89	小红书（RedNote）/。。。。。。。/媒体（Media）/6771ff3d0000000014026f7c/image-9.jpg
rednote-bookmarks	attachment-evidence	337546	b36c8b15b1b7edeb	小红书（RedNote）/。。。。。。。/媒体（Media）/67d84390000000001c002742/image-1.jpg
rednote-bookmarks	attachment-evidence	270402	6c8781f2011fd672	小红书（RedNote）/。。。。。。。/媒体（Media）/67d84390000000001c002742/image-2.jpg
rednote-bookmarks	attachment-evidence	101340	aca7988954402c7d	小红书（RedNote）/。。。。。。。/媒体（Media）/67d84390000000001c002742/image-3.jpg
rednote-bookmarks	attachment-evidence	113780	6d892219c8bb972e	小红书（RedNote）/。。。。。。。/媒体（Media）/67d84390000000001c002742/image-4.jpg
rednote-bookmarks	attachment-evidence	56374	03951330a540cebc	小红书（RedNote）/。。。。。。。/媒体（Media）/67da8a810000000006028d98/image-1.jpg
rednote-bookmarks	attachment-evidence	49160	0cf955422f7ab534	小红书（RedNote）/。。。。。。。/媒体（Media）/67dedd74000000001b027483/image-1.jpg
rednote-bookmarks	attachment-evidence	41562	6a0edfe40a65e9b0	小红书（RedNote）/。。。。。。。/媒体（Media）/67dedd74000000001b027483/image-2.jpg
rednote-bookmarks	attachment-evidence	14320	c6dc3d63b2329fd7	小红书（RedNote）/。。。。。。。/媒体（Media）/67dedd74000000001b027483/image-3.jpg
rednote-bookmarks	attachment-evidence	19432	cfeff9c926ed7784	小红书（RedNote）/。。。。。。。/媒体（Media）/67ea443b000000001c001c23/image-1.jpg
rednote-bookmarks	attachment-evidence	22212	5e4c84491bfdf301	小红书（RedNote）/。。。。。。。/媒体（Media）/67ea45bb000000001b024a1e/image-1.jpg
rednote-bookmarks	attachment-evidence	52614	7c80454e479a6bb5	小红书（RedNote）/。。。。。。。/媒体（Media）/680cace4000000001c01e5eb/image-1.jpg
rednote-bookmarks	attachment-evidence	63474	c504c37a3370914f	小红书（RedNote）/。。。。。。。/媒体（Media）/680cace4000000001c01e5eb/image-2.jpg
rednote-bookmarks	attachment-evidence	69690	c84157273489d880	小红书（RedNote）/。。。。。。。/媒体（Media）/680cace4000000001c01e5eb/image-3.jpg
rednote-bookmarks	attachment-evidence	90022	5c89e80674487193	小红书（RedNote）/。。。。。。。/媒体（Media）/680cace4000000001c01e5eb/image-4.jpg
rednote-bookmarks	attachment-evidence	48996	b7dc16a51dbb7ac4	小红书（RedNote）/。。。。。。。/媒体（Media）/680f04ff0000000022037dc0/image-1.jpg
rednote-bookmarks	attachment-evidence	105454	58fd85fd00a735af	小红书（RedNote）/。。。。。。。/媒体（Media）/680f04ff0000000022037dc0/image-2.jpg
rednote-bookmarks	attachment-evidence	74516	e38348f218b1f10a	小红书（RedNote）/。。。。。。。/媒体（Media）/680f04ff0000000022037dc0/image-3.jpg
rednote-bookmarks	attachment-evidence	62306	1cd68100b0ef3c5e	小红书（RedNote）/。。。。。。。/媒体（Media）/680f04ff0000000022037dc0/image-4.jpg
rednote-bookmarks	attachment-evidence	95224	d2dd5f2e48c747d3	小红书（RedNote）/。。。。。。。/媒体（Media）/680f04ff0000000022037dc0/image-5.jpg
rednote-bookmarks	attachment-evidence	115632	87ab2db49d70db1e	小红书（RedNote）/。。。。。。。/媒体（Media）/682ec4d30000000022035e19/image-1.jpg
rednote-bookmarks	attachment-evidence	140728	dc4168efdaf5c4d8	小红书（RedNote）/。。。。。。。/媒体（Media）/6836d86f0000000023000577/image-1.jpg
rednote-bookmarks	attachment-evidence	83114	7fd2e5db5a8ca569	小红书（RedNote）/。。。。。。。/媒体（Media）/6836d86f0000000023000577/image-2.jpg
rednote-bookmarks	attachment-evidence	102626	5c3fd71f8b17309e	小红书（RedNote）/。。。。。。。/媒体（Media）/6836d86f0000000023000577/image-3.jpg
rednote-bookmarks	attachment-evidence	108740	2de158744a55426d	小红书（RedNote）/。。。。。。。/媒体（Media）/6836d86f0000000023000577/image-4.jpg
rednote-bookmarks	attachment-evidence	126744	1b9678aab30ebe5f	小红书（RedNote）/。。。。。。。/媒体（Media）/6836d86f0000000023000577/image-5.jpg
rednote-bookmarks	attachment-evidence	164980	878157a85f787677	小红书（RedNote）/。。。。。。。/媒体（Media）/6836d86f0000000023000577/image-6.jpg
rednote-bookmarks	attachment-evidence	181482	de0fb2dd930a74e7	小红书（RedNote）/。。。。。。。/媒体（Media）/68874fc5000000001d00d884/image-1.jpg
rednote-bookmarks	attachment-evidence	103946	ea800f1a95467fc9	小红书（RedNote）/。。。。。。。/媒体（Media）/68874fc5000000001d00d884/image-2.jpg
rednote-bookmarks	attachment-evidence	112134	8ae3dba1b76edb89	小红书（RedNote）/。。。。。。。/媒体（Media）/68874fc5000000001d00d884/image-3.jpg
rednote-bookmarks	attachment-evidence	136162	3b58631b7ba61af2	小红书（RedNote）/。。。。。。。/媒体（Media）/68874fc5000000001d00d884/image-4.jpg
rednote-bookmarks	attachment-evidence	142252	256f5959310f3f52	小红书（RedNote）/。。。。。。。/媒体（Media）/68874fc5000000001d00d884/image-5.jpg
rednote-bookmarks	attachment-evidence	91604	b88d39f0bf67eb20	小红书（RedNote）/。。。。。。。/媒体（Media）/68874fc5000000001d00d884/image-6.jpg
rednote-bookmarks	attachment-evidence	254660	989c91e0d71e3d93	小红书（RedNote）/。。。。。。。/媒体（Media）/68aece69000000001c00a883/image-1.jpg
rednote-bookmarks	attachment-evidence	241190	018f618840b94631	小红书（RedNote）/。。。。。。。/媒体（Media）/68aece69000000001c00a883/image-2.jpg
rednote-bookmarks	attachment-evidence	86128	f6aa1e42f006eadd	小红书（RedNote）/。。。。。。。/媒体（Media）/68beb536000000001d001cb0/image-1.jpg
rednote-bookmarks	attachment-evidence	69062	2e7e5d54837c9b45	小红书（RedNote）/。。。。。。。/媒体（Media）/68beb536000000001d001cb0/image-2.jpg
rednote-bookmarks	attachment-evidence	89592	f0df7152a0f15c72	小红书（RedNote）/。。。。。。。/媒体（Media）/68beb536000000001d001cb0/image-3.jpg
rednote-bookmarks	attachment-evidence	78368	f6bfa1d592ba000f	小红书（RedNote）/。。。。。。。/媒体（Media）/68beb536000000001d001cb0/image-4.jpg
rednote-bookmarks	attachment-evidence	61388	a3093000fb71fc25	小红书（RedNote）/。。。。。。。/媒体（Media）/68beb536000000001d001cb0/image-5.jpg
rednote-bookmarks	attachment-evidence	16576	7516ea64da872bf7	小红书（RedNote）/。。。。。。。/媒体（Media）/68c28443000000001d00a2f1/image-1.jpg
rednote-bookmarks	attachment-evidence	120996	a4e1feba71601d6f	小红书（RedNote）/。。。。。。。/媒体（Media）/68c9732c000000001202f933/image-1.jpg
rednote-bookmarks	attachment-evidence	160760	c6e37048712b0ca9	小红书（RedNote）/。。。。。。。/媒体（Media）/68c9732c000000001202f933/image-2.jpg
rednote-bookmarks	attachment-evidence	143156	89fb0a051ad2ee26	小红书（RedNote）/。。。。。。。/媒体（Media）/68c9732c000000001202f933/image-3.jpg
rednote-bookmarks	attachment-evidence	160504	9e3fe400c2f9c363	小红书（RedNote）/。。。。。。。/媒体（Media）/68c9732c000000001202f933/image-4.jpg
rednote-bookmarks	attachment-evidence	150442	4c7627deebfe208c	小红书（RedNote）/。。。。。。。/媒体（Media）/68c9732c000000001202f933/image-5.jpg
rednote-bookmarks	attachment-evidence	31042	6b4f39ccc2213305	小红书（RedNote）/。。。。。。。/媒体（Media）/68c9732c000000001202f933/image-6.jpg
rednote-bookmarks	attachment-evidence	146482	2661c4eb5d7e641b	小红书（RedNote）/。。。。。。。/媒体（Media）/68cd0e7d000000001302ace0/image-1.jpg
rednote-bookmarks	attachment-evidence	91954	df0d2b34e1ac182d	小红书（RedNote）/。。。。。。。/媒体（Media）/68dbf839000000000703ad33/image-1.jpg
rednote-bookmarks	attachment-evidence	61746	9c895fd01c851c52	小红书（RedNote）/。。。。。。。/媒体（Media）/68edc98f0000000007033e13/image-1 (Multi Source Sync).jpg
rednote-bookmarks	attachment-evidence	61746	9c895fd01c851c52	小红书（RedNote）/。。。。。。。/媒体（Media）/68edc98f0000000007033e13/image-1.jpg
rednote-bookmarks	attachment-evidence	102114	9b7b82ce275d8382	小红书（RedNote）/。。。。。。。/媒体（Media）/68edc98f0000000007033e13/image-2 (Multi Source Sync).jpg
rednote-bookmarks	attachment-evidence	102114	9b7b82ce275d8382	小红书（RedNote）/。。。。。。。/媒体（Media）/68edc98f0000000007033e13/image-2.jpg
rednote-bookmarks	attachment-evidence	124124	586673aaaacdd2d4	小红书（RedNote）/。。。。。。。/媒体（Media）/68edc98f0000000007033e13/image-3 (Multi Source Sync).jpg
rednote-bookmarks	attachment-evidence	124124	586673aaaacdd2d4	小红书（RedNote）/。。。。。。。/媒体（Media）/68edc98f0000000007033e13/image-3.jpg
rednote-bookmarks	attachment-evidence	125022	297b07f30155487c	小红书（RedNote）/。。。。。。。/媒体（Media）/68edc98f0000000007033e13/image-4 (Multi Source Sync).jpg
rednote-bookmarks	attachment-evidence	125022	297b07f30155487c	小红书（RedNote）/。。。。。。。/媒体（Media）/68edc98f0000000007033e13/image-4.jpg
rednote-bookmarks	attachment-evidence	58186	c9a5f1c8bc9b1ba7	小红书（RedNote）/。。。。。。。/媒体（Media）/68f778c600000000050021aa/image-1.jpg
rednote-bookmarks	attachment-evidence	196698	d971415d4fd6f8ed	小红书（RedNote）/。。。。。。。/媒体（Media）/69007e340000000003034c0a/image-1.jpg
rednote-bookmarks	attachment-evidence	209554	8e058412651beae0	小红书（RedNote）/。。。。。。。/媒体（Media）/69007e340000000003034c0a/image-2.jpg
rednote-bookmarks	attachment-evidence	194248	3e2d2ca994e5e688	小红书（RedNote）/。。。。。。。/媒体（Media）/69007e340000000003034c0a/image-3.jpg
rednote-bookmarks	attachment-evidence	183872	1b1cadea2de509bc	小红书（RedNote）/。。。。。。。/媒体（Media）/69007e340000000003034c0a/image-4.jpg
rednote-bookmarks	attachment-evidence	31426	b9a4ac7c5fd32a20	小红书（RedNote）/。。。。。。。/媒体（Media）/691862100000000004010133/image-1.jpg
rednote-bookmarks	attachment-evidence	27912	c0892124f626bb9f	小红书（RedNote）/。。。。。。。/媒体（Media）/6923ea52000000001e0237b8/image-1.jpg
rednote-bookmarks	attachment-evidence	122386	ea798b049a26fd48	小红书（RedNote）/。。。。。。。/媒体（Media）/693963df000000001d03cb48/image-1.jpg
rednote-bookmarks	attachment-evidence	202368	5527bcfc090e81b3	小红书（RedNote）/。。。。。。。/媒体（Media）/693963df000000001d03cb48/image-2.jpg
rednote-bookmarks	attachment-evidence	185370	67a39efb80537484	小红书（RedNote）/。。。。。。。/媒体（Media）/693963df000000001d03cb48/image-3.jpg
rednote-bookmarks	attachment-evidence	40556	0f3490e5f5e67301	小红书（RedNote）/。。。。。。。/媒体（Media）/69419cee000000001b024e42/image-1.jpg
rednote-bookmarks	attachment-evidence	147066	7bc127890c2f92ba	小红书（RedNote）/。。。。。。。/媒体（Media）/69512ff7000000001f009b16/image-1.jpg
rednote-bookmarks	attachment-evidence	127110	765bf065c35118e7	小红书（RedNote）/。。。。。。。/媒体（Media）/69512ff7000000001f009b16/image-2.jpg
rednote-bookmarks	attachment-evidence	123414	edecd8953648951f	小红书（RedNote）/。。。。。。。/媒体（Media）/69512ff7000000001f009b16/image-3.jpg
rednote-bookmarks	attachment-evidence	112228	0121df22a330f11b	小红书（RedNote）/。。。。。。。/媒体（Media）/69512ff7000000001f009b16/image-4.jpg
rednote-bookmarks	attachment-evidence	186612	8ea36ca54bbbd5b8	小红书（RedNote）/。。。。。。。/媒体（Media）/69512ff7000000001f009b16/image-5.jpg
rednote-bookmarks	attachment-evidence	110638	c178a5e7b216b036	小红书（RedNote）/。。。。。。。/媒体（Media）/69512ff7000000001f009b16/image-6.jpg
rednote-bookmarks	attachment-evidence	94838	b7e04fad17606342	小红书（RedNote）/。。。。。。。/媒体（Media）/69512ff7000000001f009b16/image-7.jpg
rednote-bookmarks	attachment-evidence	178098	bfb32d67bce6a405	小红书（RedNote）/。。。。。。。/媒体（Media）/69512ff7000000001f009b16/image-8.jpg
rednote-bookmarks	attachment-evidence	38194	8f6353c54d01054a	小红书（RedNote）/。。。。。。。/媒体（Media）/69512ff7000000001f009b16/image-9.jpg
rednote-bookmarks	attachment-evidence	50096	1bb77c7af9685fab	小红书（RedNote）/。。。。。。。/媒体（Media）/6958f8c5000000001f004b45/image-1.jpg
rednote-bookmarks	attachment-evidence	496386	df34fc5657ece960	小红书（RedNote）/。。。。。。。/媒体（Media）/6959e666000000001e0223cb/image-1.jpg
rednote-bookmarks	attachment-evidence	206862	2dbaaf5dffcd254c	小红书（RedNote）/。。。。。。。/媒体（Media）/6959e666000000001e0223cb/image-2.jpg
rednote-bookmarks	attachment-evidence	263544	8820064388e4e5cf	小红书（RedNote）/。。。。。。。/媒体（Media）/6959e666000000001e0223cb/image-3.jpg
rednote-bookmarks	attachment-evidence	483426	2cda9cb1d8ee07fb	小红书（RedNote）/。。。。。。。/媒体（Media）/6959e666000000001e0223cb/image-4.jpg
rednote-bookmarks	attachment-evidence	260596	10f79b33884f2366	小红书（RedNote）/。。。。。。。/媒体（Media）/6959e666000000001e0223cb/image-5.jpg
rednote-bookmarks	attachment-evidence	50056	bbf8603788893c63	小红书（RedNote）/。。。。。。。/媒体（Media）/695beca6000000001a0367a6/image-1.jpg
rednote-bookmarks	attachment-evidence	40158	1c1bfe453b857c06	小红书（RedNote）/。。。。。。。/媒体（Media）/695beca6000000001a0367a6/image-10.jpg
rednote-bookmarks	attachment-evidence	56030	ae788e76df372fed	小红书（RedNote）/。。。。。。。/媒体（Media）/695beca6000000001a0367a6/image-2.jpg
rednote-bookmarks	attachment-evidence	51668	96bc71af3c470aa2	小红书（RedNote）/。。。。。。。/媒体（Media）/695beca6000000001a0367a6/image-3.jpg
rednote-bookmarks	attachment-evidence	48134	b676a5cdfc396bc4	小红书（RedNote）/。。。。。。。/媒体（Media）/695beca6000000001a0367a6/image-4.jpg
rednote-bookmarks	attachment-evidence	47318	f80da8d5e6cad0c0	小红书（RedNote）/。。。。。。。/媒体（Media）/695beca6000000001a0367a6/image-5.jpg
rednote-bookmarks	attachment-evidence	53004	7c440c2c42d1b6ec	小红书（RedNote）/。。。。。。。/媒体（Media）/695beca6000000001a0367a6/image-6.jpg
rednote-bookmarks	attachment-evidence	57386	f5460092e62a8495	小红书（RedNote）/。。。。。。。/媒体（Media）/695beca6000000001a0367a6/image-7.jpg
rednote-bookmarks	attachment-evidence	54966	729dd84b5c95dd4c	小红书（RedNote）/。。。。。。。/媒体（Media）/695beca6000000001a0367a6/image-8.jpg
rednote-bookmarks	attachment-evidence	55006	8f9e1630658d2ce7	小红书（RedNote）/。。。。。。。/媒体（Media）/695beca6000000001a0367a6/image-9.jpg
rednote-bookmarks	attachment-evidence	54260	23c95ed7841c3acf	小红书（RedNote）/。。。。。。。/媒体（Media）/695d4962000000000a03cc46/image-1.jpg
rednote-bookmarks	attachment-evidence	129762	94b8b0066dcb15bc	小红书（RedNote）/。。。。。。。/媒体（Media）/695d4962000000000a03cc46/image-2.jpg
rednote-bookmarks	attachment-evidence	80732	7ff80c10a9a7a7e6	小红书（RedNote）/。。。。。。。/媒体（Media）/695d4962000000000a03cc46/image-3.jpg
rednote-bookmarks	attachment-evidence	134218	ef29a3299de00985	小红书（RedNote）/。。。。。。。/媒体（Media）/695d4962000000000a03cc46/image-4.jpg
rednote-bookmarks	attachment-evidence	39006	3b5c73ca69574508	小红书（RedNote）/。。。。。。。/媒体（Media）/695d4962000000000a03cc46/image-5.jpg
rednote-bookmarks	attachment-evidence	177414	a22389a620f24ca8	小红书（RedNote）/。。。。。。。/媒体（Media）/695d4962000000000a03cc46/image-6.jpg
rednote-bookmarks	attachment-evidence	123054	0962c4f5dc0a0aaf	小红书（RedNote）/。。。。。。。/媒体（Media）/6966128b000000001a035b5a/image-1.jpg
rednote-bookmarks	attachment-evidence	124522	de0e2c0f1264b3a8	小红书（RedNote）/。。。。。。。/媒体（Media）/6966128b000000001a035b5a/image-2.jpg
rednote-bookmarks	attachment-evidence	21586	34dbfff0bac23c20	小红书（RedNote）/。。。。。。。/媒体（Media）/6966128b000000001a035b5a/image-3.jpg
rednote-bookmarks	attachment-evidence	20712	638818dac9f809d0	小红书（RedNote）/。。。。。。。/媒体（Media）/6966128b000000001a035b5a/image-4.jpg
rednote-bookmarks	attachment-evidence	19512	9b6cf5d479218eb4	小红书（RedNote）/。。。。。。。/媒体（Media）/6966128b000000001a035b5a/image-5.jpg
rednote-bookmarks	attachment-evidence	30980	0f073c72ac1e944a	小红书（RedNote）/。。。。。。。/媒体（Media）/69674e93000000002102a422/image-1.jpg
rednote-bookmarks	attachment-evidence	196814	534db62371ea4245	小红书（RedNote）/。。。。。。。/媒体（Media）/69674e93000000002102a422/image-2.jpg
rednote-bookmarks	attachment-evidence	50044	2734f28b839dff9a	小红书（RedNote）/。。。。。。。/媒体（Media）/69a5548e0000000026030618/image-1 (Multi Source Sync).jpg
rednote-bookmarks	attachment-evidence	50044	2734f28b839dff9a	小红书（RedNote）/。。。。。。。/媒体（Media）/69a5548e0000000026030618/image-1.jpg
rednote-bookmarks	attachment-evidence	81536	3163c29af7414afb	小红书（RedNote）/。。。。。。。/媒体（Media）/69a5548e0000000026030618/image-2 (Multi Source Sync).jpg
rednote-bookmarks	attachment-evidence	81536	3163c29af7414afb	小红书（RedNote）/。。。。。。。/媒体（Media）/69a5548e0000000026030618/image-2.jpg
rednote-bookmarks	attachment-evidence	77796	c2baff6766c94a3e	小红书（RedNote）/。。。。。。。/媒体（Media）/69a5548e0000000026030618/image-3 (Multi Source Sync).jpg
rednote-bookmarks	attachment-evidence	77796	c2baff6766c94a3e	小红书（RedNote）/。。。。。。。/媒体（Media）/69a5548e0000000026030618/image-3.jpg
rednote-bookmarks	attachment-evidence	113536	fc837999d260249f	小红书（RedNote）/。。。。。。。/媒体（Media）/69a5548e0000000026030618/image-4 (Multi Source Sync).jpg
rednote-bookmarks	attachment-evidence	113536	fc837999d260249f	小红书（RedNote）/。。。。。。。/媒体（Media）/69a5548e0000000026030618/image-4.jpg
rednote-bookmarks	attachment-evidence	37166	18d1d0a528602313	小红书（RedNote）/。。。。。。。/媒体（Media）/69a5548e0000000026030618/image-5 (Multi Source Sync).jpg
rednote-bookmarks	attachment-evidence	37166	18d1d0a528602313	小红书（RedNote）/。。。。。。。/媒体（Media）/69a5548e0000000026030618/image-5.jpg
rednote-bookmarks	attachment-evidence	85810	c41466ed4ae3db97	小红书（RedNote）/。。。。。。。/媒体（Media）/69a5548e0000000026030618/image-6 (Multi Source Sync).jpg
rednote-bookmarks	attachment-evidence	85810	c41466ed4ae3db97	小红书（RedNote）/。。。。。。。/媒体（Media）/69a5548e0000000026030618/image-6.jpg
rednote-bookmarks	attachment-evidence	62044	7708c1c0983c2cbe	小红书（RedNote）/。。。。。。。/媒体（Media）/69a5548e0000000026030618/image-7 (Multi Source Sync).jpg
rednote-bookmarks	attachment-evidence	62044	7708c1c0983c2cbe	小红书（RedNote）/。。。。。。。/媒体（Media）/69a5548e0000000026030618/image-7.jpg
rednote-bookmarks	attachment-evidence	140014	1d666715f2535570	小红书（RedNote）/。。。。。。。/媒体（Media）/69a5548e0000000026030618/image-8 (Multi Source Sync).jpg
rednote-bookmarks	attachment-evidence	140014	1d666715f2535570	小红书（RedNote）/。。。。。。。/媒体（Media）/69a5548e0000000026030618/image-8.jpg
rednote-bookmarks	attachment-evidence	170800	62604a7ba2a750be	小红书（RedNote）/。。。。。。。/媒体（Media）/69a5548e0000000026030618/image-9 (Multi Source Sync).jpg
rednote-bookmarks	attachment-evidence	170800	62604a7ba2a750be	小红书（RedNote）/。。。。。。。/媒体（Media）/69a5548e0000000026030618/image-9.jpg
rednote-bookmarks	attachment-evidence	21494	78619274a054f3fb	小红书（RedNote）/。。。。。。。/媒体（Media）/69a8ef53000000002801c002/image-1.jpg
rednote-bookmarks	attachment-evidence	154552	b9119e0d9669bf32	小红书（RedNote）/。。。。。。。/媒体（Media）/69b4c43e000000001a028026/image-1.jpg
rednote-bookmarks	attachment-evidence	174018	110941bdfcf41688	小红书（RedNote）/。。。。。。。/媒体（Media）/69b4c43e000000001a028026/image-2.jpg
rednote-bookmarks	attachment-evidence	129300	5836acb97aed9e53	小红书（RedNote）/。。。。。。。/媒体（Media）/69b4c43e000000001a028026/image-3.jpg
rednote-bookmarks	attachment-evidence	21386	8ca19209c7270180	小红书（RedNote）/。。。。。。。/媒体（Media）/69b51783000000002102c37b/image-1.jpg
rednote-bookmarks	attachment-evidence	67256	a5f16c78c8c30ba3	小红书（RedNote）/。。。。。。。/媒体（Media）/69b6981900000000220272b4/image-1.jpg
rednote-bookmarks	attachment-evidence	8166	b64d12aff3135ff3	小红书（RedNote）/。。。。。。。/媒体（Media）/69b6981900000000220272b4/image-2.jpg
rednote-bookmarks	attachment-evidence	28034	63d181150bdf5536	小红书（RedNote）/。。。。。。。/媒体（Media）/69b6981900000000220272b4/image-3.jpg
rednote-bookmarks	attachment-evidence	30890	7a09b860122a9575	小红书（RedNote）/。。。。。。。/媒体（Media）/69b6981900000000220272b4/image-4.jpg
rednote-bookmarks	attachment-evidence	50870	353b59a52133ee4a	小红书（RedNote）/。。。。。。。/媒体（Media）/69b6981900000000220272b4/image-5.jpg
rednote-bookmarks	attachment-evidence	27296	e1fb048f88f53489	小红书（RedNote）/。。。。。。。/媒体（Media）/69b6981900000000220272b4/image-6.jpg
rednote-bookmarks	attachment-evidence	27394	1f7b306f665c7e97	小红书（RedNote）/。。。。。。。/媒体（Media）/69b6981900000000220272b4/image-7.jpg
rednote-bookmarks	attachment-evidence	19306	4e61e79e116aa95d	小红书（RedNote）/。。。。。。。/媒体（Media）/69b6981900000000220272b4/image-8.jpg
rednote-bookmarks	attachment-evidence	147596	32543d508fc3ab94	小红书（RedNote）/。。。。。。。/媒体（Media）/69b8afca0000000022002e9a/image-1.jpg
rednote-bookmarks	attachment-evidence	99706	c75fe95d71e9a3f7	小红书（RedNote）/。。。。。。。/媒体（Media）/69b8d2cc000000001d01af9b/image-1.jpg
rednote-bookmarks	attachment-evidence	125400	d3d9d9b80e362bbb	小红书（RedNote）/。。。。。。。/媒体（Media）/69b8d2cc000000001d01af9b/image-2.jpg
rednote-bookmarks	attachment-evidence	118904	c5bfb0db699cf357	小红书（RedNote）/。。。。。。。/媒体（Media）/69b8d2cc000000001d01af9b/image-3.jpg
rednote-bookmarks	attachment-evidence	35472	2385bf6b67f55513	小红书（RedNote）/。。。。。。。/媒体（Media）/69bb94f7000000001b021909/image-1.jpg
rednote-bookmarks	attachment-evidence	71740	de02df1aa6fed9f9	小红书（RedNote）/。。。。。。。/媒体（Media）/69c25429000000001a02a49b/image-1.jpg
rednote-bookmarks	attachment-evidence	83406	26a726d0f1010643	小红书（RedNote）/。。。。。。。/媒体（Media）/69c25429000000001a02a49b/image-2.jpg
rednote-bookmarks	attachment-evidence	77468	c86044df6967f482	小红书（RedNote）/。。。。。。。/媒体（Media）/69c25429000000001a02a49b/image-3.jpg
rednote-bookmarks	attachment-evidence	127986	25439c2bf9e52f6c	小红书（RedNote）/。。。。。。。/媒体（Media）/69c3bd82000000001a022536/image-1.jpg
rednote-bookmarks	attachment-evidence	121106	c22dbc77d31a8234	小红书（RedNote）/。。。。。。。/媒体（Media）/69c3bd82000000001a022536/image-2.jpg
rednote-bookmarks	attachment-evidence	101692	5d248bafca393125	小红书（RedNote）/。。。。。。。/媒体（Media）/69c68242000000001a0372e4/image-1 (Multi Source Sync).jpg
rednote-bookmarks	attachment-evidence	101692	5d248bafca393125	小红书（RedNote）/。。。。。。。/媒体（Media）/69c68242000000001a0372e4/image-1.jpg
rednote-bookmarks	attachment-evidence	176364	62d22a1837838925	小红书（RedNote）/。。。。。。。/媒体（Media）/69c68242000000001a0372e4/image-2 (Multi Source Sync).jpg
rednote-bookmarks	attachment-evidence	176364	62d22a1837838925	小红书（RedNote）/。。。。。。。/媒体（Media）/69c68242000000001a0372e4/image-2.jpg
rednote-bookmarks	attachment-evidence	176896	bd52f6abf99e0d24	小红书（RedNote）/。。。。。。。/媒体（Media）/69c68242000000001a0372e4/image-3.jpg
rednote-bookmarks	attachment-evidence	52142	498286abc7ce5b25	小红书（RedNote）/。。。。。。。/媒体（Media）/69c68242000000001a0372e4/image-4.jpg
rednote-bookmarks	attachment-evidence	26842	09c7bfe6944b7620	小红书（RedNote）/。。。。。。。/媒体（Media）/69cab968000000001f000065/image-1.jpg
rednote-bookmarks	attachment-evidence	98360	9bb58a001cb5a7d5	小红书（RedNote）/。。。。。。。/媒体（Media）/69cab968000000001f000065/image-2.jpg
rednote-bookmarks	attachment-evidence	84666	320846722597870b	小红书（RedNote）/。。。。。。。/媒体（Media）/69cab968000000001f000065/image-3.jpg
rednote-bookmarks	attachment-evidence	58194	4be46566d22c11a7	小红书（RedNote）/。。。。。。。/媒体（Media）/69cb1d60000000001a02e268/image-1.jpg
rednote-bookmarks	attachment-evidence	87190	3aaff407563a7a3a	小红书（RedNote）/。。。。。。。/媒体（Media）/69cb1d60000000001a02e268/image-10.jpg
rednote-bookmarks	attachment-evidence	95854	dd4874ac5cf115b8	小红书（RedNote）/。。。。。。。/媒体（Media）/69cb1d60000000001a02e268/image-11.jpg
rednote-bookmarks	attachment-evidence	97480	f9046e4cce006045	小红书（RedNote）/。。。。。。。/媒体（Media）/69cb1d60000000001a02e268/image-12.jpg
rednote-bookmarks	attachment-evidence	90802	fd1a575622e18bf0	小红书（RedNote）/。。。。。。。/媒体（Media）/69cb1d60000000001a02e268/image-13.jpg
rednote-bookmarks	attachment-evidence	102730	bc401e4518b87f20	小红书（RedNote）/。。。。。。。/媒体（Media）/69cb1d60000000001a02e268/image-14.jpg
rednote-bookmarks	attachment-evidence	85320	e9d4a715d89bfaac	小红书（RedNote）/。。。。。。。/媒体（Media）/69cb1d60000000001a02e268/image-15.jpg
rednote-bookmarks	attachment-evidence	95272	7c5f94f17b44ff28	小红书（RedNote）/。。。。。。。/媒体（Media）/69cb1d60000000001a02e268/image-16.jpg
rednote-bookmarks	attachment-evidence	36066	46d156f22bfc1743	小红书（RedNote）/。。。。。。。/媒体（Media）/69cb1d60000000001a02e268/image-17.jpg
rednote-bookmarks	attachment-evidence	119694	08663d0cc454d905	小红书（RedNote）/。。。。。。。/媒体（Media）/69cb1d60000000001a02e268/image-2.jpg
rednote-bookmarks	attachment-evidence	115802	aaa8256aa6e125be	小红书（RedNote）/。。。。。。。/媒体（Media）/69cb1d60000000001a02e268/image-3.jpg
rednote-bookmarks	attachment-evidence	101194	9a7164d76d9d94ed	小红书（RedNote）/。。。。。。。/媒体（Media）/69cb1d60000000001a02e268/image-4.jpg
rednote-bookmarks	attachment-evidence	73344	5afd72ff15b717b4	小红书（RedNote）/。。。。。。。/媒体（Media）/69cb1d60000000001a02e268/image-5.jpg
rednote-bookmarks	attachment-evidence	68060	fee00da78283edfe	小红书（RedNote）/。。。。。。。/媒体（Media）/69cb1d60000000001a02e268/image-6.jpg
rednote-bookmarks	attachment-evidence	81792	bc825802ac0052d9	小红书（RedNote）/。。。。。。。/媒体（Media）/69cb1d60000000001a02e268/image-7.jpg
rednote-bookmarks	attachment-evidence	85068	076e6503607dafd3	小红书（RedNote）/。。。。。。。/媒体（Media）/69cb1d60000000001a02e268/image-8.jpg
rednote-bookmarks	attachment-evidence	87940	7bdff9e3dfa3cc87	小红书（RedNote）/。。。。。。。/媒体（Media）/69cb1d60000000001a02e268/image-9.jpg
rednote-bookmarks	attachment-evidence	152194	6bb382593035ebbb	小红书（RedNote）/。。。。。。。/媒体（Media）/69cb5724000000001d019800/image-1.jpg
rednote-bookmarks	attachment-evidence	164998	1c6600ccbd50362a	小红书（RedNote）/。。。。。。。/媒体（Media）/69cb5724000000001d019800/image-2.jpg
rednote-bookmarks	attachment-evidence	204840	6411e300f7626f34	小红书（RedNote）/。。。。。。。/媒体（Media）/69cb5724000000001d019800/image-3.jpg
rednote-bookmarks	attachment-evidence	176544	49787a5b888062cd	小红书（RedNote）/。。。。。。。/媒体（Media）/69cb5724000000001d019800/image-4.jpg
rednote-bookmarks	attachment-evidence	191724	c889ec64679bee60	小红书（RedNote）/。。。。。。。/媒体（Media）/69cb5724000000001d019800/image-5.jpg
rednote-bookmarks	attachment-evidence	138330	fceac8b5a316c970	小红书（RedNote）/。。。。。。。/媒体（Media）/69cb5724000000001d019800/image-6.jpg
rednote-bookmarks	attachment-evidence	149848	bcbfeaea1101b6d9	小红书（RedNote）/。。。。。。。/媒体（Media）/69cb5724000000001d019800/image-7.jpg
rednote-bookmarks	attachment-evidence	123042	99730b31608a27e9	小红书（RedNote）/。。。。。。。/媒体（Media）/69cb5724000000001d019800/image-8.jpg
rednote-bookmarks	attachment-evidence	27920	a767b4f7ff95a67c	小红书（RedNote）/。。。。。。。/媒体（Media）/69ce8a9f0000000022000487/image-1.jpg
rednote-bookmarks	attachment-evidence	150686	6038d12518ab2cb6	小红书（RedNote）/。。。。。。。/媒体（Media）/69ce8a9f0000000022000487/image-2.jpg
rednote-bookmarks	attachment-evidence	71802	bcf5b029ba1384bc	小红书（RedNote）/。。。。。。。/媒体（Media）/69d08b04000000001f005db1/image-1.jpg
rednote-bookmarks	attachment-evidence	131296	4fb553fd3aa7b914	小红书（RedNote）/。。。。。。。/媒体（Media）/69d2649600000000220268ff/image-1 (Multi Source Sync).jpg
rednote-bookmarks	attachment-evidence	131296	4fb553fd3aa7b914	小红书（RedNote）/。。。。。。。/媒体（Media）/69d2649600000000220268ff/image-1.jpg
rednote-bookmarks	attachment-evidence	100164	1eb659a1ac2dddfc	小红书（RedNote）/。。。。。。。/媒体（Media）/69d2649600000000220268ff/image-2 (Multi Source Sync).jpg
rednote-bookmarks	attachment-evidence	100164	1eb659a1ac2dddfc	小红书（RedNote）/。。。。。。。/媒体（Media）/69d2649600000000220268ff/image-2.jpg
rednote-bookmarks	attachment-evidence	167470	2e6aae36711bf688	小红书（RedNote）/。。。。。。。/媒体（Media）/69d2649600000000220268ff/image-3 (Multi Source Sync).jpg
rednote-bookmarks	attachment-evidence	167470	2e6aae36711bf688	小红书（RedNote）/。。。。。。。/媒体（Media）/69d2649600000000220268ff/image-3.jpg
rednote-bookmarks	attachment-evidence	140880	7c28d5aca41f9232	小红书（RedNote）/。。。。。。。/媒体（Media）/69d2649600000000220268ff/image-4 (Multi Source Sync).jpg
rednote-bookmarks	attachment-evidence	140880	7c28d5aca41f9232	小红书（RedNote）/。。。。。。。/媒体（Media）/69d2649600000000220268ff/image-4.jpg
rednote-bookmarks	attachment-evidence	66138	6beeb979943f8ea7	小红书（RedNote）/。。。。。。。/媒体（Media）/69d3102f000000001a0309d1/image-1.jpg
rednote-bookmarks	attachment-evidence	92834	b21d8a37cf65822c	小红书（RedNote）/。。。。。。。/媒体（Media）/69d3102f000000001a0309d1/image-10.jpg
rednote-bookmarks	attachment-evidence	76298	7faf1f6b8cb1261c	小红书（RedNote）/。。。。。。。/媒体（Media）/69d3102f000000001a0309d1/image-11.jpg
rednote-bookmarks	attachment-evidence	115698	40b86aa8b2a56fbc	小红书（RedNote）/。。。。。。。/媒体（Media）/69d3102f000000001a0309d1/image-2.jpg
rednote-bookmarks	attachment-evidence	88372	378308a4915bb29c	小红书（RedNote）/。。。。。。。/媒体（Media）/69d3102f000000001a0309d1/image-3.jpg
rednote-bookmarks	attachment-evidence	89904	c136b53d2bf02514	小红书（RedNote）/。。。。。。。/媒体（Media）/69d3102f000000001a0309d1/image-4.jpg
rednote-bookmarks	attachment-evidence	98536	de9216c41e0cbf97	小红书（RedNote）/。。。。。。。/媒体（Media）/69d3102f000000001a0309d1/image-5.jpg
rednote-bookmarks	attachment-evidence	96398	10b6674c56046a55	小红书（RedNote）/。。。。。。。/媒体（Media）/69d3102f000000001a0309d1/image-6.jpg
rednote-bookmarks	attachment-evidence	92830	84d5c817af88486a	小红书（RedNote）/。。。。。。。/媒体（Media）/69d3102f000000001a0309d1/image-7.jpg
rednote-bookmarks	attachment-evidence	95560	509f0971ae21482e	小红书（RedNote）/。。。。。。。/媒体（Media）/69d3102f000000001a0309d1/image-8.jpg
rednote-bookmarks	attachment-evidence	92396	a6da7ad8f730c071	小红书（RedNote）/。。。。。。。/媒体（Media）/69d3102f000000001a0309d1/image-9.jpg
rednote-bookmarks	attachment-evidence	89394	b11a6bc83b5fc351	小红书（RedNote）/。。。。。。。/媒体（Media）/69d38a0d000000002202499a/image-1.jpg
rednote-bookmarks	attachment-evidence	120894	626538527fa7f4f5	小红书（RedNote）/。。。。。。。/媒体（Media）/69d38a0d000000002202499a/image-2.jpg
rednote-bookmarks	attachment-evidence	185198	bd95e5d00bafa793	小红书（RedNote）/。。。。。。。/媒体（Media）/69d38a0d000000002202499a/image-3.jpg
rednote-bookmarks	attachment-evidence	171720	d296d0bbc23cbe32	小红书（RedNote）/。。。。。。。/媒体（Media）/69d38a0d000000002202499a/image-4.jpg
rednote-bookmarks	attachment-evidence	198092	980763d3e80a5f43	小红书（RedNote）/。。。。。。。/媒体（Media）/69d38a0d000000002202499a/image-5.jpg
rednote-bookmarks	attachment-evidence	187594	2f01051d55747373	小红书（RedNote）/。。。。。。。/媒体（Media）/69d5a453000000002200ca16/image-1.jpg
rednote-bookmarks	attachment-evidence	176672	dfd72eb126c61852	小红书（RedNote）/。。。。。。。/媒体（Media）/69d6f8d1000000001a026085/image-1.jpg
rednote-bookmarks	attachment-evidence	85120	1e16ee1174559071	小红书（RedNote）/。。。。。。。/媒体（Media）/69d6f8d1000000001a026085/image-2.jpg
rednote-bookmarks	attachment-evidence	111886	b2effbb183da563b	小红书（RedNote）/。。。。。。。/媒体（Media）/69d6f8d1000000001a026085/image-3.jpg
rednote-bookmarks	attachment-evidence	128124	4b72ee16e8e7751f	小红书（RedNote）/。。。。。。。/媒体（Media）/69d7c0c50000000023016adb/image-1 (Multi Source Sync).jpg
rednote-bookmarks	attachment-evidence	128124	4b72ee16e8e7751f	小红书（RedNote）/。。。。。。。/媒体（Media）/69d7c0c50000000023016adb/image-1.jpg
rednote-bookmarks	attachment-evidence	142616	f041790ebd82fc93	小红书（RedNote）/。。。。。。。/媒体（Media）/69dc09b90000000022024cc5/image-1.jpg
rednote-bookmarks	attachment-evidence	98120	7011c8d2c13585c3	小红书（RedNote）/。。。。。。。/媒体（Media）/69dcb7de000000001d01e373/image-1.jpg
rednote-bookmarks	attachment-evidence	102776	651f918323625125	小红书（RedNote）/。。。。。。。/媒体（Media）/69dcb7de000000001d01e373/image-2.jpg
rednote-bookmarks	attachment-evidence	118328	33c70c583fa0f879	小红书（RedNote）/。。。。。。。/媒体（Media）/69dcb7de000000001d01e373/image-3.jpg
rednote-bookmarks	attachment-evidence	91632	413eb39679fcc5c6	小红书（RedNote）/。。。。。。。/媒体（Media）/69dcb7de000000001d01e373/image-4.jpg
rednote-bookmarks	attachment-evidence	74134	10a445c16d9f9876	小红书（RedNote）/。。。。。。。/媒体（Media）/69dcb7de000000001d01e373/image-5.jpg
rednote-bookmarks	attachment-evidence	118946	d744eb795a37d8ce	小红书（RedNote）/。。。。。。。/媒体（Media）/69df7c4100000000210076af/image-1.jpg
rednote-bookmarks	attachment-evidence	60002	4f453f1234e41f99	小红书（RedNote）/。。。。。。。/媒体（Media）/69e0f59f000000001a03150d/image-1.jpg
rednote-bookmarks	attachment-evidence	65038	a526ee06958af669	小红书（RedNote）/。。。。。。。/媒体（Media）/69e0f59f000000001a03150d/image-2.jpg
rednote-bookmarks	attachment-evidence	185732	0bdabdbaafe6bfa9	小红书（RedNote）/。。。。。。。/媒体（Media）/69e36c16000000002200fcde/image-1.jpg
rednote-bookmarks	attachment-evidence	155890	ac687a0624ebe6a2	小红书（RedNote）/。。。。。。。/媒体（Media）/69e36c16000000002200fcde/image-2.jpg
rednote-bookmarks	attachment-evidence	218460	76d579b0626b4f3f	小红书（RedNote）/。。。。。。。/媒体（Media）/69e36c16000000002200fcde/image-3.jpg
rednote-bookmarks	attachment-evidence	202008	a3f34a45ce4b7021	小红书（RedNote）/。。。。。。。/媒体（Media）/69e36c16000000002200fcde/image-4.jpg
rednote-bookmarks	attachment-evidence	277512	68ccf4019f5fbad0	小红书（RedNote）/。。。。。。。/媒体（Media）/69e36c16000000002200fcde/image-5.jpg
rednote-bookmarks	attachment-evidence	225018	983fcc669819ab77	小红书（RedNote）/。。。。。。。/媒体（Media）/69e36c16000000002200fcde/image-6.jpg
rednote-bookmarks	attachment-evidence	209828	8a70cd46f3034dd2	小红书（RedNote）/。。。。。。。/媒体（Media）/69e36c16000000002200fcde/image-7.jpg
rednote-bookmarks	attachment-evidence	110864	0c4e11b56c233fb4	小红书（RedNote）/。。。。。。。/媒体（Media）/69e3a9d3000000001e00f8a6/image-1.jpg
rednote-bookmarks	attachment-evidence	12934	bf40865215284bb7	小红书（RedNote）/。。。。。。。/媒体（Media）/69e3a9d3000000001e00f8a6/image-2.jpg
rednote-bookmarks	attachment-evidence	109264	27f5add646ce8812	小红书（RedNote）/。。。。。。。/媒体（Media）/69e3a9d3000000001e00f8a6/image-3.jpg
rednote-bookmarks	attachment-evidence	72982	e5cb3d24201cb7a8	小红书（RedNote）/。。。。。。。/媒体（Media）/69e3a9d3000000001e00f8a6/image-4.jpg
rednote-bookmarks	attachment-evidence	78988	59ca7b06a11b0d82	小红书（RedNote）/。。。。。。。/媒体（Media）/69e3a9d3000000001e00f8a6/image-5.jpg
rednote-bookmarks	attachment-evidence	27548	cc38a40868c16c7e	小红书（RedNote）/。。。。。。。/媒体（Media）/69e3a9d3000000001e00f8a6/image-6.jpg
rednote-bookmarks	attachment-evidence	54090	2eebd110d75f3f65	小红书（RedNote）/。。。。。。。/媒体（Media）/69e3a9d3000000001e00f8a6/image-7.jpg
rednote-bookmarks	attachment-evidence	54878	4f62488b407fbcf0	小红书（RedNote）/。。。。。。。/媒体（Media）/69e3a9d3000000001e00f8a6/image-8.jpg
rednote-bookmarks	attachment-evidence	41354	d5b2a0c7adbb3d5d	小红书（RedNote）/。。。。。。。/媒体（Media）/69e3a9d3000000001e00f8a6/image-9.jpg
rednote-bookmarks	attachment-evidence	341340	95ec6834023b83c6	小红书（RedNote）/。。。。。。。/媒体（Media）/69e4ce560000000022002d66/image-1.jpg
rednote-bookmarks	attachment-evidence	108770	085c4ca357ea2924	小红书（RedNote）/。。。。。。。/媒体（Media）/69e4ce560000000022002d66/image-2.jpg
rednote-bookmarks	attachment-evidence	136120	bbd931e5ee0bb725	小红书（RedNote）/。。。。。。。/媒体（Media）/69e4ce560000000022002d66/image-3.jpg
rednote-bookmarks	attachment-evidence	133310	8364f1df48c71aa1	小红书（RedNote）/。。。。。。。/媒体（Media）/69e9f41c0000000020000802/image-1.jpg
rednote-bookmarks	attachment-evidence	89364	b1972d0580298171	小红书（RedNote）/。。。。。。。/媒体（Media）/69e9f41c0000000020000802/image-2.jpg
rednote-bookmarks	attachment-evidence	75932	d3e702e790777fc4	小红书（RedNote）/。。。。。。。/媒体（Media）/69e9f41c0000000020000802/image-3.jpg
rednote-bookmarks	attachment-evidence	62126	f6136bc541215d5e	小红书（RedNote）/。。。。。。。/媒体（Media）/69e9f41c0000000020000802/image-4.jpg
rednote-bookmarks	attachment-evidence	49522	8cae6f51f6d45797	小红书（RedNote）/。。。。。。。/媒体（Media）/69e9f41c0000000020000802/image-5.jpg
rednote-bookmarks	attachment-evidence	333824	59fcd2ca94fc14a1	小红书（RedNote）/。。。。。。。/媒体（Media）/69e9f41c0000000020000802/image-6.jpg
rednote-bookmarks	attachment-evidence	59880	408eb9cc1b0946b5	小红书（RedNote）/。。。。。。。/媒体（Media）/69eafc2a0000000013030802/image-1.jpg
rednote-bookmarks	attachment-evidence	68352	3f3b305c8672eb9a	小红书（RedNote）/。。。。。。。/媒体（Media）/69ecaa2f000000003701e4dc/image-1.jpg
rednote-bookmarks	attachment-evidence	109790	5b019ae8d710c5bc	小红书（RedNote）/。。。。。。。/媒体（Media）/69ecaa2f000000003701e4dc/image-2.jpg
rednote-bookmarks	attachment-evidence	108106	24d41efe5125c352	小红书（RedNote）/。。。。。。。/媒体（Media）/69ecaa2f000000003701e4dc/image-3.jpg
rednote-bookmarks	attachment-evidence	79432	5d916e72c21ce225	小红书（RedNote）/。。。。。。。/媒体（Media）/69ecaa2f000000003701e4dc/image-4.jpg
rednote-bookmarks	attachment-evidence	59280	8e312cd8f4be4452	小红书（RedNote）/。。。。。。。/媒体（Media）/69ecaa2f000000003701e4dc/image-5.jpg
rednote-bookmarks	attachment-evidence	83972	15b8e8737ab1e107	小红书（RedNote）/。。。。。。。/媒体（Media）/69ecaa2f000000003701e4dc/image-6.jpg
rednote-bookmarks	attachment-evidence	313786	74f4b6041046456a	小红书（RedNote）/。。。。。。。/媒体（Media）/69ece4d9000000002301f280/image-1.jpg
rednote-bookmarks	attachment-evidence	362900	b56f29fa27457240	小红书（RedNote）/。。。。。。。/媒体（Media）/69ece4d9000000002301f280/image-2.jpg
rednote-bookmarks	attachment-evidence	235006	e33aa74d03c13258	小红书（RedNote）/。。。。。。。/媒体（Media）/69ece4d9000000002301f280/image-3.jpg
rednote-bookmarks	attachment-evidence	261810	88343a2bc9adc43a	小红书（RedNote）/。。。。。。。/媒体（Media）/69ece4d9000000002301f280/image-4.jpg
rednote-bookmarks	attachment-evidence	291448	a3410830c60b001e	小红书（RedNote）/。。。。。。。/媒体（Media）/69ece4d9000000002301f280/image-5.jpg
rednote-bookmarks	attachment-evidence	217242	5bb41ad0dddda12d	小红书（RedNote）/。。。。。。。/媒体（Media）/69ece4d9000000002301f280/image-6.jpg
rednote-bookmarks	attachment-evidence	283790	b52ca4d2c1c56ca8	小红书（RedNote）/。。。。。。。/媒体（Media）/69ece4d9000000002301f280/image-7.jpg
rednote-bookmarks	attachment-evidence	35952	5d06b65c4e23c431	小红书（RedNote）/。。。。。。。/媒体（Media）/69eed8080000000022028a57/image-1.jpg
rednote-bookmarks	attachment-evidence	105042	99d3257bab5920f6	小红书（RedNote）/。。。。。。。/媒体（Media）/69ef74560000000036018638/image-1.jpg
rednote-bookmarks	attachment-evidence	149446	48db9d4dac3fa947	小红书（RedNote）/。。。。。。。/媒体（Media）/69ef74560000000036018638/image-2.jpg
rednote-bookmarks	attachment-evidence	105600	768ac5d10cb50ca1	小红书（RedNote）/。。。。。。。/媒体（Media）/69ef74560000000036018638/image-3.jpg
rednote-bookmarks	attachment-evidence	80360	420fcfc5b6b982b4	小红书（RedNote）/。。。。。。。/媒体（Media）/69ef74560000000036018638/image-4.jpg
rednote-bookmarks	attachment-evidence	61478	c91e182151595199	小红书（RedNote）/。。。。。。。/媒体（Media）/69ef8b840000000035024a60/image-1.jpg
rednote-bookmarks	attachment-evidence	135042	6c448c94c64becdd	小红书（RedNote）/。。。。。。。/媒体（Media）/69f0d076000000001a0349db/image-1.jpg
rednote-bookmarks	attachment-evidence	151232	cec87538f9c899be	小红书（RedNote）/。。。。。。。/媒体（Media）/69f0d076000000001a0349db/image-2.jpg
rednote-bookmarks	attachment-evidence	168156	670da5dda1d7c29e	小红书（RedNote）/。。。。。。。/媒体（Media）/69f0d076000000001a0349db/image-3.jpg
rednote-bookmarks	attachment-evidence	178510	08494d1f3ec44b32	小红书（RedNote）/。。。。。。。/媒体（Media）/69f0d076000000001a0349db/image-4.jpg
rednote-bookmarks	attachment-evidence	214120	306bd467e4f8a262	小红书（RedNote）/。。。。。。。/媒体（Media）/69f0d076000000001a0349db/image-5.jpg
rednote-bookmarks	attachment-evidence	162234	09254cda3e355d1f	小红书（RedNote）/。。。。。。。/媒体（Media）/69f0d076000000001a0349db/image-6.jpg
rednote-bookmarks	attachment-evidence	43004	28cafd12eb1547e7	小红书（RedNote）/。。。。。。。/媒体（Media）/69f173030000000022029803/image-1.jpg
rednote-bookmarks	attachment-evidence	91640	33579e92d100b5e2	小红书（RedNote）/。。。。。。。/媒体（Media）/69f227f10000000036030dea/image-1.jpg
rednote-bookmarks	attachment-evidence	117628	d7bc508a83912ba8	小红书（RedNote）/。。。。。。。/媒体（Media）/69f227f10000000036030dea/image-2.jpg
rednote-bookmarks	attachment-evidence	92454	07fc39a43edbdddf	小红书（RedNote）/。。。。。。。/媒体（Media）/69f227f10000000036030dea/image-3.jpg
rednote-bookmarks	attachment-evidence	50402	79aff892e0118609	小红书（RedNote）/。。。。。。。/媒体（Media）/69f227f10000000036030dea/image-4.jpg
rednote-bookmarks	attachment-evidence	72792	659149d513b5b951	小红书（RedNote）/。。。。。。。/媒体（Media）/69f227f10000000036030dea/image-5.jpg
rednote-bookmarks	attachment-evidence	69976	a558c8c286018be4	小红书（RedNote）/。。。。。。。/媒体（Media）/69f227f10000000036030dea/image-6.jpg
rednote-bookmarks	attachment-evidence	68428	75c48308e9f79b29	小红书（RedNote）/。。。。。。。/媒体（Media）/69f227f10000000036030dea/image-7.jpg
rednote-bookmarks	attachment-evidence	60568	d8b9e07f382aaf49	小红书（RedNote）/。。。。。。。/媒体（Media）/69f227f10000000036030dea/image-8.jpg
rednote-bookmarks	attachment-evidence	206846	2c2e89fde34d0e93	小红书（RedNote）/。。。。。。。/媒体（Media）/69f3188a000000001a02fc11/image-1.jpg
rednote-bookmarks	attachment-evidence	216994	0e44f0eb2cd9dd97	小红书（RedNote）/。。。。。。。/媒体（Media）/69f6be1b00000000220254e2/image-1.jpg
rednote-bookmarks	attachment-evidence	185690	e1c1d496a085c5f1	小红书（RedNote）/。。。。。。。/媒体（Media）/69f6be1b00000000220254e2/image-2.jpg
rednote-bookmarks	attachment-evidence	198600	90f2e6d914669368	小红书（RedNote）/。。。。。。。/媒体（Media）/69f6be1b00000000220254e2/image-3.jpg
rednote-bookmarks	attachment-evidence	172096	faffc34908f53993	小红书（RedNote）/。。。。。。。/媒体（Media）/69f6be1b00000000220254e2/image-4.jpg
rednote-bookmarks	attachment-evidence	132960	b15465e0e425c711	小红书（RedNote）/。。。。。。。/媒体（Media）/69f6be1b00000000220254e2/image-5.jpg
rednote-bookmarks	attachment-evidence	30384	6a02a3e440cae44b	小红书（RedNote）/。。。。。。。/媒体（Media）/69f8188e000000003501c7f9/image-1.jpg
rednote-bookmarks	attachment-evidence	36452	ded420d006d488aa	小红书（RedNote）/。。。。。。。/媒体（Media）/69f8188e000000003501c7f9/image-2.jpg
rednote-bookmarks	attachment-evidence	69276	b5008eab38fc72de	小红书（RedNote）/。。。。。。。/媒体（Media）/69f8188e000000003501c7f9/image-3.jpg
rednote-bookmarks	attachment-evidence	94694	0d3c3dc8f5d1014e	小红书（RedNote）/。。。。。。。/媒体（Media）/69f8188e000000003501c7f9/image-4.jpg
rednote-bookmarks	attachment-evidence	27248	4bf4d99236de1657	小红书（RedNote）/。。。。。。。/媒体（Media）/69f87a7b00000000350270d3/image-1.jpg
rednote-bookmarks	attachment-evidence	182714	2e4b9f81dd146dd4	小红书（RedNote）/。。。。。。。/媒体（Media）/69f87a7b00000000350270d3/image-2.jpg
rednote-bookmarks	attachment-evidence	181688	f383feeeedfd1e8b	小红书（RedNote）/。。。。。。。/媒体（Media）/69f87a7b00000000350270d3/image-3.jpg
rednote-bookmarks	attachment-evidence	179056	b5f8c56a28839c2a	小红书（RedNote）/。。。。。。。/媒体（Media）/69f87a7b00000000350270d3/image-4.jpg
rednote-bookmarks	attachment-evidence	184876	7fa863525ad58f73	小红书（RedNote）/。。。。。。。/媒体（Media）/69f87a7b00000000350270d3/image-5.jpg
rednote-bookmarks	attachment-evidence	180388	8de9760cfe23a6f3	小红书（RedNote）/。。。。。。。/媒体（Media）/69f87a7b00000000350270d3/image-6.jpg
rednote-bookmarks	attachment-evidence	182212	d6e1b2a73040ba6c	小红书（RedNote）/。。。。。。。/媒体（Media）/69f87a7b00000000350270d3/image-7.jpg
rednote-bookmarks	attachment-evidence	188012	36bc300fb4484e7d	小红书（RedNote）/。。。。。。。/媒体（Media）/69f87a7b00000000350270d3/image-8.jpg
rednote-bookmarks	attachment-evidence	162522	69291ba18b5bce0b	小红书（RedNote）/。。。。。。。/媒体（Media）/69f87a7b00000000350270d3/image-9.jpg
rednote-bookmarks	attachment-evidence	20238	bd0501a632fc15d2	小红书（RedNote）/。。。。。。。/媒体（Media）/69fd7cf20000000035039e78/image-1.jpg
rednote-bookmarks	attachment-evidence	132778	f0f1924db1f9ed11	小红书（RedNote）/。。。。。。。/媒体（Media）/69fd7cf20000000035039e78/image-2.jpg
rednote-bookmarks	attachment-evidence	64462	e91feba4d185b458	小红书（RedNote）/。。。。。。。/媒体（Media）/6a0056c2000000003502bc43/image-1.jpg
rednote-bookmarks	attachment-evidence	68006	1073c983625b3ccd	小红书（RedNote）/。。。。。。。/媒体（Media）/6a00682c000000003502a23d/image-1.jpg
rednote-bookmarks	attachment-evidence	177004	9e2d8d050de91e84	小红书（RedNote）/。。。。。。。/媒体（Media）/6a029cec00000000360032a4/image-1.jpg
rednote-bookmarks	attachment-evidence	207402	29a87a4bb5034a84	小红书（RedNote）/。。。。。。。/媒体（Media）/6a029cec00000000360032a4/image-2.jpg
rednote-bookmarks	attachment-evidence	192086	016503ff0dca3338	小红书（RedNote）/。。。。。。。/媒体（Media）/6a029cec00000000360032a4/image-3.jpg
rednote-bookmarks	attachment-evidence	176402	cfba331b51e27ef0	小红书（RedNote）/。。。。。。。/媒体（Media）/6a029cec00000000360032a4/image-4.jpg
rednote-bookmarks	attachment-evidence	211792	db8a492fbfb8ba3d	小红书（RedNote）/。。。。。。。/媒体（Media）/6a029cec00000000360032a4/image-5.jpg
rednote-bookmarks	attachment-evidence	178086	01d0e4123a047541	小红书（RedNote）/。。。。。。。/媒体（Media）/6a029cec00000000360032a4/image-6.jpg
rednote-bookmarks	attachment-evidence	166930	ea2cfc9460367b57	小红书（RedNote）/。。。。。。。/媒体（Media）/6a029cec00000000360032a4/image-7.jpg
rednote-bookmarks	attachment-evidence	111118	709de102d0bf40d9	小红书（RedNote）/。。。。。。。/媒体（Media）/6a029cec00000000360032a4/image-8.jpg
rednote-bookmarks	attachment-evidence	205366	e3b608139972c555	小红书（RedNote）/。。。。。。。/媒体（Media）/6a03cf880000000008024493/image-1.jpg
rednote-bookmarks	attachment-evidence	113944	232364b6d03245d8	小红书（RedNote）/。。。。。。。/媒体（Media）/6a03dd970000000035020986/image-1.jpg
rednote-bookmarks	attachment-evidence	210532	30286c3dc248b748	小红书（RedNote）/。。。。。。。/媒体（Media）/6a03dd970000000035020986/image-2.jpg
rednote-bookmarks	attachment-evidence	85792	46d155cfd09b0aba	小红书（RedNote）/。。。。。。。/媒体（Media）/6a0498830000000037036b96/image-1.jpg
rednote-bookmarks	attachment-evidence	148382	c6748947ea5a47bb	小红书（RedNote）/。。。。。。。/媒体（Media）/6a0498830000000037036b96/image-2.jpg
rednote-bookmarks	attachment-evidence	60930	c5b6b86c06101a3d	小红书（RedNote）/。。。。。。。/媒体（Media）/6a0498830000000037036b96/image-3.jpg
rednote-bookmarks	attachment-evidence	111494	6cbc5cc3dbcd6891	小红书（RedNote）/。。。。。。。/媒体（Media）/6a0498830000000037036b96/image-4.jpg
rednote-bookmarks	attachment-evidence	91324	8feb4356ef2341de	小红书（RedNote）/。。。。。。。/媒体（Media）/6a0498830000000037036b96/image-5.jpg
rednote-bookmarks	attachment-evidence	38718	54236bf08d276266	小红书（RedNote）/。。。。。。。/媒体（Media）/6a059fa40000000037036073/image-1.jpg
rednote-bookmarks	attachment-evidence	57800	520218d7238c49fb	小红书（RedNote）/。。。。。。。/媒体（Media）/6a059fa40000000037036073/image-10.jpg
rednote-bookmarks	attachment-evidence	56300	3ba0714d4a98b47e	小红书（RedNote）/。。。。。。。/媒体（Media）/6a059fa40000000037036073/image-11.jpg
rednote-bookmarks	attachment-evidence	114416	548206369b4d8517	小红书（RedNote）/。。。。。。。/媒体（Media）/6a059fa40000000037036073/image-2.jpg
rednote-bookmarks	attachment-evidence	96988	c9ee52e2521638b3	小红书（RedNote）/。。。。。。。/媒体（Media）/6a059fa40000000037036073/image-3.jpg
rednote-bookmarks	attachment-evidence	126100	e8f575aaa433c523	小红书（RedNote）/。。。。。。。/媒体（Media）/6a059fa40000000037036073/image-4.jpg
rednote-bookmarks	attachment-evidence	106628	409788f8f93597a6	小红书（RedNote）/。。。。。。。/媒体（Media）/6a059fa40000000037036073/image-5.jpg
rednote-bookmarks	attachment-evidence	70076	1aeda45fe512c079	小红书（RedNote）/。。。。。。。/媒体（Media）/6a059fa40000000037036073/image-6.jpg
rednote-bookmarks	attachment-evidence	70512	02f2e8a1bc0ae06f	小红书（RedNote）/。。。。。。。/媒体（Media）/6a059fa40000000037036073/image-7.jpg
rednote-bookmarks	attachment-evidence	69102	d6c6267ce67e4584	小红书（RedNote）/。。。。。。。/媒体（Media）/6a059fa40000000037036073/image-8.jpg
rednote-bookmarks	attachment-evidence	83338	bf8c589ff3eeffe8	小红书（RedNote）/。。。。。。。/媒体（Media）/6a059fa40000000037036073/image-9.jpg
rednote-bookmarks	attachment-evidence	103806	10a6ec516e897f9d	小红书（RedNote）/。。。。。。。/媒体（Media）/6a07bf4e000000000803290a/image-1.jpg
rednote-bookmarks	attachment-evidence	145418	a40ab9d7f55c3fe0	小红书（RedNote）/。。。。。。。/媒体（Media）/6a0824620000000037037b7b/image-1.jpg
rednote-bookmarks	attachment-evidence	108896	482d7911944ad068	小红书（RedNote）/。。。。。。。/媒体（Media）/6a0970e8000000003601ea17/image-1.jpg
rednote-bookmarks	attachment-evidence	144732	73c2b2071fffa77c	小红书（RedNote）/。。。。。。。/媒体（Media）/6a0970e8000000003601ea17/image-2.jpg
rednote-bookmarks	attachment-evidence	154592	56f32676992994db	小红书（RedNote）/。。。。。。。/媒体（Media）/6a0970e8000000003601ea17/image-3.jpg
rednote-bookmarks	attachment-evidence	149536	c8089f33705c89f1	小红书（RedNote）/。。。。。。。/媒体（Media）/6a0970e8000000003601ea17/image-4.jpg
rednote-bookmarks	attachment-evidence	68878	7df2398f64c0f80d	小红书（RedNote）/。。。。。。。/媒体（Media）/6a0970e8000000003601ea17/image-5.jpg
rednote-bookmarks	attachment-evidence	188324	66bece29aa1e7f00	小红书（RedNote）/。。。。。。。/媒体（Media）/6a0fba9d0000000036002d57/image-1.jpg
rednote-bookmarks	attachment-evidence	187240	7cb4084ba60cdc99	小红书（RedNote）/。。。。。。。/媒体（Media）/6a0fba9d0000000036002d57/image-2.jpg
rednote-bookmarks	attachment-evidence	196604	82a5e3ca3814019a	小红书（RedNote）/。。。。。。。/媒体（Media）/6a0fba9d0000000036002d57/image-3.jpg
rednote-bookmarks	attachment-evidence	179886	60fcc86618dcd475	小红书（RedNote）/。。。。。。。/媒体（Media）/6a0fba9d0000000036002d57/image-4.jpg
rednote-bookmarks	attachment-evidence	189268	ba5799cc99eb3d5b	小红书（RedNote）/。。。。。。。/媒体（Media）/6a0fba9d0000000036002d57/image-5.jpg
rednote-bookmarks	attachment-evidence	73236	0380bf639f38275d	小红书（RedNote）/。。。。。。。/媒体（Media）/6a10213600000000060352d1/image-1.jpg
rednote-bookmarks	attachment-evidence	97122	abe29e87aecab050	小红书（RedNote）/。。。。。。。/媒体（Media）/6a10213600000000060352d1/image-2.jpg
rednote-bookmarks	attachment-evidence	186524	8d346698199c8856	小红书（RedNote）/。。。。。。。/媒体（Media）/6a10213600000000060352d1/image-3.jpg
rednote-bookmarks	attachment-evidence	141034	213e6ff93f8eb649	小红书（RedNote）/。。。。。。。/媒体（Media）/6a105720000000000803d947/image-1.jpg
rednote-bookmarks	attachment-evidence	77350	168c7aedd2f48987	小红书（RedNote）/。。。。。。。/媒体（Media）/6a105720000000000803d947/image-2.jpg
rednote-bookmarks	attachment-evidence	69952	a36d1a9c185b2d39	小红书（RedNote）/。。。。。。。/媒体（Media）/6a105720000000000803d947/image-3.jpg
rednote-bookmarks	attachment-evidence	68146	2536bfcbfe0eba4c	小红书（RedNote）/。。。。。。。/媒体（Media）/6a105720000000000803d947/image-4.jpg
rednote-bookmarks	attachment-evidence	79250	5bf346ef3cda2c49	小红书（RedNote）/。。。。。。。/媒体（Media）/6a10582700000000060234f5/image-1.jpg
rednote-bookmarks	attachment-evidence	78024	ba8f6dcacef8b967	小红书（RedNote）/。。。。。。。/媒体（Media）/6a10582700000000060234f5/image-2.jpg
rednote-bookmarks	attachment-evidence	70838	600c25a1064b779b	小红书（RedNote）/。。。。。。。/媒体（Media）/6a10582700000000060234f5/image-3.jpg
rednote-bookmarks	attachment-evidence	68684	bb99b1428d5873b2	小红书（RedNote）/。。。。。。。/媒体（Media）/6a10582700000000060234f5/image-4.jpg
rednote-bookmarks	attachment-evidence	76052	4e89fff9dc10abf1	小红书（RedNote）/。。。。。。。/媒体（Media）/6a10582700000000060234f5/image-5.jpg
rednote-bookmarks	attachment-evidence	100348	03fe9e7b88dad19d	小红书（RedNote）/。。。。。。。/媒体（Media）/6a109d66000000003700fbb9/image-1.jpg
rednote-bookmarks	attachment-evidence	97024	158955f7144fbb88	小红书（RedNote）/。。。。。。。/媒体（Media）/6a109d66000000003700fbb9/image-2.jpg
rednote-bookmarks	attachment-evidence	109782	5584a688f7b524a5	小红书（RedNote）/。。。。。。。/媒体（Media）/6a109d66000000003700fbb9/image-3.jpg
rednote-bookmarks	attachment-evidence	86194	528df00e5ba2ff81	小红书（RedNote）/。。。。。。。/媒体（Media）/6a109d66000000003700fbb9/image-4.jpg
rednote-bookmarks	attachment-evidence	125660	3c09d9827c371287	小红书（RedNote）/。。。。。。。/媒体（Media）/6a109d66000000003700fbb9/image-5.jpg
rednote-bookmarks	attachment-evidence	85206	01d380e8247d966e	小红书（RedNote）/。。。。。。。/媒体（Media）/6a109d66000000003700fbb9/image-6.jpg
rednote-bookmarks	attachment-evidence	125386	291a0d33565ac79d	小红书（RedNote）/。。。。。。。/媒体（Media）/6a109d66000000003700fbb9/image-7.jpg
rednote-bookmarks	attachment-evidence	71238	5227a62bf78353cf	小红书（RedNote）/。。。。。。。/媒体（Media）/6a109d66000000003700fbb9/image-8.jpg
rednote-bookmarks	attachment-evidence	63500	9b94246d0d0feb71	小红书（RedNote）/。。。。。。。/媒体（Media）/6a109d66000000003700fbb9/image-9.jpg
rednote-bookmarks	attachment-evidence	136446	f518d72359efc5dc	小红书（RedNote）/。。。。。。。/媒体（Media）/6a12ad74000000003601866d/image-1.jpg
rednote-bookmarks	attachment-evidence	275588	852bf0248df7ccbf	小红书（RedNote）/。。。。。。。/媒体（Media）/6a12c5c8000000003502b31a/image-1.jpg
rednote-bookmarks	attachment-evidence	72324	da93ee4fd28ece58	小红书（RedNote）/。。。。。。。/媒体（Media）/6a15195b000000000803ff72/image-1.jpg
rednote-bookmarks	attachment-evidence	147060	88fcdd892278caf8	小红书（RedNote）/。。。。。。。/媒体（Media）/6a17b53d0000000035022367/image-1.jpg
rednote-bookmarks	attachment-evidence	304876	9f62772de85e4ec6	小红书（RedNote）/。。。。。。。/媒体（Media）/6a17b53d0000000035022367/image-2.jpg
rednote-bookmarks	attachment-evidence	276064	895589792a80fffd	小红书（RedNote）/。。。。。。。/媒体（Media）/6a17b53d0000000035022367/image-3.jpg
rednote-bookmarks	attachment-evidence	290254	5fca168042cfad07	小红书（RedNote）/。。。。。。。/媒体（Media）/6a17b53d0000000035022367/image-4.jpg
rednote-bookmarks	attachment-evidence	283628	13482eab2db221fc	小红书（RedNote）/。。。。。。。/媒体（Media）/6a17b53d0000000035022367/image-5.jpg
rednote-bookmarks	attachment-evidence	198742	9637d6a1913bc96a	小红书（RedNote）/。。。。。。。/媒体（Media）/6a17b53d0000000035022367/image-6.jpg
rednote-bookmarks	attachment-evidence	143240	8f54170237dd2fcb	小红书（RedNote）/。。。。。。。/媒体（Media）/6a18140e000000003501e1e2/image-1.jpg
rednote-bookmarks	attachment-evidence	192620	2e692ef25edb8465	小红书（RedNote）/。。。。。。。/媒体（Media）/6a185b040000000038020f53/image-1.jpg
rednote-bookmarks	attachment-evidence	107722	74891e38ddd63f76	小红书（RedNote）/。。。。。。。/媒体（Media）/6a185b040000000038020f53/image-10.jpg
rednote-bookmarks	attachment-evidence	120990	bc1f926f1ef5839f	小红书（RedNote）/。。。。。。。/媒体（Media）/6a185b040000000038020f53/image-11.jpg
rednote-bookmarks	attachment-evidence	201650	ba8c5278e712e516	小红书（RedNote）/。。。。。。。/媒体（Media）/6a185b040000000038020f53/image-12.jpg
rednote-bookmarks	attachment-evidence	153394	4b54c401639b7ecd	小红书（RedNote）/。。。。。。。/媒体（Media）/6a185b040000000038020f53/image-13.jpg
rednote-bookmarks	attachment-evidence	273258	3c5d0845bb58bb87	小红书（RedNote）/。。。。。。。/媒体（Media）/6a185b040000000038020f53/image-14.jpg
rednote-bookmarks	attachment-evidence	235036	bcd615b483e7fb89	小红书（RedNote）/。。。。。。。/媒体（Media）/6a185b040000000038020f53/image-15.jpg
rednote-bookmarks	attachment-evidence	158124	f81f269b813814d1	小红书（RedNote）/。。。。。。。/媒体（Media）/6a185b040000000038020f53/image-16.jpg
rednote-bookmarks	attachment-evidence	139478	0efb72ba34de4e65	小红书（RedNote）/。。。。。。。/媒体（Media）/6a185b040000000038020f53/image-17.jpg
rednote-bookmarks	attachment-evidence	126264	1192e1defa10ee74	小红书（RedNote）/。。。。。。。/媒体（Media）/6a185b040000000038020f53/image-18.jpg
rednote-bookmarks	attachment-evidence	114694	ae2d7440b657db50	小红书（RedNote）/。。。。。。。/媒体（Media）/6a185b040000000038020f53/image-2.jpg
rednote-bookmarks	attachment-evidence	110694	83e874d2a806aef2	小红书（RedNote）/。。。。。。。/媒体（Media）/6a185b040000000038020f53/image-3.jpg
rednote-bookmarks	attachment-evidence	107668	81b0d4a8c52e7063	小红书（RedNote）/。。。。。。。/媒体（Media）/6a185b040000000038020f53/image-4.jpg
rednote-bookmarks	attachment-evidence	224666	9cd0a100e5e1064d	小红书（RedNote）/。。。。。。。/媒体（Media）/6a185b040000000038020f53/image-5.jpg
rednote-bookmarks	attachment-evidence	218862	7cf4d445c87b8a4a	小红书（RedNote）/。。。。。。。/媒体（Media）/6a185b040000000038020f53/image-6.jpg
rednote-bookmarks	attachment-evidence	96174	fd89d6371f415e4f	小红书（RedNote）/。。。。。。。/媒体（Media）/6a185b040000000038020f53/image-7.jpg
rednote-bookmarks	attachment-evidence	162776	b7032fabe2a362a5	小红书（RedNote）/。。。。。。。/媒体（Media）/6a185b040000000038020f53/image-8.jpg
rednote-bookmarks	attachment-evidence	142576	868a65e4cf0bd6f9	小红书（RedNote）/。。。。。。。/媒体（Media）/6a185b040000000038020f53/image-9.jpg
rednote-bookmarks	attachment-evidence	51166	d41b44041725238b	小红书（RedNote）/。。。。。。。/媒体（Media）/6a1a90eb000000003601ac96/image-1.jpg
rednote-bookmarks	attachment-evidence	57834	75f8dc98ac98ba60	小红书（RedNote）/。。。。。。。/媒体（Media）/6a1b91d20000000007026aab/image-1.jpg
rednote-bookmarks	attachment-evidence	53520	d9f9f570595962ec	小红书（RedNote）/。。。。。。。/媒体（Media）/6a1c4c8b000000000702d140/image-1.jpg
rednote-bookmarks	attachment-evidence	113022	d65580e226a46db2	小红书（RedNote）/。。。。。。。/媒体（Media）/6a1d354a000000003503a9eb/image-1.jpg
rednote-bookmarks	attachment-evidence	55958	9556e6b012c6695f	小红书（RedNote）/。。。。。。。/媒体（Media）/6a1d3c360000000035020db5/image-1.jpg
rednote-bookmarks	attachment-evidence	25454	d19f0a731fc2cb2c	小红书（RedNote）/。。。。。。。/媒体（Media）/6a1d56c60000000035031133/image-1.jpg
rednote-bookmarks	attachment-evidence	63380	50bfe2259fe7ab07	小红书（RedNote）/。。。。。。。/媒体（Media）/6a1d56c60000000035031133/image-2.jpg
rednote-bookmarks	attachment-evidence	98622	7a65bd3aed9c8f33	小红书（RedNote）/。。。。。。。/媒体（Media）/6a1d56c60000000035031133/image-3.jpg
rednote-bookmarks	attachment-evidence	128366	e1faee01a6cfd870	小红书（RedNote）/。。。。。。。/媒体（Media）/6a1d56c60000000035031133/image-4.jpg
rednote-bookmarks	attachment-evidence	35954	8d5bd817a7cda645	小红书（RedNote）/。。。。。。。/媒体（Media）/6a1e3a5500000000370353e8/image-1.jpg
rednote-bookmarks	attachment-evidence	45618	4f6986b04d6e50df	小红书（RedNote）/。。。。。。。/媒体（Media）/6a1e42470000000022025b12/image-1.jpg
rednote-bookmarks	attachment-evidence	52918	4bc43bd704e80eca	小红书（RedNote）/。。。。。。。/媒体（Media）/6a1e56dd0000000006030604/image-1.jpg
rednote-bookmarks	attachment-evidence	127284	6d595c39270a957c	小红书（RedNote）/。。。。。。。/媒体（Media）/6a1fb7a0000000003601ce03/image-1.jpg
rednote-bookmarks	attachment-evidence	103168	ab4aa24f1c80ea7e	小红书（RedNote）/。。。。。。。/媒体（Media）/6a1fb7a0000000003601ce03/image-2.jpg
rednote-bookmarks	attachment-evidence	98786	1f780d03f7b31232	小红书（RedNote）/。。。。。。。/媒体（Media）/6a1fb7a0000000003601ce03/image-3.jpg
rednote-bookmarks	attachment-evidence	65240	974a24f3f6a774fa	小红书（RedNote）/。。。。。。。/媒体（Media）/6a20ff730000000036018c28/image-1.jpg
rednote-bookmarks	attachment-evidence	139014	6f55efce478532e1	小红书（RedNote）/。。。。。。。/媒体（Media）/6a21491e000000003601fe52/image-1.jpg
rednote-bookmarks	attachment-evidence	139038	5faa4442330384c4	小红书（RedNote）/。。。。。。。/媒体（Media）/6a21491e000000003601fe52/image-2.jpg
rednote-bookmarks	attachment-evidence	136252	58111785f54251d8	小红书（RedNote）/。。。。。。。/媒体（Media）/6a21491e000000003601fe52/image-3.jpg
rednote-bookmarks	attachment-evidence	135052	340e52ee8e78c665	小红书（RedNote）/。。。。。。。/媒体（Media）/6a21491e000000003601fe52/image-4.jpg
rednote-bookmarks	attachment-evidence	158918	c20b56f282812942	小红书（RedNote）/。。。。。。。/媒体（Media）/6a21491e000000003601fe52/image-5.jpg
rednote-bookmarks	attachment-evidence	158994	547e4211d8fde433	小红书（RedNote）/。。。。。。。/媒体（Media）/6a21491e000000003601fe52/image-6.jpg
rednote-bookmarks	attachment-evidence	153422	b4344d41b3ce435f	小红书（RedNote）/。。。。。。。/媒体（Media）/6a21491e000000003601fe52/image-7.jpg
rednote-bookmarks	attachment-evidence	58722	ef664b16ec13421d	小红书（RedNote）/。。。。。。。/媒体（Media）/6a219f1d0000000038036ddc/image-1.jpg
rednote-bookmarks	attachment-evidence	24784	ebb80d08b3718f2b	小红书（RedNote）/。。。。。。。/媒体（Media）/6a21a980000000002202fd33/image-1.jpg
rednote-bookmarks	attachment-evidence	52420	3a8110162e95cde3	小红书（RedNote）/。。。。。。。/媒体（Media）/6a2408a50000000006031c6b/image-1.jpg
rednote-bookmarks	attachment-evidence	34548	74514b1945a0db29	小红书（RedNote）/。。。。。。。/媒体（Media）/6a2408a50000000006031c6b/image-2.jpg
rednote-bookmarks	attachment-evidence	38134	1e845b169afda197	小红书（RedNote）/。。。。。。。/媒体（Media）/6a2408a50000000006031c6b/image-3.jpg
rednote-bookmarks	attachment-evidence	88064	f8cf760d4ba1e58c	小红书（RedNote）/。。。。。。。/媒体（Media）/6a255ee8000000001c02788b/image-1.jpg
rednote-bookmarks	attachment-evidence	87536	46118eb9b0463437	小红书（RedNote）/。。。。。。。/媒体（Media）/6a255ee8000000001c02788b/image-2.jpg
rednote-bookmarks	attachment-evidence	87298	1254e6e4745272c1	小红书（RedNote）/。。。。。。。/媒体（Media）/6a255ee8000000001c02788b/image-3.jpg
rednote-bookmarks	attachment-evidence	85804	255b1af88665b00c	小红书（RedNote）/。。。。。。。/媒体（Media）/6a255ee8000000001c02788b/image-4.jpg
rednote-bookmarks	attachment-evidence	176152	8fe931b3d8c74afb	小红书（RedNote）/。。。。。。。/媒体（Media）/6a257465000000002103e554/image-1.jpg
rednote-bookmarks	attachment-evidence	254684	3c3ab1e44fade5bd	小红书（RedNote）/。。。。。。。/媒体（Media）/6a2635870000000035028f42/image-1.jpg
rednote-bookmarks	attachment-evidence	95692	594a27c7e8ff79c6	小红书（RedNote）/。。。。。。。/媒体（Media）/6a2635870000000035028f42/image-2.jpg
rednote-bookmarks	attachment-evidence	76882	c65bc11a215d15c9	小红书（RedNote）/。。。。。。。/媒体（Media）/6a2635870000000035028f42/image-3.jpg
rednote-bookmarks	attachment-evidence	64160	93139424cf8eb089	小红书（RedNote）/。。。。。。。/媒体（Media）/6a2a0d9f000000001c027f6f/image-1.jpg
rednote-bookmarks	attachment-evidence	119860	353e1ab7c8ce942b	小红书（RedNote）/。。。。。。。/媒体（Media）/6a2a0d9f000000001c027f6f/image-2.jpg
rednote-bookmarks	attachment-evidence	113396	ed487d2040cb9c98	小红书（RedNote）/。。。。。。。/媒体（Media）/6a2a0d9f000000001c027f6f/image-3.jpg
rednote-bookmarks	attachment-evidence	104608	03c676762de06ebe	小红书（RedNote）/。。。。。。。/媒体（Media）/6a2a0d9f000000001c027f6f/image-4.jpg
rednote-bookmarks	attachment-evidence	133322	0b869ac6a4a07539	小红书（RedNote）/。。。。。。。/媒体（Media）/6a2a0d9f000000001c027f6f/image-5.jpg
rednote-bookmarks	attachment-evidence	155208	8e16bf2cac05d015	小红书（RedNote）/。。。。。。。/媒体（Media）/6a2a0d9f000000001c027f6f/image-6.jpg
rednote-bookmarks	attachment-evidence	123640	b4f950721e511a23	小红书（RedNote）/。。。。。。。/媒体（Media）/6a2a245c0000000006035869/image-1.jpg
rednote-bookmarks	attachment-evidence	160718	1bca29a0641cf10f	小红书（RedNote）/。。。。。。。/媒体（Media）/6a2bc2d700000000220261c3/image-1.jpg
rednote-bookmarks	attachment-evidence	79648	8a827c426839f559	小红书（RedNote）/。。。。。。。/媒体（Media）/6a2bff2f000000003502a964/image-1.jpg
rednote-bookmarks	attachment-evidence	351964	1f2a8799a6387e71	小红书（RedNote）/。。。。。。。/媒体（Media）/6a2bff2f000000003502a964/image-2.jpg
rednote-bookmarks	attachment-evidence	381096	9f5718ca165a7812	小红书（RedNote）/。。。。。。。/媒体（Media）/6a2bff2f000000003502a964/image-3.jpg
rednote-bookmarks	attachment-evidence	148664	dca2367ce8461dd1	小红书（RedNote）/。。。。。。。/媒体（Media）/6a2bff2f000000003502a964/image-4.jpg
rednote-bookmarks	attachment-evidence	393606	1fb6c9fff325aa0f	小红书（RedNote）/。。。。。。。/媒体（Media）/6a2bff2f000000003502a964/image-5.jpg
rednote-bookmarks	attachment-evidence	100914	78da12e53b7e3381	小红书（RedNote）/。。。。。。。/媒体（Media）/6a2e97ef00000000080269be/image-1.jpg
rednote-bookmarks	attachment-evidence	112600	0f5bac9a504ab33e	小红书（RedNote）/。。。。。。。/媒体（Media）/6a2e9d62000000001603ce89/image-1.jpg
rednote-bookmarks	attachment-evidence	128628	00c45208cd101720	小红书（RedNote）/。。。。。。。/媒体（Media）/6a2e9d62000000001603ce89/image-2.jpg
rednote-bookmarks	attachment-evidence	271456	5b27c4d0c2132e82	小红书（RedNote）/。。。。。。。/媒体（Media）/6a2e9d62000000001603ce89/image-3.jpg
rednote-bookmarks	attachment-evidence	256560	c09e74585fbdde24	小红书（RedNote）/。。。。。。。/媒体（Media）/6a2e9d62000000001603ce89/image-4.jpg
rednote-bookmarks	attachment-evidence	256414	a1d4a62a1e489924	小红书（RedNote）/。。。。。。。/媒体（Media）/6a2e9d62000000001603ce89/image-5.jpg
rednote-bookmarks	attachment-evidence	254796	652e5557739250e5	小红书（RedNote）/。。。。。。。/媒体（Media）/6a2e9d62000000001603ce89/image-6.jpg
rednote-bookmarks	attachment-evidence	220654	e51cefcad4b61d82	小红书（RedNote）/。。。。。。。/媒体（Media）/6a2e9d62000000001603ce89/image-7.jpg
rednote-bookmarks	attachment-evidence	86936	e27ca7faaf718369	小红书（RedNote）/。。。。。。。/媒体（Media）/6a2f9f9600000000150257e6/image-1.jpg
rednote-bookmarks	attachment-evidence	159376	fe111bb379562038	小红书（RedNote）/。。。。。。。/媒体（Media）/6a2f9f9600000000150257e6/image-2.jpg
rednote-bookmarks	attachment-evidence	106724	b521a71c8ab7aa56	小红书（RedNote）/。。。。。。。/媒体（Media）/6a2f9f9600000000150257e6/image-3.jpg
rednote-bookmarks	attachment-evidence	232596	d9031e381047df47	小红书（RedNote）/。。。。。。。/媒体（Media）/6a2fc4ee000000000702497d/image-1.jpg
rednote-bookmarks	attachment-evidence	108142	76bf1f5f9a7df42b	小红书（RedNote）/。。。。。。。/媒体（Media）/6a313165000000001603dbee/image-1.jpg
rednote-bookmarks	attachment-evidence	112324	61a2e83098fac4f5	小红书（RedNote）/。。。。。。。/媒体（Media）/6a313165000000001603dbee/image-2.jpg
rednote-bookmarks	attachment-evidence	76834	7fae5bc38826a7e2	小红书（RedNote）/。。。。。。。/媒体（Media）/6a313165000000001603dbee/image-3.jpg
rednote-bookmarks	attachment-evidence	54708	42356e5e81363469	小红书（RedNote）/。。。。。。。/媒体（Media）/6a313279000000000f004dba/image-1.jpg
rednote-bookmarks	attachment-evidence	112426	67c4591abd1fce36	小红书（RedNote）/。。。。。。。/媒体（Media）/6a313279000000000f004dba/image-2.jpg
rednote-bookmarks	attachment-evidence	86674	5ce0f8e375662098	小红书（RedNote）/。。。。。。。/媒体（Media）/6a313279000000000f004dba/image-3.jpg
rednote-bookmarks	attachment-evidence	58888	5ac8a5df9a41bcbf	小红书（RedNote）/。。。。。。。/媒体（Media）/6a313279000000000f004dba/image-4.jpg
rednote-bookmarks	attachment-evidence	96102	ff95a3f3c151c9fc	小红书（RedNote）/。。。。。。。/媒体（Media）/6a31913500000000220181ed/image-1.jpg
rednote-bookmarks	attachment-evidence	93498	dd6061e27027ffd0	小红书（RedNote）/。。。。。。。/媒体（Media）/6a31913500000000220181ed/image-2.jpg
rednote-bookmarks	attachment-evidence	81682	d9143d43c74dac78	小红书（RedNote）/。。。。。。。/媒体（Media）/6a31913500000000220181ed/image-3.jpg
rednote-bookmarks	attachment-evidence	85006	7e6a45811b45a34b	小红书（RedNote）/。。。。。。。/媒体（Media）/6a31913500000000220181ed/image-4.jpg
rednote-bookmarks	attachment-evidence	79446	df861f995d02f134	小红书（RedNote）/。。。。。。。/媒体（Media）/6a31913500000000220181ed/image-5.jpg
rednote-bookmarks	attachment-evidence	84484	e4baa82d023d8d93	小红书（RedNote）/。。。。。。。/媒体（Media）/6a31913500000000220181ed/image-6.jpg
rednote-bookmarks	attachment-evidence	107012	237f2be3789a34fa	小红书（RedNote）/。。。。。。。/媒体（Media）/6a31913500000000220181ed/image-7.jpg
rednote-bookmarks	attachment-evidence	74210	d363b3156032823c	小红书（RedNote）/。。。。。。。/媒体（Media）/6a31913500000000220181ed/image-8.jpg
rednote-bookmarks	attachment-evidence	95290	3021a3d28641ba15	小红书（RedNote）/。。。。。。。/媒体（Media）/6a31913500000000220181ed/image-9.jpg
rednote-bookmarks	attachment-evidence	46276	ea7aa90c85289f7d	小红书（RedNote）/。。。。。。。/媒体（Media）/6a31e015000000001503ff09/image-1.jpg
rednote-bookmarks	attachment-evidence	90264	b7a33d41057d39d1	小红书（RedNote）/。。。。。。。/媒体（Media）/6a32167f0000000017009d10/image-1.jpg
rednote-bookmarks	attachment-evidence	50986	090b042f32b7313d	小红书（RedNote）/。。。。。。。/媒体（Media）/6a3295650000000011011529/image-1.jpg
rednote-bookmarks	attachment-evidence	191494	eb7508b9b78470fd	小红书（RedNote）/。。。。。。。/媒体（Media）/6a3295650000000011011529/image-2.jpg
rednote-bookmarks	attachment-evidence	78016	588cab91f3636ced	小红书（RedNote）/。。。。。。。/媒体（Media）/6a33c61900000000170085a7/image-1.jpg
rednote-bookmarks	attachment-evidence	69550	910af6e1c30cc83d	小红书（RedNote）/。。。。。。。/媒体（Media）/6a33c61900000000170085a7/image-2.jpg
rednote-bookmarks	attachment-evidence	71132	955888737390b4a8	小红书（RedNote）/。。。。。。。/媒体（Media）/6a33c61900000000170085a7/image-3.jpg
rednote-bookmarks	attachment-evidence	60608	9cdc2dfbdba4de00	小红书（RedNote）/。。。。。。。/媒体（Media）/6a33c61900000000170085a7/image-4.jpg
rednote-bookmarks	attachment-evidence	69402	8a45d6507c990e4c	小红书（RedNote）/。。。。。。。/媒体（Media）/6a33c61900000000170085a7/image-5.jpg
rednote-bookmarks	attachment-evidence	76112	2e3fe76a32a6a419	小红书（RedNote）/。。。。。。。/媒体（Media）/6a33c61900000000170085a7/image-6.jpg
rednote-bookmarks	attachment-evidence	89614	eb46f548887bd23a	小红书（RedNote）/。。。。。。。/媒体（Media）/6a34d9a30000000007012c7e/image-1.jpg
rednote-bookmarks	attachment-evidence	142852	e79e7fa09215c40b	小红书（RedNote）/。。。。。。。/媒体（Media）/6a34d9a30000000007012c7e/image-10.jpg
rednote-bookmarks	attachment-evidence	134504	95f19dab1c023b5d	小红书（RedNote）/。。。。。。。/媒体（Media）/6a34d9a30000000007012c7e/image-11.jpg
rednote-bookmarks	attachment-evidence	123222	b32f524ebe00e888	小红书（RedNote）/。。。。。。。/媒体（Media）/6a34d9a30000000007012c7e/image-12.jpg
rednote-bookmarks	attachment-evidence	123092	433f876a42014a97	小红书（RedNote）/。。。。。。。/媒体（Media）/6a34d9a30000000007012c7e/image-13.jpg
rednote-bookmarks	attachment-evidence	48140	fe24b25940cc25e5	小红书（RedNote）/。。。。。。。/媒体（Media）/6a34d9a30000000007012c7e/image-2.jpg
rednote-bookmarks	attachment-evidence	107534	e9e0d958650ca040	小红书（RedNote）/。。。。。。。/媒体（Media）/6a34d9a30000000007012c7e/image-3.jpg
rednote-bookmarks	attachment-evidence	112506	1bf64aec17bff365	小红书（RedNote）/。。。。。。。/媒体（Media）/6a34d9a30000000007012c7e/image-4.jpg
rednote-bookmarks	attachment-evidence	130278	f2a2743d4ff024f7	小红书（RedNote）/。。。。。。。/媒体（Media）/6a34d9a30000000007012c7e/image-5.jpg
rednote-bookmarks	attachment-evidence	119148	197b9293d95b4042	小红书（RedNote）/。。。。。。。/媒体（Media）/6a34d9a30000000007012c7e/image-6.jpg
rednote-bookmarks	attachment-evidence	128268	1d5e7f3a54fe3b0c	小红书（RedNote）/。。。。。。。/媒体（Media）/6a34d9a30000000007012c7e/image-7.jpg
rednote-bookmarks	attachment-evidence	122616	030f8f5c723acbcd	小红书（RedNote）/。。。。。。。/媒体（Media）/6a34d9a30000000007012c7e/image-8.jpg
rednote-bookmarks	attachment-evidence	142146	11bf80beee5f3c83	小红书（RedNote）/。。。。。。。/媒体（Media）/6a34d9a30000000007012c7e/image-9.jpg
rednote-bookmarks	attachment-evidence	26248	8ee506203a383b5c	小红书（RedNote）/。。。。。。。/媒体（Media）/6a34eade0000000016025152/image-1.jpg
rednote-bookmarks	attachment-evidence	75932	2e91d558c03e0c8e	小红书（RedNote）/。。。。。。。/媒体（Media）/6a34f49a000000001101d909/image-1.jpg
rednote-bookmarks	attachment-evidence	144160	992f0b98f804441d	小红书（RedNote）/。。。。。。。/媒体（Media）/6a350b62000000002201abb6/image-1.jpg
rednote-bookmarks	attachment-evidence	125674	c0678f59fedcb238	小红书（RedNote）/。。。。。。。/媒体（Media）/6a3528ac0000000007029c1c/image-1.jpg
rednote-bookmarks	attachment-evidence	133796	178912c0a4c5874f	小红书（RedNote）/。。。。。。。/媒体（Media）/6a358a43000000002100a157/image-1.jpg
rednote-bookmarks	attachment-evidence	18662	503d2dede3f3db79	小红书（RedNote）/。。。。。。。/媒体（Media）/6a35e12a00000000080265ef/image-1.jpg
rednote-bookmarks	attachment-evidence	167326	cce12cfa8888c1c0	小红书（RedNote）/。。。。。。。/媒体（Media）/6a35e12a00000000080265ef/image-2.jpg
rednote-bookmarks	attachment-evidence	145768	cdc4704b7c7710d4	小红书（RedNote）/。。。。。。。/媒体（Media）/6a35e12a00000000080265ef/image-3.jpg
rednote-bookmarks	attachment-evidence	178386	94109af2b2e7db16	小红书（RedNote）/。。。。。。。/媒体（Media）/6a35e12a00000000080265ef/image-4.jpg
rednote-bookmarks	attachment-evidence	156066	9ec9a41a1f69ed56	小红书（RedNote）/。。。。。。。/媒体（Media）/6a35e12a00000000080265ef/image-5.jpg
rednote-bookmarks	attachment-evidence	156758	bdc003a88b1bd40a	小红书（RedNote）/。。。。。。。/媒体（Media）/6a35e12a00000000080265ef/image-6.jpg
rednote-bookmarks	attachment-evidence	101890	f04d39596d05d43a	小红书（RedNote）/。。。。。。。/媒体（Media）/6a35e12a00000000080265ef/image-7.jpg
rednote-bookmarks	attachment-evidence	204272	aa8d89a33a5bb8e6	小红书（RedNote）/。。。。。。。/媒体（Media）/6a36a636000000002003b89a/image-1.jpg
rednote-bookmarks	attachment-evidence	19934	60aaecacb27c6dbe	小红书（RedNote）/。。。。。。。/媒体（Media）/6a36a636000000002003b89a/image-2.jpg
rednote-bookmarks	attachment-evidence	67410	8822c3962312491b	小红书（RedNote）/。。。。。。。/媒体（Media）/6a36a636000000002003b89a/image-3.jpg
rednote-bookmarks	attachment-evidence	125310	603a1d993a913b11	小红书（RedNote）/。。。。。。。/媒体（Media）/6a36e8d20000000011013b9b/image-1.jpg
rednote-bookmarks	attachment-evidence	149506	f7e1f81923069fe8	小红书（RedNote）/。。。。。。。/媒体（Media）/6a36e8d20000000011013b9b/image-10.jpg
rednote-bookmarks	attachment-evidence	104058	2a9115d28b9856f3	小红书（RedNote）/。。。。。。。/媒体（Media）/6a36e8d20000000011013b9b/image-11.jpg
rednote-bookmarks	attachment-evidence	99400	02ef7b6ebec09ebc	小红书（RedNote）/。。。。。。。/媒体（Media）/6a36e8d20000000011013b9b/image-12.jpg
rednote-bookmarks	attachment-evidence	182602	c224913589ef1989	小红书（RedNote）/。。。。。。。/媒体（Media）/6a36e8d20000000011013b9b/image-2.jpg
rednote-bookmarks	attachment-evidence	46666	c3657d1fdc2660d0	小红书（RedNote）/。。。。。。。/媒体（Media）/6a36e8d20000000011013b9b/image-3.jpg
rednote-bookmarks	attachment-evidence	103248	893cf048ad371811	小红书（RedNote）/。。。。。。。/媒体（Media）/6a36e8d20000000011013b9b/image-4.jpg
rednote-bookmarks	attachment-evidence	118004	a8cd1c5ded5633f5	小红书（RedNote）/。。。。。。。/媒体（Media）/6a36e8d20000000011013b9b/image-5.jpg
rednote-bookmarks	attachment-evidence	126930	fb6777d6d2de59cd	小红书（RedNote）/。。。。。。。/媒体（Media）/6a36e8d20000000011013b9b/image-6.jpg
rednote-bookmarks	attachment-evidence	89288	952e0bd7977d984f	小红书（RedNote）/。。。。。。。/媒体（Media）/6a36e8d20000000011013b9b/image-7.jpg
rednote-bookmarks	attachment-evidence	108646	e61336fbbaf8703b	小红书（RedNote）/。。。。。。。/媒体（Media）/6a36e8d20000000011013b9b/image-8.jpg
rednote-bookmarks	attachment-evidence	107436	48162ab90ecb6c30	小红书（RedNote）/。。。。。。。/媒体（Media）/6a36e8d20000000011013b9b/image-9.jpg
rednote-bookmarks	attachment-evidence	92414	b9507faa0f169bf4	小红书（RedNote）/。。。。。。。/媒体（Media）/6a37a1820000000011010a09/image-1.jpg
rednote-bookmarks	attachment-evidence	51202	fd1c04494500fdd0	小红书（RedNote）/。。。。。。。/媒体（Media）/6a37a1820000000011010a09/image-2.jpg
rednote-bookmarks	attachment-evidence	147098	297deb44e9156b41	小红书（RedNote）/。。。。。。。/媒体（Media）/6a37a1820000000011010a09/image-3.jpg
rednote-bookmarks	attachment-evidence	47132	9fc099e5200c9cb5	小红书（RedNote）/。。。。。。。/媒体（Media）/6a37a1820000000011010a09/image-4.jpg
rednote-bookmarks	attachment-evidence	149244	6fdabbf1766706de	小红书（RedNote）/。。。。。。。/媒体（Media）/6a37b166000000000803e572/image-1.jpg
rednote-bookmarks	attachment-evidence	90948	b4720dc6ada1ae81	小红书（RedNote）/。。。。。。。/媒体（Media）/6a37b166000000000803e572/image-2.jpg
rednote-bookmarks	attachment-evidence	71350	741c013e49a97419	小红书（RedNote）/。。。。。。。/媒体（Media）/6a37f00c000000001101d0a3/image-1.jpg
rednote-bookmarks	attachment-evidence	50046	7f65219827613c0c	小红书（RedNote）/。。。。。。。/媒体（Media）/6a38ddc30000000007027492/image-1.jpg
rednote-bookmarks	attachment-evidence	104738	af4ffd35c7df7dcc	小红书（RedNote）/。。。。。。。/媒体（Media）/6a38ddc30000000007027492/image-2.jpg
rednote-bookmarks	attachment-evidence	131342	450cca39a94bdaaf	小红书（RedNote）/。。。。。。。/媒体（Media）/6a38ddc30000000007027492/image-3.jpg
rednote-bookmarks	attachment-evidence	134920	11195628e7f08a9b	小红书（RedNote）/。。。。。。。/媒体（Media）/6a38ddc30000000007027492/image-4.jpg
rednote-bookmarks	attachment-evidence	123052	551abd8c9653c5f9	小红书（RedNote）/。。。。。。。/媒体（Media）/6a38ddc30000000007027492/image-5.jpg
rednote-bookmarks	attachment-evidence	114016	daa81f451bb3bd09	小红书（RedNote）/。。。。。。。/媒体（Media）/6a38ddc30000000007027492/image-6.jpg
rednote-bookmarks	attachment-evidence	19826	6bf128242b831a9f	小红书（RedNote）/。。。。。。。/媒体（Media）/6a38ddc30000000007027492/image-7.jpg
rednote-bookmarks	attachment-evidence	39860	b01ef18fc94be922	小红书（RedNote）/。。。。。。。/媒体（Media）/6a3914a10000000021014bdb/image-1.jpg
rednote-bookmarks	attachment-evidence	74272	6f36812b9f84a032	小红书（RedNote）/。。。。。。。/媒体（Media）/6a3914a10000000021014bdb/image-2.jpg
rednote-bookmarks	attachment-evidence	64958	e0586ee65b62477d	小红书（RedNote）/。。。。。。。/媒体（Media）/6a3914a10000000021014bdb/image-3.jpg
rednote-bookmarks	attachment-evidence	59634	61edbc53ec1f8e24	小红书（RedNote）/。。。。。。。/媒体（Media）/6a3914a10000000021014bdb/image-4.jpg
rednote-bookmarks	attachment-evidence	73630	676906a4d88f5627	小红书（RedNote）/。。。。。。。/媒体（Media）/6a3914a10000000021014bdb/image-5.jpg
rednote-bookmarks	attachment-evidence	132810	b927149bb0d5384d	小红书（RedNote）/。。。。。。。/媒体（Media）/6a39480900000000080305c2/image-1.jpg
rednote-bookmarks	attachment-evidence	118016	9be614889cb7cb55	小红书（RedNote）/。。。。。。。/媒体（Media）/6a39480900000000080305c2/image-2.jpg
rednote-bookmarks	attachment-evidence	118064	001e6ff8b317b12c	小红书（RedNote）/。。。。。。。/媒体（Media）/6a39480900000000080305c2/image-3.jpg
rednote-bookmarks	attachment-evidence	113412	b954441bd61712a3	小红书（RedNote）/。。。。。。。/媒体（Media）/6a39480900000000080305c2/image-4.jpg
rednote-bookmarks	attachment-evidence	118660	bd46d8f36f3e5ebf	小红书（RedNote）/。。。。。。。/媒体（Media）/6a39480900000000080305c2/image-5.jpg
rednote-bookmarks	attachment-evidence	109412	bf8e875058d00dec	小红书（RedNote）/。。。。。。。/媒体（Media）/6a39480900000000080305c2/image-6.jpg
rednote-bookmarks	attachment-evidence	110610	03caefe375191558	小红书（RedNote）/。。。。。。。/媒体（Media）/6a39480900000000080305c2/image-7.jpg
rednote-bookmarks	attachment-evidence	103364	688d4a6178c03116	小红书（RedNote）/。。。。。。。/媒体（Media）/6a39480900000000080305c2/image-8.jpg
rednote-bookmarks	attachment-evidence	149692	abc4ad439ec8a796	小红书（RedNote）/。。。。。。。/媒体（Media）/6a394d83000000001503d11f/image-1.jpg
rednote-bookmarks	attachment-evidence	73134	303e07bbd751ee4a	小红书（RedNote）/。。。。。。。/媒体（Media）/6a3953de0000000007011cd9/image-1.jpg
rednote-bookmarks	attachment-evidence	89474	cfc1f4fe859995db	小红书（RedNote）/。。。。。。。/媒体（Media）/6a3953de0000000007011cd9/image-2.jpg
rednote-bookmarks	attachment-evidence	49682	b2e424b3f138ca99	小红书（RedNote）/。。。。。。。/媒体（Media）/6a3953de0000000007011cd9/image-3.jpg
rednote-bookmarks	attachment-evidence	61812	13a4f57124970a8c	小红书（RedNote）/。。。。。。。/媒体（Media）/6a3953de0000000007011cd9/image-4.jpg
rednote-bookmarks	attachment-evidence	50448	9de92f91690ba23d	小红书（RedNote）/。。。。。。。/媒体（Media）/6a3953de0000000007011cd9/image-5.jpg
rednote-bookmarks	attachment-evidence	91974	d1b7de3272ab4591	小红书（RedNote）/。。。。。。。/媒体（Media）/6a3953de0000000007011cd9/image-6.jpg
rednote-bookmarks	attachment-evidence	39574	89609d4d7a71f336	小红书（RedNote）/。。。。。。。/媒体（Media）/6a3953de0000000007011cd9/image-7.jpg
rednote-bookmarks	attachment-evidence	63216	4177f802af598825	小红书（RedNote）/。。。。。。。/媒体（Media）/6a3953de0000000007011cd9/image-8.jpg
rednote-bookmarks	attachment-evidence	72462	ec4e8a954854a82f	小红书（RedNote）/。。。。。。。/媒体（Media）/6a3953de0000000007011cd9/image-9.jpg
rednote-bookmarks	attachment-evidence	18176	492eb75108e50be3	小红书（RedNote）/。。。。。。。/媒体（Media）/6a39df50000000001700840e/image-1.jpg
rednote-bookmarks	attachment-evidence	99598	82a369c3d9d2c4a6	小红书（RedNote）/。。。。。。。/媒体（Media）/6a3a71e200000000210156f8/image-1.jpg
rednote-bookmarks	attachment-evidence	109094	88781af73beaa3ae	小红书（RedNote）/。。。。。。。/媒体（Media）/6a3a71e200000000210156f8/image-2.jpg
rednote-bookmarks	attachment-evidence	136148	04efbc55dbed172f	小红书（RedNote）/。。。。。。。/媒体（Media）/6a3a71e200000000210156f8/image-3.jpg
rednote-bookmarks	attachment-evidence	68578	2831212cb34ae4d3	小红书（RedNote）/。。。。。。。/媒体（Media）/6a3a71e200000000210156f8/image-4.jpg
rednote-bookmarks	attachment-evidence	225786	293b677d4ea308b4	小红书（RedNote）/。。。。。。。/媒体（Media）/6a3a8ffa000000000f03131f/image-1.jpg
rednote-bookmarks	attachment-evidence	194890	8281c6504811c5b4	小红书（RedNote）/。。。。。。。/媒体（Media）/6a3b75d3000000001003fac2/image-1.jpg
rednote-bookmarks	attachment-evidence	110718	e3a48a0d4bba2ef6	小红书（RedNote）/。。。。。。。/媒体（Media）/6a3b75d3000000001003fac2/image-2.jpg
rednote-bookmarks	attachment-evidence	117814	42415648e5d838c5	小红书（RedNote）/。。。。。。。/媒体（Media）/6a3b75d3000000001003fac2/image-3.jpg
rednote-bookmarks	attachment-evidence	117444	c8ba83e0806dda6d	小红书（RedNote）/。。。。。。。/媒体（Media）/6a3b75d3000000001003fac2/image-4.jpg
rednote-bookmarks	attachment-evidence	106982	fc8aebd1382f298e	小红书（RedNote）/。。。。。。。/媒体（Media）/6a3b75d3000000001003fac2/image-5.jpg
rednote-bookmarks	attachment-evidence	117312	ea15ac09dd776e4e	小红书（RedNote）/。。。。。。。/媒体（Media）/6a3b75d3000000001003fac2/image-6.jpg
rednote-bookmarks	attachment-evidence	98658	b031be3c00669803	小红书（RedNote）/。。。。。。。/媒体（Media）/6a3b75d3000000001003fac2/image-7.jpg
rednote-bookmarks	attachment-evidence	86814	0610dec21c76a62b	小红书（RedNote）/。。。。。。。/媒体（Media）/6a3b75d3000000001003fac2/image-8.jpg
rednote-bookmarks	attachment-evidence	111768	219cf9cbf33ee40e	小红书（RedNote）/。。。。。。。/媒体（Media）/6a3b75d3000000001003fac2/image-9.jpg
rednote-bookmarks	attachment-evidence	28308	e3fdb3f587735bbd	小红书（RedNote）/。。。。。。。/媒体（Media）/6a3b8e2e000000001101aa46/image-1.jpg
rednote-bookmarks	attachment-evidence	142050	e71b409c6c8332c5	小红书（RedNote）/。。。。。。。/媒体（Media）/6a3dff9d0000000022017512/image-1.jpg
rednote-bookmarks	attachment-evidence	204272	58eda4cd7b85006f	小红书（RedNote）/。。。。。。。/媒体（Media）/6a3dff9d0000000022017512/image-2.jpg
rednote-bookmarks	attachment-evidence	153214	0fa37159f9836dd1	小红书（RedNote）/。。。。。。。/媒体（Media）/6a3dff9d0000000022017512/image-3.jpg
rednote-bookmarks	attachment-evidence	19934	60aaecacb27c6dbe	小红书（RedNote）/。。。。。。。/媒体（Media）/6a3dff9d0000000022017512/image-4.jpg
rednote-bookmarks	attachment-evidence	96298	6cd69e5568f8c277	小红书（RedNote）/。。。。。。。/媒体（Media）/6a3dff9d0000000022017512/image-5.jpg
rednote-bookmarks	attachment-evidence	43154	ffb1a7e9bb6fa11b	小红书（RedNote）/。。。。。。。/媒体（Media）/6a3e0a52000000001100498d/image-1.jpg
rednote-bookmarks	attachment-evidence	42722	bfeb8dfc2f8dc538	小红书（RedNote）/。。。。。。。/媒体（Media）/6a3e0a52000000001100498d/image-2.jpg
rednote-bookmarks	attachment-evidence	49276	d9ffb3f535512b5d	小红书（RedNote）/。。。。。。。/媒体（Media）/6a3e0a52000000001100498d/image-3.jpg
rednote-bookmarks	attachment-evidence	34380	fcdb5b2edef6a57c	小红书（RedNote）/。。。。。。。/媒体（Media）/6a3e0a52000000001100498d/image-4.jpg
rednote-bookmarks	attachment-evidence	38844	ab8ea3544faebbbb	小红书（RedNote）/。。。。。。。/媒体（Media）/6a3e0a52000000001100498d/image-5.jpg
rednote-bookmarks	attachment-evidence	42228	e78ca186a95063b8	小红书（RedNote）/。。。。。。。/媒体（Media）/6a3e0a52000000001100498d/image-6.jpg
rednote-bookmarks	attachment-evidence	40638	91505c399e3d9636	小红书（RedNote）/。。。。。。。/媒体（Media）/6a3e0a52000000001100498d/image-7.jpg
rednote-bookmarks	attachment-evidence	38464	b4f9bfbea2e55a74	小红书（RedNote）/。。。。。。。/媒体（Media）/6a3e0a52000000001100498d/image-8.jpg
rednote-bookmarks	attachment-evidence	87588	4944eebd82b0beaa	小红书（RedNote）/。。。。。。。/媒体（Media）/6a3e0f5b00000000210185f0/image-1.jpg
rednote-bookmarks	attachment-evidence	105646	12719b8c01b15ba4	小红书（RedNote）/。。。。。。。/媒体（Media）/6a3ea4df0000000007012375/image-1.jpg
rednote-bookmarks	attachment-evidence	80792	7a4a1ac50600010c	小红书（RedNote）/。。。。。。。/媒体（Media）/6a3eb6e70000000007028084/image-1.jpg
rednote-bookmarks	attachment-evidence	114432	39f5bf9ea31db026	小红书（RedNote）/。。。。。。。/媒体（Media）/6a3fc241000000001101d9e9/image-1.jpg
rednote-bookmarks	attachment-evidence	98548	53403963fc1a4824	小红书（RedNote）/。。。。。。。/媒体（Media）/6a3fc241000000001101d9e9/image-2.jpg
rednote-bookmarks	attachment-evidence	93346	5882c45bebfa9020	小红书（RedNote）/。。。。。。。/媒体（Media）/6a3fc241000000001101d9e9/image-3.jpg
rednote-bookmarks	attachment-evidence	126154	ef07efddb77b88aa	小红书（RedNote）/。。。。。。。/媒体（Media）/6a3fc241000000001101d9e9/image-4.jpg
rednote-bookmarks	attachment-evidence	95272	f1e367ab04f6e619	小红书（RedNote）/。。。。。。。/媒体（Media）/6a3fc241000000001101d9e9/image-5.jpg
rednote-bookmarks	attachment-evidence	30036	6df5585cd853a233	小红书（RedNote）/。。。。。。。/媒体（Media）/6a3ff7e7000000000f02a3f2/image-1.jpg
rednote-bookmarks	attachment-evidence	130658	d5b408c9da290083	小红书（RedNote）/。。。。。。。/媒体（Media）/6a409ebc0000000007026a80/image-1.jpg
rednote-bookmarks	attachment-evidence	151632	1d518b1cd9c76b20	小红书（RedNote）/。。。。。。。/媒体（Media）/6a409ebc0000000007026a80/image-10.jpg
rednote-bookmarks	attachment-evidence	152848	d6ae1eb7cd981e80	小红书（RedNote）/。。。。。。。/媒体（Media）/6a409ebc0000000007026a80/image-11.jpg
rednote-bookmarks	attachment-evidence	171846	3bb8ce3a55871542	小红书（RedNote）/。。。。。。。/媒体（Media）/6a409ebc0000000007026a80/image-12.jpg
rednote-bookmarks	attachment-evidence	87552	585b1013d4d359a5	小红书（RedNote）/。。。。。。。/媒体（Media）/6a409ebc0000000007026a80/image-13.jpg
rednote-bookmarks	attachment-evidence	151022	4399b7dd1dd492c7	小红书（RedNote）/。。。。。。。/媒体（Media）/6a409ebc0000000007026a80/image-14.jpg
rednote-bookmarks	attachment-evidence	144246	d8b5abf910fccb27	小红书（RedNote）/。。。。。。。/媒体（Media）/6a409ebc0000000007026a80/image-15.jpg
rednote-bookmarks	attachment-evidence	147790	7639f7a24f8a35ba	小红书（RedNote）/。。。。。。。/媒体（Media）/6a409ebc0000000007026a80/image-16.jpg
rednote-bookmarks	attachment-evidence	139806	4dcbc11ca9c89ad8	小红书（RedNote）/。。。。。。。/媒体（Media）/6a409ebc0000000007026a80/image-17.jpg
rednote-bookmarks	attachment-evidence	175528	cbee81ee5bbe0858	小红书（RedNote）/。。。。。。。/媒体（Media）/6a409ebc0000000007026a80/image-18.jpg
rednote-bookmarks	attachment-evidence	139594	a4ed94090ad6b565	小红书（RedNote）/。。。。。。。/媒体（Media）/6a409ebc0000000007026a80/image-19.jpg
rednote-bookmarks	attachment-evidence	186806	d8b41f2483a1f466	小红书（RedNote）/。。。。。。。/媒体（Media）/6a409ebc0000000007026a80/image-2.jpg
rednote-bookmarks	attachment-evidence	92322	39d8799ab87431b3	小红书（RedNote）/。。。。。。。/媒体（Media）/6a409ebc0000000007026a80/image-3.jpg
rednote-bookmarks	attachment-evidence	158478	ec801bc9432ebf17	小红书（RedNote）/。。。。。。。/媒体（Media）/6a409ebc0000000007026a80/image-4.jpg
rednote-bookmarks	attachment-evidence	123222	311b2b682a47bf7e	小红书（RedNote）/。。。。。。。/媒体（Media）/6a409ebc0000000007026a80/image-5.jpg
rednote-bookmarks	attachment-evidence	124980	3d97628460368433	小红书（RedNote）/。。。。。。。/媒体（Media）/6a409ebc0000000007026a80/image-6.jpg
rednote-bookmarks	attachment-evidence	188656	8a6f7c7682cc6e0a	小红书（RedNote）/。。。。。。。/媒体（Media）/6a409ebc0000000007026a80/image-7.jpg
rednote-bookmarks	attachment-evidence	134736	40ff04b0b8d16eb6	小红书（RedNote）/。。。。。。。/媒体（Media）/6a409ebc0000000007026a80/image-8.jpg
rednote-bookmarks	attachment-evidence	170508	dd1efd520bbf2a13	小红书（RedNote）/。。。。。。。/媒体（Media）/6a409ebc0000000007026a80/image-9.jpg
rednote-bookmarks	attachment-evidence	232110	30afaf0d712f3aca	小红书（RedNote）/。。。。。。。/媒体（Media）/6a40aa510000000017029106/image-1.jpg
rednote-bookmarks	attachment-evidence	63292	d71a279a90097921	小红书（RedNote）/。。。。。。。/媒体（Media）/6a40e8a4000000001101cb98/image-1.jpg
rednote-bookmarks	attachment-evidence	68532	850337eb98065b65	小红书（RedNote）/。。。。。。。/媒体（Media）/6a40e8a4000000001101cb98/image-2.jpg
rednote-bookmarks	attachment-evidence	71350	0eeeac188896d397	小红书（RedNote）/。。。。。。。/媒体（Media）/6a40e8a4000000001101cb98/image-3.jpg
rednote-bookmarks	attachment-evidence	65086	e1e303750ff17c4e	小红书（RedNote）/。。。。。。。/媒体（Media）/6a40e8a4000000001101cb98/image-4.jpg
rednote-bookmarks	attachment-evidence	72660	7b03e931b72982da	小红书（RedNote）/。。。。。。。/媒体（Media）/6a40e8a4000000001101cb98/image-5.jpg
rednote-bookmarks	attachment-evidence	57992	be19f735c7ca4902	小红书（RedNote）/。。。。。。。/媒体（Media）/6a40e8a4000000001101cb98/image-6.jpg
rednote-bookmarks	attachment-evidence	60066	fe00269c19969d1f	小红书（RedNote）/。。。。。。。/媒体（Media）/6a40e8a4000000001101cb98/image-7.jpg
rednote-bookmarks	attachment-evidence	83176	38b7505b70400677	小红书（RedNote）/。。。。。。。/媒体（Media）/6a40f67b000000000f02873d/image-1 (Multi Source Sync).jpg
rednote-bookmarks	attachment-evidence	83176	38b7505b70400677	小红书（RedNote）/。。。。。。。/媒体（Media）/6a40f67b000000000f02873d/image-1.jpg
rednote-bookmarks	attachment-evidence	110492	77d9cbfebf3f0753	小红书（RedNote）/。。。。。。。/媒体（Media）/6a40f67b000000000f02873d/image-2 (Multi Source Sync).jpg
rednote-bookmarks	attachment-evidence	110492	77d9cbfebf3f0753	小红书（RedNote）/。。。。。。。/媒体（Media）/6a40f67b000000000f02873d/image-2.jpg
rednote-bookmarks	attachment-evidence	82760	672cb46d0606ba0b	小红书（RedNote）/。。。。。。。/媒体（Media）/6a40f67b000000000f02873d/image-3 (Multi Source Sync).jpg
rednote-bookmarks	attachment-evidence	82760	672cb46d0606ba0b	小红书（RedNote）/。。。。。。。/媒体（Media）/6a40f67b000000000f02873d/image-3.jpg
rednote-bookmarks	attachment-evidence	58790	8c75ed058d74a9ea	小红书（RedNote）/。。。。。。。/媒体（Media）/6a414621000000002201768e/image-1.jpg
rednote-bookmarks	attachment-evidence	106432	3b7ffa9ac936ef72	小红书（RedNote）/。。。。。。。/媒体（Media）/6a414621000000002201768e/image-2.jpg
rednote-bookmarks	attachment-evidence	99212	d9264e44eadff5af	小红书（RedNote）/。。。。。。。/媒体（Media）/6a414621000000002201768e/image-3.jpg
rednote-bookmarks	attachment-evidence	77042	c4a54d0587c8b995	小红书（RedNote）/。。。。。。。/媒体（Media）/6a414621000000002201768e/image-4.jpg
rednote-bookmarks	attachment-evidence	75228	e50789c04df85c12	小红书（RedNote）/。。。。。。。/媒体（Media）/6a414621000000002201768e/image-5.jpg
rednote-bookmarks	attachment-evidence	52402	7728b2c169c0bd6d	小红书（RedNote）/。。。。。。。/媒体（Media）/6a414621000000002201768e/image-6.jpg
rednote-bookmarks	attachment-evidence	66562	1b09bfac6710fc1c	小红书（RedNote）/。。。。。。。/媒体（Media）/6a42195c000000002103d6e1/image-1.jpg
rednote-bookmarks	attachment-evidence	80388	4287d6d2fb3e4915	小红书（RedNote）/。。。。。。。/媒体（Media）/6a42195c000000002103d6e1/image-2.jpg
rednote-bookmarks	attachment-evidence	111978	c0b76bae1dd4ce77	小红书（RedNote）/。。。。。。。/媒体（Media）/6a42195c000000002103d6e1/image-3.jpg
rednote-bookmarks	attachment-evidence	102188	8ae03c1025d03153	小红书（RedNote）/。。。。。。。/媒体（Media）/6a42195c000000002103d6e1/image-4.jpg
rednote-bookmarks	attachment-evidence	145054	f3ead72d7183ad20	小红书（RedNote）/。。。。。。。/媒体（Media）/6a42195c000000002103d6e1/image-5.jpg
rednote-bookmarks	attachment-evidence	110768	e83a2223435aeee0	小红书（RedNote）/。。。。。。。/媒体（Media）/6a42195c000000002103d6e1/image-6.jpg
rednote-bookmarks	attachment-evidence	121590	774700470d86718a	小红书（RedNote）/。。。。。。。/媒体（Media）/6a42195c000000002103d6e1/image-7.jpg
rednote-bookmarks	attachment-evidence	103930	d837726c2b90ce27	小红书（RedNote）/。。。。。。。/媒体（Media）/6a42195c000000002103d6e1/image-8.jpg
rednote-bookmarks	attachment-evidence	173374	8fd2f6ec8bb10be1	小红书（RedNote）/。。。。。。。/媒体（Media）/6a4370c3000000000f02b29c/image-1.jpg
rednote-bookmarks	attachment-evidence	54718	403616cd1942c375	小红书（RedNote）/。。。。。。。/媒体（Media）/6a447a580000000022008a95/image-1.jpg
rednote-bookmarks	attachment-evidence	129774	5bdbf5baaf45091a	小红书（RedNote）/。。。。。。。/媒体（Media）/6a447a580000000022008a95/image-10.jpg
rednote-bookmarks	attachment-evidence	141250	c9c2bf4c4da8022e	小红书（RedNote）/。。。。。。。/媒体（Media）/6a447a580000000022008a95/image-11.jpg
rednote-bookmarks	attachment-evidence	133218	03fa5a1631880491	小红书（RedNote）/。。。。。。。/媒体（Media）/6a447a580000000022008a95/image-12.jpg
rednote-bookmarks	attachment-evidence	148254	ed3587dd192f7c0e	小红书（RedNote）/。。。。。。。/媒体（Media）/6a447a580000000022008a95/image-13.jpg
rednote-bookmarks	attachment-evidence	161450	5a3a4a398d895e54	小红书（RedNote）/。。。。。。。/媒体（Media）/6a447a580000000022008a95/image-14.jpg
rednote-bookmarks	attachment-evidence	208564	8e8dd22496067c95	小红书（RedNote）/。。。。。。。/媒体（Media）/6a447a580000000022008a95/image-15.jpg
rednote-bookmarks	attachment-evidence	94768	a75836dbfd0f515e	小红书（RedNote）/。。。。。。。/媒体（Media）/6a447a580000000022008a95/image-2.jpg
rednote-bookmarks	attachment-evidence	146978	811f0c411393a6ec	小红书（RedNote）/。。。。。。。/媒体（Media）/6a447a580000000022008a95/image-3.jpg
rednote-bookmarks	attachment-evidence	147084	2168f6c94c6d119f	小红书（RedNote）/。。。。。。。/媒体（Media）/6a447a580000000022008a95/image-4.jpg
rednote-bookmarks	attachment-evidence	154196	b01c3bfa4d32702c	小红书（RedNote）/。。。。。。。/媒体（Media）/6a447a580000000022008a95/image-5.jpg
rednote-bookmarks	attachment-evidence	140280	ac69b5b578b2850e	小红书（RedNote）/。。。。。。。/媒体（Media）/6a447a580000000022008a95/image-6.jpg
rednote-bookmarks	attachment-evidence	148732	3a273f136b8091d7	小红书（RedNote）/。。。。。。。/媒体（Media）/6a447a580000000022008a95/image-7.jpg
rednote-bookmarks	attachment-evidence	133312	f9334b49a00ac609	小红书（RedNote）/。。。。。。。/媒体（Media）/6a447a580000000022008a95/image-8.jpg
rednote-bookmarks	attachment-evidence	141936	2ed07bcd6d591c94	小红书（RedNote）/。。。。。。。/媒体（Media）/6a447a580000000022008a95/image-9.jpg
rednote-bookmarks	attachment-evidence	100880	d9e0b92d582b2f81	小红书（RedNote）/。。。。。。。/媒体（Media）/6a4488e2000000001102ed64/image-1.jpg
rednote-bookmarks	attachment-evidence	68964	54ff36d2aea4a31d	小红书（RedNote）/。。。。。。。/媒体（Media）/6a4488e2000000001102ed64/image-2.jpg
rednote-bookmarks	attachment-evidence	30826	5f467a19e28f063f	小红书（RedNote）/。。。。。。。/媒体（Media）/6a44a4570000000015025bd0/image-1.jpg
rednote-bookmarks	attachment-evidence	41866	1fc79771a196f35a	小红书（RedNote）/。。。。。。。/媒体（Media）/6a44a4570000000015025bd0/image-2.jpg
rednote-bookmarks	attachment-evidence	121290	285c2b8c8c09de12	小红书（RedNote）/。。。。。。。/媒体（Media）/6a44cde1000000001101e4b8/image-1.jpg
rednote-bookmarks	attachment-evidence	39894	f614e98e78830cf5	小红书（RedNote）/。。。。。。。/媒体（Media）/6a44cde1000000001101e4b8/image-2.jpg
rednote-bookmarks	attachment-evidence	67778	75d675610de418bc	小红书（RedNote）/。。。。。。。/媒体（Media）/6a44cde1000000001101e4b8/image-3.jpg
rednote-bookmarks	attachment-evidence	203152	49c505eb6da924b0	小红书（RedNote）/。。。。。。。/媒体（Media）/6a44cde1000000001101e4b8/image-4.jpg
rednote-bookmarks	attachment-evidence	335454	2f9ccc2ee665289a	小红书（RedNote）/。。。。。。。/媒体（Media）/6a44cde1000000001101e4b8/image-5.jpg
rednote-bookmarks	attachment-evidence	66894	61c2bd581fc8272c	小红书（RedNote）/。。。。。。。/媒体（Media）/6a44cde1000000001101e4b8/image-6.jpg
rednote-bookmarks	attachment-evidence	108260	f4b32469b8e6e1a6	小红书（RedNote）/。。。。。。。/媒体（Media）/6a44e70c000000001603c0fc/image-1.jpg
rednote-bookmarks	attachment-evidence	150934	cb250d9abfd45aa5	小红书（RedNote）/。。。。。。。/媒体（Media）/6a44e70c000000001603c0fc/image-2.jpg
rednote-bookmarks	attachment-evidence	194942	277dad469cf7d2ee	小红书（RedNote）/。。。。。。。/媒体（Media）/6a44e70c000000001603c0fc/image-3.jpg
rednote-bookmarks	attachment-evidence	167766	5f04c47fd0dcf22e	小红书（RedNote）/。。。。。。。/媒体（Media）/6a44e70c000000001603c0fc/image-4.jpg
rednote-bookmarks	attachment-evidence	63774	da587a9afbffb978	小红书（RedNote）/。。。。。。。/媒体（Media）/6a44e70c000000001603c0fc/image-5.jpg
rednote-bookmarks	attachment-evidence	116796	1418d36db3732e8a	小红书（RedNote）/。。。。。。。/媒体（Media）/6a44e70c000000001603c0fc/image-6.jpg
rednote-bookmarks	attachment-evidence	103652	45361817449ce4bb	小红书（RedNote）/。。。。。。。/媒体（Media）/6a44e70c000000001603c0fc/image-7.jpg
rednote-bookmarks	attachment-evidence	169062	db14b23a45a73436	小红书（RedNote）/。。。。。。。/媒体（Media）/6a44e70c000000001603c0fc/image-8.jpg
rednote-bookmarks	attachment-evidence	182510	951f8b4851361a5a	小红书（RedNote）/。。。。。。。/媒体（Media）/6a4683610000000011012a2e/image-1.jpg
rednote-bookmarks	attachment-evidence	64446	aa4e5f9d529afaec	小红书（RedNote）/。。。。。。。/媒体（Media）/6a4683610000000011012a2e/image-2.jpg
rednote-bookmarks	attachment-evidence	115712	2bd0b6d0940fedf4	小红书（RedNote）/。。。。。。。/媒体（Media）/6a4683610000000011012a2e/image-3.jpg
rednote-bookmarks	attachment-evidence	102450	de7fcbf5c4c1c331	小红书（RedNote）/。。。。。。。/媒体（Media）/6a470d930000000015027730/image-1.jpg
rednote-bookmarks	attachment-evidence	76664	317b32572005a5ad	小红书（RedNote）/。。。。。。。/媒体（Media）/6a470d930000000015027730/image-2.jpg
rednote-bookmarks	attachment-evidence	62138	ccfa14d50399beba	小红书（RedNote）/。。。。。。。/媒体（Media）/6a470d930000000015027730/image-3.jpg
rednote-bookmarks	attachment-evidence	59294	fb19bdb2168586ba	小红书（RedNote）/。。。。。。。/媒体（Media）/6a470d930000000015027730/image-4.jpg
rednote-bookmarks	attachment-evidence	60220	7cad1e5373d97e91	小红书（RedNote）/。。。。。。。/媒体（Media）/6a470d930000000015027730/image-5.jpg
rednote-bookmarks	attachment-evidence	61298	d1072bbf41469819	小红书（RedNote）/。。。。。。。/媒体（Media）/6a470d930000000015027730/image-6.jpg
rednote-bookmarks	attachment-evidence	67260	dc209dc2fd4b572c	小红书（RedNote）/。。。。。。。/媒体（Media）/6a470d930000000015027730/image-7.jpg
rednote-bookmarks	attachment-evidence	59296	9eeb2f084700e611	小红书（RedNote）/。。。。。。。/媒体（Media）/6a477cc50000000007027088/image-1.jpg
rednote-bookmarks	attachment-evidence	27206	adf75da9df71d8df	小红书（RedNote）/。。。。。。。/媒体（Media）/6a4880cd0000000011005289/image-1.jpg
rednote-bookmarks	attachment-evidence	110128	92d9418b8528b499	小红书（RedNote）/。。。。。。。/媒体（Media）/6a488f77000000000f014476/image-1.jpg
rednote-bookmarks	attachment-evidence	103080	13a597d90d5c6f67	小红书（RedNote）/。。。。。。。/媒体（Media）/6a488f77000000000f014476/image-2.jpg
rednote-bookmarks	attachment-evidence	112714	f2ab20d70316b1ae	小红书（RedNote）/。。。。。。。/媒体（Media）/6a488f77000000000f014476/image-3.jpg
rednote-bookmarks	attachment-evidence	139748	83582a309516d84b	小红书（RedNote）/。。。。。。。/媒体（Media）/6a488f77000000000f014476/image-4.jpg
rednote-bookmarks	attachment-evidence	73950	5644de3d1fa38efb	小红书（RedNote）/。。。。。。。/媒体（Media）/6a488f77000000000f014476/image-5.jpg
rednote-bookmarks	attachment-evidence	40992	33b8f1e9e9ca41ec	小红书（RedNote）/。。。。。。。/媒体（Media）/6a488f77000000000f014476/image-6.jpg
rednote-bookmarks	attachment-evidence	85320	1f15e4b4192809ff	小红书（RedNote）/。。。。。。。/媒体（Media）/6a4a27e1000000000e038401/image-1.jpg
rednote-bookmarks	attachment-evidence	193708	7a3a6490751721a2	小红书（RedNote）/。。。。。。。/媒体（Media）/6a4a27e1000000000e038401/image-2.jpg
rednote-bookmarks	attachment-evidence	61346	001dd7f1f7a129cd	小红书（RedNote）/。。。。。。。/媒体（Media）/6a4a27e1000000000e038401/image-3.jpg
rednote-bookmarks	attachment-evidence	46518	8d31063b651a6394	小红书（RedNote）/。。。。。。。/媒体（Media）/6a4a27e1000000000e038401/image-4.jpg
rednote-bookmarks	attachment-evidence	102454	0645efe16090449d	小红书（RedNote）/。。。。。。。/媒体（Media）/6a4a27e1000000000e038401/image-5.jpg
rednote-bookmarks	attachment-evidence	125108	fd4deee6b6914be2	小红书（RedNote）/。。。。。。。/媒体（Media）/6a4a27e1000000000e038401/image-6.jpg
rednote-bookmarks	attachment-evidence	86098	9cf70500b0924932	小红书（RedNote）/。。。。。。。/媒体（Media）/6a4a915700000000210088a9/image-1.jpg
rednote-bookmarks	attachment-evidence	65714	0860f6131e15fd04	小红书（RedNote）/。。。。。。。/媒体（Media）/6a4a915700000000210088a9/image-2.jpg
rednote-bookmarks	attachment-evidence	70308	0e0d30d56ddbbe7d	小红书（RedNote）/。。。。。。。/媒体（Media）/6a4a915700000000210088a9/image-3.jpg
rednote-bookmarks	attachment-evidence	91074	71b66c4a27eb83ae	小红书（RedNote）/。。。。。。。/媒体（Media）/6a4a915700000000210088a9/image-4.jpg
rednote-bookmarks	attachment-evidence	60900	ee82aa7d46ad906e	小红书（RedNote）/。。。。。。。/媒体（Media）/6a4a915700000000210088a9/image-5.jpg
rednote-bookmarks	attachment-evidence	69790	939bfa5c9ff2f5d3	小红书（RedNote）/。。。。。。。/媒体（Media）/6a4a915700000000210088a9/image-6.jpg
rednote-bookmarks	attachment-evidence	66994	639291ef584cabc5	小红书（RedNote）/。。。。。。。/媒体（Media）/6a4a915700000000210088a9/image-7.jpg
rednote-bookmarks	attachment-evidence	55008	0549cf09513a2a34	小红书（RedNote）/。。。。。。。/媒体（Media）/6a4ab0ad000000000f01ec33/image-1.jpg
rednote-bookmarks	attachment-evidence	162964	bb15994096089ec6	小红书（RedNote）/。。。。。。。/媒体（Media）/6a4b4211000000001003c9a9/image-1.jpg
rednote-bookmarks	attachment-evidence	133308	aae2a4675860999f	小红书（RedNote）/。。。。。。。/媒体（Media）/6a4bafbc0000000016024160/image-1.jpg
rednote-bookmarks	attachment-evidence	141212	8052800b8dfe2e41	小红书（RedNote）/。。。。。。。/媒体（Media）/6a4bafbc0000000016024160/image-2.jpg
rednote-bookmarks	attachment-evidence	64748	4fae8d5e3bb3d9b6	小红书（RedNote）/。。。。。。。/媒体（Media）/6a4caae600000000070277be/image-1.jpg
rednote-bookmarks	attachment-evidence	119252	ded639828c67c7ab	小红书（RedNote）/。。。。。。。/媒体（Media）/6a4caae600000000070277be/image-2.jpg
rednote-bookmarks	attachment-evidence	82262	554eee628584be15	小红书（RedNote）/。。。。。。。/媒体（Media）/6a4caae600000000070277be/image-3.jpg
rednote-bookmarks	attachment-evidence	105600	ab1daf6ac5891420	小红书（RedNote）/。。。。。。。/媒体（Media）/6a4caae600000000070277be/image-4.jpg
rednote-bookmarks	attachment-evidence	103174	a47f3e182f176322	小红书（RedNote）/。。。。。。。/媒体（Media）/6a4caae600000000070277be/image-5.jpg
rednote-bookmarks	attachment-evidence	129840	6b877b60f7ad0905	小红书（RedNote）/。。。。。。。/媒体（Media）/6a4caae600000000070277be/image-6.jpg
rednote-bookmarks	attachment-evidence	131770	0f841f5927f21524	小红书（RedNote）/。。。。。。。/媒体（Media）/6a4caae600000000070277be/image-7.jpg
rednote-bookmarks	attachment-evidence	77958	6048e4f5a14865c5	小红书（RedNote）/。。。。。。。/媒体（Media）/6a4cafb2000000000f016264/image-1.jpg
rednote-bookmarks	attachment-evidence	144268	7ee351cb5564a166	小红书（RedNote）/。。。。。。。/媒体（Media）/6a4cafb2000000000f016264/image-2.jpg
rednote-bookmarks	attachment-evidence	117044	3b15d72457bbf155	小红书（RedNote）/。。。。。。。/媒体（Media）/6a4cafb2000000000f016264/image-3.jpg
rednote-bookmarks	attachment-evidence	154772	b54c1d4d84b2bf5d	小红书（RedNote）/。。。。。。。/媒体（Media）/6a4cafb2000000000f016264/image-4.jpg
rednote-bookmarks	attachment-evidence	80664	78bde2424040d7a4	小红书（RedNote）/。。。。。。。/媒体（Media）/6a4cafb2000000000f016264/image-5.jpg
rednote-bookmarks	attachment-evidence	126504	111f5a983dde1fe9	小红书（RedNote）/。。。。。。。/媒体（Media）/6a4cf6c4000000000f01780c/image-1.jpg
rednote-bookmarks	attachment-evidence	106434	534b475748e784c2	小红书（RedNote）/。。。。。。。/媒体（Media）/6a4cf6c4000000000f01780c/image-2.jpg
rednote-bookmarks	attachment-evidence	112678	de6d122e817a9e7f	小红书（RedNote）/。。。。。。。/媒体（Media）/6a4cf6c4000000000f01780c/image-3.jpg
rednote-bookmarks	attachment-evidence	58858	880527a380e65070	小红书（RedNote）/。。。。。。。/媒体（Media）/6a4e09ee00000000220161cd/image-1 (Multi Source Sync).jpg
rednote-bookmarks	attachment-evidence	58858	880527a380e65070	小红书（RedNote）/。。。。。。。/媒体（Media）/6a4e09ee00000000220161cd/image-1.jpg
rednote-bookmarks	attachment-evidence	92344	9fd634d39b9c49be	小红书（RedNote）/。。。。。。。/媒体（Media）/6a4e09ee00000000220161cd/image-2 (Multi Source Sync).jpg
rednote-bookmarks	attachment-evidence	92344	9fd634d39b9c49be	小红书（RedNote）/。。。。。。。/媒体（Media）/6a4e09ee00000000220161cd/image-2.jpg
rednote-bookmarks	attachment-evidence	69082	74ed8d4872a45a1e	小红书（RedNote）/。。。。。。。/媒体（Media）/6a4e09ee00000000220161cd/image-3 (Multi Source Sync).jpg
rednote-bookmarks	attachment-evidence	69082	74ed8d4872a45a1e	小红书（RedNote）/。。。。。。。/媒体（Media）/6a4e09ee00000000220161cd/image-3.jpg
rednote-bookmarks	attachment-evidence	66134	2cbf6f75b1765adc	小红书（RedNote）/。。。。。。。/媒体（Media）/6a4e09ee00000000220161cd/image-4 (Multi Source Sync).jpg
rednote-bookmarks	attachment-evidence	66134	2cbf6f75b1765adc	小红书（RedNote）/。。。。。。。/媒体（Media）/6a4e09ee00000000220161cd/image-4.jpg
rednote-bookmarks	attachment-evidence	78948	b4b59d927d599b37	小红书（RedNote）/。。。。。。。/媒体（Media）/6a4e09ee00000000220161cd/image-5 (Multi Source Sync).jpg
rednote-bookmarks	attachment-evidence	78948	b4b59d927d599b37	小红书（RedNote）/。。。。。。。/媒体（Media）/6a4e09ee00000000220161cd/image-5.jpg
rednote-bookmarks	attachment-evidence	96732	c852355573da03c1	小红书（RedNote）/。。。。。。。/媒体（Media）/6a4e09ee00000000220161cd/image-6 (Multi Source Sync).jpg
rednote-bookmarks	attachment-evidence	96732	c852355573da03c1	小红书（RedNote）/。。。。。。。/媒体（Media）/6a4e09ee00000000220161cd/image-6.jpg
rednote-bookmarks	attachment-evidence	102900	383deb6aa920eaf2	小红书（RedNote）/。。。。。。。/媒体（Media）/6a4e09ee00000000220161cd/image-7 (Multi Source Sync).jpg
rednote-bookmarks	attachment-evidence	102900	383deb6aa920eaf2	小红书（RedNote）/。。。。。。。/媒体（Media）/6a4e09ee00000000220161cd/image-7.jpg
rednote-bookmarks	attachment-evidence	62620	cf88d63331153c86	小红书（RedNote）/。。。。。。。/媒体（Media）/6a4e09ee00000000220161cd/image-8 (Multi Source Sync).jpg
rednote-bookmarks	attachment-evidence	62620	cf88d63331153c86	小红书（RedNote）/。。。。。。。/媒体（Media）/6a4e09ee00000000220161cd/image-8.jpg
rednote-bookmarks	attachment-evidence	125400	0f43d299f8d2bd8b	小红书（RedNote）/。。。。。。。/媒体（Media）/6a4e15ab0000000011012f6e/image-1.jpg
rednote-bookmarks	attachment-evidence	125410	030131d80a862952	小红书（RedNote）/。。。。。。。/媒体（Media）/6a4e5ec4000000002101a47c/image-1.jpg
rednote-bookmarks	attachment-evidence	87432	6d639e851d4cf818	小红书（RedNote）/。。。。。。。/媒体（Media）/6a4e64830000000017008b9f/image-1.jpg
rednote-bookmarks	attachment-evidence	104380	8d8e9b36cbb08c83	小红书（RedNote）/。。。。。。。/媒体（Media）/6a4e64830000000017008b9f/image-10.jpg
rednote-bookmarks	attachment-evidence	107296	183c3ae122dad31b	小红书（RedNote）/。。。。。。。/媒体（Media）/6a4e64830000000017008b9f/image-11.jpg
rednote-bookmarks	attachment-evidence	99398	7ca1e68f64606df8	小红书（RedNote）/。。。。。。。/媒体（Media）/6a4e64830000000017008b9f/image-2.jpg
rednote-bookmarks	attachment-evidence	104742	9013afc1e8479259	小红书（RedNote）/。。。。。。。/媒体（Media）/6a4e64830000000017008b9f/image-3.jpg
rednote-bookmarks	attachment-evidence	101652	09a57ad25c046886	小红书（RedNote）/。。。。。。。/媒体（Media）/6a4e64830000000017008b9f/image-4.jpg
rednote-bookmarks	attachment-evidence	117198	58fdbfe733471b89	小红书（RedNote）/。。。。。。。/媒体（Media）/6a4e64830000000017008b9f/image-5.jpg
rednote-bookmarks	attachment-evidence	78654	6532297cdb02007d	小红书（RedNote）/。。。。。。。/媒体（Media）/6a4e64830000000017008b9f/image-6.jpg
rednote-bookmarks	attachment-evidence	107608	3243832b40642c31	小红书（RedNote）/。。。。。。。/媒体（Media）/6a4e64830000000017008b9f/image-7.jpg
rednote-bookmarks	attachment-evidence	100550	0832e6e4bec7a258	小红书（RedNote）/。。。。。。。/媒体（Media）/6a4e64830000000017008b9f/image-8.jpg
rednote-bookmarks	attachment-evidence	91914	638ff7e8bdb3fb27	小红书（RedNote）/。。。。。。。/媒体（Media）/6a4e64830000000017008b9f/image-9.jpg
rednote-bookmarks	attachment-evidence	90076	5e538f6d1415482f	小红书（RedNote）/。。。。。。。/媒体（Media）/6a4f30810000000011004424/image-1.jpg
rednote-bookmarks	attachment-evidence	104460	0581a1ff5286c046	小红书（RedNote）/。。。。。。。/媒体（Media）/6a4f30810000000011004424/image-2.jpg
rednote-bookmarks	attachment-evidence	66732	5bd306391a7197b2	小红书（RedNote）/。。。。。。。/媒体（Media）/6a4f30810000000011004424/image-3.jpg
rednote-bookmarks	attachment-evidence	114146	fe99a78b9bfcb55a	小红书（RedNote）/。。。。。。。/媒体（Media）/6a4f790d000000002101bfc9/image-1.jpg
rednote-bookmarks	attachment-evidence	95048	a4541a1f7270ca88	小红书（RedNote）/。。。。。。。/媒体（Media）/6a4f790d000000002101bfc9/image-2.jpg
rednote-bookmarks	attachment-evidence	62214	9659bd39b0059665	小红书（RedNote）/。。。。。。。/媒体（Media）/6a4f8d6d000000000702cc4b/image-1.jpg
rednote-bookmarks	attachment-evidence	131178	bdc4f6474224f160	小红书（RedNote）/。。。。。。。/媒体（Media）/6a4f8d6d000000000702cc4b/image-2.jpg
rednote-bookmarks	attachment-evidence	125204	40a98c609e753d98	小红书（RedNote）/。。。。。。。/媒体（Media）/6a4f8d6d000000000702cc4b/image-3.jpg
rednote-bookmarks	attachment-evidence	131654	1a370ac62dbf098f	小红书（RedNote）/。。。。。。。/媒体（Media）/6a4f8d6d000000000702cc4b/image-4.jpg
rednote-bookmarks	attachment-evidence	131674	d04c2f0580d38f69	小红书（RedNote）/。。。。。。。/媒体（Media）/6a4f8d6d000000000702cc4b/image-5.jpg
rednote-bookmarks	attachment-evidence	136688	06901ed221861c55	小红书（RedNote）/。。。。。。。/媒体（Media）/6a4f8d6d000000000702cc4b/image-6.jpg
rednote-bookmarks	attachment-evidence	76212	30f9bf5df93623b0	小红书（RedNote）/。。。。。。。/媒体（Media）/6a4f8d6d000000000702cc4b/image-7.jpg
rednote-bookmarks	attachment-evidence	88260	7c212bc2eda36305	小红书（RedNote）/。。。。。。。/媒体（Media）/6a50aa8a00000000210220b7/image-1.jpg
rednote-bookmarks	attachment-evidence	151076	94d27a16c6316c27	小红书（RedNote）/。。。。。。。/媒体（Media）/6a51082800000000060207a3/image-1 (Multi Source Sync).jpg
rednote-bookmarks	attachment-evidence	151076	94d27a16c6316c27	小红书（RedNote）/。。。。。。。/媒体（Media）/6a51082800000000060207a3/image-1.jpg
rednote-bookmarks	attachment-evidence	31232	b61ea9c51f1363b5	小红书（RedNote）/。。。。。。。/媒体（Media）/6a511eaa000000002201bf8f/image-1.jpg
rednote-bookmarks	attachment-evidence	87198	983255d3ac99f7ed	小红书（RedNote）/。。。。。。。/媒体（Media）/6a511eaa000000002201bf8f/image-2.jpg
rednote-bookmarks	attachment-evidence	58512	21b97b21196de194	小红书（RedNote）/。。。。。。。/媒体（Media）/6a511eaa000000002201bf8f/image-3.jpg
rednote-bookmarks	attachment-evidence	39090	267afa5e86b13e69	小红书（RedNote）/。。。。。。。/媒体（Media）/6a51962d00000000220092e2/image-1.jpg
rednote-bookmarks	attachment-evidence	71302	bda37aec7b2999b2	小红书（RedNote）/。。。。。。。/媒体（Media）/6a51962d00000000220092e2/image-10.jpg
rednote-bookmarks	attachment-evidence	67704	ec66d96bb4236532	小红书（RedNote）/。。。。。。。/媒体（Media）/6a51962d00000000220092e2/image-11.jpg
rednote-bookmarks	attachment-evidence	69698	3d9b4611cf238365	小红书（RedNote）/。。。。。。。/媒体（Media）/6a51962d00000000220092e2/image-2.jpg
rednote-bookmarks	attachment-evidence	66656	6b2f005c717bac3b	小红书（RedNote）/。。。。。。。/媒体（Media）/6a51962d00000000220092e2/image-3.jpg
rednote-bookmarks	attachment-evidence	82302	8059b81394c7d746	小红书（RedNote）/。。。。。。。/媒体（Media）/6a51962d00000000220092e2/image-4.jpg
rednote-bookmarks	attachment-evidence	74156	8b1158dc130022be	小红书（RedNote）/。。。。。。。/媒体（Media）/6a51962d00000000220092e2/image-5.jpg
rednote-bookmarks	attachment-evidence	76956	9a6fdb72f6988eee	小红书（RedNote）/。。。。。。。/媒体（Media）/6a51962d00000000220092e2/image-6.jpg
rednote-bookmarks	attachment-evidence	76568	6ef8172f01557e6a	小红书（RedNote）/。。。。。。。/媒体（Media）/6a51962d00000000220092e2/image-7.jpg
rednote-bookmarks	attachment-evidence	66076	aa77ca7704d2d59d	小红书（RedNote）/。。。。。。。/媒体（Media）/6a51962d00000000220092e2/image-8.jpg
rednote-bookmarks	attachment-evidence	78690	20ea7f7632a31e45	小红书（RedNote）/。。。。。。。/媒体（Media）/6a51962d00000000220092e2/image-9.jpg
rednote-bookmarks	attachment-evidence	52034	a0c8f74d8f9d9bce	小红书（RedNote）/。。。。。。。/媒体（Media）/6a5208e7000000001700a557/image-1.jpg
rednote-bookmarks	attachment-evidence	35984	a19dbdc1e76b5caf	小红书（RedNote）/。。。。。。。/媒体（Media）/6a5208e7000000001700a557/image-10.jpg
rednote-bookmarks	attachment-evidence	62212	19ef71bf45f4df49	小红书（RedNote）/。。。。。。。/媒体（Media）/6a5208e7000000001700a557/image-11.jpg
rednote-bookmarks	attachment-evidence	72152	3ce90278220dfadd	小红书（RedNote）/。。。。。。。/媒体（Media）/6a5208e7000000001700a557/image-2.jpg
rednote-bookmarks	attachment-evidence	141458	4deba0e4de6c1714	小红书（RedNote）/。。。。。。。/媒体（Media）/6a5208e7000000001700a557/image-3.jpg
rednote-bookmarks	attachment-evidence	55974	8f74fa5049171b8b	小红书（RedNote）/。。。。。。。/媒体（Media）/6a5208e7000000001700a557/image-4.jpg
rednote-bookmarks	attachment-evidence	57548	f2a0d5c14e9dfe45	小红书（RedNote）/。。。。。。。/媒体（Media）/6a5208e7000000001700a557/image-5.jpg
rednote-bookmarks	attachment-evidence	83942	664d5fbfb1532aa2	小红书（RedNote）/。。。。。。。/媒体（Media）/6a5208e7000000001700a557/image-6.jpg
rednote-bookmarks	attachment-evidence	98418	97f9d0e3640732d4	小红书（RedNote）/。。。。。。。/媒体（Media）/6a5208e7000000001700a557/image-7.jpg
rednote-bookmarks	attachment-evidence	61968	e8558440d21f7dd3	小红书（RedNote）/。。。。。。。/媒体（Media）/6a5208e7000000001700a557/image-8.jpg
rednote-bookmarks	attachment-evidence	37482	8c427918d894e52d	小红书（RedNote）/。。。。。。。/媒体（Media）/6a5208e7000000001700a557/image-9.jpg
rednote-bookmarks	attachment-evidence	198088	4eaa439b1e2bb8ed	小红书（RedNote）/。。。。。。。/媒体（Media）/6a521a0100000000070115aa/image-1.jpg
rednote-bookmarks	attachment-evidence	34344	73e29ab95c412d5e	小红书（RedNote）/。。。。。。。/媒体（Media）/6a521a0100000000070115aa/image-2.jpg
rednote-bookmarks	attachment-evidence	111168	d17f344a58cf7d03	小红书（RedNote）/。。。。。。。/媒体（Media）/6a52dab8000000000f007864/image-1 (Multi Source Sync).jpg
rednote-bookmarks	attachment-evidence	111168	d17f344a58cf7d03	小红书（RedNote）/。。。。。。。/媒体（Media）/6a52dab8000000000f007864/image-1.jpg
rednote-bookmarks	attachment-evidence	83604	c3d7d16c25b810d4	小红书（RedNote）/。。。。。。。/媒体（Media）/6a52dab8000000000f007864/image-2 (Multi Source Sync).jpg
rednote-bookmarks	attachment-evidence	83604	c3d7d16c25b810d4	小红书（RedNote）/。。。。。。。/媒体（Media）/6a52dab8000000000f007864/image-2.jpg
rednote-bookmarks	attachment-evidence	59756	6893238eb27e9a73	小红书（RedNote）/。。。。。。。/媒体（Media）/6a52dab8000000000f007864/image-3 (Multi Source Sync).jpg
rednote-bookmarks	attachment-evidence	59756	6893238eb27e9a73	小红书（RedNote）/。。。。。。。/媒体（Media）/6a52dab8000000000f007864/image-3.jpg
rednote-bookmarks	attachment-evidence	77518	62b435bb939110cb	小红书（RedNote）/。。。。。。。/媒体（Media）/6a52dab8000000000f007864/image-4 (Multi Source Sync).jpg
rednote-bookmarks	attachment-evidence	77518	62b435bb939110cb	小红书（RedNote）/。。。。。。。/媒体（Media）/6a52dab8000000000f007864/image-4.jpg
rednote-bookmarks	attachment-evidence	98992	4e2172feb2a67e7b	小红书（RedNote）/。。。。。。。/媒体（Media）/6a52dab8000000000f007864/image-5 (Multi Source Sync).jpg
rednote-bookmarks	attachment-evidence	98992	4e2172feb2a67e7b	小红书（RedNote）/。。。。。。。/媒体（Media）/6a52dab8000000000f007864/image-5.jpg
rednote-bookmarks	attachment-evidence	57900	3ab4560cdc460976	小红书（RedNote）/。。。。。。。/媒体（Media）/6a52dab8000000000f007864/image-6 (Multi Source Sync).jpg
rednote-bookmarks	attachment-evidence	57900	3ab4560cdc460976	小红书（RedNote）/。。。。。。。/媒体（Media）/6a52dab8000000000f007864/image-6.jpg
rednote-bookmarks	attachment-evidence	56964	9bfd2a986e441bae	小红书（RedNote）/。。。。。。。/媒体（Media）/6a52ee58000000000f030ab8/image-1.jpg
rednote-bookmarks	attachment-evidence	46600	e1572d102a3135c2	小红书（RedNote）/。。。。。。。/媒体（Media）/6a52ee58000000000f030ab8/image-2.jpg
rednote-bookmarks	attachment-evidence	52342	58192dad578c675a	小红书（RedNote）/。。。。。。。/媒体（Media）/6a52ee58000000000f030ab8/image-3.jpg
rednote-bookmarks	attachment-evidence	54062	cc495aa56ef04c11	小红书（RedNote）/。。。。。。。/媒体（Media）/6a52ee58000000000f030ab8/image-4.jpg
rednote-bookmarks	attachment-evidence	80940	39ef4cfa8e54d3f5	小红书（RedNote）/。。。。。。。/媒体（Media）/6a52ee58000000000f030ab8/image-5.jpg
rednote-bookmarks	attachment-evidence	75786	81698e4904719021	小红书（RedNote）/。。。。。。。/媒体（Media）/6a52ee58000000000f030ab8/image-6.jpg
rednote-bookmarks	attachment-evidence	80078	7510447510b680e7	小红书（RedNote）/。。。。。。。/媒体（Media）/6a52ee58000000000f030ab8/image-7.jpg
rednote-bookmarks	attachment-evidence	45508	3b742bc43f877f17	小红书（RedNote）/。。。。。。。/媒体（Media）/6a52ee58000000000f030ab8/image-8.jpg
rednote-bookmarks	attachment-evidence	60602	ca289e4ac62f48d4	小红书（RedNote）/。。。。。。。/媒体（Media）/6a52ee58000000000f030ab8/image-9.jpg
rednote-bookmarks	attachment-evidence	149158	1587c54fd9e43983	小红书（RedNote）/。。。。。。。/媒体（Media）/6a5305650000000011004bca/image-1.jpg
rednote-bookmarks	attachment-evidence	129692	a36b959c0fb77786	小红书（RedNote）/。。。。。。。/媒体（Media）/6a5305650000000011004bca/image-2.jpg
rednote-bookmarks	attachment-evidence	180506	82311d9d6c30a16d	小红书（RedNote）/。。。。。。。/媒体（Media）/6a536bc4000000001603d051/image-1.jpg
rednote-bookmarks	attachment-evidence	145616	17200cd0c000493e	小红书（RedNote）/。。。。。。。/媒体（Media）/6a536bc4000000001603d051/image-10.jpg
rednote-bookmarks	attachment-evidence	155640	60fba882cedec6d4	小红书（RedNote）/。。。。。。。/媒体（Media）/6a536bc4000000001603d051/image-11.jpg
rednote-bookmarks	attachment-evidence	132728	b5607f6fab6a5dbf	小红书（RedNote）/。。。。。。。/媒体（Media）/6a536bc4000000001603d051/image-12.jpg
rednote-bookmarks	attachment-evidence	70138	ee8ef26bddf454c6	小红书（RedNote）/。。。。。。。/媒体（Media）/6a536bc4000000001603d051/image-13.jpg
rednote-bookmarks	attachment-evidence	20690	257b414fe8410c9d	小红书（RedNote）/。。。。。。。/媒体（Media）/6a536bc4000000001603d051/image-14.jpg
rednote-bookmarks	attachment-evidence	10140	3cb6a38a920a2648	小红书（RedNote）/。。。。。。。/媒体（Media）/6a536bc4000000001603d051/image-15.jpg
rednote-bookmarks	attachment-evidence	167600	bea4bfca9ddd7165	小红书（RedNote）/。。。。。。。/媒体（Media）/6a536bc4000000001603d051/image-2.jpg
rednote-bookmarks	attachment-evidence	172302	a3d2628fd9fac03f	小红书（RedNote）/。。。。。。。/媒体（Media）/6a536bc4000000001603d051/image-3.jpg
rednote-bookmarks	attachment-evidence	166088	c956261829ec2d68	小红书（RedNote）/。。。。。。。/媒体（Media）/6a536bc4000000001603d051/image-4.jpg
rednote-bookmarks	attachment-evidence	149944	affd88f4499dbccf	小红书（RedNote）/。。。。。。。/媒体（Media）/6a536bc4000000001603d051/image-5.jpg
rednote-bookmarks	attachment-evidence	161078	adc9cc715ed4594f	小红书（RedNote）/。。。。。。。/媒体（Media）/6a536bc4000000001603d051/image-6.jpg
rednote-bookmarks	attachment-evidence	150382	9f6292d44c36a557	小红书（RedNote）/。。。。。。。/媒体（Media）/6a536bc4000000001603d051/image-7.jpg
rednote-bookmarks	attachment-evidence	128244	08ed932facc0b2e1	小红书（RedNote）/。。。。。。。/媒体（Media）/6a536bc4000000001603d051/image-8.jpg
rednote-bookmarks	attachment-evidence	131312	f38aa1ea73dcb302	小红书（RedNote）/。。。。。。。/媒体（Media）/6a536bc4000000001603d051/image-9.jpg
rednote-bookmarks	attachment-evidence	56320	89c14ee284eafbe3	小红书（RedNote）/。。。。。。。/媒体（Media）/6a53834d000000001503e12b/image-1.jpg
rednote-bookmarks	attachment-evidence	131992	e603ff520a6198db	小红书（RedNote）/。。。。。。。/媒体（Media）/6a53967d000000000702f7cf/image-1.jpg
rednote-bookmarks	attachment-evidence	118574	dff80af277efa314	小红书（RedNote）/。。。。。。。/媒体（Media）/6a53967d000000000702f7cf/image-2.jpg
rednote-bookmarks	attachment-evidence	113128	17bd4668f218d807	小红书（RedNote）/。。。。。。。/媒体（Media）/6a53967d000000000702f7cf/image-3.jpg
rednote-bookmarks	attachment-evidence	134168	f4cb096944441293	小红书（RedNote）/。。。。。。。/媒体（Media）/6a53967d000000000702f7cf/image-4.jpg
rednote-bookmarks	attachment-evidence	83100	fd282e83fd454066	小红书（RedNote）/。。。。。。。/媒体（Media）/6a53af50000000001003f486/image-1.jpg
rednote-bookmarks	attachment-evidence	81158	6ae3f3567595a02d	小红书（RedNote）/。。。。。。。/媒体（Media）/6a53af50000000001003f486/image-2.jpg
rednote-bookmarks	attachment-evidence	121652	9e658d66047340e2	小红书（RedNote）/。。。。。。。/媒体（Media）/6a53af50000000001003f486/image-3.jpg
rednote-bookmarks	attachment-evidence	31290	a89ba719d881f20e	小红书（RedNote）/。。。。。。。/媒体（Media）/6a53af50000000001003f486/image-4.jpg
rednote-bookmarks	attachment-evidence	129002	e097860ed69c6541	小红书（RedNote）/。。。。。。。/媒体（Media）/6a53af50000000001003f486/image-5.jpg
rednote-bookmarks	attachment-evidence	129994	b7d41235c52bc213	小红书（RedNote）/。。。。。。。/媒体（Media）/6a53af50000000001003f486/image-6.jpg
rednote-bookmarks	attachment-evidence	29614	667fd0d65f0a3025	小红书（RedNote）/。。。。。。。/媒体（Media）/6a53af50000000001003f486/image-7.jpg
rednote-bookmarks	attachment-evidence	108226	80eaf31c335b5604	小红书（RedNote）/。。。。。。。/媒体（Media）/6a53af50000000001003f486/image-8.jpg
rednote-bookmarks	attachment-evidence	104756	a35bd3924d6aeeb3	小红书（RedNote）/。。。。。。。/媒体（Media）/6a53bf44000000001003e467/image-1.jpg
rednote-bookmarks	attachment-evidence	11452	b4704a4e9c3302f7	小红书（RedNote）/。。。。。。。/媒体（Media）/6a53bf44000000001003e467/image-2.jpg
rednote-bookmarks	attachment-evidence	174298	006e5acd6124b96f	小红书（RedNote）/。。。。。。。/媒体（Media）/6a53bf44000000001003e467/image-3.jpg
rednote-bookmarks	attachment-evidence	157936	75fd5123d4048d89	小红书（RedNote）/。。。。。。。/媒体（Media）/6a53bf44000000001003e467/image-4.jpg
rednote-bookmarks	attachment-evidence	149006	12a31384acc7622c	小红书（RedNote）/。。。。。。。/媒体（Media）/6a53bf44000000001003e467/image-5.jpg
rednote-bookmarks	attachment-evidence	142836	b3da051099fe9f13	小红书（RedNote）/。。。。。。。/媒体（Media）/6a53bf44000000001003e467/image-6.jpg
rednote-bookmarks	attachment-evidence	117870	48863415afe065bf	小红书（RedNote）/。。。。。。。/媒体（Media）/6a53bf44000000001003e467/image-7.jpg
rednote-bookmarks	attachment-evidence	150538	dfc273d49d3be584	小红书（RedNote）/。。。。。。。/媒体（Media）/6a53bf44000000001003e467/image-8.jpg
rednote-bookmarks	attachment-evidence	66514	8b31743f4a629808	小红书（RedNote）/。。。。。。。/媒体（Media）/6a5430650000000007013642/image-1.jpg
rednote-bookmarks	attachment-evidence	70172	be30e22838b39234	小红书（RedNote）/。。。。。。。/媒体（Media）/6a5430650000000007013642/image-2.jpg
rednote-bookmarks	attachment-evidence	77732	e4320ada4fc6a0bd	小红书（RedNote）/。。。。。。。/媒体（Media）/6a544a79000000001c027e6b/image-1.jpg
rednote-bookmarks	attachment-evidence	57832	48cc5aed3a17432b	小红书（RedNote）/。。。。。。。/媒体（Media）/6a54698b000000001003ec19/image-1 (Multi Source Sync).jpg
rednote-bookmarks	attachment-evidence	57832	48cc5aed3a17432b	小红书（RedNote）/。。。。。。。/媒体（Media）/6a54698b000000001003ec19/image-1.jpg
rednote-bookmarks	attachment-evidence	624260	b588bcaced667d3a	小红书（RedNote）/。。。。。。。/媒体（Media）/6a546c83000000001c024bce/image-1.jpg
rednote-bookmarks	attachment-evidence	381734	a04de0fa19cfeb1f	小红书（RedNote）/。。。。。。。/媒体（Media）/6a546c83000000001c024bce/image-2.jpg
rednote-bookmarks	attachment-evidence	270920	4a87ec7870261b5c	小红书（RedNote）/。。。。。。。/媒体（Media）/6a546c83000000001c024bce/image-3.jpg
rednote-bookmarks	attachment-evidence	171326	1e25f8368706bb36	小红书（RedNote）/。。。。。。。/媒体（Media）/6a546c83000000001c024bce/image-4.jpg
rednote-bookmarks	attachment-evidence	346304	feb3612c27b449a1	小红书（RedNote）/。。。。。。。/媒体（Media）/6a546c83000000001c024bce/image-5.jpg
rednote-bookmarks	attachment-evidence	555604	6c6d8ebc263b669a	小红书（RedNote）/。。。。。。。/媒体（Media）/6a546c83000000001c024bce/image-6.jpg
rednote-bookmarks	attachment-evidence	465858	8b4e150c3d6a05b1	小红书（RedNote）/。。。。。。。/媒体（Media）/6a546c83000000001c024bce/image-7.jpg
rednote-bookmarks	attachment-evidence	37748	c976b5deffdb58ec	小红书（RedNote）/。。。。。。。/媒体（Media）/6a54b2a0000000002200848e/image-1.jpg
rednote-bookmarks	attachment-evidence	56946	30089585ef514e91	小红书（RedNote）/。。。。。。。/媒体（Media）/6a54bbc60000000017029090/image-1.jpg
rednote-bookmarks	attachment-evidence	153444	0bdeaf850300021e	小红书（RedNote）/。。。。。。。/媒体（Media）/6a54bbc60000000017029090/image-2.jpg
rednote-bookmarks	attachment-evidence	131210	1192fb91d244f2e1	小红书（RedNote）/。。。。。。。/媒体（Media）/6a54bbc60000000017029090/image-3.jpg
rednote-bookmarks	attachment-evidence	96840	def255921aaeff7a	小红书（RedNote）/。。。。。。。/媒体（Media）/6a54bbc60000000017029090/image-4.jpg
rednote-bookmarks	attachment-evidence	170930	31b5556cb4d8256a	小红书（RedNote）/。。。。。。。/媒体（Media）/6a55b6bd000000000f01dc13/image-1.jpg
rednote-bookmarks	attachment-evidence	201274	5b297bff09519e6a	小红书（RedNote）/。。。。。。。/媒体（Media）/6a55b6bd000000000f01dc13/image-2.jpg
rednote-bookmarks	attachment-evidence	226300	b48f565f7bdf3eac	小红书（RedNote）/。。。。。。。/媒体（Media）/6a55b6bd000000000f01dc13/image-3.jpg
rednote-bookmarks	attachment-evidence	153924	4a01d0e96762cd1d	小红书（RedNote）/。。。。。。。/媒体（Media）/6a55b6bd000000000f01dc13/image-4.jpg
rednote-bookmarks	attachment-evidence	176712	e844bbe64a12ed33	小红书（RedNote）/。。。。。。。/媒体（Media）/6a55b6bd000000000f01dc13/image-5.jpg
rednote-bookmarks	attachment-evidence	218290	161a0f1f051a451f	小红书（RedNote）/。。。。。。。/媒体（Media）/6a55b6bd000000000f01dc13/image-6.jpg
rednote-bookmarks	attachment-evidence	25038	19f0f55c7d1b2da1	小红书（RedNote）/。。。。。。。/媒体（Media）/6a55fbbb0000000022017cf8/image-1.jpg
rednote-bookmarks	attachment-evidence	191480	6cc9477ce5b9b96d	小红书（RedNote）/。。。。。。。/媒体（Media）/6a560bd600000000220086bb/image-1.jpg
rednote-bookmarks	attachment-evidence	29800	51d20fa16591af03	小红书（RedNote）/。。。。。。。/媒体（Media）/6a562a9f000000002003b943/image-1.jpg
rednote-bookmarks	attachment-evidence	120770	5afe7f70f75363c4	小红书（RedNote）/。。。。。。。/媒体（Media）/6a562a9f000000002003b943/image-10.jpg
rednote-bookmarks	attachment-evidence	67500	8318affbb7f03ac8	小红书（RedNote）/。。。。。。。/媒体（Media）/6a562a9f000000002003b943/image-11.jpg
rednote-bookmarks	attachment-evidence	135252	0c2994ed76aca877	小红书（RedNote）/。。。。。。。/媒体（Media）/6a562a9f000000002003b943/image-12.jpg
rednote-bookmarks	attachment-evidence	30138	582660b824c87e26	小红书（RedNote）/。。。。。。。/媒体（Media）/6a562a9f000000002003b943/image-13.jpg
rednote-bookmarks	attachment-evidence	139158	ce9013cead0da5fc	小红书（RedNote）/。。。。。。。/媒体（Media）/6a562a9f000000002003b943/image-2.jpg
rednote-bookmarks	attachment-evidence	136174	534b3f1387dbdea0	小红书（RedNote）/。。。。。。。/媒体（Media）/6a562a9f000000002003b943/image-3.jpg
rednote-bookmarks	attachment-evidence	118326	08c1f6c483aa1ab1	小红书（RedNote）/。。。。。。。/媒体（Media）/6a562a9f000000002003b943/image-4.jpg
rednote-bookmarks	attachment-evidence	155404	60b1746044c21534	小红书（RedNote）/。。。。。。。/媒体（Media）/6a562a9f000000002003b943/image-5.jpg
rednote-bookmarks	attachment-evidence	72490	cc7ca73a8b6f3626	小红书（RedNote）/。。。。。。。/媒体（Media）/6a562a9f000000002003b943/image-6.jpg
rednote-bookmarks	attachment-evidence	103606	80fc259773a42279	小红书（RedNote）/。。。。。。。/媒体（Media）/6a562a9f000000002003b943/image-7.jpg
rednote-bookmarks	attachment-evidence	126762	6239b11d8ae909c4	小红书（RedNote）/。。。。。。。/媒体（Media）/6a562a9f000000002003b943/image-8.jpg
rednote-bookmarks	attachment-evidence	112988	e04ec26013b29026	小红书（RedNote）/。。。。。。。/媒体（Media）/6a562a9f000000002003b943/image-9.jpg
rednote-bookmarks	attachment-evidence	181642	79e823786829c2d6	小红书（RedNote）/。。。。。。。/媒体（Media）/6a5633400000000022019fe0/image-1.jpg
rednote-bookmarks	attachment-evidence	196308	231413514409f5b1	小红书（RedNote）/。。。。。。。/媒体（Media）/6a5633400000000022019fe0/image-2.jpg
rednote-bookmarks	attachment-evidence	121254	ddfdbe9596669a9f	小红书（RedNote）/。。。。。。。/媒体（Media）/6a56463f00000000170295d5/image-1.jpg
rednote-bookmarks	attachment-evidence	107900	4140a721d12c3177	小红书（RedNote）/。。。。。。。/媒体（Media）/6a56463f00000000170295d5/image-2.jpg
rednote-bookmarks	attachment-evidence	115344	596f494657e01793	小红书（RedNote）/。。。。。。。/媒体（Media）/6a56463f00000000170295d5/image-3.jpg
rednote-bookmarks	attachment-evidence	115580	8bed6c1a3ed12102	小红书（RedNote）/。。。。。。。/媒体（Media）/6a56463f00000000170295d5/image-4.jpg
rednote-bookmarks	attachment-evidence	99222	5098278c4bf1499f	小红书（RedNote）/。。。。。。。/媒体（Media）/6a56463f00000000170295d5/image-5.jpg
rednote-bookmarks	attachment-evidence	82882	dd5402f5b7000a92	小红书（RedNote）/。。。。。。。/媒体（Media）/6a56463f00000000170295d5/image-6.jpg
rednote-bookmarks	attachment-evidence	122214	502fd37132260e35	小红书（RedNote）/。。。。。。。/媒体（Media）/6a56463f00000000170295d5/image-7.jpg
rednote-bookmarks	attachment-evidence	76250	4f561de0863d10e7	小红书（RedNote）/。。。。。。。/媒体（Media）/6a564c1e0000000015024abe/image-1.jpg
rednote-bookmarks	attachment-evidence	92458	6a8169b687966757	小红书（RedNote）/。。。。。。。/媒体（Media）/6a564c1e0000000015024abe/image-2.jpg
rednote-bookmarks	attachment-evidence	90022	acb036d60af46411	小红书（RedNote）/。。。。。。。/媒体（Media）/6a564c1e0000000015024abe/image-3.jpg
rednote-bookmarks	attachment-evidence	75894	18de5edc4d63f67e	小红书（RedNote）/。。。。。。。/媒体（Media）/6a564c1e0000000015024abe/image-4.jpg
rednote-bookmarks	attachment-evidence	81018	37224070df32cd12	小红书（RedNote）/。。。。。。。/媒体（Media）/6a564c1e0000000015024abe/image-5.jpg
rednote-bookmarks	attachment-evidence	124330	5c91f2028b20bcc5	小红书（RedNote）/。。。。。。。/媒体（Media）/6a564c1e0000000015024abe/image-6.jpg
rednote-bookmarks	attachment-evidence	68064	f9368e442a812dac	小红书（RedNote）/。。。。。。。/媒体（Media）/6a565b0a000000001702d88e/image-1.jpg
rednote-bookmarks	attachment-evidence	52168	edb2cf4647fa827b	小红书（RedNote）/。。。。。。。/媒体（Media）/6a565b0a000000001702d88e/image-2.jpg
rednote-bookmarks	attachment-evidence	238100	971f8004b3596f07	小红书（RedNote）/。。。。。。。/媒体（Media）/6a566413000000002101b030/image-1.jpg
rednote-bookmarks	attachment-evidence	104426	15d7f4edce822c69	小红书（RedNote）/。。。。。。。/媒体（Media）/6a566413000000002101b030/image-2.jpg
rednote-bookmarks	attachment-evidence	58110	b2b69e4129ae8f2c	小红书（RedNote）/。。。。。。。/媒体（Media）/6a566413000000002101b030/image-3.jpg
rednote-bookmarks	attachment-evidence	90384	a47cdcb009e249f2	小红书（RedNote）/。。。。。。。/媒体（Media）/6a566413000000002101b030/image-4.jpg
rednote-bookmarks	attachment-evidence	87270	b99ecad5b1f27bed	小红书（RedNote）/。。。。。。。/媒体（Media）/6a566413000000002101b030/image-5.jpg
rednote-bookmarks	attachment-evidence	77052	4d166ccf1e7ea4d2	小红书（RedNote）/。。。。。。。/媒体（Media）/6a566413000000002101b030/image-6.jpg
rednote-bookmarks	attachment-evidence	115202	ca5f80a1a36bafa9	小红书（RedNote）/。。。。。。。/媒体（Media）/6a567699000000002200bbcb/image-1.jpg
rednote-bookmarks	attachment-evidence	63432	de20a86fe758fd76	小红书（RedNote）/。。。。。。。/媒体（Media）/6a567699000000002200bbcb/image-10.jpg
rednote-bookmarks	attachment-evidence	84442	6b3bf1c500d5b737	小红书（RedNote）/。。。。。。。/媒体（Media）/6a567699000000002200bbcb/image-2.jpg
rednote-bookmarks	attachment-evidence	101066	6d201d3636636fe5	小红书（RedNote）/。。。。。。。/媒体（Media）/6a567699000000002200bbcb/image-3.jpg
rednote-bookmarks	attachment-evidence	62226	2dff8872a4063bda	小红书（RedNote）/。。。。。。。/媒体（Media）/6a567699000000002200bbcb/image-4.jpg
rednote-bookmarks	attachment-evidence	98270	892aecf1f119f874	小红书（RedNote）/。。。。。。。/媒体（Media）/6a567699000000002200bbcb/image-5.jpg
rednote-bookmarks	attachment-evidence	111246	c3259faf17676156	小红书（RedNote）/。。。。。。。/媒体（Media）/6a567699000000002200bbcb/image-6.jpg
rednote-bookmarks	attachment-evidence	136844	7f9ba9938934a0b0	小红书（RedNote）/。。。。。。。/媒体（Media）/6a567699000000002200bbcb/image-7.jpg
rednote-bookmarks	attachment-evidence	122584	4dde52895fffb378	小红书（RedNote）/。。。。。。。/媒体（Media）/6a567699000000002200bbcb/image-8.jpg
rednote-bookmarks	attachment-evidence	58218	6c2fe774f08ea94e	小红书（RedNote）/。。。。。。。/媒体（Media）/6a567699000000002200bbcb/image-9.jpg
rednote-bookmarks	attachment-evidence	213048	c674761e620b64fe	小红书（RedNote）/。。。。。。。/媒体（Media）/6a56e91c000000000803ce3f/image-1.jpg
rednote-bookmarks	attachment-evidence	54820	59c86eb5a635c7b1	小红书（RedNote）/。。。。。。。/媒体（Media）/6a56f4610000000006036236/image-1.jpg
rednote-bookmarks	attachment-evidence	112478	13a5c54162bc1cca	小红书（RedNote）/。。。。。。。/媒体（Media）/6a56f4610000000006036236/image-2.jpg
rednote-bookmarks	attachment-evidence	98280	7fe2687743c5b2ed	小红书（RedNote）/。。。。。。。/媒体（Media）/6a56f4610000000006036236/image-3.jpg
rednote-bookmarks	attachment-evidence	105598	003e7f431742b43c	小红书（RedNote）/。。。。。。。/媒体（Media）/6a56f4610000000006036236/image-4.jpg
rednote-bookmarks	attachment-evidence	116794	54982cfe7cc71f9e	小红书（RedNote）/。。。。。。。/媒体（Media）/6a56f4610000000006036236/image-5.jpg
rednote-bookmarks	attachment-evidence	108438	14d182eab076edbd	小红书（RedNote）/。。。。。。。/媒体（Media）/6a56f4610000000006036236/image-6.jpg
rednote-bookmarks	attachment-evidence	113776	44c539fbeebcdee2	小红书（RedNote）/。。。。。。。/媒体（Media）/6a56f4610000000006036236/image-7.jpg
rednote-bookmarks	attachment-evidence	116122	8770826d061e6cfd	小红书（RedNote）/。。。。。。。/媒体（Media）/6a56f4610000000006036236/image-8.jpg
rednote-bookmarks	attachment-evidence	74610	4a21aebcf358dea6	小红书（RedNote）/。。。。。。。/媒体（Media）/6a56f4610000000006036236/image-9.jpg
rednote-bookmarks	attachment-evidence	60322	2c7200b10c1066c1	小红书（RedNote）/。。。。。。。/媒体（Media）/6a572eea000000000f032bba/image-1.jpg
rednote-bookmarks	attachment-evidence	77860	dab06d9ea2422331	小红书（RedNote）/。。。。。。。/媒体（Media）/6a574f77000000000702825e/image-1.jpg
rednote-bookmarks	attachment-evidence	71972	9a75cd24c9e3a70b	小红书（RedNote）/。。。。。。。/媒体（Media）/6a574f77000000000702825e/image-2.jpg
rednote-bookmarks	attachment-evidence	191698	ba39d5d06211b76e	小红书（RedNote）/。。。。。。。/媒体（Media）/6a574f77000000000702825e/image-3.jpg
rednote-bookmarks	attachment-evidence	193412	5432c3157bbcab6b	小红书（RedNote）/。。。。。。。/媒体（Media）/6a574f77000000000702825e/image-4.jpg
rednote-bookmarks	attachment-evidence	78700	69c24a2e033fe148	小红书（RedNote）/。。。。。。。/媒体（Media）/6a5752ba00000000070247eb/image-1.jpg
rednote-bookmarks	attachment-evidence	87750	3dca2d54e4fc30b7	小红书（RedNote）/。。。。。。。/媒体（Media）/6a5752ba00000000070247eb/image-2.jpg
rednote-bookmarks	attachment-evidence	91074	c76ecc73f41d9245	小红书（RedNote）/。。。。。。。/媒体（Media）/6a5752ba00000000070247eb/image-3.jpg
rednote-bookmarks	attachment-evidence	91820	a9aafad61991e323	小红书（RedNote）/。。。。。。。/媒体（Media）/6a5752ba00000000070247eb/image-4.jpg
rednote-bookmarks	attachment-evidence	93426	d962b23b2d6b918c	小红书（RedNote）/。。。。。。。/媒体（Media）/6a5752ba00000000070247eb/image-5.jpg
rednote-bookmarks	attachment-evidence	83664	b581021e17131863	小红书（RedNote）/。。。。。。。/媒体（Media）/6a5752ba00000000070247eb/image-6.jpg
rednote-bookmarks	attachment-evidence	164222	8e48407b03eb848e	小红书（RedNote）/。。。。。。。/媒体（Media）/6a5752ba00000000070247eb/image-7.jpg
rednote-bookmarks	attachment-evidence	36938	06dde4f1dbf40e8c	小红书（RedNote）/。。。。。。。/媒体（Media）/6a575e0f000000000f033e9f/image-1.jpg
rednote-bookmarks	attachment-evidence	112520	e70a62b31cd95733	小红书（RedNote）/。。。。。。。/媒体（Media）/6a575e0f000000000f033e9f/image-2.jpg
rednote-bookmarks	attachment-evidence	117304	45d0132628f02b1f	小红书（RedNote）/。。。。。。。/媒体（Media）/6a575e0f000000000f033e9f/image-3.jpg
rednote-bookmarks	attachment-evidence	116312	0c6c14285ad0cfb7	小红书（RedNote）/。。。。。。。/媒体（Media）/6a575e0f000000000f033e9f/image-4.jpg
rednote-bookmarks	attachment-evidence	114622	786bba30e0a40afd	小红书（RedNote）/。。。。。。。/媒体（Media）/6a57a7c3000000001503edd0/image-1.jpg
rednote-bookmarks	attachment-evidence	89104	13acef63d2377545	小红书（RedNote）/。。。。。。。/媒体（Media）/6a57a7c3000000001503edd0/image-2.jpg
rednote-bookmarks	attachment-evidence	117524	6c5deffad8cb1a34	小红书（RedNote）/。。。。。。。/媒体（Media）/6a57a7c3000000001503edd0/image-3.jpg
rednote-bookmarks	attachment-evidence	41670	988c1619f7bf92a8	小红书（RedNote）/。。。。。。。/媒体（Media）/6a57a7c3000000001503edd0/image-4.jpg
rednote-bookmarks	attachment-evidence	289848	8683ba6b91ee587b	小红书（RedNote）/。。。。。。。/媒体（Media）/6a57bc1c0000000011011cdd/image-1.jpg
rednote-bookmarks	attachment-evidence	203584	bad495d891e6fdd1	小红书（RedNote）/。。。。。。。/媒体（Media）/6a57bc1c0000000011011cdd/image-2.jpg
rednote-bookmarks	attachment-evidence	200068	e47565fbd1084b37	小红书（RedNote）/。。。。。。。/媒体（Media）/6a57bc1c0000000011011cdd/image-3.jpg
rednote-bookmarks	attachment-evidence	194254	df20d8e54578e629	小红书（RedNote）/。。。。。。。/媒体（Media）/6a57bc1c0000000011011cdd/image-4.jpg
rednote-bookmarks	attachment-evidence	80790	26f6cea8cbd81243	小红书（RedNote）/。。。。。。。/媒体（Media）/6a58408f000000001003d877/image-1.jpg
rednote-bookmarks	attachment-evidence	59504	438d5ea5a41f8c46	小红书（RedNote）/。。。。。。。/媒体（Media）/6a58408f000000001003d877/image-2.jpg
rednote-bookmarks	attachment-evidence	63708	8f98b0a5daff21bf	小红书（RedNote）/。。。。。。。/媒体（Media）/6a58408f000000001003d877/image-3.jpg
rednote-bookmarks	attachment-evidence	84312	927ffddb6aa57334	小红书（RedNote）/。。。。。。。/媒体（Media）/6a58408f000000001003d877/image-4.jpg
rednote-bookmarks	attachment-evidence	81886	9c5c4fdc237789d9	小红书（RedNote）/。。。。。。。/媒体（Media）/6a58408f000000001003d877/image-5.jpg
rednote-bookmarks	attachment-evidence	110960	32e51bfe0c262e15	小红书（RedNote）/。。。。。。。/媒体（Media）/6a58408f000000001003d877/image-6.jpg
rednote-bookmarks	attachment-evidence	106376	907b4ef22f881c73	小红书（RedNote）/。。。。。。。/媒体（Media）/6a585e7c000000000f03cba8/image-1.jpg
rednote-bookmarks	attachment-evidence	71530	df931fd9eb0cd9dc	小红书（RedNote）/。。。。。。。/媒体（Media）/6a585e7c000000000f03cba8/image-10.jpg
rednote-bookmarks	attachment-evidence	87808	6c5a51cee8a9ff5b	小红书（RedNote）/。。。。。。。/媒体（Media）/6a585e7c000000000f03cba8/image-11.jpg
rednote-bookmarks	attachment-evidence	80978	72bde8289b234076	小红书（RedNote）/。。。。。。。/媒体（Media）/6a585e7c000000000f03cba8/image-12.jpg
rednote-bookmarks	attachment-evidence	150770	3f08fbe90c5322ed	小红书（RedNote）/。。。。。。。/媒体（Media）/6a585e7c000000000f03cba8/image-13.jpg
rednote-bookmarks	attachment-evidence	167988	eb93ff18a6e0201c	小红书（RedNote）/。。。。。。。/媒体（Media）/6a585e7c000000000f03cba8/image-14.jpg
rednote-bookmarks	attachment-evidence	79372	9990da06f0f84216	小红书（RedNote）/。。。。。。。/媒体（Media）/6a585e7c000000000f03cba8/image-15.jpg
rednote-bookmarks	attachment-evidence	113948	2688182f46d94598	小红书（RedNote）/。。。。。。。/媒体（Media）/6a585e7c000000000f03cba8/image-16.jpg
rednote-bookmarks	attachment-evidence	89270	cc5ce665d0eaaba2	小红书（RedNote）/。。。。。。。/媒体（Media）/6a585e7c000000000f03cba8/image-17.jpg
rednote-bookmarks	attachment-evidence	98898	481fb011cf261b0d	小红书（RedNote）/。。。。。。。/媒体（Media）/6a585e7c000000000f03cba8/image-18.jpg
rednote-bookmarks	attachment-evidence	94320	d9ceaba0d64c394d	小红书（RedNote）/。。。。。。。/媒体（Media）/6a585e7c000000000f03cba8/image-19.jpg
rednote-bookmarks	attachment-evidence	113280	ae5005279d1c29d0	小红书（RedNote）/。。。。。。。/媒体（Media）/6a585e7c000000000f03cba8/image-2.jpg
rednote-bookmarks	attachment-evidence	116336	dbf7cf05e2f29bb3	小红书（RedNote）/。。。。。。。/媒体（Media）/6a585e7c000000000f03cba8/image-20.jpg
rednote-bookmarks	attachment-evidence	160760	0b7ba977aa12459f	小红书（RedNote）/。。。。。。。/媒体（Media）/6a585e7c000000000f03cba8/image-21.jpg
rednote-bookmarks	attachment-evidence	80878	d01f1502c783e517	小红书（RedNote）/。。。。。。。/媒体（Media）/6a585e7c000000000f03cba8/image-22.jpg
rednote-bookmarks	attachment-evidence	165176	b48159e8ef6465e1	小红书（RedNote）/。。。。。。。/媒体（Media）/6a585e7c000000000f03cba8/image-3.jpg
rednote-bookmarks	attachment-evidence	146198	29c3db8b6e7ff7e8	小红书（RedNote）/。。。。。。。/媒体（Media）/6a585e7c000000000f03cba8/image-4.jpg
rednote-bookmarks	attachment-evidence	113874	34f7e010a584da61	小红书（RedNote）/。。。。。。。/媒体（Media）/6a585e7c000000000f03cba8/image-5.jpg
rednote-bookmarks	attachment-evidence	65078	4b135cff729a2112	小红书（RedNote）/。。。。。。。/媒体（Media）/6a585e7c000000000f03cba8/image-6.jpg
rednote-bookmarks	attachment-evidence	48446	71fc18873bd351e6	小红书（RedNote）/。。。。。。。/媒体（Media）/6a585e7c000000000f03cba8/image-7.jpg
rednote-bookmarks	attachment-evidence	78104	68578b9cd07a96a0	小红书（RedNote）/。。。。。。。/媒体（Media）/6a585e7c000000000f03cba8/image-8.jpg
rednote-bookmarks	attachment-evidence	96838	203076d27bc90b61	小红书（RedNote）/。。。。。。。/媒体（Media）/6a585e7c000000000f03cba8/image-9.jpg
rednote-bookmarks	attachment-evidence	180264	6c11ffd58c72d46b	小红书（RedNote）/。。。。。。。/媒体（Media）/6a58b005000000000402abe6/image-1.jpg
rednote-bookmarks	attachment-evidence	167730	f8a8bbe05b6e73c6	小红书（RedNote）/。。。。。。。/媒体（Media）/6a58b005000000000402abe6/image-2.jpg
rednote-bookmarks	attachment-evidence	127280	2569f1c08d324b04	小红书（RedNote）/。。。。。。。/媒体（Media）/6a58b005000000000402abe6/image-3.jpg
rednote-bookmarks	attachment-evidence	74742	21b565f8f41cc6ae	小红书（RedNote）/。。。。。。。/媒体（Media）/6a58c03c000000000100c00f/image-1.jpg
rednote-bookmarks	attachment-evidence	77478	8ca073eca75f204a	小红书（RedNote）/。。。。。。。/媒体（Media）/6a58c03c000000000100c00f/image-10.jpg
rednote-bookmarks	attachment-evidence	112300	77f332548b7c9f30	小红书（RedNote）/。。。。。。。/媒体（Media）/6a58c03c000000000100c00f/image-2.jpg
rednote-bookmarks	attachment-evidence	131706	1282a3f574361d31	小红书（RedNote）/。。。。。。。/媒体（Media）/6a58c03c000000000100c00f/image-3.jpg
rednote-bookmarks	attachment-evidence	110716	09ef3bc80300a4ec	小红书（RedNote）/。。。。。。。/媒体（Media）/6a58c03c000000000100c00f/image-4.jpg
rednote-bookmarks	attachment-evidence	115580	91d79ea54226ea54	小红书（RedNote）/。。。。。。。/媒体（Media）/6a58c03c000000000100c00f/image-5.jpg
rednote-bookmarks	attachment-evidence	110272	1236cc90c1e53d71	小红书（RedNote）/。。。。。。。/媒体（Media）/6a58c03c000000000100c00f/image-6.jpg
rednote-bookmarks	attachment-evidence	138696	7d250f526aca3fba	小红书（RedNote）/。。。。。。。/媒体（Media）/6a58c03c000000000100c00f/image-7.jpg
rednote-bookmarks	attachment-evidence	116036	1fab35ffca110e5b	小红书（RedNote）/。。。。。。。/媒体（Media）/6a58c03c000000000100c00f/image-8.jpg
rednote-bookmarks	attachment-evidence	146642	fda82c3b82f5e5d4	小红书（RedNote）/。。。。。。。/媒体（Media）/6a58c03c000000000100c00f/image-9.jpg
rednote-bookmarks	attachment-evidence	113570	b5719d794df53939	小红书（RedNote）/。。。。。。。/媒体（Media）/6a58d371000000000f02ab0a/image-1.jpg
rednote-bookmarks	attachment-evidence	144074	260193393a0b615a	小红书（RedNote）/。。。。。。。/媒体（Media）/6a58d371000000000f02ab0a/image-2.jpg
rednote-bookmarks	attachment-evidence	96994	bc8ea3621a90a33e	小红书（RedNote）/。。。。。。。/媒体（Media）/6a58d371000000000f02ab0a/image-3.jpg
rednote-bookmarks	attachment-evidence	120788	c9c1916c71fda0b3	小红书（RedNote）/。。。。。。。/媒体（Media）/6a58d371000000000f02ab0a/image-4.jpg
rednote-bookmarks	attachment-evidence	51702	26c6ecc9d9eef4c4	小红书（RedNote）/。。。。。。。/媒体（Media）/6a58d371000000000f02ab0a/image-5.jpg
rednote-bookmarks	attachment-evidence	140590	d88e4bf343eb18fc	小红书（RedNote）/。。。。。。。/媒体（Media）/6a596656000000001d00dcbb/image-1.jpg
rednote-bookmarks	attachment-evidence	173270	820a9d4bcfdc93ac	小红书（RedNote）/。。。。。。。/媒体（Media）/6a596656000000001d00dcbb/image-2.jpg
rednote-bookmarks	attachment-evidence	196884	31556262875300dc	小红书（RedNote）/。。。。。。。/媒体（Media）/6a596656000000001d00dcbb/image-3.jpg
rednote-bookmarks	attachment-evidence	175432	eb3c0c6f9871af6b	小红书（RedNote）/。。。。。。。/媒体（Media）/6a596656000000001d00dcbb/image-4.jpg
rednote-bookmarks	attachment-evidence	200534	effe59f088862088	小红书（RedNote）/。。。。。。。/媒体（Media）/6a596656000000001d00dcbb/image-5.jpg
rednote-bookmarks	attachment-evidence	155820	476a093e60b2365e	小红书（RedNote）/。。。。。。。/媒体（Media）/6a596656000000001d00dcbb/image-6.jpg
rednote-bookmarks	attachment-evidence	207358	8e3468a9cf7e2a5b	小红书（RedNote）/。。。。。。。/媒体（Media）/6a59aa6d000000001101e8e1/image-1.jpg
rednote-bookmarks	attachment-evidence	140032	8b7753397b375d47	小红书（RedNote）/。。。。。。。/媒体（Media）/6a5a0062000000001102c2d7/image-1.jpg
rednote-bookmarks	attachment-evidence	185976	9bca3d0b7015a7a2	小红书（RedNote）/。。。。。。。/媒体（Media）/6a5a0062000000001102c2d7/image-2.jpg
rednote-bookmarks	attachment-evidence	167508	634f66a936f7e76a	小红书（RedNote）/。。。。。。。/媒体（Media）/6a5a1f78000000000f01c263/image-1.jpg
rednote-bookmarks	attachment-evidence	137510	3fbfe00ab973b793	小红书（RedNote）/。。。。。。。/媒体（Media）/6a5ad737000000001101d6cb/image-1.jpg
rednote-bookmarks	attachment-evidence	106188	050afacf9f213768	小红书（RedNote）/。。。。。。。/媒体（Media）/6a5b04d1000000001102e1e7/image-1.jpg
rednote-bookmarks	attachment-evidence	44796	89a0ee50e18ef39c	小红书（RedNote）/。。。。。。。/媒体（Media）/6a5b56ae000000001c00f973/image-1.jpg
rednote-bookmarks	attachment-evidence	45780	efde5b1bff02010f	小红书（RedNote）/。。。。。。。/媒体（Media）/6a5b56ae000000001c00f973/image-2.jpg
rednote-bookmarks	attachment-evidence	83056	7c7fc8459ffadcd5	小红书（RedNote）/。。。。。。。/媒体（Media）/6a5b56ae000000001c00f973/image-3.jpg
rednote-bookmarks	attachment-evidence	61990	0dc268489699c5c1	小红书（RedNote）/。。。。。。。/媒体（Media）/6a5b56ae000000001c00f973/image-4.jpg
rednote-bookmarks	attachment-evidence	60028	9345bcff3f1c3207	小红书（RedNote）/。。。。。。。/媒体（Media）/6a5b56ae000000001c00f973/image-5.jpg
rednote-bookmarks	attachment-evidence	117070	b946e8f04f098328	小红书（RedNote）/。。。。。。。/媒体（Media）/6a5b6d6c00000000010333b6/image-1.jpg
rednote-bookmarks	attachment-evidence	126346	426ce14e8d30b7dd	小红书（RedNote）/。。。。。。。/媒体（Media）/6a5b6d6c00000000010333b6/image-2.jpg
rednote-bookmarks	attachment-evidence	157056	8129e83fb070f7ad	小红书（RedNote）/。。。。。。。/媒体（Media）/6a5b6d6c00000000010333b6/image-3.jpg
rednote-bookmarks	attachment-evidence	145166	2597e6e7103c6645	小红书（RedNote）/。。。。。。。/媒体（Media）/6a5b6d6c00000000010333b6/image-4.jpg
rednote-bookmarks	attachment-evidence	152744	0bdc7f44cd8501ad	小红书（RedNote）/。。。。。。。/媒体（Media）/6a5b6d6c00000000010333b6/image-5.jpg
rednote-bookmarks	attachment-evidence	81860	799409e0b956e406	小红书（RedNote）/。。。。。。。/媒体（Media）/6a5b6d6c00000000010333b6/image-6.jpg
rednote-bookmarks	attachment-evidence	115622	3bb98a2b1eaf3833	小红书（RedNote）/。。。。。。。/媒体（Media）/6a5b6e75000000001f01f2d9/image-1.jpg
rednote-bookmarks	attachment-evidence	48906	2ab06bfdaeb558d6	小红书（RedNote）/。。。。。。。/媒体（Media）/6a5b6e75000000001f01f2d9/image-2.jpg
rednote-bookmarks	attachment-evidence	41768	2d87ce632762e21c	小红书（RedNote）/。。。。。。。/媒体（Media）/6a5b6e75000000001f01f2d9/image-3.jpg
rednote-bookmarks	attachment-evidence	71584	564d7a77d4a5e6c1	小红书（RedNote）/。。。。。。。/媒体（Media）/6a5b6e75000000001f01f2d9/image-4.jpg
rednote-bookmarks	attachment-evidence	97270	b72ce7dc7250738e	小红书（RedNote）/。。。。。。。/媒体（Media）/6a5b8337000000000c01459a/image-1.jpg
rednote-bookmarks	attachment-evidence	70856	a94f93008213f466	小红书（RedNote）/。。。。。。。/媒体（Media）/6a5b8ce1000000001d00faf1/image-1.jpg
rednote-bookmarks	attachment-evidence	24498	11f3a982d7834697	小红书（RedNote）/。。。。。。。/媒体（Media）/6a5c4ee500000000010320bf/image-1.jpg
rednote-bookmarks	attachment-evidence	61064	168fb8a4aa653dbe	小红书（RedNote）/。。。。。。。/媒体（Media）/6a5c4f80000000000f0332e1/image-1.jpg
rednote-bookmarks	attachment-evidence	154104	f4c4a56369c97338	小红书（RedNote）/。。。。。。。/媒体（Media）/6a5c4f80000000000f0332e1/image-10.jpg
rednote-bookmarks	attachment-evidence	144786	1a127fdbd269db95	小红书（RedNote）/。。。。。。。/媒体（Media）/6a5c4f80000000000f0332e1/image-11.jpg
rednote-bookmarks	attachment-evidence	164182	520ee7ee02d22191	小红书（RedNote）/。。。。。。。/媒体（Media）/6a5c4f80000000000f0332e1/image-12.jpg
rednote-bookmarks	attachment-evidence	148592	e6752541ace697cc	小红书（RedNote）/。。。。。。。/媒体（Media）/6a5c4f80000000000f0332e1/image-13.jpg
rednote-bookmarks	attachment-evidence	181252	ee5453b3f928ffc9	小红书（RedNote）/。。。。。。。/媒体（Media）/6a5c4f80000000000f0332e1/image-2.jpg
rednote-bookmarks	attachment-evidence	172624	40a65287a2e0fc5b	小红书（RedNote）/。。。。。。。/媒体（Media）/6a5c4f80000000000f0332e1/image-3.jpg
rednote-bookmarks	attachment-evidence	153360	c236f73aed17f667	小红书（RedNote）/。。。。。。。/媒体（Media）/6a5c4f80000000000f0332e1/image-4.jpg
rednote-bookmarks	attachment-evidence	102058	9722cd37175f5f14	小红书（RedNote）/。。。。。。。/媒体（Media）/6a5c4f80000000000f0332e1/image-5.jpg
rednote-bookmarks	attachment-evidence	111314	d2d1f3c30e7d88e5	小红书（RedNote）/。。。。。。。/媒体（Media）/6a5c4f80000000000f0332e1/image-6.jpg
rednote-bookmarks	attachment-evidence	166884	0d8f7295457aa2d0	小红书（RedNote）/。。。。。。。/媒体（Media）/6a5c4f80000000000f0332e1/image-7.jpg
rednote-bookmarks	attachment-evidence	145748	94030ad546a7f086	小红书（RedNote）/。。。。。。。/媒体（Media）/6a5c4f80000000000f0332e1/image-8.jpg
rednote-bookmarks	attachment-evidence	123642	daf270b9c4419643	小红书（RedNote）/。。。。。。。/媒体（Media）/6a5c4f80000000000f0332e1/image-9.jpg
rednote-bookmarks	attachment-evidence	77682	8de0ea01346839a8	小红书（RedNote）/。。。。。。。/媒体（Media）/6a5c56fb0000000001030cc3/image-1.jpg
rednote-bookmarks	attachment-evidence	106204	02a27104b11e0d1c	小红书（RedNote）/。。。。。。。/媒体（Media）/6a5c58e40000000001000d43/image-1.jpg
rednote-bookmarks	attachment-evidence	31616	769cd273eaddd561	小红书（RedNote）/。。。。。。。/媒体（Media）/6a5c8f33000000001101a6f2/image-1.jpg
rednote-bookmarks	attachment-evidence	35718	a174716cf7e5ca15	小红书（RedNote）/。。。。。。。/媒体（Media）/6a5c8f33000000001101a6f2/image-2.jpg
rednote-bookmarks	attachment-evidence	33134	6ac07f8956ac1715	小红书（RedNote）/。。。。。。。/媒体（Media）/6a5c8f33000000001101a6f2/image-3.jpg
rednote-bookmarks	attachment-evidence	32494	6c1e4e647b999c07	小红书（RedNote）/。。。。。。。/媒体（Media）/6a5c8f33000000001101a6f2/image-4.jpg
rednote-bookmarks	attachment-evidence	30456	671f50368ed9dbfe	小红书（RedNote）/。。。。。。。/媒体（Media）/6a5c8f33000000001101a6f2/image-5.jpg
rednote-bookmarks	attachment-evidence	68964	eee14a1896e3fb7b	小红书（RedNote）/。。。。。。。/媒体（Media）/6a5dd3b6000000000101f3e2/image-1.jpg
rednote-bookmarks	attachment-evidence	67062	5d60fc0b5e7535aa	小红书（RedNote）/。。。。。。。/媒体（Media）/6a5dd3b6000000000101f3e2/image-2.jpg
rednote-bookmarks	attachment-evidence	54552	f046b4568cbf4234	小红书（RedNote）/。。。。。。。/媒体（Media）/6a5dd3b6000000000101f3e2/image-3.jpg
rednote-bookmarks	attachment-evidence	64204	a2242239ab1a7385	小红书（RedNote）/。。。。。。。/媒体（Media）/6a5dd3b6000000000101f3e2/image-4.jpg
rednote-bookmarks	attachment-evidence	86746	751ed39ccd468a6d	小红书（RedNote）/。。。。。。。/媒体（Media）/6a5dd3b6000000000101f3e2/image-5.jpg
rednote-bookmarks	attachment-evidence	90526	f3f9329e7ba318f1	小红书（RedNote）/。。。。。。。/媒体（Media）/6a5e2d8a000000001f01d903/image-1.jpg
rednote-bookmarks	attachment-evidence	111444	cd6135fff6849592	小红书（RedNote）/。。。。。。。/媒体（Media）/6a5f602100000000110044da/image-1.jpg
rednote-bookmarks	attachment-evidence	90964	0d296d0b6171f843	小红书（RedNote）/。。。。。。。/媒体（Media）/6a602b54000000001003ebea/image-1.jpg
rednote-bookmarks	attachment-evidence	176866	a17f6c33fd2bf11a	小红书（RedNote）/。。。。。。。/媒体（Media）/6a6033b9000000001b01ebbe/image-1.jpg
rednote-bookmarks	attachment-evidence	171692	92d7b1ae190d2a75	小红书（RedNote）/。。。。。。。/媒体（Media）/6a6033b9000000001b01ebbe/image-2.jpg
rednote-bookmarks	attachment-evidence	75528	05082f6e79e73b12	小红书（RedNote）/。。。。。。。/媒体（Media）/6a6033b9000000001b01ebbe/image-3.jpg
rednote-bookmarks	attachment-evidence	71626	596d8143ba179ccd	小红书（RedNote）/。。。。。。。/媒体（Media）/6a6033b9000000001b01ebbe/image-4.jpg
rednote-bookmarks	attachment-evidence	49184	3d6305f12dbdf841	小红书（RedNote）/。。。。。。。/媒体（Media）/6a605580000000000f01f5c0/image-1.jpg
rednote-bookmarks	attachment-evidence	102006	3d76cea654cb2327	小红书（RedNote）/。。。。。。。/媒体（Media）/6a605580000000000f01f5c0/image-2.jpg
rednote-bookmarks	attachment-evidence	135802	d26f53cf3d6e2db5	小红书（RedNote）/。。。。。。。/媒体（Media）/6a605580000000000f01f5c0/image-3.jpg
rednote-bookmarks	attachment-evidence	230734	82a200adc291f3f2	小红书（RedNote）/。。。。。。。/媒体（Media）/6a606518000000000f00709e/image-1.jpg
rednote-bookmarks	attachment-evidence	90994	6ee753625a59aeed	小红书（RedNote）/。。。。。。。/媒体（Media）/6a606ff9000000000f005d73/image-1.jpg
rednote-bookmarks	attachment-evidence	52246	783ce144ae1dde26	小红书（RedNote）/。。。。。。。/媒体（Media）/6a6071c90000000009034e22/image-1 (Multi Source Sync).jpg
rednote-bookmarks	attachment-evidence	52246	783ce144ae1dde26	小红书（RedNote）/。。。。。。。/媒体（Media）/6a6071c90000000009034e22/image-1.jpg
rednote-bookmarks	attachment-evidence	56618	46bfa21686b30054	小红书（RedNote）/。。。。。。。/媒体（Media）/6a6071c90000000009034e22/image-2 (Multi Source Sync).jpg
rednote-bookmarks	attachment-evidence	56618	46bfa21686b30054	小红书（RedNote）/。。。。。。。/媒体（Media）/6a6071c90000000009034e22/image-2.jpg
rednote-bookmarks	attachment-evidence	70334	00012f9be0b68ae5	小红书（RedNote）/。。。。。。。/媒体（Media）/6a6071c90000000009034e22/image-3 (Multi Source Sync).jpg
rednote-bookmarks	attachment-evidence	70334	00012f9be0b68ae5	小红书（RedNote）/。。。。。。。/媒体（Media）/6a6071c90000000009034e22/image-3.jpg
rednote-bookmarks	attachment-evidence	81512	a77d4accdabf23e2	小红书（RedNote）/。。。。。。。/媒体（Media）/6a6071c90000000009034e22/image-4 (Multi Source Sync).jpg
rednote-bookmarks	attachment-evidence	81512	a77d4accdabf23e2	小红书（RedNote）/。。。。。。。/媒体（Media）/6a6071c90000000009034e22/image-4.jpg
rednote-bookmarks	attachment-evidence	77644	7dbd3f62b2800e44	小红书（RedNote）/。。。。。。。/媒体（Media）/6a6071c90000000009034e22/image-5 (Multi Source Sync).jpg
rednote-bookmarks	attachment-evidence	77644	7dbd3f62b2800e44	小红书（RedNote）/。。。。。。。/媒体（Media）/6a6071c90000000009034e22/image-5.jpg
rednote-bookmarks	attachment-evidence	80666	605e7782ce7d39e0	小红书（RedNote）/。。。。。。。/媒体（Media）/6a6071c90000000009034e22/image-6 (Multi Source Sync).jpg
rednote-bookmarks	attachment-evidence	80666	605e7782ce7d39e0	小红书（RedNote）/。。。。。。。/媒体（Media）/6a6071c90000000009034e22/image-6.jpg
rednote-bookmarks	attachment-evidence	94360	9e788216e1f6d8b7	小红书（RedNote）/。。。。。。。/媒体（Media）/6a6071c90000000009034e22/image-7 (Multi Source Sync).jpg
rednote-bookmarks	attachment-evidence	94360	9e788216e1f6d8b7	小红书（RedNote）/。。。。。。。/媒体（Media）/6a6071c90000000009034e22/image-7.jpg
rednote-bookmarks	attachment-evidence	70492	9b349f95ec853c94	小红书（RedNote）/。。。。。。。/媒体（Media）/6a6071c90000000009034e22/image-8 (Multi Source Sync).jpg
rednote-bookmarks	attachment-evidence	70492	9b349f95ec853c94	小红书（RedNote）/。。。。。。。/媒体（Media）/6a6071c90000000009034e22/image-8.jpg
rednote-bookmarks	attachment-evidence	94294	78307c031d94ebf7	小红书（RedNote）/。。。。。。。/媒体（Media）/6a6071c90000000009034e22/image-9 (Multi Source Sync).jpg
rednote-bookmarks	attachment-evidence	94294	78307c031d94ebf7	小红书（RedNote）/。。。。。。。/媒体（Media）/6a6071c90000000009034e22/image-9.jpg
rednote-bookmarks	attachment-evidence	147382	5f232f937461f7d5	小红书（RedNote）/。。。。。。。/媒体（Media）/6a60a683000000001f01d3fe/image-1.jpg
rednote-bookmarks	attachment-evidence	106814	001f3050be00513a	小红书（RedNote）/。。。。。。。/媒体（Media）/6a60a683000000001f01d3fe/image-2.jpg
rednote-bookmarks	attachment-evidence	36550	00c3f636872201cb	小红书（RedNote）/。。。。。。。/媒体（Media）/6a60deff000000000f009ee2/image-1.jpg
rednote-bookmarks	attachment-evidence	132052	eedd2f505de08f18	小红书（RedNote）/。。。。。。。/媒体（Media）/6a60deff000000000f009ee2/image-10.jpg
rednote-bookmarks	attachment-evidence	71526	de0a3c24e9f74260	小红书（RedNote）/。。。。。。。/媒体（Media）/6a60deff000000000f009ee2/image-11.jpg
rednote-bookmarks	attachment-evidence	74816	ac91105d93b59922	小红书（RedNote）/。。。。。。。/媒体（Media）/6a60deff000000000f009ee2/image-12.jpg
rednote-bookmarks	attachment-evidence	68668	25cbe4e7de55e629	小红书（RedNote）/。。。。。。。/媒体（Media）/6a60deff000000000f009ee2/image-13.jpg
rednote-bookmarks	attachment-evidence	131518	f4828672bc53d748	小红书（RedNote）/。。。。。。。/媒体（Media）/6a60deff000000000f009ee2/image-14.jpg
rednote-bookmarks	attachment-evidence	56622	d8c261fd3076682c	小红书（RedNote）/。。。。。。。/媒体（Media）/6a60deff000000000f009ee2/image-15.jpg
rednote-bookmarks	attachment-evidence	53550	df6da439189baadf	小红书（RedNote）/。。。。。。。/媒体（Media）/6a60deff000000000f009ee2/image-16.jpg
rednote-bookmarks	attachment-evidence	70212	498a707b89691f5b	小红书（RedNote）/。。。。。。。/媒体（Media）/6a60deff000000000f009ee2/image-17.jpg
rednote-bookmarks	attachment-evidence	112918	e1598f307eae196b	小红书（RedNote）/。。。。。。。/媒体（Media）/6a60deff000000000f009ee2/image-2.jpg
rednote-bookmarks	attachment-evidence	129912	f0c2c8a2f578bc24	小红书（RedNote）/。。。。。。。/媒体（Media）/6a60deff000000000f009ee2/image-3.jpg
rednote-bookmarks	attachment-evidence	121578	fa6ec5418917d634	小红书（RedNote）/。。。。。。。/媒体（Media）/6a60deff000000000f009ee2/image-4.jpg
rednote-bookmarks	attachment-evidence	92208	bede4e1d83cea5ab	小红书（RedNote）/。。。。。。。/媒体（Media）/6a60deff000000000f009ee2/image-5.jpg
rednote-bookmarks	attachment-evidence	69370	1eadc1c177497cef	小红书（RedNote）/。。。。。。。/媒体（Media）/6a60deff000000000f009ee2/image-6.jpg
rednote-bookmarks	attachment-evidence	83054	4407a371bef3221c	小红书（RedNote）/。。。。。。。/媒体（Media）/6a60deff000000000f009ee2/image-7.jpg
rednote-bookmarks	attachment-evidence	155072	56ba546c472d948f	小红书（RedNote）/。。。。。。。/媒体（Media）/6a60deff000000000f009ee2/image-8.jpg
rednote-bookmarks	attachment-evidence	132052	eedd2f505de08f18	小红书（RedNote）/。。。。。。。/媒体（Media）/6a60deff000000000f009ee2/image-9.jpg
rednote-bookmarks	attachment-evidence	185904	2c638f0821f2521c	小红书（RedNote）/。。。。。。。/媒体（Media）/6a60e001000000000f01ed8a/image-1.jpg
rednote-bookmarks	attachment-evidence	187386	daa39f6fe763ea15	小红书（RedNote）/。。。。。。。/媒体（Media）/6a60e001000000000f01ed8a/image-2.jpg
rednote-bookmarks	attachment-evidence	224402	9b8841c43ce7ff74	小红书（RedNote）/。。。。。。。/媒体（Media）/6a60e001000000000f01ed8a/image-3.jpg
rednote-bookmarks	attachment-evidence	202106	5a3f77725c537fd1	小红书（RedNote）/。。。。。。。/媒体（Media）/6a60e001000000000f01ed8a/image-4.jpg
rednote-bookmarks	attachment-evidence	244212	2bcc3237cd8a8127	小红书（RedNote）/。。。。。。。/媒体（Media）/6a60e001000000000f01ed8a/image-5.jpg
rednote-bookmarks	attachment-evidence	241218	6e96a49b449af2ae	小红书（RedNote）/。。。。。。。/媒体（Media）/6a60e001000000000f01ed8a/image-6.jpg
rednote-bookmarks	attachment-evidence	201394	c3fc97a9afd0f097	小红书（RedNote）/。。。。。。。/媒体（Media）/6a60e001000000000f01ed8a/image-7.jpg
rednote-bookmarks	attachment-evidence	271034	2a79e3f1df142211	小红书（RedNote）/。。。。。。。/媒体（Media）/6a60e001000000000f01ed8a/image-8.jpg
rednote-bookmarks	attachment-evidence	52044	0c3c3d077f5d3dd1	小红书（RedNote）/。。。。。。。/媒体（Media）/6a614f90000000001b01e69a/image-1.jpg
rednote-bookmarks	attachment-evidence	96738	8c11535166cfd78d	小红书（RedNote）/。。。。。。。/媒体（Media）/6a614f90000000001b01e69a/image-10.jpg
rednote-bookmarks	attachment-evidence	73982	e1e83c8ac8c5189d	小红书（RedNote）/。。。。。。。/媒体（Media）/6a614f90000000001b01e69a/image-2.jpg
rednote-bookmarks	attachment-evidence	64612	5ca168cb8125271d	小红书（RedNote）/。。。。。。。/媒体（Media）/6a614f90000000001b01e69a/image-3.jpg
rednote-bookmarks	attachment-evidence	49596	1adebefd23a5a3d5	小红书（RedNote）/。。。。。。。/媒体（Media）/6a614f90000000001b01e69a/image-4.jpg
rednote-bookmarks	attachment-evidence	48364	3b22ab0f6098247f	小红书（RedNote）/。。。。。。。/媒体（Media）/6a614f90000000001b01e69a/image-5.jpg
rednote-bookmarks	attachment-evidence	58758	303faced3ef1efe0	小红书（RedNote）/。。。。。。。/媒体（Media）/6a614f90000000001b01e69a/image-6.jpg
rednote-bookmarks	attachment-evidence	56208	cc9fb8c86c5fbd96	小红书（RedNote）/。。。。。。。/媒体（Media）/6a614f90000000001b01e69a/image-7.jpg
rednote-bookmarks	attachment-evidence	56324	f28de0e4a369015c	小红书（RedNote）/。。。。。。。/媒体（Media）/6a614f90000000001b01e69a/image-8.jpg
rednote-bookmarks	attachment-evidence	132844	e2e61637960eaf65	小红书（RedNote）/。。。。。。。/媒体（Media）/6a614f90000000001b01e69a/image-9.jpg
rednote-bookmarks	attachment-evidence	141924	1da5dcd98500c6f6	小红书（RedNote）/。。。。。。。/媒体（Media）/6a619bd1000000000100ebd5/image-1.jpg
rednote-bookmarks	attachment-evidence	141736	6767379dc05e4bca	小红书（RedNote）/。。。。。。。/媒体（Media）/6a619bd1000000000100ebd5/image-2.jpg
rednote-bookmarks	attachment-evidence	175904	ae7f6de03171216a	小红书（RedNote）/。。。。。。。/媒体（Media）/6a619bd1000000000100ebd5/image-3.jpg
rednote-bookmarks	attachment-evidence	175624	bed6f333e068d00b	小红书（RedNote）/。。。。。。。/媒体（Media）/6a61d8d3000000002201b940/image-1.jpg
rednote-bookmarks	attachment-evidence	29920	827c81582f86ec97	小红书（RedNote）/。。。。。。。/媒体（Media）/6a620a3c000000000f03e735/image-1.jpg
rednote-bookmarks	attachment-evidence	48830	28bb5eac80126e4f	小红书（RedNote）/。。。。。。。/媒体（Media）/6a62f1760000000014006e0a/image-1.jpg
rednote-bookmarks	attachment-evidence	95720	c4ddc5b0b21a6229	小红书（RedNote）/。。。。。。。/媒体（Media）/6a6307ee0000000001001536/image-1.jpg
rednote-bookmarks	attachment-evidence	60406	1b2174f27434803d	小红书（RedNote）/。。。。。。。/媒体（Media）/6a6307ee0000000001001536/image-2.jpg
rednote-bookmarks	attachment-evidence	67744	ac3b968e9063a1aa	小红书（RedNote）/。。。。。。。/媒体（Media）/6a6307ee0000000001001536/image-3.jpg
rednote-bookmarks	attachment-evidence	111470	7da17b5f419eda15	小红书（RedNote）/。。。。。。。/媒体（Media）/6a6307ff000000000401c793/image-1.jpg
rednote-bookmarks	attachment-evidence	176788	612d113175b146bf	小红书（RedNote）/。。。。。。。/媒体（Media）/6a6307ff000000000401c793/image-2.jpg
rednote-bookmarks	attachment-evidence	127586	54b72f17a20b856f	小红书（RedNote）/。。。。。。。/媒体（Media）/6a6307ff000000000401c793/image-3.jpg
rednote-bookmarks	attachment-evidence	67292	609d0ba19a997506	小红书（RedNote）/。。。。。。。/媒体（Media）/6a6307ff000000000401c793/image-4.jpg
rednote-bookmarks	attachment-evidence	166160	2bfcd8ea529145a6	小红书（RedNote）/。。。。。。。/媒体（Media）/6a6307ff000000000401c793/image-5.jpg
rednote-bookmarks	attachment-evidence	150702	fcc719db2a4239cd	小红书（RedNote）/。。。。。。。/媒体（Media）/6a6307ff000000000401c793/image-6.jpg
rednote-bookmarks	attachment-evidence	90840	dd71a799c042ff36	小红书（RedNote）/。。。。。。。/媒体（Media）/6a6307ff000000000401c793/image-7.jpg
rednote-bookmarks	attachment-evidence	37174	8008b16d1dc8c63f	小红书（RedNote）/。。。。。。。/媒体（Media）/6a6430e7000000001c00d7db/image-1.jpg
rednote-bookmarks	attachment-evidence	71978	8cbdcee5b8b05ff8	小红书（RedNote）/。。。。。。。/媒体（Media）/6a646900000000000101f61c/image-1.jpg
rednote-bookmarks	attachment-evidence	78230	81698cc230679c5b	小红书（RedNote）/。。。。。。。/媒体（Media）/6a646900000000000101f61c/image-2.jpg
rednote-bookmarks	attachment-evidence	41790	ad2ce6c6561c0f07	小红书（RedNote）/。。。。。。。/媒体（Media）/6a646900000000000101f61c/image-3.jpg
rednote-bookmarks	attachment-evidence	59674	2e95944b6eeda446	小红书（RedNote）/。。。。。。。/媒体（Media）/6a646900000000000101f61c/image-4.jpg
rednote-bookmarks	attachment-evidence	73526	6c402d624e0b1bcd	小红书（RedNote）/。。。。。。。/媒体（Media）/6a646900000000000101f61c/image-5.jpg
rednote-bookmarks	attachment-evidence	62854	36e1b6012c1cb3e9	小红书（RedNote）/。。。。。。。/媒体（Media）/6a646900000000000101f61c/image-6.jpg
rednote-bookmarks	attachment-evidence	40498	d0db43c10f36fada	小红书（RedNote）/。。。。。。。/媒体（Media）/6a646900000000000101f61c/image-7.jpg
rednote-bookmarks	attachment-evidence	94150	58f44e2db25fcb15	小红书（RedNote）/。。。。。。。/媒体（Media）/6a647106000000000101e9cf/image-1 (Multi Source Sync).jpg
rednote-bookmarks	attachment-evidence	94150	58f44e2db25fcb15	小红书（RedNote）/。。。。。。。/媒体（Media）/6a647106000000000101e9cf/image-1.jpg
rednote-bookmarks	attachment-evidence	112896	5c2e839f536fb77c	小红书（RedNote）/。。。。。。。/媒体（Media）/6a647106000000000101e9cf/image-2 (Multi Source Sync).jpg
rednote-bookmarks	attachment-evidence	112896	5c2e839f536fb77c	小红书（RedNote）/。。。。。。。/媒体（Media）/6a647106000000000101e9cf/image-2.jpg
rednote-bookmarks	attachment-evidence	87316	204cf805f7b0b3ea	小红书（RedNote）/。。。。。。。/媒体（Media）/6a647106000000000101e9cf/image-3 (Multi Source Sync).jpg
rednote-bookmarks	attachment-evidence	87316	204cf805f7b0b3ea	小红书（RedNote）/。。。。。。。/媒体（Media）/6a647106000000000101e9cf/image-3.jpg
rednote-bookmarks	attachment-evidence	101588	2541a17892f27acb	小红书（RedNote）/。。。。。。。/媒体（Media）/6a647106000000000101e9cf/image-4 (Multi Source Sync).jpg
rednote-bookmarks	attachment-evidence	101588	2541a17892f27acb	小红书（RedNote）/。。。。。。。/媒体（Media）/6a647106000000000101e9cf/image-4.jpg
rednote-bookmarks	attachment-evidence	75954	66e977a0f13a9010	小红书（RedNote）/。。。。。。。/媒体（Media）/6a647106000000000101e9cf/image-5 (Multi Source Sync).jpg
rednote-bookmarks	attachment-evidence	75954	66e977a0f13a9010	小红书（RedNote）/。。。。。。。/媒体（Media）/6a647106000000000101e9cf/image-5.jpg
rednote-bookmarks	attachment-evidence	73218	a3db7d880eec1a0b	小红书（RedNote）/。。。。。。。/媒体（Media）/6a647106000000000101e9cf/image-6 (Multi Source Sync).jpg
rednote-bookmarks	attachment-evidence	73218	a3db7d880eec1a0b	小红书（RedNote）/。。。。。。。/媒体（Media）/6a647106000000000101e9cf/image-6.jpg
rednote-bookmarks	attachment-evidence	40816	f06202aee15f5a70	小红书（RedNote）/。。。。。。。/媒体（Media）/6a647106000000000101e9cf/image-7 (Multi Source Sync).jpg
rednote-bookmarks	attachment-evidence	40816	f06202aee15f5a70	小红书（RedNote）/。。。。。。。/媒体（Media）/6a647106000000000101e9cf/image-7.jpg
rednote-bookmarks	attachment-evidence	257092	26d338557037fa94	小红书（RedNote）/。。。。。。。/媒体（Media）/6a648554000000000301ef81/image-1.jpg
rednote-bookmarks	attachment-evidence	96428	07e2ef41cfcdec7c	小红书（RedNote）/。。。。。。。/媒体（Media）/6a6497d4000000000301e889/image-1.jpg
rednote-bookmarks	attachment-evidence	23398	22f7b28ab9b72bbe	小红书（RedNote）/。。。。。。。/媒体（Media）/6a6497d4000000000301e889/image-2.jpg
rednote-bookmarks	attachment-evidence	125194	a8202c13da871c62	小红书（RedNote）/。。。。。。。/媒体（Media）/6a6532e7000000000e03606c/image-1.jpg
rednote-bookmarks	attachment-evidence	70462	c5ea540c915f9d05	小红书（RedNote）/。。。。。。。/媒体（Media）/6a6532e7000000000e03606c/image-2.jpg
rednote-bookmarks	attachment-evidence	75300	a06b25aa97e7ac49	小红书（RedNote）/。。。。。。。/媒体（Media）/6a6532e7000000000e03606c/image-3.jpg
rednote-bookmarks	attachment-evidence	85744	f9b9e8c0ad0b6bf6	小红书（RedNote）/。。。。。。。/媒体（Media）/6a6532e7000000000e03606c/image-4.jpg
rednote-bookmarks	attachment-evidence	47838	6910f2b86539fcdb	小红书（RedNote）/。。。。。。。/媒体（Media）/6a6532e7000000000e03606c/image-5.jpg
rednote-bookmarks	attachment-evidence	56988	f37e15f10d91dd58	小红书（RedNote）/。。。。。。。/媒体（Media）/6a6532e7000000000e03606c/image-6.jpg
rednote-bookmarks	attachment-evidence	40254	b7a62a4c6a0842f8	小红书（RedNote）/。。。。。。。/媒体（Media）/6a6532e7000000000e03606c/image-7.jpg
rednote-bookmarks	attachment-evidence	20742	b02dfa3860a8f8a5	小红书（RedNote）/。。。。。。。/媒体（Media）/6a6532e7000000000e03606c/image-8.jpg
rednote-bookmarks	attachment-evidence	34158	6fe6a91df41bab39	小红书（RedNote）/。。。。。。。/媒体（Media）/6a6532e7000000000e03606c/image-9.jpg
rednote-bookmarks	attachment-evidence	24704	95ae91c7ab8fc502	小红书（RedNote）/。。。。。。。/媒体（Media）/6a658195000000000f007d3e/image-1.jpg
rednote-bookmarks	attachment-evidence	220218	49e0b7eb765fe171	小红书（RedNote）/。。。。。。。/媒体（Media）/6a658195000000000f007d3e/image-2.jpg
rednote-bookmarks	attachment-evidence	209220	c52a254837ef67dd	小红书（RedNote）/。。。。。。。/媒体（Media）/6a658195000000000f007d3e/image-3.jpg
rednote-bookmarks	attachment-evidence	190806	a1fe9238e4765d9b	小红书（RedNote）/。。。。。。。/媒体（Media）/6a658195000000000f007d3e/image-4.jpg
rednote-bookmarks	attachment-evidence	209076	db736b8b323531ed	小红书（RedNote）/。。。。。。。/媒体（Media）/6a658195000000000f007d3e/image-5.jpg
rednote-bookmarks	attachment-evidence	47990	aceb81ebd2509d54	小红书（RedNote）/。。。。。。。/媒体（Media）/6a661c1c00000000110056ea/image-1.jpg
rednote-bookmarks	attachment-evidence	41396	236b63965063e05c	小红书（RedNote）/。。。。。。。/媒体（Media）/6a661c1c00000000110056ea/image-2.jpg
rednote-bookmarks	attachment-evidence	28716	2935d7577982dc5e	小红书（RedNote）/。。。。。。。/媒体（Media）/6a661c1c00000000110056ea/image-3.jpg
rednote-bookmarks	attachment-evidence	46776	cc6bfc568d8ec985	小红书（RedNote）/。。。。。。。/媒体（Media）/6a661c1c00000000110056ea/image-4.jpg
rednote-bookmarks	attachment-evidence	59892	9202078ddea113c8	小红书（RedNote）/。。。。。。。/媒体（Media）/6a661c1c00000000110056ea/image-5.jpg
rednote-bookmarks	attachment-evidence	28184	e05101c3260c8b1d	小红书（RedNote）/。。。。。。。/媒体（Media）/6a66ecf5000000001101c424/image-1.jpg
rednote-bookmarks	attachment-evidence	77294	b28613b0a7ea3993	小红书（RedNote）/。。。。。。。/媒体（Media）/6a66ecf5000000001101c424/image-2.jpg
rednote-bookmarks	attachment-evidence	65102	c54626a83b4f8874	小红书（RedNote）/。。。。。。。/媒体（Media）/6a66ecf5000000001101c424/image-3.jpg
rednote-bookmarks	attachment-evidence	100264	e7e71217fce8838b	小红书（RedNote）/。。。。。。。/媒体（Media）/6a66ecf5000000001101c424/image-4.jpg
rednote-bookmarks	attachment-evidence	70964	9c19db8922044de4	小红书（RedNote）/。。。。。。。/媒体（Media）/6a66ecf5000000001101c424/image-5.jpg
rednote-bookmarks	attachment-evidence	45830	b84a8f20629a138e	小红书（RedNote）/。。。。。。。/媒体（Media）/6a66ecf5000000001101c424/image-6.jpg
rednote-bookmarks	attachment-evidence	117626	c9abd9ca9d08a9a8	小红书（RedNote）/。。。。。。。/媒体（Media）/6a6762a20000000004028335/image-1.jpg
rednote-bookmarks	attachment-evidence	86718	df46aeb109eec8a5	小红书（RedNote）/。。。。。。。/媒体（Media）/6a6762a20000000004028335/image-10.jpg
rednote-bookmarks	attachment-evidence	201276	a3a0c25894af7ce3	小红书（RedNote）/。。。。。。。/媒体（Media）/6a6762a20000000004028335/image-11.jpg
rednote-bookmarks	attachment-evidence	210940	0d627cb1b4277973	小红书（RedNote）/。。。。。。。/媒体（Media）/6a6762a20000000004028335/image-12.jpg
rednote-bookmarks	attachment-evidence	210582	9736ff5af82933cf	小红书（RedNote）/。。。。。。。/媒体（Media）/6a6762a20000000004028335/image-13.jpg
rednote-bookmarks	attachment-evidence	197766	84e38163b0d301c2	小红书（RedNote）/。。。。。。。/媒体（Media）/6a6762a20000000004028335/image-14.jpg
rednote-bookmarks	attachment-evidence	231048	3312bdf1629d3082	小红书（RedNote）/。。。。。。。/媒体（Media）/6a6762a20000000004028335/image-15.jpg
rednote-bookmarks	attachment-evidence	212578	b5270be3287da0c0	小红书（RedNote）/。。。。。。。/媒体（Media）/6a6762a20000000004028335/image-16.jpg
rednote-bookmarks	attachment-evidence	84784	4ea54d8a80c2f668	小红书（RedNote）/。。。。。。。/媒体（Media）/6a6762a20000000004028335/image-17.jpg
rednote-bookmarks	attachment-evidence	153576	46a544cf68832282	小红书（RedNote）/。。。。。。。/媒体（Media）/6a6762a20000000004028335/image-2.jpg
rednote-bookmarks	attachment-evidence	158378	b8cacc1cd74a418d	小红书（RedNote）/。。。。。。。/媒体（Media）/6a6762a20000000004028335/image-3.jpg
rednote-bookmarks	attachment-evidence	82528	2168692d0c550ac5	小红书（RedNote）/。。。。。。。/媒体（Media）/6a6762a20000000004028335/image-4.jpg
rednote-bookmarks	attachment-evidence	206464	4cd5c3c514601551	小红书（RedNote）/。。。。。。。/媒体（Media）/6a6762a20000000004028335/image-5.jpg
rednote-bookmarks	attachment-evidence	122918	c8b72512577baf37	小红书（RedNote）/。。。。。。。/媒体（Media）/6a6762a20000000004028335/image-6.jpg
rednote-bookmarks	attachment-evidence	158086	c6ca53b54ca8d043	小红书（RedNote）/。。。。。。。/媒体（Media）/6a6762a20000000004028335/image-7.jpg
rednote-bookmarks	attachment-evidence	157052	bfcd80e626c2beba	小红书（RedNote）/。。。。。。。/媒体（Media）/6a6762a20000000004028335/image-8.jpg
rednote-bookmarks	attachment-evidence	181352	d8e29f2cc1f6835a	小红书（RedNote）/。。。。。。。/媒体（Media）/6a6762a20000000004028335/image-9.jpg
rednote-bookmarks	attachment-evidence	93658	251d255a10d0e8a8	小红书（RedNote）/。。。。。。。/媒体（Media）/6a67732b000000000c003000/image-1.jpg
rednote-bookmarks	attachment-evidence	62620	caf36ff23e4fefc0	小红书（RedNote）/。。。。。。。/媒体（Media）/6a67732b000000000c003000/image-2.jpg
rednote-bookmarks	attachment-evidence	64842	e3d97d5faf05b4d6	小红书（RedNote）/。。。。。。。/媒体（Media）/6a67732b000000000c003000/image-3.jpg
rednote-bookmarks	attachment-evidence	84376	de24adff2341882d	小红书（RedNote）/。。。。。。。/媒体（Media）/6a67732b000000000c003000/image-4.jpg
rednote-bookmarks	attachment-evidence	180876	9de00a4d1f98f2c7	小红书（RedNote）/。。。。。。。/媒体（Media）/6a67732b000000000c003000/image-5.jpg
rednote-bookmarks	attachment-evidence	114594	6853599aae96da63	小红书（RedNote）/。。。。。。。/媒体（Media）/6a67732b000000000c003000/image-6.jpg
rednote-bookmarks	attachment-evidence	200168	7afa42695f6bda39	小红书（RedNote）/。。。。。。。/媒体（Media）/6a677f9f000000000100cec8/image-1.jpg
rednote-bookmarks	attachment-evidence	149626	02c8db95f4e4d3b4	小红书（RedNote）/。。。。。。。/媒体（Media）/6a680763000000000f016856/image-1.jpg
rednote-bookmarks	attachment-evidence	82140	df3fbd4446eb7d57	小红书（RedNote）/。。。。。。。/媒体（Media）/6a684e05000000000f03c92e/image-1.jpg
rednote-bookmarks	attachment-evidence	45150	e4bf6d2ca3ba9896	小红书（RedNote）/。。。。。。。/媒体（Media）/6a684e05000000000f03c92e/image-2.jpg
rednote-bookmarks	attachment-evidence	86676	0a6335c129a2bd28	小红书（RedNote）/。。。。。。。/媒体（Media）/6a684e05000000000f03c92e/image-3.jpg
rednote-bookmarks	attachment-evidence	44068	954f5db9ef7f95e0	小红书（RedNote）/。。。。。。。/媒体（Media）/6a687639000000002201bc2c/image-1.jpg
rednote-bookmarks	attachment-evidence	49502	498fa37746825644	小红书（RedNote）/。。。。。。。/媒体（Media）/6a687827000000001302edcc/image-1 (Multi Source Sync).jpg
rednote-bookmarks	attachment-evidence	49502	498fa37746825644	小红书（RedNote）/。。。。。。。/媒体（Media）/6a687827000000001302edcc/image-1.jpg
rednote-bookmarks	attachment-evidence	108432	91d48135aa8e7290	小红书（RedNote）/。。。。。。。/媒体（Media）/6a687827000000001302edcc/image-2 (Multi Source Sync).jpg
rednote-bookmarks	attachment-evidence	108432	91d48135aa8e7290	小红书（RedNote）/。。。。。。。/媒体（Media）/6a687827000000001302edcc/image-2.jpg
rednote-bookmarks	attachment-evidence	27322	a8e11ad9fb8bee02	小红书（RedNote）/。。。。。。。/媒体（Media）/6a687827000000001302edcc/image-3 (Multi Source Sync).jpg
rednote-bookmarks	attachment-evidence	27322	a8e11ad9fb8bee02	小红书（RedNote）/。。。。。。。/媒体（Media）/6a687827000000001302edcc/image-3.jpg
rednote-bookmarks	attachment-evidence	139056	64fbc6c6bf1db2c7	小红书（RedNote）/。。。。。。。/媒体（Media）/6a687827000000001302edcc/image-4 (Multi Source Sync).jpg
rednote-bookmarks	attachment-evidence	139056	64fbc6c6bf1db2c7	小红书（RedNote）/。。。。。。。/媒体（Media）/6a687827000000001302edcc/image-4.jpg
rednote-bookmarks	attachment-evidence	202226	6de954ef66a849db	小红书（RedNote）/。。。。。。。/媒体（Media）/6a687827000000001302edcc/image-5 (Multi Source Sync).jpg
rednote-bookmarks	attachment-evidence	202226	6de954ef66a849db	小红书（RedNote）/。。。。。。。/媒体（Media）/6a687827000000001302edcc/image-5.jpg
rednote-bookmarks	attachment-evidence	39836	0b7ffc151e07eaee	小红书（RedNote）/。。。。。。。/媒体（Media）/6a687827000000001302edcc/image-6 (Multi Source Sync).jpg
rednote-bookmarks	attachment-evidence	39836	0b7ffc151e07eaee	小红书（RedNote）/。。。。。。。/媒体（Media）/6a687827000000001302edcc/image-6.jpg
rednote-bookmarks	attachment-evidence	34422	286571eb1a70126d	小红书（RedNote）/。。。。。。。/媒体（Media）/6a68ad1e000000001f01cf47/image-1 (Multi Source Sync).jpg
rednote-bookmarks	attachment-evidence	34422	286571eb1a70126d	小红书（RedNote）/。。。。。。。/媒体（Media）/6a68ad1e000000001f01cf47/image-1.jpg
rednote-bookmarks	attachment-evidence	95856	e9a625a21943d4c0	小红书（RedNote）/。。。。。。。/媒体（Media）/6a68ad1e000000001f01cf47/image-2 (Multi Source Sync).jpg
rednote-bookmarks	attachment-evidence	95856	e9a625a21943d4c0	小红书（RedNote）/。。。。。。。/媒体（Media）/6a68ad1e000000001f01cf47/image-2.jpg
rednote-bookmarks	attachment-evidence	90372	149b452932ffe55c	小红书（RedNote）/。。。。。。。/媒体（Media）/6a68ad1e000000001f01cf47/image-3 (Multi Source Sync).jpg
rednote-bookmarks	attachment-evidence	90372	149b452932ffe55c	小红书（RedNote）/。。。。。。。/媒体（Media）/6a68ad1e000000001f01cf47/image-3.jpg
rednote-bookmarks	attachment-evidence	122556	56f8ca9716ee7cc8	小红书（RedNote）/。。。。。。。/媒体（Media）/6a68ad1e000000001f01cf47/image-4 (Multi Source Sync).jpg
rednote-bookmarks	attachment-evidence	122556	56f8ca9716ee7cc8	小红书（RedNote）/。。。。。。。/媒体（Media）/6a68ad1e000000001f01cf47/image-4.jpg
rednote-bookmarks	attachment-evidence	67318	580724c82a5b2f0e	小红书（RedNote）/。。。。。。。/媒体（Media）/6a68ad1e000000001f01cf47/image-5 (Multi Source Sync).jpg
rednote-bookmarks	attachment-evidence	67318	580724c82a5b2f0e	小红书（RedNote）/。。。。。。。/媒体（Media）/6a68ad1e000000001f01cf47/image-5.jpg
rednote-bookmarks	attachment-evidence	34530	672ba5b73e46a8aa	小红书（RedNote）/。。。。。。。/媒体（Media）/6a68ad1e000000001f01cf47/image-6 (Multi Source Sync).jpg
rednote-bookmarks	attachment-evidence	34530	672ba5b73e46a8aa	小红书（RedNote）/。。。。。。。/媒体（Media）/6a68ad1e000000001f01cf47/image-6.jpg
rednote-bookmarks	attachment-evidence	100804	487f129d18a3da77	小红书（RedNote）/。。。。。。。/媒体（Media）/6a697115000000000f02b166/image-1.jpg
rednote-bookmarks	attachment-evidence	241850	3d81d934d7ac7a42	小红书（RedNote）/。。。。。。。/媒体（Media）/6a69a81e000000000f01fd64/image-1.jpg
rednote-bookmarks	attachment-evidence	66668	3f4d572b1dbd7e57	小红书（RedNote）/。。。。。。。/媒体（Media）/6a69aa4b000000000301f56a/image-1.jpg
rednote-bookmarks	attachment-evidence	95206	a411768a86412b57	小红书（RedNote）/。。。。。。。/媒体（Media）/6a69d2e9000000001d00fd7f/image-1.jpg
rednote-bookmarks	attachment-evidence	147300	9d0c27207c081283	小红书（RedNote）/。。。。。。。/媒体（Media）/6a69d2e9000000001d00fd7f/image-2.jpg
rednote-bookmarks	attachment-evidence	147398	c2f624d89d1b8baa	小红书（RedNote）/。。。。。。。/媒体（Media）/6a69d2e9000000001d00fd7f/image-3.jpg
rednote-bookmarks	attachment-evidence	143850	a49f43cc1ae19b07	小红书（RedNote）/。。。。。。。/媒体（Media）/6a69d2e9000000001d00fd7f/image-4.jpg
rednote-bookmarks	attachment-evidence	130284	ac3e9d35ff6d0616	小红书（RedNote）/。。。。。。。/媒体（Media）/6a69d2e9000000001d00fd7f/image-5.jpg
rednote-bookmarks	attachment-evidence	114182	72fdb6a6823d5e43	小红书（RedNote）/。。。。。。。/媒体（Media）/6a69d2e9000000001d00fd7f/image-6.jpg
rednote-bookmarks	attachment-evidence	56832	436718e4a9465b48	小红书（RedNote）/。。。。。。。/媒体（Media）/6a69e51100000000140048f1/image-1.jpg
rednote-bookmarks	attachment-evidence	37970	3ebb14e0e1a8f04b	小红书（RedNote）/。。。。。。。/媒体（Media）/6a6a0900000000001002679e/image-1.jpg
rednote-bookmarks	attachment-evidence	56488	fb9da0dd8664e4f3	小红书（RedNote）/。。。。。。。/媒体（Media）/6a6a0c05000000001400523c/image-1.jpg
rednote-bookmarks	attachment-evidence	182504	5428b19e1dd20159	小红书（RedNote）/。。。。。。。/媒体（Media）/6a6a1c840000000011015677/image-1.jpg
rednote-bookmarks	attachment-evidence	71994	7fd090c6e08c18ce	小红书（RedNote）/。。。。。。。/媒体（Media）/6a6aa2a1000000001102dba2/image-1.jpg
rednote-bookmarks	attachment-evidence	68148	f68dea5afeca9042	小红书（RedNote）/。。。。。。。/媒体（Media）/6a6aa2a1000000001102dba2/image-2.jpg
rednote-bookmarks	attachment-evidence	43220	075a5e78c7b4657b	小红书（RedNote）/。。。。。。。/媒体（Media）/6a6abb0e0000000013025a31/image-1.jpg
rednote-bookmarks	attachment-evidence	80350	d4c968438d27b322	小红书（RedNote）/。。。。。。。/媒体（Media）/6a6abb0e0000000013025a31/image-2.jpg
rednote-bookmarks	attachment-evidence	76630	4b7720fab70102bb	小红书（RedNote）/。。。。。。。/媒体（Media）/6a6abb0e0000000013025a31/image-3.jpg
rednote-bookmarks	attachment-evidence	62868	1578a47be069e355	小红书（RedNote）/。。。。。。。/媒体（Media）/6a6abb0e0000000013025a31/image-4.jpg
rednote-bookmarks	attachment-evidence	73608	22beb31585070818	小红书（RedNote）/。。。。。。。/媒体（Media）/6a6abb0e0000000013025a31/image-5.jpg
rednote-bookmarks	attachment-evidence	70588	63daea512c9f9b74	小红书（RedNote）/。。。。。。。/媒体（Media）/6a6abb0e0000000013025a31/image-6.jpg
rednote-bookmarks	attachment-evidence	83394	58a42472cfb3af4b	小红书（RedNote）/。。。。。。。/媒体（Media）/6a6abb0e0000000013025a31/image-7.jpg
rednote-bookmarks	attachment-evidence	62696	82a8f8be5be28b4b	小红书（RedNote）/。。。。。。。/媒体（Media）/6a6abb0e0000000013025a31/image-8.jpg
rednote-bookmarks	attachment-evidence	158210	709761caee9eba1f	小红书（RedNote）/。。。。。。。/媒体（Media）/6a6aecc0000000000a0382c7/image-1.jpg
rednote-bookmarks	attachment-evidence	112746	0354f6b35fdad307	小红书（RedNote）/。。。。。。。/媒体（Media）/6a6aed5c000000000f033ed4/image-1 (Multi Source Sync).jpg
rednote-bookmarks	attachment-evidence	112746	0354f6b35fdad307	小红书（RedNote）/。。。。。。。/媒体（Media）/6a6aed5c000000000f033ed4/image-1.jpg
rednote-bookmarks	attachment-evidence	146574	721b25bb12f377dd	小红书（RedNote）/。。。。。。。/媒体（Media）/6a6aed5c000000000f033ed4/image-2 (Multi Source Sync).jpg
rednote-bookmarks	attachment-evidence	146574	721b25bb12f377dd	小红书（RedNote）/。。。。。。。/媒体（Media）/6a6aed5c000000000f033ed4/image-2.jpg
rednote-bookmarks	attachment-evidence	152896	3553edad6c2ddc63	小红书（RedNote）/。。。。。。。/媒体（Media）/6a6aed5c000000000f033ed4/image-3 (Multi Source Sync).jpg
rednote-bookmarks	attachment-evidence	152896	3553edad6c2ddc63	小红书（RedNote）/。。。。。。。/媒体（Media）/6a6aed5c000000000f033ed4/image-3.jpg
rednote-bookmarks	attachment-evidence	46298	25746d9ca2a7a8d9	小红书（RedNote）/。。。。。。。/媒体（Media）/6a6aed5c000000000f033ed4/image-4 (Multi Source Sync).jpg
rednote-bookmarks	attachment-evidence	46298	25746d9ca2a7a8d9	小红书（RedNote）/。。。。。。。/媒体（Media）/6a6aed5c000000000f033ed4/image-4.jpg
rednote-bookmarks	attachment-evidence	137740	6f139e7be8ab7169	小红书（RedNote）/。。。。。。。/媒体（Media）/6a6aed5c000000000f033ed4/image-5 (Multi Source Sync).jpg
rednote-bookmarks	attachment-evidence	137740	6f139e7be8ab7169	小红书（RedNote）/。。。。。。。/媒体（Media）/6a6aed5c000000000f033ed4/image-5.jpg
rednote-bookmarks	attachment-evidence	89624	4ba20cb264ac1794	小红书（RedNote）/。。。。。。。/媒体（Media）/6a6aed5c000000000f033ed4/image-6 (Multi Source Sync).jpg
rednote-bookmarks	attachment-evidence	89624	4ba20cb264ac1794	小红书（RedNote）/。。。。。。。/媒体（Media）/6a6aed5c000000000f033ed4/image-6.jpg
rednote-bookmarks	attachment-evidence	118506	98bd37150e0af1b7	小红书（RedNote）/。。。。。。。/媒体（Media）/6a6aed5c000000000f033ed4/image-7 (Multi Source Sync).jpg
rednote-bookmarks	attachment-evidence	118506	98bd37150e0af1b7	小红书（RedNote）/。。。。。。。/媒体（Media）/6a6aed5c000000000f033ed4/image-7.jpg
rednote-bookmarks	attachment-evidence	40498	4512c1d79443cea4	小红书（RedNote）/。。。。。。。/媒体（Media）/6a6c08a30000000006004442/image-1.jpg
rednote-bookmarks	attachment-evidence	119938	7f4618acb9e86f66	小红书（RedNote）/。。。。。。。/媒体（Media）/6a6c08a30000000006004442/image-2.jpg
rednote-bookmarks	attachment-evidence	28468	dd9973e41e6ddde9	小红书（RedNote）/。。。。。。。/媒体（Media）/6a6c08a30000000006004442/image-3.jpg
rednote-bookmarks	attachment-evidence	81814	ba1726abf0b804cf	小红书（RedNote）/。。。。。。。/媒体（Media）/6a6c08a30000000006004442/image-4.jpg
rednote-bookmarks	attachment-evidence	63028	6e7308a9cd03cbbc	小红书（RedNote）/。。。。。。。/媒体（Media）/6a6c08a30000000006004442/image-5.jpg
rednote-bookmarks	attachment-evidence	62250	e47851ab0f34236f	小红书（RedNote）/。。。。。。。/媒体（Media）/6a6c08a30000000006004442/image-6.jpg
rednote-bookmarks	attachment-evidence	56398	8adc6469e403c989	小红书（RedNote）/。。。。。。。/媒体（Media）/6a6c08a30000000006004442/image-7.jpg
rednote-bookmarks	attachment-evidence	27680	25ccc3a1eb695880	小红书（RedNote）/。。。。。。。/媒体（Media）/6a6c08a30000000006004442/image-8.jpg
rednote-bookmarks	attachment-evidence	54960	62d54c985a792897	小红书（RedNote）/。。。。。。。/媒体（Media）/6a6c08a30000000006004442/image-9.jpg
rednote-bookmarks	attachment-evidence	16022	b2b060f4491b9ea1	小红书（RedNote）/。。。。。。。/媒体（Media）/6a6d980f00000000250095b7/image-1.jpg
rednote-bookmarks	attachment-evidence	74002	bb87cf6a3792715b	小红书（RedNote）/。。。。。。。/媒体（Media）/6a6dcb6d00000000350156fd/image-1.jpg
rednote-bookmarks	attachment-evidence	24028	9c9129e666244b51	小红书（RedNote）/。。。。。。。/媒体（Media）/6a6dcb6d00000000350156fd/image-2.jpg
rednote-bookmarks	attachment-evidence	13618	57e9d4f07b0714ee	小红书（RedNote）/。。。。。。。/媒体（Media）/6a6dcb6d00000000350156fd/image-3.jpg
rednote-bookmarks	attachment-evidence	127378	e0df553c786bb996	小红书（RedNote）/。。。。。。。/媒体（Media）/6a6de9170000000033031709/image-1.jpg
rednote-bookmarks	attachment-evidence	55890	5c753180228b90b9	小红书（RedNote）/。。。。。。。/媒体（Media）/6a6de9170000000033031709/image-2.jpg
rednote-bookmarks	attachment-evidence	167648	cdfd09908e07a32c	小红书（RedNote）/。。。。。。。/媒体（Media）/6a6de9170000000033031709/image-3.jpg
rednote-bookmarks	attachment-evidence	71244	92b3b47844b6940a	小红书（RedNote）/。。。。。。。/媒体（Media）/6a6de9170000000033031709/image-4.jpg
rednote-bookmarks	attachment-evidence	156398	77bd2fa5cf1720f7	小红书（RedNote）/。。。。。。。/媒体（Media）/6a6de9170000000033031709/image-5.jpg
rednote-bookmarks	attachment-evidence	137268	a0ae7c8c063c1df0	小红书（RedNote）/。。。。。。。/媒体（Media）/6a6de9170000000033031709/image-6.jpg
rednote-bookmarks	attachment-evidence	39494	5c75d6e7cd07e2a8	小红书（RedNote）/。。。。。。。/媒体（Media）/6a6df940000000002201731f/image-1.jpg
rednote-bookmarks	attachment-evidence	213010	76532e83f54592bd	小红书（RedNote）/。。。。。。。/媒体（Media）/6a6eee480000000029032ddc/image-1.jpg
rednote-bookmarks	attachment-evidence	38520	b2f643fb9891e112	小红书（RedNote）/。。。。。。。/媒体（Media）/6a6f5ccd0000000022014f85/image-1.jpg
rednote-bookmarks	attachment-evidence	89124	a5e66e7500338309	小红书（RedNote）/。。。。。。。/媒体（Media）/6a700883000000003300feae/image-1.jpg
rednote-bookmarks	attachment-evidence	70168	dafe6d4cd49e66aa	小红书（RedNote）/。。。。。。。/媒体（Media）/6a700883000000003300feae/image-10.jpg
rednote-bookmarks	attachment-evidence	57490	a09273f188044b5b	小红书（RedNote）/。。。。。。。/媒体（Media）/6a700883000000003300feae/image-2.jpg
rednote-bookmarks	attachment-evidence	58960	ce01d4da3bb23d4b	小红书（RedNote）/。。。。。。。/媒体（Media）/6a700883000000003300feae/image-3.jpg
rednote-bookmarks	attachment-evidence	66416	43357e81bb4982db	小红书（RedNote）/。。。。。。。/媒体（Media）/6a700883000000003300feae/image-4.jpg
rednote-bookmarks	attachment-evidence	59674	44cb4e02b694b199	小红书（RedNote）/。。。。。。。/媒体（Media）/6a700883000000003300feae/image-5.jpg
rednote-bookmarks	attachment-evidence	47186	190b7d6c24b8f21d	小红书（RedNote）/。。。。。。。/媒体（Media）/6a700883000000003300feae/image-6.jpg
rednote-bookmarks	attachment-evidence	56398	eaac7475f08747ac	小红书（RedNote）/。。。。。。。/媒体（Media）/6a700883000000003300feae/image-7.jpg
rednote-bookmarks	attachment-evidence	73642	e1dff9a90afccdb0	小红书（RedNote）/。。。。。。。/媒体（Media）/6a700883000000003300feae/image-8.jpg
rednote-bookmarks	attachment-evidence	62346	89b2d3a8f99d5a3b	小红书（RedNote）/。。。。。。。/媒体（Media）/6a700883000000003300feae/image-9.jpg
rednote-bookmarks	attachment-evidence	98068	5c6475c2e17b1bce	小红书（RedNote）/。。。。。。。/媒体（Media）/6a701056000000002402c3cd/image-1.jpg
rednote-bookmarks	attachment-evidence	114508	d877a22d90e944bf	小红书（RedNote）/。。。。。。。/媒体（Media）/6a701056000000002402c3cd/image-2.jpg
rednote-bookmarks	attachment-evidence	125000	cde4575f70a0eff6	小红书（RedNote）/。。。。。。。/媒体（Media）/6a701056000000002402c3cd/image-3.jpg
rednote-bookmarks	attachment-evidence	132754	104ed2eae083f851	小红书（RedNote）/。。。。。。。/媒体（Media）/6a701056000000002402c3cd/image-4.jpg
rednote-bookmarks	attachment-evidence	114308	0c106def4b4bdbdc	小红书（RedNote）/。。。。。。。/媒体（Media）/6a701056000000002402c3cd/image-5.jpg
rednote-bookmarks	attachment-evidence	137452	bfe8faf145bcd26a	小红书（RedNote）/。。。。。。。/媒体（Media）/6a720c4400000000250084db/image-1.jpg
rednote-bookmarks	attachment-evidence	61150	56155524e7bd9032	小红书（RedNote）/。。。。。。。/媒体（Media）/6a73315d000000000502007d/image-1.jpg
rednote-bookmarks	attachment-evidence	85576	531528a6c58eea1b	小红书（RedNote）/。。。。。。。/媒体（Media）/6a73315d000000000502007d/image-2.jpg
rednote-bookmarks	attachment-evidence	99410	2e961b68f2d51502	小红书（RedNote）/。。。。。。。/媒体（Media）/6a73315d000000000502007d/image-3.jpg
rednote-bookmarks	attachment-evidence	119596	51f5ca54cf1d8913	小红书（RedNote）/。。。。。。。/媒体（Media）/6a73315d000000000502007d/image-4.jpg
rednote-bookmarks	attachment-evidence	92968	673efc25c41a3bdc	小红书（RedNote）/。。。。。。。/媒体（Media）/6a73315d000000000502007d/image-5.jpg
rednote-bookmarks	attachment-evidence	102922	2cdb3c730687aa81	小红书（RedNote）/。。。。。。。/媒体（Media）/6a73315d000000000502007d/image-6.jpg
rednote-bookmarks	attachment-evidence	110436	9e638e12f4915e08	小红书（RedNote）/。。。。。。。/媒体（Media）/6a73315d000000000502007d/image-7.jpg
rednote-bookmarks	attachment-evidence	68804	317933ded1fc74da	小红书（RedNote）/。。。。。。。/媒体（Media）/6a73315d000000000502007d/image-8.jpg
rednote-bookmarks	attachment-evidence	180614	176b0fb37a1a2ee1	小红书（RedNote）/。。。。。。。/媒体（Media）/6a736c3d000000002c0009d0/image-1.jpg
rednote-bookmarks	attachment-evidence	23986	5cfb0f03e0256e41	小红书（RedNote）/。。。。。。。/媒体（Media）/6a736c3d000000002c0009d0/image-2.jpg
rednote-bookmarks	attachment-evidence	127194	942d9e4249b9d90b	小红书（RedNote）/。。。。。。。/媒体（Media）/6a73f448000000002500b3ab/image-1.jpg
rednote-bookmarks	attachment-evidence	253550	8f334cffee151775	小红书（RedNote）/。。。。。。。/媒体（Media）/6a7443a3000000000503043e/image-1.jpg
rednote-bookmarks	attachment-evidence	267568	0bbbac3e81fe5e4d	小红书（RedNote）/。。。。。。。/媒体（Media）/6a7443a3000000000503043e/image-2.jpg
rednote-bookmarks	attachment-evidence	81986	f6b375f6626651dc	小红书（RedNote）/。。。。。。。/媒体（Media）/6a7461250000000002003c00/image-1.jpg
rednote-bookmarks	attachment-evidence	81538	807d48e29774e105	小红书（RedNote）/。。。。。。。/媒体（Media）/6a7461250000000002003c00/image-2.jpg
rednote-bookmarks	attachment-evidence	95058	1fea458562dea3a9	小红书（RedNote）/。。。。。。。/媒体（Media）/6a7461250000000002003c00/image-3.jpg
rednote-bookmarks	attachment-evidence	63138	98ebb0f8151dedd5	小红书（RedNote）/。。。。。。。/媒体（Media）/6a7461250000000002003c00/image-4.jpg
rednote-bookmarks	attachment-evidence	150320	82a526dda4d16138	小红书（RedNote）/。。。。。。。/媒体（Media）/6a7461250000000002003c00/image-5.jpg
rednote-bookmarks	attachment-evidence	103156	5196d3e15c592038	小红书（RedNote）/。。。。。。。/媒体（Media）/6a7461250000000002003c00/image-6.jpg
rednote-bookmarks	attachment-evidence	171174	86c4b15499c77713	小红书（RedNote）/。。。。。。。/媒体（Media）/6a7474480000000024027736/image-1.jpg
rednote-bookmarks	attachment-evidence	136050	cae4c7ea7bfa8eba	小红书（RedNote）/。。。。。。。/媒体（Media）/6a7474480000000024027736/image-2.jpg
rednote-bookmarks	attachment-evidence	40426	cbad76a2b82b745c	小红书（RedNote）/。。。。。。。/媒体（Media）/6a748ab100000000220145cf/image-1.jpg
rednote-bookmarks	attachment-evidence	130388	5138e3db976a89c0	小红书（RedNote）/。。。。。。。/媒体（Media）/6a74a68100000000270211a3/image-1.jpg
rednote-bookmarks	attachment-evidence	8812	d11cb0355cb343d7	小红书（RedNote）/。。。。。。。/媒体（Media）/6a74a68100000000270211a3/image-2.jpg
rednote-bookmarks	attachment-evidence	109134	96c1df8a7ab953f5	小红书（RedNote）/。。。。。。。/媒体（Media）/6a7555a3000000002500062f/image-1.jpg
rednote-bookmarks	attachment-evidence	136532	4ddda4c4d10d46a4	小红书（RedNote）/。。。。。。。/媒体（Media）/6a7555a3000000002500062f/image-2.jpg
rednote-bookmarks	attachment-evidence	223638	9526b508ec58b3bc	小红书（RedNote）/。。。。。。。/媒体（Media）/6a7555a3000000002500062f/image-3.jpg
rednote-bookmarks	attachment-evidence	204066	399c73d53fce06d1	小红书（RedNote）/。。。。。。。/媒体（Media）/6a7555a3000000002500062f/image-4.jpg
rednote-bookmarks	attachment-evidence	99516	5518e6b6f04f8511	小红书（RedNote）/。。。。。。。/媒体（Media）/6a7555a3000000002500062f/image-5.jpg
rednote-bookmarks	attachment-evidence	103332	fff2b816d08323d4	小红书（RedNote）/。。。。。。。/媒体（Media）/6a7555a3000000002500062f/image-6.jpg
rednote-bookmarks	attachment-evidence	55076	f02fcf785030a8a4	小红书（RedNote）/。。。。。。。/媒体（Media）/6a7555a3000000002500062f/image-7.jpg
rednote-bookmarks	attachment-evidence	203320	bad87e5eac736fe3	小红书（RedNote）/。。。。。。。/媒体（Media）/6a75826700000000330128fd/image-1.jpg
rednote-bookmarks	attachment-evidence	61380	73847736a47f9034	小红书（RedNote）/。。。。。。。/媒体（Media）/6a759604000000002202f0a5/image-1.jpg
rednote-bookmarks	attachment-evidence	88152	8612cda6245257e6	小红书（RedNote）/。。。。。。。/媒体（Media）/6a759604000000002202f0a5/image-2.jpg
rednote-bookmarks	attachment-evidence	83744	4c227035cbde399b	小红书（RedNote）/。。。。。。。/媒体（Media）/6a759604000000002202f0a5/image-3.jpg
rednote-bookmarks	attachment-evidence	74120	68a570438af1af1e	小红书（RedNote）/。。。。。。。/媒体（Media）/6a759604000000002202f0a5/image-4.jpg
rednote-bookmarks	attachment-evidence	111958	a3014b9b7e90a4ec	小红书（RedNote）/。。。。。。。/媒体（Media）/6a759604000000002202f0a5/image-5.jpg
rednote-bookmarks	attachment-evidence	98880	e60d97fb21e968c5	小红书（RedNote）/。。。。。。。/媒体（Media）/6a759604000000002202f0a5/image-6.jpg
rednote-bookmarks	attachment-evidence	105044	ca9e9aaf00c34c37	小红书（RedNote）/。。。。。。。/媒体（Media）/6a75ba1d000000002403dc75/image-1.jpg
rednote-bookmarks	attachment-evidence	56700	9175f7e5fd4074f1	小红书（RedNote）/。。。。。。。/媒体（Media）/6a75bc5b00000000220331cd/image-1 (Multi Source Sync).jpg
rednote-bookmarks	attachment-evidence	56700	9175f7e5fd4074f1	小红书（RedNote）/。。。。。。。/媒体（Media）/6a75bc5b00000000220331cd/image-1.jpg
rednote-bookmarks	attachment-evidence	86916	2a11f5db9115dcee	小红书（RedNote）/。。。。。。。/媒体（Media）/6a75ee150000000024025a3e/image-1.jpg
rednote-bookmarks	attachment-evidence	126548	76d58b8794e48467	小红书（RedNote）/。。。。。。。/媒体（Media）/6a75ee150000000024025a3e/image-2.jpg
rednote-bookmarks	attachment-evidence	119838	2d5a6eab658ed03e	小红书（RedNote）/。。。。。。。/媒体（Media）/6a75ee150000000024025a3e/image-3.jpg
rednote-bookmarks	attachment-evidence	54574	6d98ae41d26fe283	小红书（RedNote）/。。。。。。。/媒体（Media）/6a75ee150000000024025a3e/image-4.jpg
rednote-bookmarks	attachment-evidence	97476	43ef52cdf923a418	小红书（RedNote）/。。。。。。。/媒体（Media）/6a7614560000000022010472/image-1.jpg
rednote-bookmarks	attachment-evidence	92784	0917d9e7f2b8697b	小红书（RedNote）/。。。。。。。/媒体（Media）/6a76d28f0000000026036444/image-1 (Multi Source Sync).jpg
rednote-bookmarks	attachment-evidence	92784	0917d9e7f2b8697b	小红书（RedNote）/。。。。。。。/媒体（Media）/6a76d28f0000000026036444/image-1.jpg
rednote-bookmarks	attachment-evidence	74288	166d762818ca361d	小红书（RedNote）/。。。。。。。/媒体（Media）/6a76f8fd0000000033013140/image-1.jpg
rednote-bookmarks	attachment-evidence	148394	7586a82149924bdf	小红书（RedNote）/。。。。。。。/媒体（Media）/6a771c4e0000000008010193/image-1 (Multi Source Sync).jpg
rednote-bookmarks	attachment-evidence	148394	7586a82149924bdf	小红书（RedNote）/。。。。。。。/媒体（Media）/6a771c4e0000000008010193/image-1.jpg
rednote-bookmarks	attachment-evidence	26264	04690c6b96e8a9d2	小红书（RedNote）/。。。。。。。/媒体（Media）/6a7740ac0000000021022013/image-1.jpg
rednote-bookmarks	attachment-evidence	95786	10914bb772aa9184	小红书（RedNote）/。。。。。。。/媒体（Media）/6a7740ac0000000021022013/image-2.jpg
rednote-bookmarks	attachment-evidence	78070	a6cc8e62f69691fa	小红书（RedNote）/。。。。。。。/媒体（Media）/6a7740ac0000000021022013/image-3.jpg
rednote-bookmarks	attachment-evidence	181732	8485211cc8ec6152	小红书（RedNote）/。。。。。。。/媒体（Media）/6a7740ac0000000021022013/image-4.jpg
rednote-bookmarks	attachment-evidence	175162	0b03f41d11f31fe4	小红书（RedNote）/。。。。。。。/媒体（Media）/6a7740ac0000000021022013/image-5.jpg
rednote-bookmarks	attachment-evidence	186582	58e0c158c6685d69	小红书（RedNote）/。。。。。。。/媒体（Media）/6a7740ac0000000021022013/image-6.jpg
rednote-bookmarks	attachment-evidence	54614	34a9de5c5b2dd25e	小红书（RedNote）/。。。。。。。/媒体（Media）/6a775573000000002403fef8/image-1.jpg
rednote-bookmarks	attachment-evidence	106912	9713a391574c6bdc	小红书（RedNote）/。。。。。。。/媒体（Media）/6a77f8cc000000002c001120/image-1.jpg
rednote-bookmarks	attachment-evidence	158168	526cf46134f707f5	小红书（RedNote）/。。。。。。。/媒体（Media）/6a7817490000000033019f1d/image-1.jpg
rednote-bookmarks	attachment-evidence	168836	dedef68c25ab3c0e	小红书（RedNote）/。。。。。。。/媒体（Media）/6a7817490000000033019f1d/image-2.jpg
rednote-bookmarks	attachment-evidence	81548	aa776801f1ddabe1	小红书（RedNote）/。。。。。。。/媒体（Media）/6a78413000000000060063ed/image-1.jpg
rednote-bookmarks	attachment-evidence	94376	832fa696be73255a	小红书（RedNote）/。。。。。。。/媒体（Media）/6a78494b0000000022030788/image-1.jpg
rednote-bookmarks	attachment-evidence	224298	19d7155c558e1e07	小红书（RedNote）/。。。。。。。/媒体（Media）/6a7863060000000028033c3d/image-1.jpg
rednote-bookmarks	attachment-evidence	80674	c3158a5494151788	小红书（RedNote）/。。。。。。。/媒体（Media）/6a7865ea0000000022014ab4/image-1.jpg
rednote-bookmarks	attachment-evidence	62598	f06e14ccc6c52cb0	小红书（RedNote）/。。。。。。。/媒体（Media）/6a7865ea0000000022014ab4/image-2.jpg
rednote-bookmarks	attachment-evidence	71834	ddfe9180dba30a26	小红书（RedNote）/。。。。。。。/媒体（Media）/6a7865ea0000000022014ab4/image-3.jpg
rednote-bookmarks	attachment-evidence	57004	c16edd9e54ec8e52	小红书（RedNote）/。。。。。。。/媒体（Media）/6a7865ea0000000022014ab4/image-4.jpg
rednote-bookmarks	attachment-evidence	88808	6c635ef2692cebb8	小红书（RedNote）/。。。。。。。/媒体（Media）/6a7865ea0000000022014ab4/image-5.jpg
rednote-bookmarks	attachment-evidence	76622	40ebe4bbfc7a0cf5	小红书（RedNote）/。。。。。。。/媒体（Media）/6a7865ea0000000022014ab4/image-6.jpg
rednote-bookmarks	attachment-evidence	63188	774df12fd3222b8e	小红书（RedNote）/。。。。。。。/媒体（Media）/6a7865ea0000000022014ab4/image-7.jpg
rednote-bookmarks	attachment-evidence	77268	ff26330521309a4e	小红书（RedNote）/。。。。。。。/媒体（Media）/6a7865ea0000000022014ab4/image-8.jpg
rednote-bookmarks	attachment-evidence	123622	80c655fbf952f776	小红书（RedNote）/。。。。。。。/媒体（Media）/6a7865ea0000000022014ab4/image-9.jpg
rednote-bookmarks	attachment-evidence	120272	81029f7b247be949	小红书（RedNote）/。。。。。。。/媒体（Media）/6a7869240000000022030e4a/image-1.jpg
rednote-bookmarks	attachment-evidence	53824	d5580cf56793b6a3	小红书（RedNote）/。。。。。。。/媒体（Media）/6a7869240000000022030e4a/image-2.jpg
rednote-bookmarks	attachment-evidence	178576	f1e505f43c0518a5	小红书（RedNote）/。。。。。。。/媒体（Media）/6a79a0cc0000000033035229/image-1.jpg
rednote-bookmarks	attachment-evidence	107656	600c9f7a0c4e61e5	小红书（RedNote）/。。。。。。。/媒体（Media）/6a79a0cc0000000033035229/image-2.jpg
rednote-bookmarks	attachment-evidence	98918	d5ff404cdd2fb9e1	小红书（RedNote）/。。。。。。。/媒体（Media）/6a79a0cc0000000033035229/image-3.jpg
rednote-bookmarks	attachment-evidence	112512	dc237dc69a9fb221	小红书（RedNote）/。。。。。。。/媒体（Media）/6a79a0cc0000000033035229/image-4.jpg
rednote-bookmarks	attachment-evidence	114434	e4dcff18ce3f7ca6	小红书（RedNote）/。。。。。。。/媒体（Media）/6a79a0cc0000000033035229/image-5.jpg
rednote-bookmarks	attachment-evidence	85566	39e360a5ab832b4d	小红书（RedNote）/。。。。。。。/媒体（Media）/6a79b5690000000032031459/image-1.jpg
rednote-bookmarks	attachment-evidence	121356	9d5c668e8fee063e	小红书（RedNote）/。。。。。。。/媒体（Media）/6a79b5690000000032031459/image-2.jpg
rednote-bookmarks	attachment-evidence	111148	aed8177c10890773	小红书（RedNote）/。。。。。。。/媒体（Media）/6a79b5690000000032031459/image-3.jpg
rednote-bookmarks	attachment-evidence	105964	63052c4c9a4a491d	小红书（RedNote）/。。。。。。。/媒体（Media）/6a79b5690000000032031459/image-4.jpg
rednote-bookmarks	attachment-evidence	112642	590dd1c2bb08f1f5	小红书（RedNote）/。。。。。。。/媒体（Media）/6a79b5690000000032031459/image-5.jpg
rednote-bookmarks	attachment-evidence	84908	738f30b4d2e55f2f	小红书（RedNote）/。。。。。。。/媒体（Media）/6a79b5690000000032031459/image-6.jpg
rednote-bookmarks	attachment-evidence	99498	cba28d53aaca32f9	小红书（RedNote）/。。。。。。。/媒体（Media）/6a79b5690000000032031459/image-7.jpg
rednote-bookmarks	attachment-evidence	61868	be2d6f695137730c	小红书（RedNote）/。。。。。。。/媒体（Media）/6a79b5690000000032031459/image-8.jpg
rednote-bookmarks	attachment-evidence	48682	8102fe5c67f9a7ad	小红书（RedNote）/。。。。。。。/媒体（Media）/6a79b9b20000000008012cdb/image-1.jpg
rednote-bookmarks	attachment-evidence	34734	2fce12b9a8d14747	小红书（RedNote）/。。。。。。。/媒体（Media）/6a79b9b20000000008012cdb/image-2.jpg
rednote-bookmarks	attachment-evidence	50542	80024730f926d351	小红书（RedNote）/。。。。。。。/媒体（Media）/6a79b9b20000000008012cdb/image-3.jpg
rednote-bookmarks	attachment-evidence	67434	efe12a21aa5fb5a9	小红书（RedNote）/。。。。。。。/媒体（Media）/6a79b9b20000000008012cdb/image-4.jpg
rednote-bookmarks	attachment-evidence	41170	473af5f26d3420f7	小红书（RedNote）/。。。。。。。/媒体（Media）/6a79b9b20000000008012cdb/image-5.jpg
rednote-bookmarks	attachment-evidence	53058	c237b8d4b89d6c44	小红书（RedNote）/。。。。。。。/媒体（Media）/6a79b9b20000000008012cdb/image-6.jpg
rednote-bookmarks	attachment-evidence	29482	06613e015c7c4c80	小红书（RedNote）/。。。。。。。/媒体（Media）/6a79b9b20000000008012cdb/image-7.jpg
rednote-bookmarks	attachment-evidence	28704	088ed9969cd58dc5	小红书（RedNote）/。。。。。。。/媒体（Media）/6a79b9b20000000008012cdb/image-8.jpg
rednote-bookmarks	attachment-evidence	59264	9c4d934a54f134db	小红书（RedNote）/。。。。。。。/媒体（Media）/6a79d52a000000003301d4b8/image-1.jpg
rednote-bookmarks	attachment-evidence	102432	d882f4dabc935aca	小红书（RedNote）/。。。。。。。/媒体（Media）/6a79d52a000000003301d4b8/image-2.jpg
rednote-bookmarks	attachment-evidence	140438	5d53c8e49d847c10	小红书（RedNote）/。。。。。。。/媒体（Media）/6a79d52a000000003301d4b8/image-3.jpg
rednote-bookmarks	attachment-evidence	127908	e7f13af6effd3ad8	小红书（RedNote）/。。。。。。。/媒体（Media）/6a79d52a000000003301d4b8/image-4.jpg
rednote-bookmarks	attachment-evidence	141072	bebc080bd4fa7bcd	小红书（RedNote）/。。。。。。。/媒体（Media）/6a79d52a000000003301d4b8/image-5.jpg
rednote-bookmarks	attachment-evidence	136030	0512b55ed1ed2302	小红书（RedNote）/。。。。。。。/媒体（Media）/6a79d52a000000003301d4b8/image-6.jpg
rednote-bookmarks	attachment-evidence	136002	ede7397cddcfee8f	小红书（RedNote）/。。。。。。。/媒体（Media）/6a79d52a000000003301d4b8/image-7.jpg
rednote-bookmarks	attachment-evidence	124776	b40e1c226c53e3b6	小红书（RedNote）/。。。。。。。/媒体（Media）/6a79d52a000000003301d4b8/image-8.jpg
rednote-bookmarks	attachment-evidence	131422	c6a22e8da72d7ac5	小红书（RedNote）/。。。。。。。/媒体（Media）/6a79d52a000000003301d4b8/image-9.jpg
rednote-bookmarks	attachment-evidence	290224	676fff578b2dee6e	小红书（RedNote）/。。。。。。。/媒体（Media）/6a7a7d3d0000000026034950/image-1.jpg
rednote-bookmarks	attachment-evidence	23300	e8142bd9ff2c71fb	小红书（RedNote）/。。。。。。。/媒体（Media）/6a7a873b0000000025005b95/image-1.jpg
rednote-bookmarks	attachment-evidence	113194	31d5ad87fb0234d4	小红书（RedNote）/。。。。。。。/媒体（Media）/6a7a8bf9000000002500784d/image-1.jpg
rednote-bookmarks	attachment-evidence	52814	a98f903f1336f048	小红书（RedNote）/。。。。。。。/媒体（Media）/6a7a8bf9000000002500784d/image-2.jpg
rednote-bookmarks	attachment-evidence	60490	251f1011d09982b9	小红书（RedNote）/。。。。。。。/媒体（Media）/6a7a8bf9000000002500784d/image-3.jpg
rednote-bookmarks	attachment-evidence	65646	b7ca8749afe88852	小红书（RedNote）/。。。。。。。/媒体（Media）/6a7ab46a00000000280005cd/image-1.jpg
rednote-bookmarks	attachment-evidence	119726	bd81e8dac514c320	小红书（RedNote）/。。。。。。。/媒体（Media）/6a7ab46a00000000280005cd/image-2.jpg
rednote-bookmarks	attachment-evidence	111488	5617e62056f65aa6	小红书（RedNote）/。。。。。。。/媒体（Media）/6a7ab46a00000000280005cd/image-3.jpg
rednote-bookmarks	attachment-evidence	91188	093c2efad1d20ba3	小红书（RedNote）/。。。。。。。/媒体（Media）/6a7ab46a00000000280005cd/image-4.jpg
rednote-bookmarks	attachment-evidence	43010	e3a279e348c20080	小红书（RedNote）/。。。。。。。/媒体（Media）/6a7ab6880000000028005775/image-1.jpg
rednote-bookmarks	attachment-evidence	100680	b054991974416756	小红书（RedNote）/。。。。。。。/媒体（Media）/6a7ab6880000000028005775/image-10.jpg
rednote-bookmarks	attachment-evidence	97170	89d1f0b4bc0cefc6	小红书（RedNote）/。。。。。。。/媒体（Media）/6a7ab6880000000028005775/image-11.jpg
rednote-bookmarks	attachment-evidence	155304	14126afac3f6672d	小红书（RedNote）/。。。。。。。/媒体（Media）/6a7ab6880000000028005775/image-12.jpg
rednote-bookmarks	attachment-evidence	51338	270a00db873199e8	小红书（RedNote）/。。。。。。。/媒体（Media）/6a7ab6880000000028005775/image-13.jpg
rednote-bookmarks	attachment-evidence	104442	16cd3446d44fffb4	小红书（RedNote）/。。。。。。。/媒体（Media）/6a7ab6880000000028005775/image-2.jpg
rednote-bookmarks	attachment-evidence	115916	f7e970feb83f9ce7	小红书（RedNote）/。。。。。。。/媒体（Media）/6a7ab6880000000028005775/image-3.jpg
rednote-bookmarks	attachment-evidence	120472	584ce36d49ec543e	小红书（RedNote）/。。。。。。。/媒体（Media）/6a7ab6880000000028005775/image-4.jpg
rednote-bookmarks	attachment-evidence	122976	f6aa05a9716f713c	小红书（RedNote）/。。。。。。。/媒体（Media）/6a7ab6880000000028005775/image-5.jpg
rednote-bookmarks	attachment-evidence	122270	fb34fe91dc3b5f7a	小红书（RedNote）/。。。。。。。/媒体（Media）/6a7ab6880000000028005775/image-6.jpg
rednote-bookmarks	attachment-evidence	102696	af8805f24d3954ac	小红书（RedNote）/。。。。。。。/媒体（Media）/6a7ab6880000000028005775/image-7.jpg
rednote-bookmarks	attachment-evidence	133580	15ddf978ff2d9a40	小红书（RedNote）/。。。。。。。/媒体（Media）/6a7ab6880000000028005775/image-8.jpg
rednote-bookmarks	attachment-evidence	98142	d5128a6d0ba307ac	小红书（RedNote）/。。。。。。。/媒体（Media）/6a7ab6880000000028005775/image-9.jpg
rednote-bookmarks	attachment-evidence	53854	7b8f2b9721f43f8c	小红书（RedNote）/。。。。。。。/媒体（Media）/6a7b137c0000000035016851/image-1.jpg
rednote-bookmarks	attachment-evidence	107058	cb5967400c2e1173	小红书（RedNote）/。。。。。。。/媒体（Media）/6a7b4c7d00000000280332c1/image-1 (Multi Source Sync).jpg
rednote-bookmarks	attachment-evidence	107058	cb5967400c2e1173	小红书（RedNote）/。。。。。。。/媒体（Media）/6a7b4c7d00000000280332c1/image-1.jpg
rednote-bookmarks	attachment-evidence	118070	0d3fe8d48c18dcbb	小红书（RedNote）/。。。。。。。/媒体（Media）/6a7b4c7d00000000280332c1/image-2 (Multi Source Sync).jpg
rednote-bookmarks	attachment-evidence	118070	0d3fe8d48c18dcbb	小红书（RedNote）/。。。。。。。/媒体（Media）/6a7b4c7d00000000280332c1/image-2.jpg
rednote-bookmarks	attachment-evidence	95094	230ef825fa3faabb	小红书（RedNote）/。。。。。。。/媒体（Media）/6a7b4c7d00000000280332c1/image-3 (Multi Source Sync).jpg
rednote-bookmarks	attachment-evidence	95094	230ef825fa3faabb	小红书（RedNote）/。。。。。。。/媒体（Media）/6a7b4c7d00000000280332c1/image-3.jpg
rednote-bookmarks	attachment-evidence	90222	53a5f31f296af724	小红书（RedNote）/。。。。。。。/媒体（Media）/6a7b4c7d00000000280332c1/image-4 (Multi Source Sync).jpg
rednote-bookmarks	attachment-evidence	90222	53a5f31f296af724	小红书（RedNote）/。。。。。。。/媒体（Media）/6a7b4c7d00000000280332c1/image-4.jpg
rednote-bookmarks	attachment-evidence	127316	186c8f9910505d1a	小红书（RedNote）/。。。。。。。/媒体（Media）/6a7b4c7d00000000280332c1/image-5 (Multi Source Sync).jpg
rednote-bookmarks	attachment-evidence	127316	186c8f9910505d1a	小红书（RedNote）/。。。。。。。/媒体（Media）/6a7b4c7d00000000280332c1/image-5.jpg
rednote-bookmarks	attachment-evidence	144350	91849b613cc5187b	小红书（RedNote）/。。。。。。。/媒体（Media）/6a7b4c7d00000000280332c1/image-6 (Multi Source Sync).jpg
rednote-bookmarks	attachment-evidence	144350	91849b613cc5187b	小红书（RedNote）/。。。。。。。/媒体（Media）/6a7b4c7d00000000280332c1/image-6.jpg
rednote-bookmarks	attachment-evidence	96972	e8990089fca26812	小红书（RedNote）/。。。。。。。/媒体（Media）/6a7b4c7d00000000280332c1/image-7 (Multi Source Sync).jpg
rednote-bookmarks	attachment-evidence	96972	e8990089fca26812	小红书（RedNote）/。。。。。。。/媒体（Media）/6a7b4c7d00000000280332c1/image-7.jpg
rednote-bookmarks	attachment-evidence	88494	a4e62520e51ad867	小红书（RedNote）/。。。。。。。/媒体（Media）/6a7b4c7d00000000280332c1/image-8 (Multi Source Sync).jpg
rednote-bookmarks	attachment-evidence	88494	a4e62520e51ad867	小红书（RedNote）/。。。。。。。/媒体（Media）/6a7b4c7d00000000280332c1/image-8.jpg
rednote-bookmarks	attachment-evidence	28416	f0a920cd4c1e4d3b	小红书（RedNote）/。。。。。。。/媒体（Media）/6a7b4c7d00000000280332c1/image-9 (Multi Source Sync).jpg
rednote-bookmarks	attachment-evidence	28416	f0a920cd4c1e4d3b	小红书（RedNote）/。。。。。。。/媒体（Media）/6a7b4c7d00000000280332c1/image-9.jpg
rednote-bookmarks	attachment-evidence	68010	d55fe03ecf7abb07	小红书（RedNote）/。。。。。。。/媒体（Media）/6a7bbdab000000003300e802/image-1 (Multi Source Sync).jpg
rednote-bookmarks	attachment-evidence	68010	d55fe03ecf7abb07	小红书（RedNote）/。。。。。。。/媒体（Media）/6a7bbdab000000003300e802/image-1.jpg
rednote-bookmarks	attachment-evidence	202734	a34ff2b36be13ce0	小红书（RedNote）/。。。。。。。/媒体（Media）/6a7bf3820000000028004876/image-1.jpg
rednote-bookmarks	attachment-evidence	206010	bb86cd030d63f48e	小红书（RedNote）/。。。。。。。/媒体（Media）/6a7bf3820000000028004876/image-2.jpg
rednote-bookmarks	attachment-evidence	207112	68d965af3610c858	小红书（RedNote）/。。。。。。。/媒体（Media）/6a7bf3820000000028004876/image-3.jpg
rednote-bookmarks	attachment-evidence	210694	9ff3229489ceaec5	小红书（RedNote）/。。。。。。。/媒体（Media）/6a7bf3820000000028004876/image-4.jpg
rednote-bookmarks	attachment-evidence	214676	58d188760821e0ac	小红书（RedNote）/。。。。。。。/媒体（Media）/6a7bf3820000000028004876/image-5.jpg
rednote-bookmarks	attachment-evidence	51650	924a05b62a28cc94	小红书（RedNote）/。。。。。。。/媒体（Media）/6a7c2715000000002701da62/image-1.jpg
rednote-bookmarks	attachment-evidence	52744	1f34c7b6d2929b56	小红书（RedNote）/。。。。。。。/媒体（Media）/6a7c2715000000002701da62/image-2.jpg
rednote-bookmarks	attachment-evidence	39916	bd8b845c89375458	小红书（RedNote）/。。。。。。。/媒体（Media）/6a7c2715000000002701da62/image-3.jpg
rednote-bookmarks	attachment-evidence	40442	4a97574e22f2689a	小红书（RedNote）/。。。。。。。/媒体（Media）/6a7c2715000000002701da62/image-4.jpg
rednote-bookmarks	attachment-evidence	43182	51cf200a69b0a96c	小红书（RedNote）/。。。。。。。/媒体（Media）/6a7c2715000000002701da62/image-5.jpg
rednote-bookmarks	attachment-evidence	75774	9881cc092183721f	小红书（RedNote）/。。。。。。。/媒体（Media）/6a7c2715000000002701da62/image-6.jpg
rednote-bookmarks	attachment-evidence	59022	619be112e6d22688	小红书（RedNote）/。。。。。。。/媒体（Media）/6a7c295d0000000028030cc4/image-1.jpg
rednote-bookmarks	attachment-evidence	25850	530b75bb905bed7c	小红书（RedNote）/。。。。。。。/媒体（Media）/6a7c295d0000000028030cc4/image-2.jpg
rednote-bookmarks	attachment-evidence	40610	36e81934ff5c1a71	小红书（RedNote）/。。。。。。。/媒体（Media）/6a7c295d0000000028030cc4/image-3.jpg
rednote-bookmarks	attachment-evidence	73992	32f8963b3d7c93a4	小红书（RedNote）/。。。。。。。/媒体（Media）/6a7c2f7500000000270207ff/image-1.jpg
rednote-bookmarks	attachment-evidence	48294	bde5343f92f7013d	小红书（RedNote）/。。。。。。。/媒体（Media）/6a7c3ed1000000002c003c80/image-1 (Multi Source Sync).jpg
rednote-bookmarks	attachment-evidence	48294	bde5343f92f7013d	小红书（RedNote）/。。。。。。。/媒体（Media）/6a7c3ed1000000002c003c80/image-1.jpg
rednote-bookmarks	attachment-evidence	83204	b3b6fefe3d81a510	小红书（RedNote）/。。。。。。。/媒体（Media）/6a7c3ed1000000002c003c80/image-2 (Multi Source Sync).jpg
rednote-bookmarks	attachment-evidence	83204	b3b6fefe3d81a510	小红书（RedNote）/。。。。。。。/媒体（Media）/6a7c3ed1000000002c003c80/image-2.jpg
rednote-bookmarks	attachment-evidence	52466	87919e0e2e2f2b45	小红书（RedNote）/。。。。。。。/媒体（Media）/6a7c3ed1000000002c003c80/image-3 (Multi Source Sync).jpg
rednote-bookmarks	attachment-evidence	52466	87919e0e2e2f2b45	小红书（RedNote）/。。。。。。。/媒体（Media）/6a7c3ed1000000002c003c80/image-3.jpg
rednote-bookmarks	attachment-evidence	79178	55b57d593f4c5fee	小红书（RedNote）/。。。。。。。/媒体（Media）/6a7c3ed1000000002c003c80/image-4 (Multi Source Sync).jpg
rednote-bookmarks	attachment-evidence	79178	55b57d593f4c5fee	小红书（RedNote）/。。。。。。。/媒体（Media）/6a7c3ed1000000002c003c80/image-4.jpg
rednote-bookmarks	attachment-evidence	56292	1848bfafc2085538	小红书（RedNote）/。。。。。。。/媒体（Media）/6a7c3ed1000000002c003c80/image-5 (Multi Source Sync).jpg
rednote-bookmarks	attachment-evidence	56292	1848bfafc2085538	小红书（RedNote）/。。。。。。。/媒体（Media）/6a7c3ed1000000002c003c80/image-5.jpg
rednote-bookmarks	attachment-evidence	59888	ebe1de06ae271089	小红书（RedNote）/。。。。。。。/媒体（Media）/6a7c3ed1000000002c003c80/image-6 (Multi Source Sync).jpg
rednote-bookmarks	attachment-evidence	59888	ebe1de06ae271089	小红书（RedNote）/。。。。。。。/媒体（Media）/6a7c3ed1000000002c003c80/image-6.jpg
rednote-bookmarks	attachment-evidence	78220	9e471b1b6991d767	小红书（RedNote）/。。。。。。。/媒体（Media）/6a7c3ed1000000002c003c80/image-7 (Multi Source Sync).jpg
rednote-bookmarks	attachment-evidence	78220	9e471b1b6991d767	小红书（RedNote）/。。。。。。。/媒体（Media）/6a7c3ed1000000002c003c80/image-7.jpg
rednote-bookmarks	attachment-evidence	52846	c67c92ea244c44e1	小红书（RedNote）/。。。。。。。/媒体（Media）/6a7d601f000000002803204e/image-1.jpg
rednote-bookmarks	attachment-evidence	247592	682fcf9438608d35	小红书（RedNote）/。。。。。。。/媒体（Media）/6a7d601f000000002803204e/image-2.jpg
rednote-bookmarks	attachment-evidence	196834	09f070e67fb7eb40	小红书（RedNote）/。。。。。。。/媒体（Media）/6a7d601f000000002803204e/image-3.jpg
rednote-bookmarks	attachment-evidence	68964	88e27156d02122f1	小红书（RedNote）/。。。。。。。/媒体（Media）/6a7d601f000000002803204e/image-4.jpg
rednote-bookmarks	attachment-evidence	101252	1e5e0ba9cf30ae11	小红书（RedNote）/。。。。。。。/媒体（Media）/6a7d601f000000002803204e/image-5.jpg
rednote-bookmarks	attachment-evidence	49092	81e2fee2a1335b89	小红书（RedNote）/。。。。。。。/媒体（Media）/6a7dad79000000002402c02c/image-1.jpg
rednote-bookmarks	other-binary-or-config	2464	0d95cfab9c830a83	小红书（RedNote）/。。。。。。。/小红书内容总览.base
rednote-bookmarks	knowledge-document	1353	c4e28bf415e419a7	小红书（RedNote）/。。。。。。。/我的发布（Posts）/生物技术与工程考研调剂 - 67ea45bb000000001b024a1e.md
rednote-bookmarks	knowledge-document	1083	16253aec618b67be	小红书（RedNote）/。。。。。。。/我的发布（Posts）/考数学和数据结构的生物信息学该往哪调啊，本科非生物，调剂可太难了，救救孩子吧[哭 - 67ea443b000000001c001c23.md
rednote-bookmarks	knowledge-document	1399	f374a8e70dfdb1ea	小红书（RedNote）/。。。。。。。/收藏（Bookmarks）/#复试 #考研复试 #电气工程 - 69a8ef53000000002801c002.md
rednote-bookmarks	knowledge-document	5135	255a4101148f095a	小红书（RedNote）/。。。。。。。/收藏（Bookmarks）/0基础嵌入式Linux学习路线 - 6a565b0a000000001702d88e.md
rednote-bookmarks	knowledge-document	2486	9c720f2619425c28	小红书（RedNote）/。。。。。。。/收藏（Bookmarks）/0实习双非硕｜备战秋招 - 6a76d28f0000000026036444.md
rednote-bookmarks	knowledge-document	3017	1da015504fc6d85f	小红书（RedNote）/。。。。。。。/收藏（Bookmarks）/1000个开源项目拆解：Opencodex接入多AI - 6a69d2e9000000001d00fd7f.md
rednote-bookmarks	knowledge-document	2294	9938357425de7e5d	小红书（RedNote）/。。。。。。。/收藏（Bookmarks）/10万+看过的额度插件更新上线啦✨ - 6a54bbc60000000017029090.md
rednote-bookmarks	knowledge-document	5066	000ccb95fdd3ca78	小红书（RedNote）/。。。。。。。/收藏（Bookmarks）/2026 年还在手动投简历？在起跑线上输麻了 - 6a4ab0ad000000000f01ec33.md
rednote-bookmarks	knowledge-document	3116	20251188fe55a305	小红书（RedNote）/。。。。。。。/收藏（Bookmarks）/2026图文创作Skill清单，少装一个都亏 - 6a4caae600000000070277be.md
rednote-bookmarks	knowledge-document	6126	455fb4ff38bf958a	小红书（RedNote）/。。。。。。。/收藏（Bookmarks）/2026年，这可能是最爽的远程Coding方式... - 6a585e7c000000000f03cba8.md
rednote-bookmarks	knowledge-document	3364	ae3f822a7913c93b	小红书（RedNote）/。。。。。。。/收藏（Bookmarks）/2026还买 M1 Pro MacBook Pro？ - 6a6497d4000000000301e889.md
rednote-bookmarks	knowledge-document	3727	57422b77c6bb2758	小红书（RedNote）/。。。。。。。/收藏（Bookmarks）/264分复试0淘汰！安徽理工大学录取221人！ - 6a6307ee0000000001001536.md
rednote-bookmarks	knowledge-document	3097	d84e8d953300981a	小红书（RedNote）/。。。。。。。/收藏（Bookmarks）/26届小米秋招一面面经(含答案)-嵌入式软件 - 6a60deff000000000f009ee2.md
rednote-bookmarks	knowledge-document	3375	36a2ebacea220bdd	小红书（RedNote）/。。。。。。。/收藏（Bookmarks）/27届嵌入式，简历没改完能先投吗 - 6a7c3ed1000000002c003c80.md
rednote-bookmarks	knowledge-document	4062	c48aa79e6fbfa799	小红书（RedNote）/。。。。。。。/收藏（Bookmarks）/27岁嵌入式每周3场面试，上岸后真感受 - 6a7a7d3d0000000026034950.md
rednote-bookmarks	knowledge-document	4197	11dd345cda7168e5	小红书（RedNote）/。。。。。。。/收藏（Bookmarks）/4个skill就能实现Obsidian+Codex 文献阅读 - 6a44e70c000000001603c0fc.md
rednote-bookmarks	knowledge-document	1592	c47e2f4232cd6a55	小红书（RedNote）/。。。。。。。/收藏（Bookmarks）/5.6万 Star！GitHub 爆火的 AI 求职神器， - 6a5b6d6c00000000010333b6.md
rednote-bookmarks	knowledge-document	2390	1e5fd7aa25cbdd77	小红书（RedNote）/。。。。。。。/收藏（Bookmarks）/52天瘦了32.6斤 - 6a605580000000000f01f5c0.md
rednote-bookmarks	knowledge-document	3045	136c724cec839bfa	小红书（RedNote）/。。。。。。。/收藏（Bookmarks）/6万star求职skill！帮你直通boss直聘offer - 6a4e64830000000017008b9f.md
rednote-bookmarks	knowledge-document	4913	66a9ab1c3bb75d3a	小红书（RedNote）/。。。。。。。/收藏（Bookmarks）/6万人看过的Codex自动投简历Skill，开源了 - 6a40e8a4000000001101cb98.md
rednote-bookmarks	knowledge-document	3985	a2001d8ee977c621	小红书（RedNote）/。。。。。。。/收藏（Bookmarks）/8月份第一周skill红黑榜（第六期） - 6a79d52a000000003301d4b8.md
rednote-bookmarks	knowledge-document	2647	7448eee8de9eb4f5	小红书（RedNote）/。。。。。。。/收藏（Bookmarks）/AI Skills 一站式管理，一屏尽览 - 6a66ecf5000000001101c424.md
rednote-bookmarks	knowledge-document	3555	25b74196b7143b6f	小红书（RedNote）/。。。。。。。/收藏（Bookmarks）/AI 工具支持扩至 28 款、自定义菜单栏排版 - 6a67732b000000000c003000.md
rednote-bookmarks	knowledge-document	5723	3ef5eb174b7bc475	小红书（RedNote）/。。。。。。。/收藏（Bookmarks）/AI版面试自救指南（二）项目篇 - 6a536bc4000000001603d051.md
rednote-bookmarks	knowledge-document	2516	e56b9fd23bd704a9	小红书（RedNote）/。。。。。。。/收藏（Bookmarks）/ChatGPT 新功能 Health，每周生成健康周报 - 6a677f9f000000000100cec8.md
rednote-bookmarks	knowledge-document	955	8c91d89a5d156087	小红书（RedNote）/。。。。。。。/收藏（Bookmarks）/CodexBar - 6a44a4570000000015025bd0.md
rednote-bookmarks	knowledge-document	2816	d04bd87289be2e08	小红书（RedNote）/。。。。。。。/收藏（Bookmarks）/Codex一个月两篇2区 - 6a6dcb6d00000000350156fd.md
rednote-bookmarks	knowledge-document	3031	1ac55467ccb5b223	小红书（RedNote）/。。。。。。。/收藏（Bookmarks）/Codex菜单栏额度小表 - 6a4f790d000000002101bfc9.md
rednote-bookmarks	knowledge-document	3818	c99361063bea37e4	小红书（RedNote）/。。。。。。。/收藏（Bookmarks）/Codex额度重置卡不用打开看了 - 6a53967d000000000702f7cf.md
rednote-bookmarks	knowledge-document	3177	228106fa619aebf4	小红书（RedNote）/。。。。。。。/收藏（Bookmarks）/FPGA学习路径 从零基础到实战的成长指南 - 68874fc5000000001d00d884.md
rednote-bookmarks	knowledge-document	1422	b736a005186d1456	小红书（RedNote）/。。。。。。。/收藏（Bookmarks）/Feishu x Obsidian｜多人协同+自动化☁️ - 6a7dad79000000002402c02c.md
rednote-bookmarks	knowledge-document	1963	63c8c9e804a86fc9	小红书（RedNote）/。。。。。。。/收藏（Bookmarks）/GitHub一周飙升榜，第一名狂涨 7,554 Star - 6a73f448000000002500b3ab.md
rednote-bookmarks	knowledge-document	2326	64ccd7caa9858dbe	小红书（RedNote）/。。。。。。。/收藏（Bookmarks）/GitHub上的闷声发大财的项目！ - 6a57a7c3000000001503edd0.md
rednote-bookmarks	knowledge-document	2574	2043e43aea8b39fe	小红书（RedNote）/。。。。。。。/收藏（Bookmarks）/GitHub本周最火Agent Skill盘点 - 6a4f8d6d000000000702cc4b.md
rednote-bookmarks	knowledge-document	2533	9ac934f5c4a3b760	小红书（RedNote）/。。。。。。。/收藏（Bookmarks）/Github最热门的100个Skill（整理版） - 69d3102f000000001a0309d1.md
rednote-bookmarks	knowledge-document	3855	acdee0b489fe54e3	小红书（RedNote）/。。。。。。。/收藏（Bookmarks）/Github本周热门项目排行榜（2026.07.11） - 6a51962d00000000220092e2.md
rednote-bookmarks	knowledge-document	3667	e27a640de49a664c	小红书（RedNote）/。。。。。。。/收藏（Bookmarks）/HOT100刷题笔记（卡片版）：哈希 - 695beca6000000001a0367a6.md
rednote-bookmarks	knowledge-document	4661	87d27b35a5f124b5	小红书（RedNote）/。。。。。。。/收藏（Bookmarks）/Karpathy刚说完就有人做了！CC知识图谱神器 - 69d5a453000000002200ca16.md
rednote-bookmarks	knowledge-document	5209	df92e4d533ab6fbf	小红书（RedNote）/。。。。。。。/收藏（Bookmarks）/M5很好，但我却留下了M1 Pro - 6a567699000000002200bbcb.md
rednote-bookmarks	knowledge-document	2326	f7c342c574f3560d	小红书（RedNote）/。。。。。。。/收藏（Bookmarks）/MCU+RTOS基础方向学习路线(详细视频版) - 6a572eea000000000f032bba.md
rednote-bookmarks	knowledge-document	2702	9577eba794ed74db	小红书（RedNote）/。。。。。。。/收藏（Bookmarks）/Mac 这 10 个功能，相见恨晚 - 6a414621000000002201768e.md
rednote-bookmarks	knowledge-document	710	38e4c1bffc16ae6c	小红书（RedNote）/。。。。。。。/收藏（Bookmarks）/Macbookair m5 已拿下！（国产，已安全下车） - 6a5a1f78000000000f01c263.md
rednote-bookmarks	knowledge-document	2138	5f208ba00d009c22	小红书（RedNote）/。。。。。。。/收藏（Bookmarks）/Mac建议！ - 6a4b4211000000001003c9a9.md
rednote-bookmarks	knowledge-document	1035	24f4255e24ce0e04	小红书（RedNote）/。。。。。。。/收藏（Bookmarks）/Mac快捷启动器 - 6a75ba1d000000002403dc75.md
rednote-bookmarks	knowledge-document	3545	e1688eca2663bb03	小红书（RedNote）/。。。。。。。/收藏（Bookmarks）/Mac苹果电脑如何查看电池健康 - 67d84390000000001c002742.md
rednote-bookmarks	knowledge-document	3176	b31f1bab9479b78c	小红书（RedNote）/。。。。。。。/收藏（Bookmarks）/Nature Skills的起点，不过是我案头一方顺手的小工具。直到4月30日， - 6a44cde1000000001101e4b8.md
rednote-bookmarks	knowledge-document	4927	1ced4963927a9321	小红书（RedNote）/。。。。。。。/收藏（Bookmarks）/Obsidian 2026新一代同步插件 - 6a58408f000000001003d877.md
rednote-bookmarks	knowledge-document	2627	3aa4f9e053a3534e	小红书（RedNote）/。。。。。。。/收藏（Bookmarks）/Obsidian 4款思维导图插件测评 - 6658388e0000000016012708.md
rednote-bookmarks	knowledge-document	3185	d3339ea998530870	小红书（RedNote）/。。。。。。。/收藏（Bookmarks）/Obsidian+AI，3步搭建你的第二大脑 - 6a4e09ee00000000220161cd.md
rednote-bookmarks	knowledge-document	4730	634cc36f5f361dcb	小红书（RedNote）/。。。。。。。/收藏（Bookmarks）/Obsidian+claude装上10个agent - 69c68242000000001a0372e4.md
rednote-bookmarks	knowledge-document	3223	809f4ad625740b65	小红书（RedNote）/。。。。。。。/收藏（Bookmarks）/Obsidian唯一遗憾被补上了，完美融合XMind - 6a409ebc0000000007026a80.md
rednote-bookmarks	knowledge-document	2520	0d962cfa853ab484	小红书（RedNote）/。。。。。。。/收藏（Bookmarks）/Obsidian插件推荐！点一下鼠标，内容乖乖落盘 - 6a6a1c840000000011015677.md
rednote-bookmarks	knowledge-document	2101	8e440c8f9500a3d1	小红书（RedNote）/。。。。。。。/收藏（Bookmarks）/Obsidian的白板，永远滴神 - 6958f8c5000000001f004b45.md
rednote-bookmarks	knowledge-document	1910	3adbb098efe86074	小红书（RedNote）/。。。。。。。/收藏（Bookmarks）/RTOS学习路线（详细版） - 68c9732c000000001202f933.md
rednote-bookmarks	knowledge-document	3808	a611caee33ccc05e	小红书（RedNote）/。。。。。。。/收藏（Bookmarks）/STM32基础外设学到什么程度才算学会了 - 6a59aa6d000000001101e8e1.md
rednote-bookmarks	knowledge-document	3548	a4a32c041b9a137a	小红书（RedNote）/。。。。。。。/收藏（Bookmarks）/[内测]可能是目前最好用的思维导图插件之一 - 6a2408a50000000006031c6b.md
rednote-bookmarks	knowledge-document	2274	db6c384120a22a8a	小红书（RedNote）/。。。。。。。/收藏（Bookmarks）/agent skill - 6a5e2d8a000000001f01d903.md
rednote-bookmarks	knowledge-document	5572	29a61b9d9ebc2bd1	小红书（RedNote）/。。。。。。。/收藏（Bookmarks）/ai面试辅助工具自救指南 - 6a21491e000000003601fe52.md
rednote-bookmarks	knowledge-document	5956	357f5abb6a4bca9e	小红书（RedNote）/。。。。。。。/收藏（Bookmarks）/claude+obsidian 最佳搭配方式 - 69b6981900000000220272b4.md
rednote-bookmarks	knowledge-document	5052	40645f883066ed6d	小红书（RedNote）/。。。。。。。/收藏（Bookmarks）/codex+obsidian科研 每天自动读论文 - 6a566413000000002101b030.md
rednote-bookmarks	knowledge-document	1974	9b19fb44a8310f9b	小红书（RedNote）/。。。。。。。/收藏（Bookmarks）/hot100刷题总忘？我做了个SRS复习工具! - 6a18140e000000003501e1e2.md
rednote-bookmarks	knowledge-document	1747	a9a4e44aa8b945da	小红书（RedNote）/。。。。。。。/收藏（Bookmarks）/ob有没有能够像幕布一样能够一键将笔记转换为思维导图的插件呀#笔记还能这 #效率 - 682ec4d30000000022035e19.md
rednote-bookmarks	knowledge-document	2573	45ac5258468003c2	小红书（RedNote）/。。。。。。。/收藏（Bookmarks）/pdf word excel etc to markdown for agent - 6a5c8f33000000001101a6f2.md
rednote-bookmarks	knowledge-document	2349	506e3397b4be9786	小红书（RedNote）/。。。。。。。/收藏（Bookmarks）/⚡一天刷完LeetCode Hot 100 - 6a105720000000000803d947.md
rednote-bookmarks	knowledge-document	2012	0817fc1c8c9d3b57	小红书（RedNote）/。。。。。。。/收藏（Bookmarks）/「小米」视频面试～一面 - 69674e93000000002102a422.md
rednote-bookmarks	knowledge-document	1295	e0bc8ccb83828331	小红书（RedNote）/。。。。。。。/收藏（Bookmarks）/一个从Codex快速跳转obsidian的小插件 - 6a75826700000000330128fd.md
rednote-bookmarks	knowledge-document	2912	7795640b2ec1105e	小红书（RedNote）/。。。。。。。/收藏（Bookmarks）/一个把简历项目真正吃透的AI面试Prompt - 6a7869240000000022030e4a.md
rednote-bookmarks	knowledge-document	4057	c28004dddc67ba5a	小红书（RedNote）/。。。。。。。/收藏（Bookmarks）/一天用K3把LeetCode Hot100做成了刷题神器 - 6a5dd3b6000000000101f3e2.md
rednote-bookmarks	knowledge-document	2368	cf8abc2f33870c02	小红书（RedNote）/。。。。。。。/收藏（Bookmarks）/一想到去年这个时候还在上班，今年居然已经拿到上理录取通知书等待开学了，还是感觉很 - 6a648554000000000301ef81.md
rednote-bookmarks	knowledge-document	3592	c05bab925c0915f5	小红书（RedNote）/。。。。。。。/收藏（Bookmarks）/一款好用且实用的 Obsidian AI 插件！ - 6a661c1c00000000110056ea.md
rednote-bookmarks	knowledge-document	3599	f3c5acbc577f3779	小红书（RedNote）/。。。。。。。/收藏（Bookmarks）/一款完美替代掉 VsCode 等IDE的终端工具！ - 6a6532e7000000000e03606c.md
rednote-bookmarks	knowledge-document	4066	0d06234fb0094b48	小红书（RedNote）/。。。。。。。/收藏（Bookmarks）/一键把任意书蒸馏成Skill！快速吃透🎉 - 6a6307ff000000000401c793.md
rednote-bookmarks	knowledge-document	1798	fd0a25b14ddefe14	小红书（RedNote）/。。。。。。。/收藏（Bookmarks）/上理生医工研究生薪资待遇 - 6a5a0062000000001102c2d7.md
rednote-bookmarks	knowledge-document	2098	559433f4f4a1d6fe	小红书（RedNote）/。。。。。。。/收藏（Bookmarks）/不用点侧边栏了！我的Obsidian导航页长这样 - 6a3e0a52000000001100498d.md
rednote-bookmarks	knowledge-document	4857	b15b381139aae0dd	小红书（RedNote）/。。。。。。。/收藏（Bookmarks）/个人真实减脂全历程｜170斤→120斤，50斤蜕变 - 6a574f77000000000702825e.md
rednote-bookmarks	knowledge-document	4442	04790cd6e74ec118	小红书（RedNote）/。。。。。。。/收藏（Bookmarks）/二手 M1 Pro MacBook 蹲价 day24：有降价 - 6a6071c90000000009034e22.md
rednote-bookmarks	knowledge-document	3293	c92dff7fd9d9a543	小红书（RedNote）/。。。。。。。/收藏（Bookmarks）/从夯到拉，锐评论文Skills - 6a56463f00000000170295d5.md
rednote-bookmarks	knowledge-document	4089	24c305cfe3d4652f	小红书（RedNote）/。。。。。。。/收藏（Bookmarks）/从夯到拉｜锐评各类热门简历skill - 6a79b5690000000032031459.md
rednote-bookmarks	knowledge-document	3185	e8fd1e0c787f7e10	小红书（RedNote）/。。。。。。。/收藏（Bookmarks）/从简历到面试，6个Skill全搞定 - 6a56f4610000000006036236.md
rednote-bookmarks	knowledge-document	2657	4bb13779afc9f3b6	小红书（RedNote）/。。。。。。。/收藏（Bookmarks）/做一个iCloud自由组队网站，大家会使用吗？ - 69c25429000000001a02a49b.md
rednote-bookmarks	knowledge-document	2246	e054d05224b3b6d2	小红书（RedNote）/。。。。。。。/收藏（Bookmarks）/免费Skill分享-深挖项目 模拟压力面 - 6a5f602100000000110044da.md
rednote-bookmarks	knowledge-document	3555	9af4dd401378038b	小红书（RedNote）/。。。。。。。/收藏（Bookmarks）/关于95新 MacBook Pro M1pro 32+512 成功下车，也是终于 - 6a6aed5c000000000f033ed4.md
rednote-bookmarks	knowledge-document	2773	58aade7137cc5052	小红书（RedNote）/。。。。。。。/收藏（Bookmarks）/出16寸MacBook Pro M4Pro定制 - 6a5208e7000000001700a557.md
rednote-bookmarks	knowledge-document	2208	c401812f4497264e	小红书（RedNote）/。。。。。。。/收藏（Bookmarks）/分享一下嵌入式linux方向面经--小米一面 - 6a6430e7000000001c00d7db.md
rednote-bookmarks	knowledge-document	2740	23b91f0dd0eccb71	小红书（RedNote）/。。。。。。。/收藏（Bookmarks）/分享一个自用Obsidian主题 - 6a7b4c7d00000000280332c1.md
rednote-bookmarks	knowledge-document	3016	e4cc78d6745ddf29	小红书（RedNote）/。。。。。。。/收藏（Bookmarks）/分享一期粉丝嵌入式面经(实习版，mcu岗) - 6a54698b000000001003ec19.md
rednote-bookmarks	knowledge-document	5365	c939ff3a115a05ef	小红书（RedNote）/。。。。。。。/收藏（Bookmarks）/分享自己写的秋招面试Agents和skills - 6a7740ac0000000021022013.md
rednote-bookmarks	knowledge-document	4490	9ba8b57c22eeb9ab	小红书（RedNote）/。。。。。。。/收藏（Bookmarks）/利用 Anki 和遗忘曲线来强化记忆和认知！ - 69512ff7000000001f009b16.md
rednote-bookmarks	knowledge-document	3069	fdede4eb0ebdaa07	小红书（RedNote）/。。。。。。。/收藏（Bookmarks）/加班140天猝S，公司以最快速度“毁灭证据” - 6a5b8ce1000000001d00faf1.md
rednote-bookmarks	knowledge-document	2317	4d3606967617d295	小红书（RedNote）/。。。。。。。/收藏（Bookmarks）/单2硕 嵌入式全栈选手 - 69a5548e0000000026030618.md
rednote-bookmarks	knowledge-document	1250	1079f7f5376649a2	小红书（RedNote）/。。。。。。。/收藏（Bookmarks）/南京大学2023届LAMDA实验室去向 - 652d1b16000000002101f13a.md
rednote-bookmarks	knowledge-document	2048	4037fba63542675b	小红书（RedNote）/。。。。。。。/收藏（Bookmarks）/双非一本秋招选手（非强双非），有实习🈶奖项 - 6a62f1760000000014006e0a.md
rednote-bookmarks	knowledge-document	2147	82b5d857df85af17	小红书（RedNote）/。。。。。。。/收藏（Bookmarks）/双非本科 嵌入式 实习秋招清单 - 6a619bd1000000000100ebd5.md
rednote-bookmarks	knowledge-document	3075	55cb8091467b9591	小红书（RedNote）/。。。。。。。/收藏（Bookmarks）/双非硕0实习0项目，怎么拿到嵌入式offer - 6a0056c2000000003502bc43.md
rednote-bookmarks	knowledge-document	4191	4a2896d649708d06	小红书（RedNote）/。。。。。。。/收藏（Bookmarks）/双非硕，嵌入式❤️简历V2.0，大厂可以吗？ - 68aece69000000001c00a883.md
rednote-bookmarks	knowledge-document	2052	7b48736b9148f976	小红书（RedNote）/。。。。。。。/收藏（Bookmarks）/哪个冤大头涨价才入手MacBook Air M5 - 6a51082800000000060207a3.md
rednote-bookmarks	knowledge-document	2615	4f9d6e34af3ae8d8	小红书（RedNote）/。。。。。。。/收藏（Bookmarks）/备餐vlog｜减脂版沙县鸡腿饭 50元吃一周 - 6a3a8ffa000000000f03131f.md
rednote-bookmarks	knowledge-document	3839	9cf6bf8a82b3af85	小红书（RedNote）/。。。。。。。/收藏（Bookmarks）/多线程在嵌入式Linux项目中解决什么问题？ - 6a6eee480000000029032ddc.md
rednote-bookmarks	knowledge-document	2816	d93e898389b13c8d	小红书（RedNote）/。。。。。。。/收藏（Bookmarks）/大模型 - 6a1b91d20000000007026aab.md
rednote-bookmarks	knowledge-document	2192	abeb185f5e612603	小红书（RedNote）/。。。。。。。/收藏（Bookmarks）/奉劝那些用zotero的人.... - 6a560bd600000000220086bb.md
rednote-bookmarks	knowledge-document	2605	c2f90dd684d6459b	小红书（RedNote）/。。。。。。。/收藏（Bookmarks）/奉贤海湾街上，近上师大，仅租1000包网 - 6a52ee58000000000f030ab8.md
rednote-bookmarks	knowledge-document	4135	e8dc4b3b0c8730e1	小红书（RedNote）/。。。。。。。/收藏（Bookmarks）/如果我的Obsidian只装5个插件 - 6a647106000000000101e9cf.md
rednote-bookmarks	knowledge-document	1006	95f2a7fb3accf294	小红书（RedNote）/。。。。。。。/收藏（Bookmarks）/如果说最推荐的一个Skill，那么我会推荐它 - 6a7a8bf9000000002500784d.md
rednote-bookmarks	knowledge-document	1165	b8978c443d50799c	小红书（RedNote）/。。。。。。。/收藏（Bookmarks）/字节嵌入式面经 - 69f3188a000000001a02fc11.md
rednote-bookmarks	knowledge-document	2868	d9ed0a0ad59d3d6a	小红书（RedNote）/。。。。。。。/收藏（Bookmarks）/实时监控20款AI工具用量 多设备同步 已开源 - 6a4a27e1000000000e038401.md
rednote-bookmarks	knowledge-document	3428	a925fc2eed3952f0	小红书（RedNote）/。。。。。。。/收藏（Bookmarks）/实时监控28款AI工具用量 额度、记录订阅信息 - 6a7461250000000002003c00.md
rednote-bookmarks	knowledge-document	4748	04cd99f66ebf68fd	小红书（RedNote）/。。。。。。。/收藏（Bookmarks）/实话实说，嵌入式面试是纯骗人的… - 6a1d3c360000000035020db5.md
rednote-bookmarks	knowledge-document	2500	28b187b30d177232	小红书（RedNote）/。。。。。。。/收藏（Bookmarks）/小米2026薪资情报~平均年薪30w+ - 6a7c2715000000002701da62.md
rednote-bookmarks	knowledge-document	4368	963115c0bb6cf0fd	小红书（RedNote）/。。。。。。。/收藏（Bookmarks）/小米嵌入式软件工程师面经 - 6a562a9f000000002003b943.md
rednote-bookmarks	knowledge-document	1715	09773cc5404b80c7	小红书（RedNote）/。。。。。。。/收藏（Bookmarks）/小米嵌软一面面经 - 68cd0e7d000000001302ace0.md
rednote-bookmarks	knowledge-document	2429	791a4412a20d3754	小红书（RedNote）/。。。。。。。/收藏（Bookmarks）/小米手环助你随时随地vibecoding - 6a40f67b000000000f02873d.md
rednote-bookmarks	knowledge-document	4825	29a703162031e7f6	小红书（RedNote）/。。。。。。。/收藏（Bookmarks）/屡战屡胜SSP候选人如何用录音转文字复盘！ - 6a60e001000000000f01ed8a.md
rednote-bookmarks	knowledge-document	3771	44e8f3d334d76b85	小红书（RedNote）/。。。。。。。/收藏（Bookmarks）/嵌入式Linux方向总体学习路线（完整版） - 6a5c4f80000000000f0332e1.md
rednote-bookmarks	knowledge-document	4695	df1a4fdf309fdeb2	小红书（RedNote）/。。。。。。。/收藏（Bookmarks）/嵌入式冲机器人，今年行情汇总，关于前景 - 6a68ad1e000000001f01cf47.md
rednote-bookmarks	knowledge-document	3236	c4091d97e0e4ec65	小红书（RedNote）/。。。。。。。/收藏（Bookmarks）/嵌入式学习路线分 - 6a1e56dd0000000006030604.md
rednote-bookmarks	knowledge-document	1479	3551f90424e7f855	小红书（RedNote）/。。。。。。。/收藏（Bookmarks）/嵌入式实习 - 6a7bbdab000000003300e802.md
rednote-bookmarks	knowledge-document	1893	f2eeae0f7d4edf87	小红书（RedNote）/。。。。。。。/收藏（Bookmarks）/嵌入式实习 嵌入式学习 不要焦虑 - 6a575e0f000000000f033e9f.md
rednote-bookmarks	knowledge-document	2241	d38c5a5b68dac977	小红书（RedNote）/。。。。。。。/收藏（Bookmarks）/嵌入式常见算法题总结 - 6a7865ea0000000022014ab4.md
rednote-bookmarks	knowledge-document	1640	6208a73496c4afd3	小红书（RedNote）/。。。。。。。/收藏（Bookmarks）/嵌入式开发 - 6a720c4400000000250084db.md
rednote-bookmarks	knowledge-document	4121	8ba4649b4cf6a3b5	小红书（RedNote）/。。。。。。。/收藏（Bookmarks）/嵌入式找实习 秋招八股要背到什么程度？ - 6a7b137c0000000035016851.md
rednote-bookmarks	knowledge-document	7256	525fea8330d486b1	小红书（RedNote）/。。。。。。。/收藏（Bookmarks）/嵌入式找实习焚决 - 6a52dab8000000000f007864.md
rednote-bookmarks	knowledge-document	2338	c2b5c9c2181d8b78	小红书（RedNote）/。。。。。。。/收藏（Bookmarks）/嵌入式校招AI面经总结（下） - 6a2e9d62000000001603ce89.md
rednote-bookmarks	knowledge-document	2681	b5c2b8a7cfe8a2ac	小红书（RedNote）/。。。。。。。/收藏（Bookmarks）/嵌入式校招从入门到秋招闭环(汽车电子篇) - 6a5c58e40000000001000d43.md
rednote-bookmarks	knowledge-document	2752	2ba412d2bc902caa	小红书（RedNote）/。。。。。。。/收藏（Bookmarks）/嵌入式校招从入门到秋招闭环（介绍篇） - 6a5c56fb0000000001030cc3.md
rednote-bookmarks	knowledge-document	3506	901a2fd975027d85	小红书（RedNote）/。。。。。。。/收藏（Bookmarks）/嵌入式校招可投方向全总结 - 6a3fc241000000001101d9e9.md
rednote-bookmarks	knowledge-document	4690	eb8efe331016a4fc	小红书（RedNote）/。。。。。。。/收藏（Bookmarks）/嵌入式校招笔记 使用策略 - 6a1d56c60000000035031133.md
rednote-bookmarks	knowledge-document	3570	8d70dad8da049536	小红书（RedNote）/。。。。。。。/收藏（Bookmarks）/嵌入式爱好者的常用软件分享 - 6a5b56ae000000001c00f973.md
rednote-bookmarks	knowledge-document	3530	736c3cd44fced6b9	小红书（RedNote）/。。。。。。。/收藏（Bookmarks）/嵌入式秋招备考，八股面试题到底怎么背？ - 6a3ff7e7000000000f02a3f2.md
rednote-bookmarks	knowledge-document	2457	73c1edcfe34cf853	小红书（RedNote）/。。。。。。。/收藏（Bookmarks）/嵌入式秋招，比起刷题更应该想清楚这五件事 - 6a58c03c000000000100c00f.md
rednote-bookmarks	knowledge-document	2402	f9df250d9710677e	小红书（RedNote）/。。。。。。。/收藏（Bookmarks）/嵌入式软件秋招算法基础太烂 - 6a74a68100000000270211a3.md
rednote-bookmarks	knowledge-document	3917	a5e34d1d83c75608	小红书（RedNote）/。。。。。。。/收藏（Bookmarks）/嵌入式面试害怕问到不会的怎么办？ - 6a606518000000000f00709e.md
rednote-bookmarks	knowledge-document	3999	280f81a7f47f2325	小红书（RedNote）/。。。。。。。/收藏（Bookmarks）/已获某头部芯片原厂暑期实习认证 - 6a6a0900000000001002679e.md
rednote-bookmarks	knowledge-document	3667	c817738114afb2f8	小红书（RedNote）/。。。。。。。/收藏（Bookmarks）/建立表达力（面试）训练知识库，变化可追踪 - 6a73315d000000000502007d.md
rednote-bookmarks	knowledge-document	2733	d2c08f80f9438e37	小红书（RedNote）/。。。。。。。/收藏（Bookmarks）/强推读项目代码神器！ - 69d7c0c50000000023016adb.md
rednote-bookmarks	knowledge-document	5088	fd04f63f7ebb2c47	小红书（RedNote）/。。。。。。。/收藏（Bookmarks）/强烈建议大家搭建一个自己的个人网站。 - 6a58d371000000000f02ab0a.md
rednote-bookmarks	knowledge-document	1737	a5c336bd687ad615	小红书（RedNote）/。。。。。。。/收藏（Bookmarks）/我使用频率最高的 Obsidian Skill - 6a4f30810000000011004424.md
rednote-bookmarks	knowledge-document	4103	95a1afb55d58dd62	小红书（RedNote）/。。。。。。。/收藏（Bookmarks）/我做了一个 Skill：不只写简历，而是养简历 - 6a3914a10000000021014bdb.md
rednote-bookmarks	knowledge-document	3242	4cf915de0131aa6d	小红书（RedNote）/。。。。。。。/收藏（Bookmarks）/我做了个简历Skill，一句话直出PDF🔥 - 6a39480900000000080305c2.md
rednote-bookmarks	knowledge-document	3381	d58393962da07a49	小红书（RedNote）/。。。。。。。/收藏（Bookmarks）/我做的五款Obsidian插件，已上架社区商店 - 6a680763000000000f016856.md
rednote-bookmarks	knowledge-document	2591	2de53ef61d62281e	小红书（RedNote）/。。。。。。。/收藏（Bookmarks）/我实际开发中的五个skills推荐 - 6a6de9170000000033031709.md
rednote-bookmarks	knowledge-document	4306	a6a8ef7aec028316	小红书（RedNote）/。。。。。。。/收藏（Bookmarks）/我把 175 个 AI Skill 做成了本地资产台 - 6a4a915700000000210088a9.md
rednote-bookmarks	knowledge-document	2485	c595da6d38241d61	小红书（RedNote）/。。。。。。。/收藏（Bookmarks）/我把codex自带的桌面宠物改成了噜噜 - 6a521a0100000000070115aa.md
rednote-bookmarks	knowledge-document	4177	afeeee95ea0df1d8	小红书（RedNote）/。。。。。。。/收藏（Bookmarks）/我把obsidian做成了霍格沃兹 - 6a40aa510000000017029106.md
rednote-bookmarks	knowledge-document	4700	579cb8c11aa0c263	小红书（RedNote）/。。。。。。。/收藏（Bookmarks）/我把收藏夹接进Obsidian，还做了 Skill！ - 6a564c1e0000000015024abe.md
rednote-bookmarks	knowledge-document	3919	3c23f9fee58db8b7	小红书（RedNote）/。。。。。。。/收藏（Bookmarks）/我用 workbuddy 实现了秋招岗位推送自动化 - 6a5b6e75000000001f01f2d9.md
rednote-bookmarks	knowledge-document	4130	746f9f6b962ccc6f	小红书（RedNote）/。。。。。。。/收藏（Bookmarks）/我的 Windows 桌面终于不想藏了 - 6a3953de0000000007011cd9.md
rednote-bookmarks	knowledge-document	1935	a7ea2204f429f6ea	小红书（RedNote）/。。。。。。。/收藏（Bookmarks）/我的天，这个工具忒厉害了吧！ - 6a771c4e0000000008010193.md
rednote-bookmarks	knowledge-document	3524	c602d1a322aefe79	小红书（RedNote）/。。。。。。。/收藏（Bookmarks）/所以科研是什么 - 6a684e05000000000f03c92e.md
rednote-bookmarks	knowledge-document	1835	83f593a591f5d406	小红书（RedNote）/。。。。。。。/收藏（Bookmarks）/手搓了一个毛玻璃Zotero插件 - 6a5633400000000022019fe0.md
rednote-bookmarks	knowledge-document	3210	33d8f34fad90d155	小红书（RedNote）/。。。。。。。/收藏（Bookmarks）/找实习是一种逃避 - 6a687639000000002201bc2c.md
rednote-bookmarks	knowledge-document	1410	23aaefe4db0f8105	小红书（RedNote）/。。。。。。。/收藏（Bookmarks）/找得到！ - 6a620a3c000000000f03e735.md
rednote-bookmarks	knowledge-document	2777	9c132d0fc47a8c73	小红书（RedNote）/。。。。。。。/收藏（Bookmarks）/把 Mac 顶栏变成我的效率中枢 - 6a4cf6c4000000000f01780c.md
rednote-bookmarks	knowledge-document	1701	f81caa3ede9273fe	小红书（RedNote）/。。。。。。。/收藏（Bookmarks）/把 Windows 和 Codex 改成自己喜欢的样子 - 6a53bf44000000001003e467.md
rednote-bookmarks	knowledge-document	3180	baf81495fd82133f	小红书（RedNote）/。。。。。。。/收藏（Bookmarks）/把面试skill升级了 这次你一定要提现！ - 6a687827000000001302edcc.md
rednote-bookmarks	knowledge-document	2656	a4558ca2a256f4de	小红书（RedNote）/。。。。。。。/收藏（Bookmarks）/把面试准备SOP做成了Skill - 6a15195b000000000803ff72.md
rednote-bookmarks	knowledge-document	3325	1a3c256f6ba2c828	小红书（RedNote）/。。。。。。。/收藏（Bookmarks）/拼多多macbook air m5安全下车！ - 6a4683610000000011012a2e.md
rednote-bookmarks	knowledge-document	5082	2c082cb40392f717	小红书（RedNote）/。。。。。。。/收藏（Bookmarks）/接上集：我做了个面试深挖简历skill！ - 6a2a0d9f000000001c027f6f.md
rednote-bookmarks	knowledge-document	2607	b696b9b28d8bbcb1	小红书（RedNote）/。。。。。。。/收藏（Bookmarks）/推荐一下困哥的SSP笔记 - 6a658195000000000f007d3e.md
rednote-bookmarks	knowledge-document	3601	c5edad3fd4cfc048	小红书（RedNote）/。。。。。。。/收藏（Bookmarks）/收藏几千篇终于能用了，第二大脑快速构建🧠 - 6a2bff2f000000003502a964.md
rednote-bookmarks	knowledge-document	2987	fb63284a28632bc4	小红书（RedNote）/。。。。。。。/收藏（Bookmarks）/教你一秒924个随机笔记转卡组(所有笔记软件 - 6a53af50000000001003f486.md
rednote-bookmarks	knowledge-document	3661	4fc3d3ac04f546c4	小红书（RedNote）/。。。。。。。/收藏（Bookmarks）/文科生用cc+ob做的人生系统Skill（附原文件 - 6a109d66000000003700fbb9.md
rednote-bookmarks	knowledge-document	4732	0f937ca7d63ae628	小红书（RedNote）/。。。。。。。/收藏（Bookmarks）/新手如何一个月内学会力扣hot100，干货满满 - 68edc98f0000000007033e13.md
rednote-bookmarks	knowledge-document	2480	eac8c3cedbb9b649	小红书（RedNote）/。。。。。。。/收藏（Bookmarks）/时隔半年，又发现了5个Mac必备的APP - 6a5b04d1000000001102e1e7.md
rednote-bookmarks	knowledge-document	4127	dff577ed607a57f6	小红书（RedNote）/。。。。。。。/收藏（Bookmarks）/更适合中国宝宝体质的面试复盘skill！ - 6a75bc5b00000000220331cd.md
rednote-bookmarks	knowledge-document	2422	39adbcd32054ea7b	小红书（RedNote）/。。。。。。。/收藏（Bookmarks）/有了这个skill 程序员不知道是该哭还是笑 - 6a56e91c000000000803ce3f.md
rednote-bookmarks	knowledge-document	6358	d18474b25b1476a9	小红书（RedNote）/。。。。。。。/收藏（Bookmarks）/期末速成 考研 考公·本科生 研究生有救了！ - 6a059fa40000000037036073.md
rednote-bookmarks	knowledge-document	1997	05f22de134bcdd2b	小红书（RedNote）/。。。。。。。/收藏（Bookmarks）/杨立昆转发的OCR 到底牛在哪 - 6a60a683000000001f01d3fe.md
rednote-bookmarks	knowledge-document	1959	9813db0a34c72662	小红书（RedNote）/。。。。。。。/收藏（Bookmarks）/求推荐一把能适配mac办公用的键盘 - 6a5ad737000000001101d6cb.md
rednote-bookmarks	knowledge-document	1485	1c7c5c98fb202790	小红书（RedNote）/。。。。。。。/收藏（Bookmarks）/求改善颈椎压迫神经供血不足头晕好方法 - 653edb67000000001e03f7b0.md
rednote-bookmarks	knowledge-document	3337	c09f7a5df9884b14	小红书（RedNote）/。。。。。。。/收藏（Bookmarks）/用Obsidian批量做 Anki：我只用这一条规则 - 68beb536000000001d001cb0.md
rednote-bookmarks	knowledge-document	5372	e483ae4ef45cadf8	小红书（RedNote）/。。。。。。。/收藏（Bookmarks）/用obsidian+claude找到一份大厂工作 - 69e3a9d3000000001e00f8a6.md
rednote-bookmarks	knowledge-document	1692	5da68f1dfa28c1db	小红书（RedNote）/。。。。。。。/收藏（Bookmarks）/用obsidian做导图也不错诶 - 6a6aecc0000000000a0382c7.md
rednote-bookmarks	knowledge-document	5285	03c5318089582302	小红书（RedNote）/。。。。。。。/收藏（Bookmarks）/省钱近一半，专治GPT5.6代码防御skill - 6a759604000000002202f0a5.md
rednote-bookmarks	knowledge-document	1083	9410609d0a8074a7	小红书（RedNote）/。。。。。。。/收藏（Bookmarks）/看过的最简单的obsidian+anki教程 - 68dbf839000000000703ad33.md
rednote-bookmarks	knowledge-document	2119	09587a43dd04a5c6	小红书（RedNote）/。。。。。。。/收藏（Bookmarks）/研二上尾巴临港中微半导体软件实习 - 6923ea52000000001e0237b8.md
rednote-bookmarks	knowledge-document	1762	442421984ff6ef32	小红书（RedNote）/。。。。。。。/收藏（Bookmarks）/科研skill从夯到拉锐评 - 6a5752ba00000000070247eb.md
rednote-bookmarks	knowledge-document	2573	435695cede0cac29	小红书（RedNote）/。。。。。。。/收藏（Bookmarks）/科研人必备的12个codex Skills - 6a470d930000000015027730.md
rednote-bookmarks	knowledge-document	2086	ad7f5cfe8aa20b37	小红书（RedNote）/。。。。。。。/收藏（Bookmarks）/秦昊减肥法！ - 69d2649600000000220268ff.md
rednote-bookmarks	knowledge-document	4793	8fbd0491216d32be	小红书（RedNote）/。。。。。。。/收藏（Bookmarks）/程序员必装！手机指挥AI写代码太爽了 - 6a7555a3000000002500062f.md
rednote-bookmarks	knowledge-document	2774	9a0b69d7447c8eda	小红书（RedNote）/。。。。。。。/收藏（Bookmarks）/笔记别再写完就忘了 - 6a37a1820000000011010a09.md
rednote-bookmarks	knowledge-document	4811	631843b36039a96d	小红书（RedNote）/。。。。。。。/收藏（Bookmarks）/第五家嵌入式岗面试，给大家开个上帝视角 - 6a602b54000000001003ebea.md
rednote-bookmarks	knowledge-document	2989	fcacb973a5a94bf8	小红书（RedNote）/。。。。。。。/收藏（Bookmarks）/终于把 Mac 桌面那味儿搬过来了🍎 - 6a4e5ec4000000002101a47c.md
rednote-bookmarks	knowledge-document	2572	aa06bc899b64ffef	小红书（RedNote）/。。。。。。。/收藏（Bookmarks）/给自己做了个Mac的桌面插件... - 6966128b000000001a035b5a.md
rednote-bookmarks	knowledge-document	2263	4de3c08748925ec0	小红书（RedNote）/。。。。。。。/收藏（Bookmarks）/芯火计划 在纳芯微的每一天都充满电量🔋 - 6a546c83000000001c024bce.md
rednote-bookmarks	knowledge-document	2167	48507d75740e76e7	小红书（RedNote）/。。。。。。。/收藏（Bookmarks）/苹果设备桌面美化套装：iPhone + Mac + iPad - 6a37f00c000000001101d0a3.md
rednote-bookmarks	knowledge-document	2417	6d227b9d330454b8	小红书（RedNote）/。。。。。。。/收藏（Bookmarks）/菲区福利来了，人民币大约 60 多元一个月 - 6a69aa4b000000000301f56a.md
rednote-bookmarks	knowledge-document	3438	a25440a9204a72ec	小红书（RedNote）/。。。。。。。/收藏（Bookmarks）/被Grapify这波涨幅惊到了！ - 6a313279000000000f004dba.md
rednote-bookmarks	knowledge-document	4782	783a294e0deff615	小红书（RedNote）/。。。。。。。/收藏（Bookmarks）/装了几十个Skill后我才发现自己装错了方向 - 6a029cec00000000360032a4.md
rednote-bookmarks	knowledge-document	3288	e23556366364ecbc	小红书（RedNote）/。。。。。。。/收藏（Bookmarks）/论文精读skill 自动化精读报告生成 - 6a3a71e200000000210156f8.md
rednote-bookmarks	knowledge-document	3063	b38643aa0bb22ed2	小红书（RedNote）/。。。。。。。/收藏（Bookmarks）/试过各种agent，DeepSeek还是接Claude Code好用 - 6a477cc50000000007027088.md
rednote-bookmarks	knowledge-document	3729	8dd3b069570996ea	小红书（RedNote）/。。。。。。。/收藏（Bookmarks）/转行嵌入式linux，c c++至少学到什么程度？ - 6a61d8d3000000002201b940.md
rednote-bookmarks	knowledge-document	4491	e25ccabb75434b30	小红书（RedNote）/。。。。。。。/收藏（Bookmarks）/迈瑞医疗嵌入式软件开发一二面面经它来啦！ - 6a701056000000002402c3cd.md
rednote-bookmarks	knowledge-document	2241	36f317cb0172fc45	小红书（RedNote）/。。。。。。。/收藏（Bookmarks）/这么伟大的Zotero插件这得有人给我颁个奖吧 - 6a57bc1c0000000011011cdd.md
rednote-bookmarks	knowledge-document	4129	d8e62ca558e18514	小红书（RedNote）/。。。。。。。/收藏（Bookmarks）/那个考研二战的学姐消失在了朋友圈 - 6527fb4f000000001a0200ae.md
rednote-bookmarks	knowledge-document	2266	f35a01a0ff545a2c	小红书（RedNote）/。。。。。。。/收藏（Bookmarks）/颈椎舒服了 - 652ce8be000000001e02c286.md
rednote-bookmarks	knowledge-document	2453	b77190d9544e68a8	小红书（RedNote）/。。。。。。。/收藏（Bookmarks）/高通｜软件工程师面经 - 6a596656000000001d00dcbb.md
rednote-bookmarks	knowledge-document	3172	10be0402e13f85a4	小红书（RedNote）/。。。。。。。/收藏（Bookmarks）/高通｜驱动开发工程师面经 - 6a55b6bd000000000f01dc13.md
rednote-bookmarks	knowledge-document	2311	b8131a35916739c0	小红书（RedNote）/。。。。。。。/收藏（Bookmarks）/🎯一天刷遍LeetCode Hot 100 - 6a10582700000000060234f5.md
rednote-bookmarks	knowledge-document	4124	be1731010bf6585f	小红书（RedNote）/。。。。。。。/收藏（Bookmarks）/💫用MyDockFinder工具，从Windows变Mac - 64b6a2760000000012012be7.md
rednote-bookmarks	knowledge-document	2800	814e4136b4abd4d2	小红书（RedNote）/。。。。。。。/收藏（Bookmarks）/📝 10天掉10斤·狠人食谱安排 - 6a0970e8000000003601ea17.md
rednote-bookmarks	knowledge-document	3848	b41e5e61ca53f402	小红书（RedNote）/。。。。。。。/收藏（Bookmarks）/🔥codex必装的8个skill - 6a42195c000000002103d6e1.md
rednote-bookmarks	knowledge-document	4276	5096e6bcd54ea6bb	小红书（RedNote）/。。。。。。。/收藏（Bookmarks）/🔧 你的小红书收藏夹在吃灰吗？ - 69cab968000000001f000065.md
rednote-bookmarks	knowledge-document	4299	1d324a8e93ae9294	小红书（RedNote）/。。。。。。。/收藏（Bookmarks）/🤚你已经完全掌握了如何写一份完美简历 - 6a79a0cc0000000033035229.md
rednote-bookmarks	knowledge-document	4911	dd490da2fc0cc0e4	小红书（RedNote）/。。。。。。。/收藏（Bookmarks）/🥬嵌入式实习秋招经验分享——八股篇 - 6771ff3d0000000014026f7c.md
rednote-bookmarks	knowledge-document	2440	02e964d038407157	小红书（RedNote）/。。。。。。。/点赞（Likes）/03年 自动化女拿到嵌入式offer心得 - 6a58b005000000000402abe6.md
rednote-bookmarks	knowledge-document	2424	37d1e50819715ba1	小红书（RedNote）/。。。。。。。/点赞（Likes）/0831生物医学工程第四轮学科评估结果 - 69c3bd82000000001a022536.md
rednote-bookmarks	knowledge-document	2504	5e780ab8bd5d74cf	小红书（RedNote）/。。。。。。。/点赞（Likes）/0实习双非硕｜备战秋招 - 6a76d28f0000000026036444.md
rednote-bookmarks	knowledge-document	4806	7c98eb4c6717d2b2	小红书（RedNote）/。。。。。。。/点赞（Likes）/200斤→140斤｜男生通用版减脂计划 - 6a6762a20000000004028335.md
rednote-bookmarks	knowledge-document	2401	c25106d0721d08d8	小红书（RedNote）/。。。。。。。/点赞（Likes）/2026年了还在刷hot100？🥹省时间直接看这里 - 69f227f10000000036030dea.md
rednote-bookmarks	knowledge-document	4274	f6ec38ec8296991a	小红书（RedNote）/。。。。。。。/点赞（Likes）/211本硕 Linux驱动 应用方向 - 69fd7cf20000000035039e78.md
rednote-bookmarks	knowledge-document	4211	af80a7dd1913e05f	小红书（RedNote）/。。。。。。。/点赞（Likes）/26届 双非机械硕 转嵌入式 秋招总结 - 69419cee000000001b024e42.md
rednote-bookmarks	knowledge-document	3515	fe02b07ca85fe3b0	小红书（RedNote）/。。。。。。。/点赞（Likes）/27届嵌入式，简历没改完能先投吗 - 6a7c3ed1000000002c003c80.md
rednote-bookmarks	knowledge-document	2357	fe4dc76126a001ec	小红书（RedNote）/。。。。。。。/点赞（Likes）/27秋招day7 - 6a69e51100000000140048f1.md
rednote-bookmarks	knowledge-document	3639	d4982a46c9e5dd8a	小红书（RedNote）/。。。。。。。/点赞（Likes）/39岁嵌入式软件工程师现状 - 6a39df50000000001700840e.md
rednote-bookmarks	knowledge-document	2023	cd374029cea375de	小红书（RedNote）/。。。。。。。/点赞（Likes）/3D区作者推荐第十期 - 6a6a0c05000000001400523c.md
rednote-bookmarks	knowledge-document	4245	1446047d0e561faa	小红书（RedNote）/。。。。。。。/点赞（Likes）/60分钟让claude从聊天工具变成AI工作流助手 - 6a3b8e2e000000001101aa46.md
rednote-bookmarks	knowledge-document	2123	512950525ed70bd7	小红书（RedNote）/。。。。。。。/点赞（Likes）/8天整个人掉了9.4斤！(含食谱) - 6a7ab46a00000000280005cd.md
rednote-bookmarks	knowledge-document	1269	13e3130f859dbd7a	小红书（RedNote）/。。。。。。。/点赞（Likes）/95年大龄的上理的研究生，目前在自学嵌入式，感觉有点来不及了，论文一篇中科院三区 - 6a76f8fd0000000033013140.md
rednote-bookmarks	knowledge-document	2612	14ed02e76cc8aa75	小红书（RedNote）/。。。。。。。/点赞（Likes）/A 社的算盘是，Fable 5 太占 GPU 了，他们 GPU 又不够，因此放 - 6a544a79000000001c027e6b.md
rednote-bookmarks	knowledge-document	895	dbdb3f0d45d7425d	小红书（RedNote）/。。。。。。。/点赞（Likes）/AI 浏览器已经成为主流 - 6a1d354a000000003503a9eb.md
rednote-bookmarks	knowledge-document	2104	23e24ff2c4513d65	小红书（RedNote）/。。。。。。。/点赞（Likes）/ChatGPT和Codex合并，预演了下一代工作方式 - 6a219f1d0000000038036ddc.md
rednote-bookmarks	knowledge-document	2470	e4cd9d401b4daf77	小红书（RedNote）/。。。。。。。/点赞（Likes）/Claude千万别裸装，这几个skills必须装上！ - 6a255ee8000000001c02788b.md
rednote-bookmarks	knowledge-document	3343	7bec1c3bd1e1e931	小红书（RedNote）/。。。。。。。/点赞（Likes）/Claude被迫转Codex - 6a6d980f00000000250095b7.md
rednote-bookmarks	knowledge-document	2109	7518c0df50b1fe89	小红书（RedNote）/。。。。。。。/点赞（Likes）/Codex 新功能 - 6a358a43000000002100a157.md
rednote-bookmarks	knowledge-document	4317	8b1de96f1f27c115	小红书（RedNote）/。。。。。。。/点赞（Likes）/Codex 现在能用国产模型了 - 6a33c61900000000170085a7.md
rednote-bookmarks	knowledge-document	2773	84f1799961ce7722	小红书（RedNote）/。。。。。。。/点赞（Likes）/Codex+obsidian搭建设计师的自生长知识库 - 6a2e97ef00000000080269be.md
rednote-bookmarks	knowledge-document	2640	3ea73e6cb9644e25	小红书（RedNote）/。。。。。。。/点赞（Likes）/Codex该如何接入国产大模型？ - 6a2a245c0000000006035869.md
rednote-bookmarks	knowledge-document	3176	142ac8b80088272d	小红书（RedNote）/。。。。。。。/点赞（Likes）/M1 Pro 继续记录，M2 Pro 今天建档 - 6a700883000000003300feae.md
rednote-bookmarks	knowledge-document	2723	4b3c6c23e9a6bae5	小红书（RedNote）/。。。。。。。/点赞（Likes）/Mac Sai：CleanMyMac 免费替代 - 6a31e015000000001503ff09.md
rednote-bookmarks	knowledge-document	4753	5c45607eaa18e738	小红书（RedNote）/。。。。。。。/点赞（Likes）/NuPhy air75 V3避雷贴 - 69df7c4100000000210076af.md
rednote-bookmarks	knowledge-document	1799	456e4364f3f78a38	小红书（RedNote）/。。。。。。。/点赞（Likes）/Obsidian Weave系列插件有官网啦 - 6a79b9b20000000008012cdb.md
rednote-bookmarks	knowledge-document	1464	11f9487f9541c76e	小红书（RedNote）/。。。。。。。/点赞（Likes）/Obsidian 背景设置超轻松！ - 6a7614560000000022010472.md
rednote-bookmarks	knowledge-document	3025	992f7dabdf939209	小红书（RedNote）/。。。。。。。/点赞（Likes）/Obsidian+AI，3步搭建你的第二大脑 - 6a4e09ee00000000220161cd.md
rednote-bookmarks	knowledge-document	3702	0e3fb70dda065388	小红书（RedNote）/。。。。。。。/点赞（Likes）/Obsidian插件系列：Tasks - 69cb1d60000000001a02e268.md
rednote-bookmarks	knowledge-document	5299	21855d5b3f9a69a1	小红书（RedNote）/。。。。。。。/点赞（Likes）/VS Code中使用Codex插件教程（实测可用） - 695d4962000000000a03cc46.md
rednote-bookmarks	knowledge-document	3257	36109f3ca3156326	小红书（RedNote）/。。。。。。。/点赞（Likes）/Zread CLI + Skill，一起发了! - 69dcb7de000000001d01e373.md
rednote-bookmarks	knowledge-document	1668	04e00cc18ef8d789	小红书（RedNote）/。。。。。。。/点赞（Likes）/gpt有像Voyager一样的插件吗 - 69eed8080000000022028a57.md
rednote-bookmarks	knowledge-document	2269	94c2557554dc7e21	小红书（RedNote）/。。。。。。。/点赞（Likes）/iPhone16新手验机教程｜产地🆚版本 - 66eff353000000000c018094.md
rednote-bookmarks	knowledge-document	1880	f596fc4c12050da8	小红书（RedNote）/。。。。。。。/点赞（Likes）/obsidian Task管理时间轴 - 67dedd74000000001b027483.md
rednote-bookmarks	knowledge-document	933	a2bbf080a66d4643	小红书（RedNote）/。。。。。。。/点赞（Likes）/obsidian 办公学习 - 6a77f8cc000000002c001120.md
rednote-bookmarks	knowledge-document	1783	439ce9918bb29bff	小红书（RedNote）/。。。。。。。/点赞（Likes）/obsidian 搭配任何 Agent 都是最佳的 - 6a4488e2000000001102ed64.md
rednote-bookmarks	knowledge-document	4691	b823ca5553ab698d	小红书（RedNote）/。。。。。。。/点赞（Likes）/obsidian+anki：985硕的考研背书王炸软件 - 6836d86f0000000023000577.md
rednote-bookmarks	knowledge-document	3715	d84ff58727151de1	小红书（RedNote）/。。。。。。。/点赞（Likes）/obsidian无纸化考公刷题 - 6a6033b9000000001b01ebbe.md
rednote-bookmarks	knowledge-document	3481	94b81f3387131b72	小红书（RedNote）/。。。。。。。/点赞（Likes）/teach skill，成为高级程序员的步骤！ - 6a2f9f9600000000150257e6.md
rednote-bookmarks	knowledge-document	2531	02061e7017ed73ed	小红书（RedNote）/。。。。。。。/点赞（Likes）/【已解决】更新后codex无法连接移动端？ - 6a511eaa000000002201bf8f.md
rednote-bookmarks	knowledge-document	3350	acca78dd3de259b9	小红书（RedNote）/。。。。。。。/点赞（Likes）/一个skill让网页端GPT成为codex的最强助理 - 6a4e15ab0000000011012f6e.md
rednote-bookmarks	knowledge-document	2163	23c3971c3c4511ee	小红书（RedNote）/。。。。。。。/点赞（Likes）/一周速成LVGL - 6a35e12a00000000080265ef.md
rednote-bookmarks	knowledge-document	1663	7565ddb6c52e3951	小红书（RedNote）/。。。。。。。/点赞（Likes）/一天半内爱上 DeepWiki 程序员必备神器 - 680f04ff0000000022037dc0.md
rednote-bookmarks	knowledge-document	2231	020a5a9543c95dbb	小红书（RedNote）/。。。。。。。/点赞（Likes）/上师大研究生调档 - 69f173030000000022029803.md
rednote-bookmarks	knowledge-document	3819	447b9bdda59539dc	小红书（RedNote）/。。。。。。。/点赞（Likes）/上海嵌入式相关企业汇总-1 - 6a3b75d3000000001003fac2.md
rednote-bookmarks	knowledge-document	3932	a7ff9583b633cf51	小红书（RedNote）/。。。。。。。/点赞（Likes）/上海嵌入式相关企业汇总-2 - 6a4370c3000000000f02b29c.md
rednote-bookmarks	knowledge-document	1483	937e16cad344c176	小红书（RedNote）/。。。。。。。/点赞（Likes）/上海师范大学农艺与种业初试资料 - 69ce8a9f0000000022000487.md
rednote-bookmarks	knowledge-document	1838	46b4d5f76680dcd8	小红书（RedNote）/。。。。。。。/点赞（Likes）/上海师范大学农艺与种业初试资料+参考书 - 69e9f41c0000000020000802.md
rednote-bookmarks	knowledge-document	3924	89f6eb3d6dbdcbca	小红书（RedNote）/。。。。。。。/点赞（Likes）/上海某985 - 6a54b2a0000000002200848e.md
rednote-bookmarks	knowledge-document	2629	744ca917b6492924	小红书（RedNote）/。。。。。。。/点赞（Likes）/上海电力大学还是上海理工大学？ - 6a1e3a5500000000370353e8.md
rednote-bookmarks	knowledge-document	4265	2a72db693f322f10	小红书（RedNote）/。。。。。。。/点赞（Likes）/上理26机械硕士就业地图｜机器人方向 - 6a7443a3000000000503043e.md
rednote-bookmarks	knowledge-document	4685	304f13f71602c5c7	小红书（RedNote）/。。。。。。。/点赞（Likes）/上理867自控硕士就业去向｜岗位与薪资参考 - 6a7bf3820000000028004876.md
rednote-bookmarks	knowledge-document	1988	caec18f5e79b767f	小红书（RedNote）/。。。。。。。/点赞（Likes）/上理最爱思餐厅三楼小炒的人 - 6a3528ac0000000007029c1c.md
rednote-bookmarks	knowledge-document	3273	3ba55e1c08a5ff2a	小红书（RedNote）/。。。。。。。/点赞（Likes）/个人skill分享…！拯救你的期末周复习 - 6a1fb7a0000000003601ce03.md
rednote-bookmarks	knowledge-document	4582	50e0a3d00ae96107	小红书（RedNote）/。。。。。。。/点赞（Likes）/二手 M1 Pro MacBook 蹲价 day24：有降价 - 6a6071c90000000009034e22.md
rednote-bookmarks	knowledge-document	4098	b42f79ebea5d179f	小红书（RedNote）/。。。。。。。/点赞（Likes）/他真的把我们当小孩教Codex - 6a447a580000000022008a95.md
rednote-bookmarks	knowledge-document	1771	ccf8314c4fbc4b91	小红书（RedNote）/。。。。。。。/点赞（Likes）/以前人帮 AI 找资料， 现 AI 自己去拿资料 - 6a606ff9000000000f005d73.md
rednote-bookmarks	knowledge-document	3920	5f5b1f88c19b5168	小红书（RedNote）/。。。。。。。/点赞（Likes）/依旧是28届 日常实习面筋集合 - 6a7474480000000024027736.md
rednote-bookmarks	knowledge-document	2288	9c58ef0c6bf753ed	小红书（RedNote）/。。。。。。。/点赞（Likes）/六月找到嵌入式实习! - 6a313165000000001603dbee.md
rednote-bookmarks	knowledge-document	3693	aa0833f5726e41b4	小红书（RedNote）/。。。。。。。/点赞（Likes）/关于95新 MacBook Pro M1pro 32+512 成功下车，也是终于 - 6a6aed5c000000000f033ed4.md
rednote-bookmarks	knowledge-document	2808	3223b1f78649a90d	小红书（RedNote）/。。。。。。。/点赞（Likes）/关于我想买 Mac mini m5这件事大概率成不了 - 6a1c4c8b000000000702d140.md
rednote-bookmarks	knowledge-document	2918	468b35a2309458cd	小红书（RedNote）/。。。。。。。/点赞（Likes）/分享一个自用Obsidian主题 - 6a7b4c7d00000000280332c1.md
rednote-bookmarks	knowledge-document	2996	eab7938e905e7c86	小红书（RedNote）/。。。。。。。/点赞（Likes）/分享一期粉丝嵌入式面经(实习版，mcu岗) - 6a54698b000000001003ec19.md
rednote-bookmarks	knowledge-document	2695	37b82421ce6708d0	小红书（RedNote）/。。。。。。。/点赞（Likes）/单2硕 嵌入式全栈选手 - 69a5548e0000000026030618.md
rednote-bookmarks	knowledge-document	2748	00941690e1c3fc17	小红书（RedNote）/。。。。。。。/点赞（Likes）/即览：手机上看 Markdown、HTML，这么难？ - 6a20ff730000000036018c28.md
rednote-bookmarks	knowledge-document	3135	f487997527c3b968	小红书（RedNote）/。。。。。。。/点赞（Likes）/双非本985硕嵌入式斩获10+大厂offer - 6764f8bb000000000900e92d.md
rednote-bookmarks	knowledge-document	4636	a9b62031ac3b9627	小红书（RedNote）/。。。。。。。/点赞（Likes）/双非硕士0基础转嵌入式，3个月拿9个offer - 6a00682c000000003502a23d.md
rednote-bookmarks	knowledge-document	2927	7c9d04836e2e65b4	小红书（RedNote）/。。。。。。。/点赞（Likes）/双非硕士找嵌入式工作，简历求点评 - 6a69a81e000000000f01fd64.md
rednote-bookmarks	knowledge-document	2423	9c1d9ed855b42a97	小红书（RedNote）/。。。。。。。/点赞（Likes）/双非硕第25投-小米 - 6a775573000000002403fef8.md
rednote-bookmarks	knowledge-document	3136	ed49658f37a5c9dd	小红书（RedNote）/。。。。。。。/点赞（Likes）/双非硕，MCU与Linux双修 - 69eafc2a0000000013030802.md
rednote-bookmarks	knowledge-document	5316	aec6499f1d435eb0	小红书（RedNote）/。。。。。。。/点赞（Likes）/同济大学恶性借外套事件 - 69f0d076000000001a0349db.md
rednote-bookmarks	knowledge-document	4386	88a3a9c7d516d88e	小红书（RedNote）/。。。。。。。/点赞（Likes）/后悔走嵌入式Linux音视频了，找不到实习？ - 69ecaa2f000000003701e4dc.md
rednote-bookmarks	knowledge-document	3614	52d09ec3933a155d	小红书（RedNote）/。。。。。。。/点赞（Likes）/后续：我姐打电话给我说姐夫已经进去了 - 6a7a873b0000000025005b95.md
rednote-bookmarks	knowledge-document	2068	7faa6515ac77fb42	小红书（RedNote）/。。。。。。。/点赞（Likes）/哪个冤大头涨价才入手MacBook Air M5 - 6a51082800000000060207a3.md
rednote-bookmarks	knowledge-document	1811	e89ef36ac9ab2d40	小红书（RedNote）/。。。。。。。/点赞（Likes）/备战秋招｜八股背诵中｜8.6 - 6a736c3d000000002c0009d0.md
rednote-bookmarks	knowledge-document	3661	8f8c1885f15480e2	小红书（RedNote）/。。。。。。。/点赞（Likes）/多年不联系的同学借钱后续1 - 6a614f90000000001b01e69a.md
rednote-bookmarks	knowledge-document	2983	7f7efbfbd941e1a0	小红书（RedNote）/。。。。。。。/点赞（Likes）/好skill难找？我vibecoding了个skillhot - 6a3ea4df0000000007012375.md
rednote-bookmarks	knowledge-document	2054	a86bac476a27fc75	小红书（RedNote）/。。。。。。。/点赞（Likes）/好眼熟她是谁 - 6a3e0f5b00000000210185f0.md
rednote-bookmarks	knowledge-document	4082	f217dbf89850abd9	小红书（RedNote）/。。。。。。。/点赞（Likes）/好险，几次擦枪走火的瞬间 - 69f87a7b00000000350270d3.md
rednote-bookmarks	knowledge-document	4902	a0a13aa2980d2506	小红书（RedNote）/。。。。。。。/点赞（Likes）/如何7天过完hot100 - 69007e340000000003034c0a.md
rednote-bookmarks	knowledge-document	3879	ded9b430b9237f82	小红书（RedNote）/。。。。。。。/点赞（Likes）/如何做好嵌入式项目，面试通过率90%？ - 69d38a0d000000002202499a.md
rednote-bookmarks	knowledge-document	3747	1f3c43205e86ef6b	小红书（RedNote）/。。。。。。。/点赞（Likes）/如何把桌面端 Agent 接入 DeepSeek V4 🐳 - 6a31913500000000220181ed.md
rednote-bookmarks	knowledge-document	2270	88ed200b24419d80	小红书（RedNote）/。。。。。。。/点赞（Likes）/如何最大限度的节省codex额度 - 6a257465000000002103e554.md
rednote-bookmarks	knowledge-document	1860	4fad7923d19b8a39	小红书（RedNote）/。。。。。。。/点赞（Likes）/如何短时间内完成一个认可度高的嵌入式项目 - 69cb5724000000001d019800.md
rednote-bookmarks	knowledge-document	3032	e3b22d65556da56d	小红书（RedNote）/。。。。。。。/点赞（Likes）/如果你用过 DeepWiki，会爱上 Code Wiki - 691862100000000004010133.md
rednote-bookmarks	knowledge-document	3995	35905f7afe8a77a1	小红书（RedNote）/。。。。。。。/点赞（Likes）/如果我的Obsidian只装5个插件 - 6a647106000000000101e9cf.md
rednote-bookmarks	knowledge-document	4167	64fa1dca33fe2b24	小红书（RedNote）/。。。。。。。/点赞（Likes）/字节跳动-Camera软件开发-移动OS-实习-一面 - 69b51783000000002102c37b.md
rednote-bookmarks	knowledge-document	3008	e2a552f00a1b1f12	小红书（RedNote）/。。。。。。。/点赞（Likes）/宝宝，不要再抱着文档存记忆了！ - 6a6abb0e0000000013025a31.md
rednote-bookmarks	knowledge-document	3302	8f7e421ecdc969bc	小红书（RedNote）/。。。。。。。/点赞（Likes）/实习就月薪过万真的有狠狠爽到了 - 6a78413000000000060063ed.md
rednote-bookmarks	knowledge-document	3435	99df4345bb2c6776	小红书（RedNote）/。。。。。。。/点赞（Likes）/导师杨昀，在圈内算是彻底 “社死” 了。不 - 6a17b53d0000000035022367.md
rednote-bookmarks	knowledge-document	2389	67f4b212268b3768	小红书（RedNote）/。。。。。。。/点赞（Likes）/小米手环助你随时随地vibecoding - 6a40f67b000000000f02873d.md
rednote-bookmarks	knowledge-document	1255	a47c01f99f020f23	小红书（RedNote）/。。。。。。。/点赞（Likes）/小米汽车汽车专项实习 - 6a2fc4ee000000000702497d.md
rednote-bookmarks	knowledge-document	2667	273e93f924818f00	小红书（RedNote）/。。。。。。。/点赞（Likes）/小米面试实录 - 67da8a810000000006028d98.md
rednote-bookmarks	knowledge-document	1951	898b5418ab6ced99	小红书（RedNote）/。。。。。。。/点赞（Likes）/嵌入式linux项目日志调试讲解 - 6a55fbbb0000000022017cf8.md
rednote-bookmarks	knowledge-document	4813	dab2564490ad4e6a	小红书（RedNote）/。。。。。。。/点赞（Likes）/嵌入式冲机器人，今年行情汇总，关于前景 - 6a68ad1e000000001f01cf47.md
rednote-bookmarks	knowledge-document	1540	67e0300489887b9f	小红书（RedNote）/。。。。。。。/点赞（Likes）/嵌入式实习 - 6a10213600000000060352d1.md
rednote-bookmarks	knowledge-document	1778	8814f00bdb973183	小红书（RedNote）/。。。。。。。/点赞（Likes）/嵌入式实习 - 6a5430650000000007013642.md
rednote-bookmarks	knowledge-document	1497	296f0cae674b6b2a	小红书（RedNote）/。。。。。。。/点赞（Likes）/嵌入式实习 - 6a7bbdab000000003300e802.md
rednote-bookmarks	knowledge-document	4935	a0f3e5b9cb490e96	小红书（RedNote）/。。。。。。。/点赞（Likes）/嵌入式实习三个月了…真的好喜欢我的工作 - 6a3eb6e70000000007028084.md
rednote-bookmarks	knowledge-document	3206	33ae2e5214502e75	小红书（RedNote）/。。。。。。。/点赞（Likes）/嵌入式实习生 300元 天，base上海 - 6a21a980000000002202fd33.md
rednote-bookmarks	knowledge-document	7267	847c1f391985315c	小红书（RedNote）/。。。。。。。/点赞（Likes）/嵌入式找实习焚决 - 6a52dab8000000000f007864.md
rednote-bookmarks	knowledge-document	2471	9d078d7f103bdeda	小红书（RedNote）/。。。。。。。/点赞（Likes）/嵌入式校招撞车项目总结 - 69ef74560000000036018638.md
rednote-bookmarks	knowledge-document	3925	9863051dad2bcc9a	小红书（RedNote）/。。。。。。。/点赞（Likes）/嵌入式秋招准备，不要只看不做 - 6a2bc2d700000000220261c3.md
rednote-bookmarks	knowledge-document	1864	ee13b300c3ed5090	小红书（RedNote）/。。。。。。。/点赞（Likes）/嵌入式秋招经验-项目打磨篇 - 693963df000000001d03cb48.md
rednote-bookmarks	knowledge-document	1414	e70fddda410f7acc	小红书（RedNote）/。。。。。。。/点赞（Likes）/嵌入式简历修改 - 6a7817490000000033019f1d.md
rednote-bookmarks	knowledge-document	2726	804de1629206ee5c	小红书（RedNote）/。。。。。。。/点赞（Likes）/嵌入式项目 - 69ef8b840000000035024a60.md
rednote-bookmarks	knowledge-document	4626	50a532b4079d1266	小红书（RedNote）/。。。。。。。/点赞（Likes）/嵌入式项目 简历模版 - 6a2635870000000035028f42.md
rednote-bookmarks	knowledge-document	3720	f7a2d2050ff24449	小红书（RedNote）/。。。。。。。/点赞（Likes）/嵌入式项目推荐 - 69f8188e000000003501c7f9.md
rednote-bookmarks	knowledge-document	1371	d475bbb0c441153e	小红书（RedNote）/。。。。。。。/点赞（Likes）/已开源!一张看板管住整个嵌入式秋招 - 6a53834d000000001503e12b.md
rednote-bookmarks	knowledge-document	2550	265606fb4e8119b3	小红书（RedNote）/。。。。。。。/点赞（Likes）/建议大家都去做属于自己的秋招工作台 - 6a6c08a30000000006004442.md
rednote-bookmarks	knowledge-document	3713	6b8b26f077c618c4	小红书（RedNote）/。。。。。。。/点赞（Likes）/开源了一个Hot100速通刷题知识库 - 6a36e8d20000000011013b9b.md
rednote-bookmarks	knowledge-document	2713	a7f0f3ac5c4a698a	小红书（RedNote）/。。。。。。。/点赞（Likes）/强推读项目代码神器！ - 69d7c0c50000000023016adb.md
rednote-bookmarks	knowledge-document	2415	7c99bb9ce0a3ccd5	小红书（RedNote）/。。。。。。。/点赞（Likes）/很享受的一段日子 - 6a6df940000000002201731f.md
rednote-bookmarks	knowledge-document	2458	e57ccf8a9b250367	小红书（RedNote）/。。。。。。。/点赞（Likes）/想入行Linux应用层开发 - 6a6f5ccd0000000022014f85.md
rednote-bookmarks	knowledge-document	3101	db9b8860bf64d46d	小红书（RedNote）/。。。。。。。/点赞（Likes）/我做了个阿酥简历skill 绝对够味 - 6a7d601f000000002803204e.md
rednote-bookmarks	knowledge-document	2509	1465a276444dbe69	小红书（RedNote）/。。。。。。。/点赞（Likes）/我发现很多人都不知道Obsidian插件神器😅 - 6a7863060000000028033c3d.md
rednote-bookmarks	knowledge-document	3053	7aa76e60c6ff3834	小红书（RedNote）/。。。。。。。/点赞（Likes）/我开源了期末复习skill，欢迎来用！ - 6a32167f0000000017009d10.md
rednote-bookmarks	knowledge-document	2387	08684bfc18a7dbea	小红书（RedNote）/。。。。。。。/点赞（Likes）/我才不会胖回去，只有经历过的人才知道… - 6a12ad74000000003601866d.md
rednote-bookmarks	knowledge-document	1875	3cb059c5abf2c904	小红书（RedNote）/。。。。。。。/点赞（Likes）/我的天，这个工具忒厉害了吧！ - 6a771c4e0000000008010193.md
rednote-bookmarks	knowledge-document	1557	cc8df923469c6315	小红书（RedNote）/。。。。。。。/点赞（Likes）/手把手带你做高质量嵌入式简历 - 6a394d83000000001503d11f.md
rednote-bookmarks	knowledge-document	2797	778d87678f334fbc	小红书（RedNote）/。。。。。。。/点赞（Likes）/把国产模型优雅的接入全新GPT并保留官方 - 6a36a636000000002003b89a.md
rednote-bookmarks	knowledge-document	3298	a0327791f56d0c13	小红书（RedNote）/。。。。。。。/点赞（Likes）/把面试skill升级了 这次你一定要提现！ - 6a687827000000001302edcc.md
rednote-bookmarks	knowledge-document	1998	b4abdfa98b383634	小红书（RedNote）/。。。。。。。/点赞（Likes）/拿到一个项目后如何快速复现成可讲清的版本 - 69e36c16000000002200fcde.md
rednote-bookmarks	knowledge-document	1720	ebc825d871ffb088	小红书（RedNote）/。。。。。。。/点赞（Likes）/推荐一个14天突击力扣hot100刷题库 - 6a4bafbc0000000016024160.md
rednote-bookmarks	knowledge-document	2796	dcb908b29bd6c103	小红书（RedNote）/。。。。。。。/点赞（Likes）/推荐大家都去试试看 DeepWiki - 680cace4000000001c01e5eb.md
rednote-bookmarks	knowledge-document	2419	fc5ac8346a2ae0c5	小红书（RedNote）/。。。。。。。/点赞（Likes）/收藏≠学会｜把“看过”变成“记住” - 6a1a90eb000000003601ac96.md
rednote-bookmarks	knowledge-document	3416	5b6118233e77f97c	小红书（RedNote）/。。。。。。。/点赞（Likes）/教师裸辞转行嵌入式Day6｜凌晨12点还在学 - 69ece4d9000000002301f280.md
rednote-bookmarks	knowledge-document	1554	b69fb6df14bdaf38	小红书（RedNote）/。。。。。。。/点赞（Likes）/新一代小米SU7曜石黑+红内+20梅花 - 6a07bf4e000000000803290a.md
rednote-bookmarks	knowledge-document	4652	be4961ddf5b28325	小红书（RedNote）/。。。。。。。/点赞（Likes）/新手如何一个月内学会力扣hot100，干货满满 - 68edc98f0000000007033e13.md
rednote-bookmarks	knowledge-document	4145	695eaecc498d5ce4	小红书（RedNote）/。。。。。。。/点赞（Likes）/更适合中国宝宝体质的面试复盘skill！ - 6a75bc5b00000000220331cd.md
rednote-bookmarks	knowledge-document	2541	2c28554ce8986c36	小红书（RedNote）/。。。。。。。/点赞（Likes）/期末考试带一张A4开卷-缩印技巧 - 6959e666000000001e0223cb.md
rednote-bookmarks	knowledge-document	2906	5fe86eeca8cfb6c4	小红书（RedNote）/。。。。。。。/点赞（Likes）/期末速成 考研 考公 科研 大家有救了！ - 6a0824620000000037037b7b.md
rednote-bookmarks	knowledge-document	3054	07e8ba392e7130dc	小红书（RedNote）/。。。。。。。/点赞（Likes）/本人上海理工大学大一学生，目前在智能制造大类，上学期绩点3.71，大类专业排名前 - 69b8afca0000000022002e9a.md
rednote-bookmarks	knowledge-document	1994	9e59394d0aaf109b	小红书（RedNote）/。。。。。。。/点赞（Likes）/机械跑路嵌入式 我的秋招时间线 - 6a75ee150000000024025a3e.md
rednote-bookmarks	knowledge-document	3757	c2d3a56535f854ef	小红书（RedNote）/。。。。。。。/点赞（Likes）/果然大佬对电子信息找工作的理解远在我之上 - 69f6be1b00000000220254e2.md
rednote-bookmarks	knowledge-document	2471	441fb96f5c7b0033	小红书（RedNote）/。。。。。。。/点赞（Likes）/榆林 迎面撞你行车 对方身亡#安全 #安全第一位 #道路千万条安全第一条 - 6a748ab100000000220145cf.md
rednote-bookmarks	knowledge-document	1961	ac6efa167bfdb62e	小红书（RedNote）/。。。。。。。/点赞（Likes）/求安理工电气合肥能源所联培导师推荐（想轻松一点） - 69d08b04000000001f005db1.md
rednote-bookmarks	knowledge-document	2166	42ec7bfb18e0c1bc	小红书（RedNote）/。。。。。。。/点赞（Likes）/没有实习现在还需要找实习吗 - 6a1e42470000000022025b12.md
rednote-bookmarks	knowledge-document	2307	ce9d77a213fc8c0f	小红书（RedNote）/。。。。。。。/点赞（Likes）/浙江职业院校招聘大专老师 26届硕士可报 - 69b4c43e000000001a028026.md
rednote-bookmarks	knowledge-document	1860	48a3d8102af5d3da	小红书（RedNote）/。。。。。。。/点赞（Likes）/海康暑期实习面经 - 6a03cf880000000008024493.md
rednote-bookmarks	knowledge-document	2474	05046dacd34c5934	小红书（RedNote）/。。。。。。。/点赞（Likes）/深空黑 M5 PRO MacBook Pro 评测：工作利器 - 6a5b8337000000000c01459a.md
rednote-bookmarks	knowledge-document	1837	b7c6fa60aa81c7b1	小红书（RedNote）/。。。。。。。/点赞（Likes）/炸裂更新！Obsidian新出4种同步策略！ - 6a50aa8a00000000210220b7.md
rednote-bookmarks	knowledge-document	2144	37688240c2eaeb81	小红书（RedNote）/。。。。。。。/点赞（Likes）/熬过了13年平安无事，这是老天给我最大的眷顾#胶质瘤二级 #左额叶功能区 - 69d6f8d1000000001a026085.md
rednote-bookmarks	knowledge-document	1159	8c4dab423df646e3	小红书（RedNote）/。。。。。。。/点赞（Likes）/爸爸过生日想送皮鞋有什么好的品牌推荐。在线急[皱眉R][皱眉R][皱眉R][合十 - 68f778c600000000050021aa.md
rednote-bookmarks	knowledge-document	4308	a3ac9a69403032ff	小红书（RedNote）/。。。。。。。/点赞（Likes）/独立完成过裸机和RTOS嵌入式项目，在汽车电子做过OTA应用层开发，现在上海南芯 - 6a03dd970000000035020986.md
rednote-bookmarks	knowledge-document	4029	6950762b0ec839a8	小红书（RedNote）/。。。。。。。/点赞（Likes）/用 Mac 做嵌入式开发 - 6a0fba9d0000000036002d57.md
rednote-bookmarks	knowledge-document	6066	0e9199d3729c561e	小红书（RedNote）/。。。。。。。/点赞（Likes）/用codex沉淀可复用工作流skill令人沉迷上瘾 - 6a34d9a30000000007012c7e.md
rednote-bookmarks	knowledge-document	1694	4cb738afd66a0760	小红书（RedNote）/。。。。。。。/点赞（Likes）/真服啦，两次错过高通笔试 - 69e0f59f000000001a03150d.md
rednote-bookmarks	knowledge-document	3965	d30f5a0bc4b59124	小红书（RedNote）/。。。。。。。/点赞（Likes）/研零研一实习投递经验分享 - 6a3295650000000011011529.md
rednote-bookmarks	knowledge-document	5168	c7ed12de963083c4	小红书（RedNote）/。。。。。。。/点赞（Likes）/秋招感悟，写给正在找工作的人 - 68c28443000000001d00a2f1.md
rednote-bookmarks	knowledge-document	2227	5076d6c2d639dd07	小红书（RedNote）/。。。。。。。/点赞（Likes）/秦昊减肥法！ - 69d2649600000000220268ff.md
rednote-bookmarks	knowledge-document	5605	d3217831b0e43ec7	小红书（RedNote）/。。。。。。。/点赞（Likes）/第3集 影石 嵌入式日常 沉淀的魅力 - 6a488f77000000000f014476.md
rednote-bookmarks	knowledge-document	3349	3fc3b35d7bb29450	小红书（RedNote）/。。。。。。。/点赞（Likes）/粉丝嵌入式面经反馈分享 - 6a4880cd0000000011005289.md
rednote-bookmarks	knowledge-document	2925	2004c7d09bdbdcff	小红书（RedNote）/。。。。。。。/点赞（Likes）/终于能把plus订阅当pro用了 - 6a3dff9d0000000022017512.md
rednote-bookmarks	knowledge-document	1835	f6eb99bb4868cb42	小红书（RedNote）/。。。。。。。/点赞（Likes）/给你的Mac添加额外的应用商店 - 6a78494b0000000022030788.md
rednote-bookmarks	knowledge-document	2276	51ed55ffcc14cff8	小红书（RedNote）/。。。。。。。/点赞（Likes）/给天天见的obsidian 换个样子 - 6a646900000000000101f61c.md
rednote-bookmarks	knowledge-document	2962	69d4d0fcf1d9a4cd	小红书（RedNote）/。。。。。。。/点赞（Likes）/考研的心从未如此强烈过 # - 6a5c4ee500000000010320bf.md
rednote-bookmarks	knowledge-document	2418	89d08cd694b530d9	小红书（RedNote）/。。。。。。。/点赞（Likes）/苏州嵌入式就业环境调研薪资加班情况及技术 - 6a7ab6880000000028005775.md
rednote-bookmarks	knowledge-document	3911	6147833f865d709f	小红书（RedNote）/。。。。。。。/点赞（Likes）/苹果MacBook Pro M1-M5 Max怎么选？ - 6a5305650000000011004bca.md
rednote-bookmarks	knowledge-document	3143	2457facbcb50abcf	小红书（RedNote）/。。。。。。。/点赞（Likes）/西门子工业软件开发CPP面经 - 69e4ce560000000022002d66.md
rednote-bookmarks	knowledge-document	2349	b870d94a8d3b2609	小红书（RedNote）/。。。。。。。/点赞（Likes）/请叫我嵌入式开发心理医生！ - 6a37b166000000000803e572.md
rednote-bookmarks	knowledge-document	1574	a6bab055fd6883c3	小红书（RedNote）/。。。。。。。/点赞（Likes）/贵一点还是贵一点的好 - 6a0498830000000037036b96.md
rednote-bookmarks	knowledge-document	3196	07318e6420eaebc7	小红书（RedNote）/。。。。。。。/点赞（Likes）/走Linux方向，MCU要不要学？ - 69b8d2cc000000001d01af9b.md
rednote-bookmarks	knowledge-document	4033	77bd41fc78d87308	小红书（RedNote）/。。。。。。。/点赞（Likes）/转嵌入式linux没有实习经历如何准备秋招 - 6a7c2f7500000000270207ff.md
rednote-bookmarks	knowledge-document	1295	18e7494facf26ab4	小红书（RedNote）/。。。。。。。/点赞（Likes）/这一集 讲普通人的坚持 - 6a6aa2a1000000001102dba2.md
rednote-bookmarks	knowledge-document	2522	b90baf17e83bd03c	小红书（RedNote）/。。。。。。。/点赞（Likes）/这个网站我愿称之为最伟大发明 - 6a697115000000000f02b166.md
rednote-bookmarks	knowledge-document	1318	62bde2b44573e951	小红书（RedNote）/。。。。。。。/点赞（Likes）/这秘笈确实够劲爆 - 6a34f49a000000001101d909.md
rednote-bookmarks	knowledge-document	2066	7277ba285675ad81	小红书（RedNote）/。。。。。。。/点赞（Likes）/酷态科10号ultra爆改桌面充电站 - 69dc09b90000000022024cc5.md
rednote-bookmarks	knowledge-document	2321	4fc4cdb8cf5f6826	小红书（RedNote）/。。。。。。。/点赞（Likes）/酷态科CP模块模块风扇与USB A风扇对比评测 - 6a12c5c8000000003502b31a.md
rednote-bookmarks	knowledge-document	3744	3e352854153a588f	小红书（RedNote）/。。。。。。。/点赞（Likes）/非科班转嵌入式linux，建议把精力放在项目 - 6a4cafb2000000000f016264.md
rednote-bookmarks	knowledge-document	2992	53fe906beb9ed3fb	小红书（RedNote）/。。。。。。。/点赞（Likes）/靠自己手搓，把AI搬进obsidian - 6a7c295d0000000028030cc4.md
rednote-bookmarks	knowledge-document	3520	97aafe3ca0c0f9b6	小红书（RedNote）/。。。。。。。/点赞（Likes）/面试官喜欢的嵌入式简历长啥样 - 6a185b040000000038020f53.md
rednote-bookmarks	knowledge-document	1101	df606f0d7f9bea0e	小红书（RedNote）/。。。。。。。/点赞（Likes）/麦当劳这波活动杀疯啦，直播中 - 69bb94f7000000001b021909.md
rednote-bookmarks	knowledge-document	5150	1f592fbad25698e4	小红书（RedNote）/。。。。。。。/点赞（Likes）/（电子信息）控制工程就业 - 6a34eade0000000016025152.md
rednote-bookmarks	knowledge-document	3288	70cb76d085d1fe14	小红书（RedNote）/。。。。。。。/点赞（Likes）/🔥 Claude Code七种自定义驾驭方式 - 6a38ddc30000000007027492.md
rednote-bookmarks	knowledge-document	2826	2cd3049fc39902f5	小红书（RedNote）/。。。。。。。/点赞（Likes）/🔥GitHub本周热榜-AI新skill开始自己干活 - 6a350b62000000002201abb6.md
workbench-learning-state	other-binary-or-config	8344	c0f3b5c531dd3c3d	工作台/八股进度.base
workbench-learning-state	knowledge-document	902	f86975eb2480c852	工作台/力扣入口.md
workbench-learning-state	knowledge-document	3449	cc8cb80b99f17ba2	工作台/学习总账.md
workbench-learning-state	knowledge-document	753	81741623896ae0be	工作台/学习日志.md
workbench-learning-state	knowledge-document	9576	918aa34bca04e010	工作台/嵌入式学习工作台.md
workbench-learning-state	knowledge-document	654	4f6e4914154773d4	工作台/条目记录/150题-001.md
workbench-learning-state	knowledge-document	651	6c50ff43ee8410d3	工作台/条目记录/150题-002.md
workbench-learning-state	knowledge-document	723	a1304561333e730d	工作台/条目记录/150题-003.md
workbench-learning-state	knowledge-document	654	ff843eb92d24c1d5	工作台/条目记录/150题-004.md
workbench-learning-state	knowledge-document	651	de01a62133b404a3	工作台/条目记录/150题-005.md
workbench-learning-state	knowledge-document	651	4a7f06c74fd3ca0a	工作台/条目记录/150题-006.md
workbench-learning-state	knowledge-document	660	6f500488a2687edf	工作台/条目记录/150题-007.md
workbench-learning-state	knowledge-document	633	e7f4882f06ad7541	工作台/条目记录/150题-008.md
workbench-learning-state	knowledge-document	750	5e0c796656cb2ee9	工作台/条目记录/150题-009.md
workbench-learning-state	knowledge-document	691	34170e61779757d9	工作台/条目记录/150题-010.md
workbench-learning-state	knowledge-document	670	3bfcefe315eec9cf	工作台/条目记录/150题-011.md
workbench-learning-state	knowledge-document	673	8db2f4b11418484a	工作台/条目记录/150题-012.md
workbench-learning-state	knowledge-document	664	5328ac038fd12dd9	工作台/条目记录/150题-013.md
workbench-learning-state	knowledge-document	691	620d429db23b11b3	工作台/条目记录/150题-014.md
workbench-learning-state	knowledge-document	682	92202a2e2d0df5e2	工作台/条目记录/150题-015.md
workbench-learning-state	knowledge-document	709	75210abc5b2e45f9	工作台/条目记录/150题-016.md
workbench-learning-state	knowledge-document	668	a2c6818851d85354	工作台/条目记录/150题-017.md
workbench-learning-state	knowledge-document	688	8d52d435db96d817	工作台/条目记录/150题-018.md
workbench-learning-state	knowledge-document	646	e192a445c4d972b8	工作台/条目记录/150题-019.md
workbench-learning-state	knowledge-document	763	b49ce82ce6be5dd1	工作台/条目记录/150题-020.md
workbench-learning-state	knowledge-document	637	27541e715fcfcd27	工作台/条目记录/150题-021.md
workbench-learning-state	knowledge-document	769	6d9a0b7fcd4ca6a7	工作台/条目记录/150题-022.md
workbench-learning-state	knowledge-document	739	00a15e1de20b05b1	工作台/条目记录/150题-023.md
workbench-learning-state	knowledge-document	667	05d574d4d9997450	工作台/条目记录/150题-024.md
workbench-learning-state	knowledge-document	760	d0d598a9ce7d1473	工作台/条目记录/150题-025.md
workbench-learning-state	knowledge-document	685	6f76d915137f5467	工作台/条目记录/150题-026.md
workbench-learning-state	knowledge-document	682	583fbf2f13af8916	工作台/条目记录/150题-027.md
workbench-learning-state	knowledge-document	664	2d35b1e29acdb80f	工作台/条目记录/150题-028.md
workbench-learning-state	knowledge-document	709	ce04209346959885	工作台/条目记录/150题-029.md
workbench-learning-state	knowledge-document	673	f8a8b813b1d87ad4	工作台/条目记录/150题-030.md
workbench-learning-state	knowledge-document	673	c834cb100cf53bc3	工作台/条目记录/150题-031.md
workbench-learning-state	knowledge-document	709	953d3c224c4593a2	工作台/条目记录/150题-032.md
workbench-learning-state	knowledge-document	727	03d71fe408a92d91	工作台/条目记录/150题-033.md
workbench-learning-state	knowledge-document	700	74b83ff282fb2fed	工作台/条目记录/150题-034.md
workbench-learning-state	knowledge-document	718	34da0ecc6734d69f	工作台/条目记录/150题-035.md
workbench-learning-state	knowledge-document	748	edfc9c6b910b4d74	工作台/条目记录/150题-036.md
workbench-learning-state	knowledge-document	691	afd60cdade719240	工作台/条目记录/150题-037.md
workbench-learning-state	knowledge-document	664	5ef99d5476f5f5a8	工作台/条目记录/150题-038.md
workbench-learning-state	knowledge-document	685	831159d0e983563e	工作台/条目记录/150题-039.md
workbench-learning-state	knowledge-document	649	20987fc5a05c5f7f	工作台/条目记录/150题-040.md
workbench-learning-state	knowledge-document	676	7ecc5087305fbbc3	工作台/条目记录/150题-041.md
workbench-learning-state	knowledge-document	658	dbc2717cda4299fd	工作台/条目记录/150题-042.md
workbench-learning-state	knowledge-document	655	2804e61b17d3582c	工作台/条目记录/150题-043.md
workbench-learning-state	knowledge-document	685	d42d82b6b206e188	工作台/条目记录/150题-044.md
workbench-learning-state	knowledge-document	787	50eb3a14263c871b	工作台/条目记录/150题-045.md
workbench-learning-state	knowledge-document	694	4b95d4148c0c7eb7	工作台/条目记录/150题-046.md
workbench-learning-state	knowledge-document	607	4647ab7948741b4e	工作台/条目记录/150题-047.md
workbench-learning-state	knowledge-document	691	eebbc43010d861e9	工作台/条目记录/150题-048.md
workbench-learning-state	knowledge-document	658	461f8905356d0fc2	工作台/条目记录/150题-049.md
workbench-learning-state	knowledge-document	718	0aac4ace8341dc60	工作台/条目记录/150题-050.md
workbench-learning-state	knowledge-document	664	ac1ae582da237d44	工作台/条目记录/150题-051.md
workbench-learning-state	knowledge-document	643	b8e96b30be469a28	工作台/条目记录/150题-052.md
workbench-learning-state	knowledge-document	610	468cf382a87cf07e	工作台/条目记录/150题-053.md
workbench-learning-state	knowledge-document	655	aefeb58b55dcd624	工作台/条目记录/150题-054.md
workbench-learning-state	knowledge-document	607	71a1bf55b698de88	工作台/条目记录/150题-055.md
workbench-learning-state	knowledge-document	697	304ad015ac2dd427	工作台/条目记录/150题-056.md
workbench-learning-state	knowledge-document	700	996722c33463ed51	工作台/条目记录/150题-057.md
workbench-learning-state	knowledge-document	655	b4b42d4f438d12af	工作台/条目记录/150题-058.md
workbench-learning-state	knowledge-document	658	420e1159d5c45931	工作台/条目记录/150题-059.md
workbench-learning-state	knowledge-document	700	c8fcb84d2b076c28	工作台/条目记录/150题-060.md
workbench-learning-state	knowledge-document	700	b853eb5aa46eb64e	工作台/条目记录/150题-061.md
workbench-learning-state	knowledge-document	664	7d43fa6a69fba819	工作台/条目记录/150题-062.md
workbench-learning-state	knowledge-document	691	7b1e1080a5142202	工作台/条目记录/150题-063.md
workbench-learning-state	knowledge-document	661	7ac4a78116ea1f89	工作台/条目记录/150题-064.md
workbench-learning-state	knowledge-document	694	23093d2ee0ebe1bc	工作台/条目记录/150题-065.md
workbench-learning-state	knowledge-document	688	af211a6119074748	工作台/条目记录/150题-066.md
workbench-learning-state	knowledge-document	655	3b46e550108a5957	工作台/条目记录/150题-067.md
workbench-learning-state	knowledge-document	703	fd3b5dacb02ac540	工作台/条目记录/150题-068.md
workbench-learning-state	knowledge-document	703	3d785a4348972454	工作台/条目记录/150题-069.md
workbench-learning-state	knowledge-document	649	7bf3ad8271507bdb	工作台/条目记录/150题-070.md
workbench-learning-state	knowledge-document	671	93a2f9a6a26b2eff	工作台/条目记录/150题-071.md
workbench-learning-state	knowledge-document	656	0847c409cef8157c	工作台/条目记录/150题-072.md
workbench-learning-state	knowledge-document	671	4280f7a9d8a411dd	工作台/条目记录/150题-073.md
workbench-learning-state	knowledge-document	692	14e74cf49591f53f	工作台/条目记录/150题-074.md
workbench-learning-state	knowledge-document	695	f82607af1b1ae37a	工作台/条目记录/150题-075.md
workbench-learning-state	knowledge-document	668	9ce3a245807c4a1d	工作台/条目记录/150题-076.md
workbench-learning-state	knowledge-document	659	41554405fde4a3b9	工作台/条目记录/150题-077.md
workbench-learning-state	knowledge-document	641	965f8cc252916d1b	工作台/条目记录/150题-078.md
workbench-learning-state	knowledge-document	641	f48167ec20690ea6	工作台/条目记录/150题-079.md
workbench-learning-state	knowledge-document	731	7b34268fca1b121d	工作台/条目记录/150题-080.md
workbench-learning-state	knowledge-document	668	92ce6a7fbc63f7c8	工作台/条目记录/150题-081.md
workbench-learning-state	knowledge-document	659	0051c1be8f50eb75	工作台/条目记录/150题-082.md
workbench-learning-state	knowledge-document	647	1ebaf1208fc1fe56	工作台/条目记录/150题-083.md
workbench-learning-state	knowledge-document	641	615bf6a40f644d5b	工作台/条目记录/150题-084.md
workbench-learning-state	knowledge-document	668	bbb1afc665c3beaa	工作台/条目记录/150题-085.md
workbench-learning-state	knowledge-document	677	b4233e668463fbc1	工作台/条目记录/150题-086.md
workbench-learning-state	knowledge-document	647	e01a5915d5111d75	工作台/条目记录/150题-087.md
workbench-learning-state	knowledge-document	686	028457624e065588	工作台/条目记录/150题-088.md
workbench-learning-state	knowledge-document	668	2f0076987212d9b9	工作台/条目记录/150题-089.md
workbench-learning-state	knowledge-document	653	0174b3c36e660143	工作台/条目记录/150题-090.md
workbench-learning-state	knowledge-document	658	cabdd5301c689eca	工作台/条目记录/150题-091.md
workbench-learning-state	knowledge-document	658	88e65bdd5662f9ee	工作台/条目记录/150题-092.md
workbench-learning-state	knowledge-document	685	6ba5fb04163fdd7d	工作台/条目记录/150题-093.md
workbench-learning-state	knowledge-document	676	545e103a0bac7575	工作台/条目记录/150题-094.md
workbench-learning-state	knowledge-document	685	92d4747973ca8cce	工作台/条目记录/150题-095.md
workbench-learning-state	knowledge-document	658	3106318593cba11b	工作台/条目记录/150题-096.md
workbench-learning-state	knowledge-document	676	6cdb881f2d75a4ec	工作台/条目记录/150题-097.md
workbench-learning-state	knowledge-document	712	223c79fded463e3d	工作台/条目记录/150题-098.md
workbench-learning-state	knowledge-document	730	33ac80b255701220	工作台/条目记录/150题-099.md
workbench-learning-state	knowledge-document	683	43b105523d6183ae	工作台/条目记录/150题-100.md
workbench-learning-state	knowledge-document	716	5481021b9a20e39c	工作台/条目记录/150题-101.md
workbench-learning-state	knowledge-document	671	d232199609e07aaa	工作台/条目记录/150题-102.md
workbench-learning-state	knowledge-document	710	dc8fa4ea99cbeb67	工作台/条目记录/150题-103.md
workbench-learning-state	knowledge-document	701	c46475f5cce58326	工作台/条目记录/150题-104.md
workbench-learning-state	knowledge-document	698	919f58873f527629	工作台/条目记录/150题-105.md
workbench-learning-state	knowledge-document	659	277053ad7b14c374	工作台/条目记录/150题-106.md
workbench-learning-state	knowledge-document	659	cf822a9286542466	工作台/条目记录/150题-107.md
workbench-learning-state	knowledge-document	722	f027f2ded11fec11	工作台/条目记录/150题-108.md
workbench-learning-state	knowledge-document	677	a8b066d4589d0488	工作台/条目记录/150题-109.md
workbench-learning-state	knowledge-document	686	dde048fb312ccfda	工作台/条目记录/150题-110.md
workbench-learning-state	knowledge-document	740	e73f5c462ad94819	工作台/条目记录/150题-111.md
workbench-learning-state	knowledge-document	695	1b5bd84101322b8c	工作台/条目记录/150题-112.md
workbench-learning-state	knowledge-document	803	9906b2c4e4588a27	工作台/条目记录/150题-113.md
workbench-learning-state	knowledge-document	647	4373620f4bf60bfe	工作台/条目记录/150题-114.md
workbench-learning-state	knowledge-document	740	4168b9731f5123d4	工作台/条目记录/150题-115.md
workbench-learning-state	knowledge-document	686	6a1074da062cef20	工作台/条目记录/150题-116.md
workbench-learning-state	knowledge-document	713	1cf519375a9f8426	工作台/条目记录/150题-117.md
workbench-learning-state	knowledge-document	692	3e1f504789f75750	工作台/条目记录/150题-118.md
workbench-learning-state	knowledge-document	659	e97777eb63b1bdc0	工作台/条目记录/150题-119.md
workbench-learning-state	knowledge-document	749	f56dc1acd38acbc9	工作台/条目记录/150题-120.md
workbench-learning-state	knowledge-document	713	41f652924d4cd8b3	工作台/条目记录/150题-121.md
workbench-learning-state	knowledge-document	740	5a7a0e2f10dc25bd	工作台/条目记录/150题-122.md
workbench-learning-state	knowledge-document	773	e6ab67ac170dd326	工作台/条目记录/150题-123.md
workbench-learning-state	knowledge-document	728	5ec509a0070c2703	工作台/条目记录/150题-124.md
workbench-learning-state	knowledge-document	722	d5465fe87a65a516	工作台/条目记录/150题-125.md
workbench-learning-state	knowledge-document	728	f912d4346d2867d5	工作台/条目记录/150题-126.md
workbench-learning-state	knowledge-document	746	d9a22840153a5e68	工作台/条目记录/150题-127.md
workbench-learning-state	knowledge-document	722	48df5e93697276dd	工作台/条目记录/150题-128.md
workbench-learning-state	knowledge-document	695	6d0b1cc91dcbe206	工作台/条目记录/150题-129.md
workbench-learning-state	knowledge-document	734	550af6a368c5d26c	工作台/条目记录/150题-130.md
workbench-learning-state	knowledge-document	716	f8abf6efba8ab71c	工作台/条目记录/150题-131.md
workbench-learning-state	knowledge-document	692	1a29c2ea9284f81d	工作台/条目记录/150题-132.md
workbench-learning-state	knowledge-document	713	ccdd9178d015cf2e	工作台/条目记录/150题-133.md
workbench-learning-state	knowledge-document	713	c6920fbd35bd58e1	工作台/条目记录/150题-134.md
workbench-learning-state	knowledge-document	704	4343e6edd682a486	工作台/条目记录/150题-135.md
workbench-learning-state	knowledge-document	686	a889f178aec282de	工作台/条目记录/150题-136.md
workbench-learning-state	knowledge-document	794	0615817677da36b7	工作台/条目记录/150题-137.md
workbench-learning-state	knowledge-document	692	eea6086fa14a9a74	工作台/条目记录/150题-138.md
workbench-learning-state	knowledge-document	695	b17504a9b345e36d	工作台/条目记录/150题-139.md
workbench-learning-state	knowledge-document	803	0ef2e3a422060043	工作台/条目记录/150题-140.md
workbench-learning-state	knowledge-document	713	b2dcfb8896a6b35a	工作台/条目记录/150题-141.md
workbench-learning-state	knowledge-document	722	5e71fa762ac4ca22	工作台/条目记录/150题-142.md
workbench-learning-state	knowledge-document	722	f25beab06f2c2342	工作台/条目记录/150题-143.md
workbench-learning-state	knowledge-document	758	70bfb707815a1ba5	工作台/条目记录/150题-144.md
workbench-learning-state	knowledge-document	710	6fbb9d7fc4d04adc	工作台/条目记录/150题-145.md
workbench-learning-state	knowledge-document	731	7114605897c3ebb0	工作台/条目记录/150题-146.md
workbench-learning-state	knowledge-document	695	6bddbfb44796653c	工作台/条目记录/150题-147.md
workbench-learning-state	knowledge-document	695	58384fd58ad989f9	工作台/条目记录/150题-148.md
workbench-learning-state	knowledge-document	755	0912bd21f0720443	工作台/条目记录/150题-149.md
workbench-learning-state	knowledge-document	731	61b1a3fdb46d5a9c	工作台/条目记录/150题-150.md
workbench-learning-state	knowledge-document	618	d8331b886fd657d6	工作台/条目记录/大丙Linux-001.md
workbench-learning-state	knowledge-document	600	9ca7a210649de890	工作台/条目记录/大丙Linux-002.md
workbench-learning-state	knowledge-document	618	b759861384943886	工作台/条目记录/大丙Linux-003.md
workbench-learning-state	knowledge-document	618	3e0d2f0a9b1efc3e	工作台/条目记录/大丙Linux-004.md
workbench-learning-state	knowledge-document	611	651f1013fbae50ef	工作台/条目记录/大丙Linux-005.md
workbench-learning-state	knowledge-document	596	90838d545ec3ac4c	工作台/条目记录/大丙Linux-006.md
workbench-learning-state	knowledge-document	596	008f60ba8f4d6aba	工作台/条目记录/大丙Linux-007.md
workbench-learning-state	knowledge-document	578	67dbd70d29f51a0b	工作台/条目记录/大丙Linux-008.md
workbench-learning-state	knowledge-document	578	bcb90d1cb0b3173a	工作台/条目记录/大丙Linux-009.md
workbench-learning-state	knowledge-document	579	863a666c1adac89c	工作台/条目记录/大丙Linux-010.md
workbench-learning-state	knowledge-document	552	0e962d2b9c6168f0	工作台/条目记录/大丙Linux-011.md
workbench-learning-state	knowledge-document	606	efa81ce4c506d72f	工作台/条目记录/大丙Linux-012.md
workbench-learning-state	knowledge-document	567	0daa3bc234e61b0d	工作台/条目记录/大丙Linux-013.md
workbench-learning-state	knowledge-document	570	4ba2b8dd2744320e	工作台/条目记录/大丙Linux-014.md
workbench-learning-state	knowledge-document	581	c28671a06b2ad0b3	工作台/条目记录/大丙Linux-015.md
workbench-learning-state	knowledge-document	575	dd981ebae6c851f5	工作台/条目记录/大丙Linux-016.md
workbench-learning-state	knowledge-document	617	1b3444a03e383e5f	工作台/条目记录/大丙Linux-017.md
workbench-learning-state	knowledge-document	635	8111c0d6f4c23cc2	工作台/条目记录/大丙Linux-018.md
workbench-learning-state	knowledge-document	581	47c744d1891eb353	工作台/条目记录/大丙Linux-019.md
workbench-learning-state	knowledge-document	586	5b9aa4c3a2cd1591	工作台/条目记录/大丙Linux-020.md
workbench-learning-state	knowledge-document	568	cbbc88e784d76605	工作台/条目记录/大丙Linux-021.md
workbench-learning-state	knowledge-document	595	7e8abe2af4004d93	工作台/条目记录/大丙Linux-022.md
workbench-learning-state	knowledge-document	586	865fdf84ecb6ffe1	工作台/条目记录/大丙Linux-023.md
workbench-learning-state	knowledge-document	568	22665e9d59e4922b	工作台/条目记录/大丙Linux-024.md
workbench-learning-state	knowledge-document	586	2c0071a564dce96e	工作台/条目记录/大丙Linux-025.md
workbench-learning-state	knowledge-document	577	4d99fc0225c90d27	工作台/条目记录/大丙Linux-026.md
workbench-learning-state	knowledge-document	586	eaa6b19f1983bb5a	工作台/条目记录/大丙Linux-027.md
workbench-learning-state	knowledge-document	616	175c9c5d3c05427f	工作台/条目记录/大丙Linux-028.md
workbench-learning-state	knowledge-document	616	5fb4bd1b895fe510	工作台/条目记录/大丙Linux-029.md
workbench-learning-state	knowledge-document	598	e2f753ccaa05d96e	工作台/条目记录/大丙Linux-030.md
workbench-learning-state	knowledge-document	631	4d90208a713936bc	工作台/条目记录/大丙Linux-031.md
workbench-learning-state	knowledge-document	595	6627a60391090f3d	工作台/条目记录/大丙Linux-032.md
workbench-learning-state	knowledge-document	595	b026c3fc1fd3209e	工作台/条目记录/大丙Linux-033.md
workbench-learning-state	knowledge-document	622	8854a7c4099c6ebc	工作台/条目记录/大丙Linux-034.md
workbench-learning-state	knowledge-document	631	e235ee035956d421	工作台/条目记录/大丙Linux-035.md
workbench-learning-state	knowledge-document	655	6922dc048dc3a586	工作台/条目记录/大丙Linux-036.md
workbench-learning-state	knowledge-document	649	2ab0614724a8a3fb	工作台/条目记录/大丙Linux-037.md
workbench-learning-state	knowledge-document	652	10900877ecd3c8a8	工作台/条目记录/大丙Linux-038.md
workbench-learning-state	knowledge-document	631	311930255a4c1ef7	工作台/条目记录/大丙Linux-039.md
workbench-learning-state	knowledge-document	586	716757bf5cfd05b5	工作台/条目记录/大丙Linux-040.md
workbench-learning-state	knowledge-document	622	ad9260d0a6025007	工作台/条目记录/大丙Linux-041.md
workbench-learning-state	knowledge-document	673	575f31621393eda0	工作台/条目记录/小林系统-001.md
workbench-learning-state	knowledge-document	670	cc45e619fe72f759	工作台/条目记录/小林系统-002.md
workbench-learning-state	knowledge-document	712	e0128b16b6fb4888	工作台/条目记录/小林系统-003.md
workbench-learning-state	knowledge-document	637	9ebb618fbdf026f2	工作台/条目记录/小林系统-004.md
workbench-learning-state	knowledge-document	673	7bb9dc8c42809477	工作台/条目记录/小林系统-005.md
workbench-learning-state	knowledge-document	643	25ae1b36ddc24697	工作台/条目记录/小林系统-006.md
workbench-learning-state	knowledge-document	688	27f93413cc2b3a3e	工作台/条目记录/小林系统-007.md
workbench-learning-state	knowledge-document	667	8d0a3bea5a74b68e	工作台/条目记录/小林系统-008.md
workbench-learning-state	knowledge-document	667	3fa8f7809ac744d1	工作台/条目记录/小林系统-009.md
workbench-learning-state	knowledge-document	680	b680b8183cfec28a	工作台/条目记录/小林系统-010.md
workbench-learning-state	knowledge-document	677	6fcea5c1b8698a3c	工作台/条目记录/小林系统-011.md
workbench-learning-state	knowledge-document	776	e5a9e8c67338e13e	工作台/条目记录/小林系统-012.md
workbench-learning-state	knowledge-document	731	2435979b5720767c	工作台/条目记录/小林系统-013.md
workbench-learning-state	knowledge-document	689	75a46de92f41940d	工作台/条目记录/小林系统-014.md
workbench-learning-state	knowledge-document	689	c0088bf8964481cf	工作台/条目记录/小林系统-015.md
workbench-learning-state	knowledge-document	662	892b662b518e888d	工作台/条目记录/小林系统-016.md
workbench-learning-state	knowledge-document	680	d9d04ea63baec643	工作台/条目记录/小林系统-017.md
workbench-learning-state	knowledge-document	671	5239c5a905f4fd8b	工作台/条目记录/小林系统-018.md
workbench-learning-state	knowledge-document	644	9e8c10d3773bc897	工作台/条目记录/小林系统-019.md
workbench-learning-state	knowledge-document	680	aac9411e338dda5c	工作台/条目记录/小林系统-020.md
workbench-learning-state	knowledge-document	725	d04cf79c0c7b8135	工作台/条目记录/小林系统-021.md
workbench-learning-state	knowledge-document	707	63b64dd333093161	工作台/条目记录/小林系统-022.md
workbench-learning-state	knowledge-document	722	711ac0d092b9c791	工作台/条目记录/小林系统-023.md
workbench-learning-state	knowledge-document	641	3f4c70ad452f49bf	工作台/条目记录/小林系统-024.md
workbench-learning-state	knowledge-document	812	ea438953ac89d7fe	工作台/条目记录/小林系统-025.md
workbench-learning-state	knowledge-document	767	7efa79dcef547389	工作台/条目记录/小林系统-026.md
workbench-learning-state	knowledge-document	635	6350ecb20e43e049	工作台/条目记录/小林系统-027.md
workbench-learning-state	knowledge-document	698	c9d27f48322431aa	工作台/条目记录/小林系统-028.md
workbench-learning-state	knowledge-document	704	27a812a303321eec	工作台/条目记录/小林系统-029.md
workbench-learning-state	knowledge-document	653	b05cc5648049b53d	工作台/条目记录/小林系统-030.md
workbench-learning-state	knowledge-document	688	3b3a04d1fc0b7f3b	工作台/条目记录/小林系统-031.md
workbench-learning-state	knowledge-document	676	bd7278e22e0d680a	工作台/条目记录/小林系统-032.md
workbench-learning-state	knowledge-document	650	435f9ff7d2f0f449	工作台/条目记录/小林系统-033.md
workbench-learning-state	knowledge-document	632	dfaea03d4d3fa921	工作台/条目记录/小林系统-034.md
workbench-learning-state	knowledge-document	686	635c5d60a4a66a43	工作台/条目记录/小林系统-035.md
workbench-learning-state	knowledge-document	674	4fde4f008bab3429	工作台/条目记录/小林网络-001.md
workbench-learning-state	knowledge-document	734	258771fa21206f37	工作台/条目记录/小林网络-002.md
workbench-learning-state	knowledge-document	698	256bbd83c2e898ce	工作台/条目记录/小林网络-003.md
workbench-learning-state	knowledge-document	632	07f6d29360e9f78b	工作台/条目记录/小林网络-004.md
workbench-learning-state	knowledge-document	644	f8e3ad020ce00948	工作台/条目记录/小林网络-005.md
workbench-learning-state	knowledge-document	638	43c2050cb173e62b	工作台/条目记录/小林网络-006.md
workbench-learning-state	knowledge-document	644	e737110e56b552ab	工作台/条目记录/小林网络-007.md
workbench-learning-state	knowledge-document	635	2e2726ce10387de1	工作台/条目记录/小林网络-008.md
workbench-learning-state	knowledge-document	638	d966d9ed87d76a38	工作台/条目记录/小林网络-009.md
workbench-learning-state	knowledge-document	630	7deb725989f63420	工作台/条目记录/小林网络-010.md
workbench-learning-state	knowledge-document	720	551606537c70cf73	工作台/条目记录/小林网络-011.md
workbench-learning-state	knowledge-document	738	92d9df08d79d3b99	工作台/条目记录/小林网络-012.md
workbench-learning-state	knowledge-document	693	444cae9af12a28c2	工作台/条目记录/小林网络-013.md
workbench-learning-state	knowledge-document	738	f289c65ca6cff74b	工作台/条目记录/小林网络-014.md
workbench-learning-state	knowledge-document	639	9d82766b61dee7f6	工作台/条目记录/小林网络-015.md
workbench-learning-state	knowledge-document	684	353f13d019c85871	工作台/条目记录/小林网络-016.md
workbench-learning-state	knowledge-document	630	8399071251361838	工作台/条目记录/小林网络-017.md
workbench-learning-state	knowledge-document	705	128f74f5906ca3fc	工作台/条目记录/小林网络-018.md
workbench-learning-state	knowledge-document	804	9eef30c63322a993	工作台/条目记录/小林网络-019.md
workbench-learning-state	knowledge-document	693	4f5cf544c0a6000b	工作台/条目记录/小林网络-020.md
workbench-learning-state	knowledge-document	726	07bf8fa4a84c024a	工作台/条目记录/小林网络-021.md
workbench-learning-state	knowledge-document	744	ee8520ce66531c7c	工作台/条目记录/小林网络-022.md
workbench-learning-state	knowledge-document	783	88c7627aea33e410	工作台/条目记录/小林网络-023.md
workbench-learning-state	knowledge-document	750	4e5ca62cfbcc9356	工作台/条目记录/小林网络-024.md
workbench-learning-state	knowledge-document	738	697b94734aa9b594	工作台/条目记录/小林网络-025.md
workbench-learning-state	knowledge-document	699	903a4c5edaa831e7	工作台/条目记录/小林网络-026.md
workbench-learning-state	knowledge-document	705	789bf639180671f2	工作台/条目记录/小林网络-027.md
workbench-learning-state	knowledge-document	741	e21c0cb4bd414676	工作台/条目记录/小林网络-028.md
workbench-learning-state	knowledge-document	660	df131677a74639dd	工作台/条目记录/小林网络-029.md
workbench-learning-state	knowledge-document	708	0c5e4f09c63bd182	工作台/条目记录/小林网络-030.md
workbench-learning-state	knowledge-document	711	6f9f986b21048da3	工作台/条目记录/小林网络-031.md
workbench-learning-state	knowledge-document	795	1e76c8eda5e125f8	工作台/条目记录/小林网络-032.md
workbench-learning-state	knowledge-document	702	9efed21fe363a121	工作台/条目记录/小林网络-033.md
workbench-learning-state	knowledge-document	717	191a7899e4851309	工作台/条目记录/小林网络-034.md
workbench-learning-state	knowledge-document	705	db165602d5099742	工作台/条目记录/小林网络-035.md
workbench-learning-state	knowledge-document	714	ea479459809fe584	工作台/条目记录/小林网络-036.md
workbench-learning-state	knowledge-document	645	d2fb84fb151484e1	工作台/条目记录/小林网络-037.md
workbench-learning-state	knowledge-document	633	b406e03cf41d6803	工作台/条目记录/小林网络-038.md
workbench-learning-state	knowledge-document	705	39fcd93bd94cb273	工作台/条目记录/小林网络-039.md
workbench-learning-state	knowledge-document	713	b2ce15da02762d21	工作台/条目记录/杂七杂八-001.md
workbench-learning-state	knowledge-document	755	23045d6089524ca8	工作台/条目记录/杂七杂八-002.md
workbench-learning-state	knowledge-document	626	7cc55133c33eb37b	工作台/条目记录/杂七杂八-003.md
workbench-learning-state	knowledge-document	746	cd1fb0719eedfbd8	工作台/条目记录/杂七杂八-004.md
workbench-learning-state	knowledge-document	808	82000d8dcc2555aa	工作台/条目记录/杂七杂八-005.md
workbench-learning-state	knowledge-document	703	fbddfafd2f16a488	工作台/条目记录/杂七杂八-006.md
workbench-learning-state	knowledge-document	700	e211c1be89ac7fcf	工作台/条目记录/杂七杂八-007.md
workbench-learning-state	knowledge-document	749	27edb9f755d81482	工作台/条目记录/杂七杂八-008.md
workbench-learning-state	knowledge-document	724	e9a9618f5dc91272	工作台/条目记录/杂七杂八-009.md
workbench-learning-state	knowledge-document	686	4454400b14b691de	工作台/条目记录/杂七杂八-010.md
workbench-learning-state	knowledge-document	711	3d44611dc1a09899	工作台/条目记录/杂七杂八-011.md
workbench-learning-state	knowledge-document	600	afce94cfd04449dd	工作台/条目记录/杂七杂八-012.md
workbench-learning-state	knowledge-document	696	d4e1a5c9f01a8745	工作台/条目记录/杂七杂八-013.md
workbench-learning-state	knowledge-document	702	f74445bbd0a77b2b	工作台/条目记录/杂七杂八-014.md
workbench-learning-state	knowledge-document	725	45b9ec0a6817104c	工作台/条目记录/项目八股-RTOS-A0.md
workbench-learning-state	knowledge-document	833	478c7776ba582bae	工作台/条目记录/项目八股-RTOS-A1.md
workbench-learning-state	knowledge-document	757	c23e39d5cab852fb	工作台/条目记录/项目八股-RTOS-A10.md
workbench-learning-state	knowledge-document	712	48c8355ecb631c2d	工作台/条目记录/项目八股-RTOS-A11.md
workbench-learning-state	knowledge-document	688	168275c7b68431ba	工作台/条目记录/项目八股-RTOS-A12.md
workbench-learning-state	knowledge-document	754	178410cb66e7dc69	工作台/条目记录/项目八股-RTOS-A13.md
workbench-learning-state	knowledge-document	700	bc58f0e88db12b0e	工作台/条目记录/项目八股-RTOS-A14.md
workbench-learning-state	knowledge-document	715	16d14557e08205e6	工作台/条目记录/项目八股-RTOS-A15.md
workbench-learning-state	knowledge-document	703	3f749ff1ee74c774	工作台/条目记录/项目八股-RTOS-A16.md
workbench-learning-state	knowledge-document	709	d92319d4ae41e5f1	工作台/条目记录/项目八股-RTOS-A17.md
workbench-learning-state	knowledge-document	754	a3343f321199b6c6	工作台/条目记录/项目八股-RTOS-A18.md
workbench-learning-state	knowledge-document	733	36b2875800cedcc5	工作台/条目记录/项目八股-RTOS-A19.md
workbench-learning-state	knowledge-document	761	f36fa2fc64459fd9	工作台/条目记录/项目八股-RTOS-A2.md
workbench-learning-state	knowledge-document	649	4f5e8b3cf0248af8	工作台/条目记录/项目八股-RTOS-A20.md
workbench-learning-state	knowledge-document	865	87b4b1d72ccf2ffc	工作台/条目记录/项目八股-RTOS-A21.md
workbench-learning-state	knowledge-document	685	92ede809897fe223	工作台/条目记录/项目八股-RTOS-A22.md
workbench-learning-state	knowledge-document	790	c22329782b24000d	工作台/条目记录/项目八股-RTOS-A23.md
workbench-learning-state	knowledge-document	739	19e09d403d420828	工作台/条目记录/项目八股-RTOS-A24.md
workbench-learning-state	knowledge-document	844	2f276dc8fecc6f7f	工作台/条目记录/项目八股-RTOS-A25.md
workbench-learning-state	knowledge-document	706	80e4757be69c95ca	工作台/条目记录/项目八股-RTOS-A26.md
workbench-learning-state	knowledge-document	727	ed40a24ea320a25e	工作台/条目记录/项目八股-RTOS-A27.md
workbench-learning-state	knowledge-document	886	8acfc31677057ef9	工作台/条目记录/项目八股-RTOS-A28.md
workbench-learning-state	knowledge-document	859	6b0181b6eeac3b9a	工作台/条目记录/项目八股-RTOS-A29.md
workbench-learning-state	knowledge-document	671	b11a9f02ee10847a	工作台/条目记录/项目八股-RTOS-A3.md
workbench-learning-state	knowledge-document	829	16b30e1040e50a6d	工作台/条目记录/项目八股-RTOS-A30.md
workbench-learning-state	knowledge-document	833	3613e3d8f09bcb21	工作台/条目记录/项目八股-RTOS-A4.md
workbench-learning-state	knowledge-document	692	3882da23b55b893f	工作台/条目记录/项目八股-RTOS-A5.md
workbench-learning-state	knowledge-document	767	c60945a4e51c90c6	工作台/条目记录/项目八股-RTOS-A6.md
workbench-learning-state	knowledge-document	737	30d95cd6c1e46bae	工作台/条目记录/项目八股-RTOS-A7.md
workbench-learning-state	knowledge-document	716	570debc87b0c98bf	工作台/条目记录/项目八股-RTOS-A8.md
workbench-learning-state	knowledge-document	690	60d28b82b06e4308	工作台/条目记录/项目八股-RTOS-A9.md
workbench-learning-state	knowledge-document	1018	10236620e0c83f37	工作台/条目记录/项目八股-内存-001.md
workbench-learning-state	knowledge-document	874	b529bb7804ab9813	工作台/条目记录/项目八股-内存-002.md
workbench-learning-state	knowledge-document	904	700beff52f88fd3a	工作台/条目记录/项目八股-内存-003.md
workbench-learning-state	knowledge-document	949	fa81007e3d182241	工作台/条目记录/项目八股-内存-004.md
workbench-learning-state	knowledge-document	1009	4609ded1fc3697bc	工作台/条目记录/项目八股-内存-005.md
workbench-learning-state	knowledge-document	799	143e29dc7f36dd48	工作台/条目记录/项目八股-内存-006.md
workbench-learning-state	knowledge-document	922	58509918de3c9f06	工作台/条目记录/项目八股-内存-007.md
workbench-learning-state	knowledge-document	946	39d96cfcf1236b11	工作台/条目记录/项目八股-内存-008.md
workbench-learning-state	knowledge-document	976	49022a520e73e567	工作台/条目记录/项目八股-内存-009.md
workbench-learning-state	knowledge-document	923	cf1be550b6097dd6	工作台/条目记录/项目八股-内存-010.md
workbench-learning-state	knowledge-document	887	111876987d39f280	工作台/条目记录/项目八股-内存-011.md
workbench-learning-state	knowledge-document	854	9a7a8ed4e3fd9bd9	工作台/条目记录/项目八股-内存-012.md
workbench-learning-state	knowledge-document	977	c376392d6c07a76a	工作台/条目记录/项目八股-内存-013.md
workbench-learning-state	knowledge-document	1052	97c8a89dbc379c60	工作台/条目记录/项目八股-内存-014.md
workbench-learning-state	knowledge-document	920	dacca66066aca1ce	工作台/条目记录/项目八股-内存-015.md
workbench-learning-state	knowledge-document	965	3f3037957e9ca8d7	工作台/条目记录/项目八股-内存-016.md
workbench-learning-state	knowledge-document	887	9291bef07efae5b7	工作台/条目记录/项目八股-内存-017.md
workbench-learning-state	knowledge-document	797	42e88c07f76e846e	工作台/条目记录/项目八股-内存-018.md
workbench-learning-state	knowledge-document	911	c7770ca3c4eb4b17	工作台/条目记录/项目八股-内存-019.md
workbench-learning-state	knowledge-document	941	e1e750847a6f9858	工作台/条目记录/项目八股-内存-020.md
workbench-learning-state	knowledge-document	995	a0d5b0075af94428	工作台/条目记录/项目八股-内存-021.md
workbench-learning-state	knowledge-document	1064	eaf7693b593ac52c	工作台/条目记录/项目八股-内存-022.md
workbench-learning-state	knowledge-document	992	d1746220a0de4372	工作台/条目记录/项目八股-内存-023.md
workbench-learning-state	knowledge-document	1010	c0c20feb6198cd0a	工作台/条目记录/项目八股-内存-024.md
workbench-learning-state	knowledge-document	839	2be2f1d66fac8a98	工作台/条目记录/项目八股-内存-025.md
workbench-learning-state	knowledge-document	839	6b8d02d43797b772	工作台/条目记录/项目八股-内存-026.md
workbench-learning-state	knowledge-document	959	5b2f012203e3a5d1	工作台/条目记录/项目八股-内存-027.md
workbench-learning-state	knowledge-document	953	e82423d39123dc73	工作台/条目记录/项目八股-内存-028.md
workbench-learning-state	knowledge-document	956	aa00937178b793c3	工作台/条目记录/项目八股-内存-029.md
workbench-learning-state	knowledge-document	992	1c91000994e66e54	工作台/条目记录/项目八股-内存-030.md
workbench-learning-state	knowledge-document	1139	863523887718d8b6	工作台/条目记录/项目八股-内存-031.md
workbench-learning-state	knowledge-document	1058	735de3a070d8516a	工作台/条目记录/项目八股-内存-032.md
workbench-learning-state	knowledge-document	935	6255ab3068650245	工作台/条目记录/项目八股-内存-033.md
workbench-learning-state	knowledge-document	950	915254d212eee587	工作台/条目记录/项目八股-内存-034.md
workbench-learning-state	knowledge-document	1109	78c4e5397810fbfb	工作台/条目记录/项目八股-内存-035.md
workbench-learning-state	knowledge-document	717	d9b84a00adc299e7	工作台/条目记录/项目八股-视觉-Q01.md
workbench-learning-state	knowledge-document	753	70d5711cf098054e	工作台/条目记录/项目八股-视觉-Q02.md
workbench-learning-state	knowledge-document	762	3c99ef44c31a8d2a	工作台/条目记录/项目八股-视觉-Q03.md
workbench-learning-state	knowledge-document	759	656d12b987dcab6e	工作台/条目记录/项目八股-视觉-Q04.md
workbench-learning-state	knowledge-document	705	d4714ac54e861f0d	工作台/条目记录/项目八股-视觉-Q05.md
workbench-learning-state	knowledge-document	774	4ee0983084d755cd	工作台/条目记录/项目八股-视觉-Q06.md
workbench-learning-state	knowledge-document	735	8446cb93364d5ff7	工作台/条目记录/项目八股-视觉-Q07.md
workbench-learning-state	knowledge-document	723	1d216c5ee8a9209f	工作台/条目记录/项目八股-视觉-Q08.md
workbench-learning-state	knowledge-document	738	0898c7b515fce1c5	工作台/条目记录/项目八股-视觉-Q09.md
workbench-learning-state	knowledge-document	649	07422dbe868ad97d	工作台/条目记录/项目八股-视觉-Q10.md
workbench-learning-state	knowledge-document	679	86ab3b6d78bd3a9b	工作台/条目记录/项目八股-视觉-Q11.md
workbench-learning-state	knowledge-document	745	df7127f1f3a6185b	工作台/条目记录/项目八股-视觉-Q12.md
workbench-learning-state	knowledge-document	700	e575a94e3616351c	工作台/条目记录/项目八股-视觉-Q13.md
workbench-learning-state	knowledge-document	706	45b7efb759938aba	工作台/条目记录/项目八股-视觉-Q14.md
workbench-learning-state	knowledge-document	733	e0c57fcff5465c45	工作台/条目记录/项目八股-视觉-Q15.md
workbench-learning-state	knowledge-document	2845	6418889ac7d85b38	工作台/资料地图.md
workbench-learning-state	knowledge-document	1682	04c763e6d993d8b6	工作台/项目快刷.md
vault-root-or-unknown	knowledge-document	348	2a09ae39bb704d2c	测试.md
